solid OpenSCAD_Model
  facet normal 1 0 0
    outer loop
      vertex 14.099999 -1.15 11.95
      vertex 14.099999 -3.8146973e-7 -2.9999995
      vertex 14.099999 -3.8146973e-7 11.95
    endloop
  endfacet
  facet normal 1 0 0
    outer loop
      vertex 14.099999 -3.8146973e-7 -2.9999995
      vertex 14.099999 -1.15 11.95
      vertex 14.099999 -1.15 -2.9999995
    endloop
  endfacet
  facet normal 1 0 0
    outer loop
      vertex 14.099999 -21.8 8
      vertex 14.099999 -3.7999997 10
      vertex 14.099999 -21.8 10
    endloop
  endfacet
  facet normal 1 0 0
    outer loop
      vertex 14.099999 -3.7999997 10
      vertex 14.099999 -21.8 8
      vertex 14.099999 -3.7999997 0
    endloop
  endfacet
  facet normal 1 0 0
    outer loop
      vertex 14.099999 -79.8 0
      vertex 14.099999 -21.8 8
      vertex 14.099999 -79.8 8
    endloop
  endfacet
  facet normal 1 0 0
    outer loop
      vertex 14.099999 -21.8 8
      vertex 14.099999 -79.8 0
      vertex 14.099999 -3.7999997 0
    endloop
  endfacet
  facet normal 1 0 0
    outer loop
      vertex 14.099999 -3.7999997 10
      vertex 14.099999 -2.2499995 11.95
      vertex 14.099999 -3.7999997 11.95
    endloop
  endfacet
  facet normal 1 0 0
    outer loop
      vertex 14.099999 -3.7999997 0
      vertex 14.099999 -2.2499995 11.95
      vertex 14.099999 -3.7999997 10
    endloop
  endfacet
  facet normal 1 0 0
    outer loop
      vertex 14.099999 -2.2499995 11.95
      vertex 14.099999 -3.7999997 0
      vertex 14.099999 -2.2499995 -2.9999995
    endloop
  endfacet
  facet normal 1 0 0
    outer loop
      vertex 14.099999 -2.2499995 -2.9999995
      vertex 14.099999 -3.7999997 0
      vertex 14.099999 -3.7999997 -2.9999995
    endloop
  endfacet
  facet normal 0 0 1
    outer loop
      vertex -15.45 -1.15 11.95
      vertex -14.099999 -2.2499995 11.95
      vertex -14.099999 -1.15 11.95
    endloop
  endfacet
  facet normal 0 0 1
    outer loop
      vertex -14.099999 -2.2499995 11.95
      vertex -15.45 -1.15 11.95
      vertex -15.45 -2.2499995 11.95
    endloop
  endfacet
  facet normal 0 0 1
    outer loop
      vertex -14.099999 -1.15 11.95
      vertex 14.099999 -1.15 11.95
      vertex 14.099999 -3.8146973e-7 11.95
    endloop
  endfacet
  facet normal 0 0 1
    outer loop
      vertex 14.099999 -1.15 11.95
      vertex -14.099999 -1.15 11.95
      vertex 14.099999 -2.2499995 11.95
    endloop
  endfacet
  facet normal 0 0 1
    outer loop
      vertex -14.099999 -1.15 11.95
      vertex 14.099999 -3.8146973e-7 11.95
      vertex -14.099999 -3.8146973e-7 11.95
    endloop
  endfacet
  facet normal 0 0 1
    outer loop
      vertex 14.099999 -2.2499995 11.95
      vertex -14.099999 -1.15 11.95
      vertex -14.099999 -2.2499995 11.95
    endloop
  endfacet
  facet normal 0 0 1
    outer loop
      vertex 14.099999 -2.2499995 11.95
      vertex -14.099999 -2.2499995 11.95
      vertex 14.099999 -3.7999997 11.95
    endloop
  endfacet
  facet normal 0 0 1
    outer loop
      vertex 14.099999 -3.7999997 11.95
      vertex -14.099999 -2.2499995 11.95
      vertex -14.099999 -3.7999997 11.95
    endloop
  endfacet
  facet normal 0 0 1
    outer loop
      vertex 14.099999 -1.15 11.95
      vertex 15.45 -2.2499995 11.95
      vertex 15.45 -1.15 11.95
    endloop
  endfacet
  facet normal 0 0 1
    outer loop
      vertex 15.45 -2.2499995 11.95
      vertex 14.099999 -1.15 11.95
      vertex 14.099999 -2.2499995 11.95
    endloop
  endfacet
  facet normal 0 0 -1
    outer loop
      vertex -15.45 -2.2499995 -2.9999995
      vertex -14.099999 -1.15 -2.9999995
      vertex -14.099999 -2.2499995 -2.9999995
    endloop
  endfacet
  facet normal 0 0 -1
    outer loop
      vertex -14.099999 -1.15 -2.9999995
      vertex -15.45 -2.2499995 -2.9999995
      vertex -15.45 -1.15 -2.9999995
    endloop
  endfacet
  facet normal 0 0 -1
    outer loop
      vertex -14.099999 -2.2499995 -2.9999995
      vertex 14.099999 -2.2499995 -2.9999995
      vertex 14.099999 -3.7999997 -2.9999995
    endloop
  endfacet
  facet normal 0 0 -1
    outer loop
      vertex 14.099999 -2.2499995 -2.9999995
      vertex -14.099999 -2.2499995 -2.9999995
      vertex 14.099999 -1.15 -2.9999995
    endloop
  endfacet
  facet normal 0 0 -1
    outer loop
      vertex -14.099999 -2.2499995 -2.9999995
      vertex 14.099999 -3.7999997 -2.9999995
      vertex -14.099999 -3.7999997 -2.9999995
    endloop
  endfacet
  facet normal 0 0 -1
    outer loop
      vertex -14.099999 -1.15 -2.9999995
      vertex 14.099999 -1.15 -2.9999995
      vertex -14.099999 -2.2499995 -2.9999995
    endloop
  endfacet
  facet normal 0 0 -1
    outer loop
      vertex 14.099999 -1.15 -2.9999995
      vertex -14.099999 -1.15 -2.9999995
      vertex 14.099999 -3.8146973e-7 -2.9999995
    endloop
  endfacet
  facet normal 0 0 -1
    outer loop
      vertex 14.099999 -3.8146973e-7 -2.9999995
      vertex -14.099999 -1.15 -2.9999995
      vertex -14.099999 -3.8146973e-7 -2.9999995
    endloop
  endfacet
  facet normal 0 0 -1
    outer loop
      vertex 14.099999 -2.2499995 -2.9999995
      vertex 15.45 -1.15 -2.9999995
      vertex 15.45 -2.2499995 -2.9999995
    endloop
  endfacet
  facet normal 0 0 -1
    outer loop
      vertex 15.45 -1.15 -2.9999995
      vertex 14.099999 -2.2499995 -2.9999995
      vertex 14.099999 -1.15 -2.9999995
    endloop
  endfacet
  facet normal -1 0 0
    outer loop
      vertex -14.099999 -1.15 -2.9999995
      vertex -14.099999 -3.8146973e-7 11.95
      vertex -14.099999 -3.8146973e-7 -2.9999995
    endloop
  endfacet
  facet normal -1 0 0
    outer loop
      vertex -14.099999 -3.8146973e-7 11.95
      vertex -14.099999 -1.15 -2.9999995
      vertex -14.099999 -1.15 11.95
    endloop
  endfacet
  facet normal -1 0 0
    outer loop
      vertex -14.099999 -3.7999997 0
      vertex -14.099999 -21.8 8
      vertex -14.099999 -3.7999997 10
    endloop
  endfacet
  facet normal -1 0 0
    outer loop
      vertex -14.099999 -79.8 0
      vertex -14.099999 -21.8 8
      vertex -14.099999 -3.7999997 0
    endloop
  endfacet
  facet normal -1 0 0
    outer loop
      vertex -14.099999 -21.8 8
      vertex -14.099999 -79.8 0
      vertex -14.099999 -79.8 8
    endloop
  endfacet
  facet normal -1 0 0
    outer loop
      vertex -14.099999 -3.7999997 0
      vertex -14.099999 -2.2499995 -2.9999995
      vertex -14.099999 -3.7999997 -2.9999995
    endloop
  endfacet
  facet normal -1 0 0
    outer loop
      vertex -14.099999 -2.2499995 -2.9999995
      vertex -14.099999 -3.7999997 0
      vertex -14.099999 -2.2499995 11.95
    endloop
  endfacet
  facet normal -1 0 0
    outer loop
      vertex -14.099999 -3.7999997 10
      vertex -14.099999 -2.2499995 11.95
      vertex -14.099999 -3.7999997 0
    endloop
  endfacet
  facet normal -1 0 0
    outer loop
      vertex -14.099999 -2.2499995 11.95
      vertex -14.099999 -3.7999997 10
      vertex -14.099999 -3.7999997 11.95
    endloop
  endfacet
  facet normal -1 0 0
    outer loop
      vertex -14.099999 -3.7999997 10
      vertex -14.099999 -21.8 8
      vertex -14.099999 -21.8 10
    endloop
  endfacet
  facet normal 0 1 0
    outer loop
      vertex -6.40038 -3.8146973e-7 9.143319
      vertex -14.099999 -3.8146973e-7 11.95
      vertex 14.099999 -3.8146973e-7 11.95
    endloop
  endfacet
  facet normal 0 1 0
    outer loop
      vertex -14.099999 -3.8146973e-7 11.95
      vertex -6.7990704 -3.8146973e-7 9.193685
      vertex -7 -3.8146973e-7 9.2
    endloop
  endfacet
  facet normal 0 1 0
    outer loop
      vertex -14.099999 -3.8146973e-7 11.95
      vertex -6.598934 -3.8146973e-7 9.174767
      vertex -6.7990704 -3.8146973e-7 9.193685
    endloop
  endfacet
  facet normal 0 1 0
    outer loop
      vertex -14.099999 -3.8146973e-7 11.95
      vertex -6.40038 -3.8146973e-7 9.143319
      vertex -6.598934 -3.8146973e-7 9.174767
    endloop
  endfacet
  facet normal 0 1 0
    outer loop
      vertex 14.099999 -3.8146973e-7 11.95
      vertex -6.204193 -3.8146973e-7 9.099465
      vertex -6.40038 -3.8146973e-7 9.143319
    endloop
  endfacet
  facet normal 0 1 0
    outer loop
      vertex 14.099999 -3.8146973e-7 11.95
      vertex -6.0111465 -3.8146973e-7 9.043381
      vertex -6.204193 -3.8146973e-7 9.099465
    endloop
  endfacet
  facet normal 0 1 0
    outer loop
      vertex 14.099999 -3.8146973e-7 11.95
      vertex -5.8220015 -3.8146973e-7 8.975285
      vertex -6.0111465 -3.8146973e-7 9.043381
    endloop
  endfacet
  facet normal 0 1 0
    outer loop
      vertex 3.2109346 -3.8146973e-7 7.7225084
      vertex -5.8220015 -3.8146973e-7 8.975285
      vertex 14.099999 -3.8146973e-7 11.95
    endloop
  endfacet
  facet normal 0 1 0
    outer loop
      vertex -5.8220015 -3.8146973e-7 8.975285
      vertex 3.2109346 -3.8146973e-7 7.7225084
      vertex -5.6375065 -3.8146973e-7 8.895446
    endloop
  endfacet
  facet normal 0 1 0
    outer loop
      vertex 3.151989 -3.8146973e-7 7.713172
      vertex -5.6375065 -3.8146973e-7 8.895446
      vertex 3.2109346 -3.8146973e-7 7.7225084
    endloop
  endfacet
  facet normal 0 1 0
    outer loop
      vertex -5.6375065 -3.8146973e-7 8.895446
      vertex 3.151989 -3.8146973e-7 7.713172
      vertex -5.4583883 -3.8146973e-7 8.804181
    endloop
  endfacet
  facet normal 0 1 0
    outer loop
      vertex 3.0937462 -3.8146973e-7 7.7001534
      vertex -5.4583883 -3.8146973e-7 8.804181
      vertex 3.151989 -3.8146973e-7 7.713172
    endloop
  endfacet
  facet normal 0 1 0
    outer loop
      vertex -5.4583883 -3.8146973e-7 8.804181
      vertex 3.0937462 -3.8146973e-7 7.7001534
      vertex -5.2853546 -3.8146973e-7 8.701849
    endloop
  endfacet
  facet normal 0 1 0
    outer loop
      vertex 3.0364351 -3.8146973e-7 7.683503
      vertex -5.2853546 -3.8146973e-7 8.701849
      vertex 3.0937462 -3.8146973e-7 7.7001534
    endloop
  endfacet
  facet normal 0 1 0
    outer loop
      vertex 2.9802828 -3.8146973e-7 7.663287
      vertex -5.2853546 -3.8146973e-7 8.701849
      vertex 3.0364351 -3.8146973e-7 7.683503
    endloop
  endfacet
  facet normal 0 1 0
    outer loop
      vertex -5.2853546 -3.8146973e-7 8.701849
      vertex 2.9802828 -3.8146973e-7 7.663287
      vertex -5.119087 -3.8146973e-7 8.588854
    endloop
  endfacet
  facet normal 0 1 0
    outer loop
      vertex 3.3300009 -3.8146973e-7 7.7299995
      vertex 14.099999 -3.8146973e-7 11.95
      vertex 10.669999 -3.8146973e-7 7.7299995
    endloop
  endfacet
  facet normal 0 1 0
    outer loop
      vertex 14.099999 -3.8146973e-7 11.95
      vertex 10.72965 -3.8146973e-7 7.7281246
      vertex 10.669999 -3.8146973e-7 7.7299995
    endloop
  endfacet
  facet normal 0 1 0
    outer loop
      vertex 14.099999 -3.8146973e-7 11.95
      vertex 10.789065 -3.8146973e-7 7.7225084
      vertex 10.72965 -3.8146973e-7 7.7281246
    endloop
  endfacet
  facet normal 0 1 0
    outer loop
      vertex 14.099999 -3.8146973e-7 11.95
      vertex 10.848011 -3.8146973e-7 7.713172
      vertex 10.789065 -3.8146973e-7 7.7225084
    endloop
  endfacet
  facet normal 0 1 0
    outer loop
      vertex 14.099999 -3.8146973e-7 11.95
      vertex 10.906254 -3.8146973e-7 7.7001534
      vertex 10.848011 -3.8146973e-7 7.713172
    endloop
  endfacet
  facet normal 0 1 0
    outer loop
      vertex 14.099999 -3.8146973e-7 11.95
      vertex 10.963565 -3.8146973e-7 7.683503
      vertex 10.906254 -3.8146973e-7 7.7001534
    endloop
  endfacet
  facet normal 0 1 0
    outer loop
      vertex 14.099999 -3.8146973e-7 11.95
      vertex 11.019717 -3.8146973e-7 7.663287
      vertex 10.963565 -3.8146973e-7 7.683503
    endloop
  endfacet
  facet normal 0 1 0
    outer loop
      vertex 14.099999 -3.8146973e-7 11.95
      vertex 11.074489 -3.8146973e-7 7.6395845
      vertex 11.019717 -3.8146973e-7 7.663287
    endloop
  endfacet
  facet normal 0 1 0
    outer loop
      vertex 14.099999 -3.8146973e-7 11.95
      vertex 11.127665 -3.8146973e-7 7.6124907
      vertex 11.074489 -3.8146973e-7 7.6395845
    endloop
  endfacet
  facet normal 0 1 0
    outer loop
      vertex 14.099999 -3.8146973e-7 11.95
      vertex 11.179034 -3.8146973e-7 7.5821104
      vertex 11.127665 -3.8146973e-7 7.6124907
    endloop
  endfacet
  facet normal 0 1 0
    outer loop
      vertex 14.099999 -3.8146973e-7 11.95
      vertex 11.2283945 -3.8146973e-7 7.548566
      vertex 11.179034 -3.8146973e-7 7.5821104
    endloop
  endfacet
  facet normal 0 1 0
    outer loop
      vertex 14.099999 -3.8146973e-7 11.95
      vertex 11.275552 -3.8146973e-7 7.5119867
      vertex 11.2283945 -3.8146973e-7 7.548566
    endloop
  endfacet
  facet normal 0 1 0
    outer loop
      vertex 14.099999 -3.8146973e-7 11.95
      vertex 11.320318 -3.8146973e-7 7.47252
      vertex 11.275552 -3.8146973e-7 7.5119867
    endloop
  endfacet
  facet normal 0 1 0
    outer loop
      vertex 14.099999 -3.8146973e-7 11.95
      vertex 11.362519 -3.8146973e-7 7.430319
      vertex 11.320318 -3.8146973e-7 7.47252
    endloop
  endfacet
  facet normal 0 1 0
    outer loop
      vertex 14.099999 -3.8146973e-7 11.95
      vertex 11.401986 -3.8146973e-7 7.3855524
      vertex 11.362519 -3.8146973e-7 7.430319
    endloop
  endfacet
  facet normal 0 1 0
    outer loop
      vertex 14.099999 -3.8146973e-7 11.95
      vertex 11.438565 -3.8146973e-7 7.338395
      vertex 11.401986 -3.8146973e-7 7.3855524
    endloop
  endfacet
  facet normal 0 1 0
    outer loop
      vertex 14.099999 -3.8146973e-7 11.95
      vertex 11.47211 -3.8146973e-7 7.289035
      vertex 11.438565 -3.8146973e-7 7.338395
    endloop
  endfacet
  facet normal 0 1 0
    outer loop
      vertex 14.099999 -3.8146973e-7 11.95
      vertex 11.50249 -3.8146973e-7 7.237665
      vertex 11.47211 -3.8146973e-7 7.289035
    endloop
  endfacet
  facet normal 0 1 0
    outer loop
      vertex 14.099999 -3.8146973e-7 11.95
      vertex 11.529584 -3.8146973e-7 7.1844893
      vertex 11.50249 -3.8146973e-7 7.237665
    endloop
  endfacet
  facet normal 0 1 0
    outer loop
      vertex 14.099999 -3.8146973e-7 11.95
      vertex 11.553287 -3.8146973e-7 7.129718
      vertex 11.529584 -3.8146973e-7 7.1844893
    endloop
  endfacet
  facet normal 0 1 0
    outer loop
      vertex 14.099999 -3.8146973e-7 11.95
      vertex 11.573503 -3.8146973e-7 7.0735655
      vertex 11.553287 -3.8146973e-7 7.129718
    endloop
  endfacet
  facet normal 0 1 0
    outer loop
      vertex 14.099999 -3.8146973e-7 11.95
      vertex 11.590153 -3.8146973e-7 7.0162544
      vertex 11.573503 -3.8146973e-7 7.0735655
    endloop
  endfacet
  facet normal 0 1 0
    outer loop
      vertex 14.099999 -3.8146973e-7 11.95
      vertex 11.603171 -3.8146973e-7 6.9580116
      vertex 11.590153 -3.8146973e-7 7.0162544
    endloop
  endfacet
  facet normal 0 1 0
    outer loop
      vertex 14.099999 -3.8146973e-7 11.95
      vertex 11.612508 -3.8146973e-7 6.899066
      vertex 11.603171 -3.8146973e-7 6.9580116
    endloop
  endfacet
  facet normal 0 1 0
    outer loop
      vertex 14.099999 -3.8146973e-7 11.95
      vertex 11.618124 -3.8146973e-7 6.83965
      vertex 11.612508 -3.8146973e-7 6.899066
    endloop
  endfacet
  facet normal 0 1 0
    outer loop
      vertex 14.099999 -3.8146973e-7 11.95
      vertex 11.619999 -3.8146973e-7 6.7799997
      vertex 11.618124 -3.8146973e-7 6.83965
    endloop
  endfacet
  facet normal 0 1 0
    outer loop
      vertex 14.099999 -3.8146973e-7 11.95
      vertex 11.619999 -3.8146973e-7 5.2200003
      vertex 11.619999 -3.8146973e-7 6.7799997
    endloop
  endfacet
  facet normal 0 1 0
    outer loop
      vertex 14.099999 -3.8146973e-7 11.95
      vertex 11.618124 -3.8146973e-7 5.16035
      vertex 11.619999 -3.8146973e-7 5.2200003
    endloop
  endfacet
  facet normal 0 1 0
    outer loop
      vertex 14.099999 -3.8146973e-7 -2.9999995
      vertex 11.618124 -3.8146973e-7 5.16035
      vertex 14.099999 -3.8146973e-7 11.95
    endloop
  endfacet
  facet normal 0 1 0
    outer loop
      vertex 11.618124 -3.8146973e-7 5.16035
      vertex 14.099999 -3.8146973e-7 -2.9999995
      vertex 11.612508 -3.8146973e-7 5.100934
    endloop
  endfacet
  facet normal 0 1 0
    outer loop
      vertex 11.612508 -3.8146973e-7 5.100934
      vertex 14.099999 -3.8146973e-7 -2.9999995
      vertex 11.603171 -3.8146973e-7 5.0419884
    endloop
  endfacet
  facet normal 0 1 0
    outer loop
      vertex 11.603171 -3.8146973e-7 5.0419884
      vertex 14.099999 -3.8146973e-7 -2.9999995
      vertex 11.590153 -3.8146973e-7 4.9837456
    endloop
  endfacet
  facet normal 0 1 0
    outer loop
      vertex 14.099999 -3.8146973e-7 -2.9999995
      vertex 3.3300009 -3.8146973e-7 4.2700005
      vertex 10.669999 -3.8146973e-7 4.2700005
    endloop
  endfacet
  facet normal 0 1 0
    outer loop
      vertex 3.3300009 -3.8146973e-7 4.2700005
      vertex -4.534358 -3.8146973e-7 3.9602442
      vertex -4.411146 -3.8146973e-7 4.119087
    endloop
  endfacet
  facet normal 0 1 0
    outer loop
      vertex 3.3300009 -3.8146973e-7 4.2700005
      vertex -4.667301 -3.8146973e-7 3.8094501
      vertex -4.534358 -3.8146973e-7 3.9602442
    endloop
  endfacet
  facet normal 0 1 0
    outer loop
      vertex -5.6375065 -3.8146973e-7 3.1045542
      vertex 3.3300009 -3.8146973e-7 4.2700005
      vertex 14.099999 -3.8146973e-7 -2.9999995
    endloop
  endfacet
  facet normal 0 1 0
    outer loop
      vertex 14.099999 -3.8146973e-7 -2.9999995
      vertex 10.669999 -3.8146973e-7 4.2700005
      vertex 10.72965 -3.8146973e-7 4.2718754
    endloop
  endfacet
  facet normal 0 1 0
    outer loop
      vertex 3.3300009 -3.8146973e-7 4.2700005
      vertex -4.80945 -3.8146973e-7 3.6673012
      vertex -4.667301 -3.8146973e-7 3.8094501
    endloop
  endfacet
  facet normal 0 1 0
    outer loop
      vertex 3.3300009 -3.8146973e-7 4.2700005
      vertex -4.960244 -3.8146973e-7 3.534358
      vertex -4.80945 -3.8146973e-7 3.6673012
    endloop
  endfacet
  facet normal 0 1 0
    outer loop
      vertex 3.3300009 -3.8146973e-7 4.2700005
      vertex -5.119087 -3.8146973e-7 3.4111462
      vertex -4.960244 -3.8146973e-7 3.534358
    endloop
  endfacet
  facet normal 0 1 0
    outer loop
      vertex 3.3300009 -3.8146973e-7 4.2700005
      vertex -5.2853546 -3.8146973e-7 3.298151
      vertex -5.119087 -3.8146973e-7 3.4111462
    endloop
  endfacet
  facet normal 0 1 0
    outer loop
      vertex 3.3300009 -3.8146973e-7 4.2700005
      vertex -5.4583883 -3.8146973e-7 3.195819
      vertex -5.2853546 -3.8146973e-7 3.298151
    endloop
  endfacet
  facet normal 0 1 0
    outer loop
      vertex 3.3300009 -3.8146973e-7 4.2700005
      vertex -5.6375065 -3.8146973e-7 3.1045542
      vertex -5.4583883 -3.8146973e-7 3.195819
    endloop
  endfacet
  facet normal 0 1 0
    outer loop
      vertex -5.6375065 -3.8146973e-7 3.1045542
      vertex 14.099999 -3.8146973e-7 -2.9999995
      vertex -5.8220015 -3.8146973e-7 3.0247154
    endloop
  endfacet
  facet normal 0 1 0
    outer loop
      vertex -5.8220015 -3.8146973e-7 3.0247154
      vertex 14.099999 -3.8146973e-7 -2.9999995
      vertex -6.0111465 -3.8146973e-7 2.9566193
    endloop
  endfacet
  facet normal 0 1 0
    outer loop
      vertex -14.099999 -3.8146973e-7 -2.9999995
      vertex -6.0111465 -3.8146973e-7 2.9566193
      vertex 14.099999 -3.8146973e-7 -2.9999995
    endloop
  endfacet
  facet normal 0 1 0
    outer loop
      vertex -6.0111465 -3.8146973e-7 2.9566193
      vertex -14.099999 -3.8146973e-7 -2.9999995
      vertex -6.204193 -3.8146973e-7 2.9005346
    endloop
  endfacet
  facet normal 0 1 0
    outer loop
      vertex -6.204193 -3.8146973e-7 2.9005346
      vertex -14.099999 -3.8146973e-7 -2.9999995
      vertex -6.40038 -3.8146973e-7 2.8566809
    endloop
  endfacet
  facet normal 0 1 0
    outer loop
      vertex -6.598934 -3.8146973e-7 2.8252335
      vertex -14.099999 -3.8146973e-7 -2.9999995
      vertex -6.7990704 -3.8146973e-7 2.8063154
    endloop
  endfacet
  facet normal 0 1 0
    outer loop
      vertex -6.40038 -3.8146973e-7 2.8566809
      vertex -14.099999 -3.8146973e-7 -2.9999995
      vertex -6.598934 -3.8146973e-7 2.8252335
    endloop
  endfacet
  facet normal 0 1 0
    outer loop
      vertex 10.789065 -3.8146973e-7 4.2774916
      vertex 14.099999 -3.8146973e-7 -2.9999995
      vertex 10.72965 -3.8146973e-7 4.2718754
    endloop
  endfacet
  facet normal 0 1 0
    outer loop
      vertex 10.848011 -3.8146973e-7 4.286828
      vertex 14.099999 -3.8146973e-7 -2.9999995
      vertex 10.789065 -3.8146973e-7 4.2774916
    endloop
  endfacet
  facet normal 0 1 0
    outer loop
      vertex 10.906254 -3.8146973e-7 4.2998466
      vertex 14.099999 -3.8146973e-7 -2.9999995
      vertex 10.848011 -3.8146973e-7 4.286828
    endloop
  endfacet
  facet normal 0 1 0
    outer loop
      vertex 10.963565 -3.8146973e-7 4.316497
      vertex 14.099999 -3.8146973e-7 -2.9999995
      vertex 10.906254 -3.8146973e-7 4.2998466
    endloop
  endfacet
  facet normal 0 1 0
    outer loop
      vertex 11.019717 -3.8146973e-7 4.336713
      vertex 14.099999 -3.8146973e-7 -2.9999995
      vertex 10.963565 -3.8146973e-7 4.316497
    endloop
  endfacet
  facet normal 0 1 0
    outer loop
      vertex 11.074489 -3.8146973e-7 4.3604155
      vertex 14.099999 -3.8146973e-7 -2.9999995
      vertex 11.019717 -3.8146973e-7 4.336713
    endloop
  endfacet
  facet normal 0 1 0
    outer loop
      vertex 11.127665 -3.8146973e-7 4.3875093
      vertex 14.099999 -3.8146973e-7 -2.9999995
      vertex 11.074489 -3.8146973e-7 4.3604155
    endloop
  endfacet
  facet normal 0 1 0
    outer loop
      vertex 11.179034 -3.8146973e-7 4.4178896
      vertex 14.099999 -3.8146973e-7 -2.9999995
      vertex 11.127665 -3.8146973e-7 4.3875093
    endloop
  endfacet
  facet normal 0 1 0
    outer loop
      vertex 11.2283945 -3.8146973e-7 4.451434
      vertex 14.099999 -3.8146973e-7 -2.9999995
      vertex 11.179034 -3.8146973e-7 4.4178896
    endloop
  endfacet
  facet normal 0 1 0
    outer loop
      vertex 11.275552 -3.8146973e-7 4.4880133
      vertex 14.099999 -3.8146973e-7 -2.9999995
      vertex 11.2283945 -3.8146973e-7 4.451434
    endloop
  endfacet
  facet normal 0 1 0
    outer loop
      vertex 11.320318 -3.8146973e-7 4.52748
      vertex 14.099999 -3.8146973e-7 -2.9999995
      vertex 11.275552 -3.8146973e-7 4.4880133
    endloop
  endfacet
  facet normal 0 1 0
    outer loop
      vertex 11.362519 -3.8146973e-7 4.569681
      vertex 14.099999 -3.8146973e-7 -2.9999995
      vertex 11.320318 -3.8146973e-7 4.52748
    endloop
  endfacet
  facet normal 0 1 0
    outer loop
      vertex 11.401986 -3.8146973e-7 4.6144476
      vertex 14.099999 -3.8146973e-7 -2.9999995
      vertex 11.362519 -3.8146973e-7 4.569681
    endloop
  endfacet
  facet normal 0 1 0
    outer loop
      vertex 11.438565 -3.8146973e-7 4.661605
      vertex 14.099999 -3.8146973e-7 -2.9999995
      vertex 11.401986 -3.8146973e-7 4.6144476
    endloop
  endfacet
  facet normal 0 1 0
    outer loop
      vertex 11.47211 -3.8146973e-7 4.710965
      vertex 14.099999 -3.8146973e-7 -2.9999995
      vertex 11.438565 -3.8146973e-7 4.661605
    endloop
  endfacet
  facet normal 0 1 0
    outer loop
      vertex 11.50249 -3.8146973e-7 4.762335
      vertex 14.099999 -3.8146973e-7 -2.9999995
      vertex 11.47211 -3.8146973e-7 4.710965
    endloop
  endfacet
  facet normal 0 1 0
    outer loop
      vertex 11.529584 -3.8146973e-7 4.8155107
      vertex 14.099999 -3.8146973e-7 -2.9999995
      vertex 11.50249 -3.8146973e-7 4.762335
    endloop
  endfacet
  facet normal 0 1 0
    outer loop
      vertex 11.553287 -3.8146973e-7 4.870282
      vertex 14.099999 -3.8146973e-7 -2.9999995
      vertex 11.529584 -3.8146973e-7 4.8155107
    endloop
  endfacet
  facet normal 0 1 0
    outer loop
      vertex 11.573503 -3.8146973e-7 4.9264345
      vertex 14.099999 -3.8146973e-7 -2.9999995
      vertex 11.553287 -3.8146973e-7 4.870282
    endloop
  endfacet
  facet normal 0 1 0
    outer loop
      vertex 11.590153 -3.8146973e-7 4.9837456
      vertex 14.099999 -3.8146973e-7 -2.9999995
      vertex 11.573503 -3.8146973e-7 4.9264345
    endloop
  endfacet
  facet normal 0 1 0
    outer loop
      vertex -7.2009296 -3.8146973e-7 9.193685
      vertex -14.099999 -3.8146973e-7 11.95
      vertex -7 -3.8146973e-7 9.2
    endloop
  endfacet
  facet normal 0 1 0
    outer loop
      vertex -7.401066 -3.8146973e-7 9.174767
      vertex -14.099999 -3.8146973e-7 11.95
      vertex -7.2009296 -3.8146973e-7 9.193685
    endloop
  endfacet
  facet normal 0 1 0
    outer loop
      vertex -7.59962 -3.8146973e-7 9.143319
      vertex -14.099999 -3.8146973e-7 11.95
      vertex -7.401066 -3.8146973e-7 9.174767
    endloop
  endfacet
  facet normal 0 1 0
    outer loop
      vertex -7.795807 -3.8146973e-7 9.099465
      vertex -14.099999 -3.8146973e-7 11.95
      vertex -7.59962 -3.8146973e-7 9.143319
    endloop
  endfacet
  facet normal 0 1 0
    outer loop
      vertex -7.9888535 -3.8146973e-7 9.043381
      vertex -14.099999 -3.8146973e-7 11.95
      vertex -7.795807 -3.8146973e-7 9.099465
    endloop
  endfacet
  facet normal 0 1 0
    outer loop
      vertex -8.177999 -3.8146973e-7 8.975285
      vertex -14.099999 -3.8146973e-7 11.95
      vertex -7.9888535 -3.8146973e-7 9.043381
    endloop
  endfacet
  facet normal 0 1 0
    outer loop
      vertex -8.3624935 -3.8146973e-7 8.895446
      vertex -14.099999 -3.8146973e-7 11.95
      vertex -8.177999 -3.8146973e-7 8.975285
    endloop
  endfacet
  facet normal 0 1 0
    outer loop
      vertex -8.541612 -3.8146973e-7 8.804181
      vertex -14.099999 -3.8146973e-7 11.95
      vertex -8.3624935 -3.8146973e-7 8.895446
    endloop
  endfacet
  facet normal 0 1 0
    outer loop
      vertex -8.714645 -3.8146973e-7 8.701849
      vertex -14.099999 -3.8146973e-7 11.95
      vertex -8.541612 -3.8146973e-7 8.804181
    endloop
  endfacet
  facet normal 0 1 0
    outer loop
      vertex -8.880913 -3.8146973e-7 8.588854
      vertex -14.099999 -3.8146973e-7 11.95
      vertex -8.714645 -3.8146973e-7 8.701849
    endloop
  endfacet
  facet normal 0 1 0
    outer loop
      vertex -9.039756 -3.8146973e-7 8.465642
      vertex -14.099999 -3.8146973e-7 11.95
      vertex -8.880913 -3.8146973e-7 8.588854
    endloop
  endfacet
  facet normal 0 1 0
    outer loop
      vertex -9.19055 -3.8146973e-7 8.332699
      vertex -14.099999 -3.8146973e-7 11.95
      vertex -9.039756 -3.8146973e-7 8.465642
    endloop
  endfacet
  facet normal 0 1 0
    outer loop
      vertex -9.332699 -3.8146973e-7 8.19055
      vertex -14.099999 -3.8146973e-7 11.95
      vertex -9.19055 -3.8146973e-7 8.332699
    endloop
  endfacet
  facet normal 0 1 0
    outer loop
      vertex -9.465642 -3.8146973e-7 8.039756
      vertex -14.099999 -3.8146973e-7 11.95
      vertex -9.332699 -3.8146973e-7 8.19055
    endloop
  endfacet
  facet normal 0 1 0
    outer loop
      vertex -9.588854 -3.8146973e-7 7.880913
      vertex -14.099999 -3.8146973e-7 11.95
      vertex -9.465642 -3.8146973e-7 8.039756
    endloop
  endfacet
  facet normal 0 1 0
    outer loop
      vertex -9.701849 -3.8146973e-7 7.7146454
      vertex -14.099999 -3.8146973e-7 11.95
      vertex -9.588854 -3.8146973e-7 7.880913
    endloop
  endfacet
  facet normal 0 1 0
    outer loop
      vertex -9.804181 -3.8146973e-7 7.5416117
      vertex -14.099999 -3.8146973e-7 11.95
      vertex -9.701849 -3.8146973e-7 7.7146454
    endloop
  endfacet
  facet normal 0 1 0
    outer loop
      vertex -9.895446 -3.8146973e-7 7.3624935
      vertex -14.099999 -3.8146973e-7 11.95
      vertex -9.804181 -3.8146973e-7 7.5416117
    endloop
  endfacet
  facet normal 0 1 0
    outer loop
      vertex -9.975285 -3.8146973e-7 7.1779985
      vertex -14.099999 -3.8146973e-7 11.95
      vertex -9.895446 -3.8146973e-7 7.3624935
    endloop
  endfacet
  facet normal 0 1 0
    outer loop
      vertex -10.043381 -3.8146973e-7 6.9888535
      vertex -14.099999 -3.8146973e-7 11.95
      vertex -9.975285 -3.8146973e-7 7.1779985
    endloop
  endfacet
  facet normal 0 1 0
    outer loop
      vertex -10.099465 -3.8146973e-7 6.795807
      vertex -14.099999 -3.8146973e-7 11.95
      vertex -10.043381 -3.8146973e-7 6.9888535
    endloop
  endfacet
  facet normal 0 1 0
    outer loop
      vertex -10.143319 -3.8146973e-7 6.59962
      vertex -14.099999 -3.8146973e-7 11.95
      vertex -10.099465 -3.8146973e-7 6.795807
    endloop
  endfacet
  facet normal 0 1 0
    outer loop
      vertex -10.174767 -3.8146973e-7 6.401066
      vertex -14.099999 -3.8146973e-7 11.95
      vertex -10.143319 -3.8146973e-7 6.59962
    endloop
  endfacet
  facet normal 0 1 0
    outer loop
      vertex -10.193685 -3.8146973e-7 6.2009296
      vertex -14.099999 -3.8146973e-7 11.95
      vertex -10.174767 -3.8146973e-7 6.401066
    endloop
  endfacet
  facet normal 0 1 0
    outer loop
      vertex -10.2 -3.8146973e-7 6
      vertex -14.099999 -3.8146973e-7 11.95
      vertex -10.193685 -3.8146973e-7 6.2009296
    endloop
  endfacet
  facet normal 0 1 0
    outer loop
      vertex -10.193685 -3.8146973e-7 5.7990704
      vertex -14.099999 -3.8146973e-7 11.95
      vertex -10.2 -3.8146973e-7 6
    endloop
  endfacet
  facet normal 0 1 0
    outer loop
      vertex -10.174767 -3.8146973e-7 5.598934
      vertex -14.099999 -3.8146973e-7 11.95
      vertex -10.193685 -3.8146973e-7 5.7990704
    endloop
  endfacet
  facet normal 0 1 0
    outer loop
      vertex -14.099999 -3.8146973e-7 -2.9999995
      vertex -10.174767 -3.8146973e-7 5.598934
      vertex -10.143319 -3.8146973e-7 5.40038
    endloop
  endfacet
  facet normal 0 1 0
    outer loop
      vertex -14.099999 -3.8146973e-7 -2.9999995
      vertex -10.143319 -3.8146973e-7 5.40038
      vertex -10.099465 -3.8146973e-7 5.204193
    endloop
  endfacet
  facet normal 0 1 0
    outer loop
      vertex -14.099999 -3.8146973e-7 -2.9999995
      vertex -10.099465 -3.8146973e-7 5.204193
      vertex -10.043381 -3.8146973e-7 5.0111465
    endloop
  endfacet
  facet normal 0 1 0
    outer loop
      vertex -14.099999 -3.8146973e-7 -2.9999995
      vertex -10.043381 -3.8146973e-7 5.0111465
      vertex -9.975285 -3.8146973e-7 4.8220015
    endloop
  endfacet
  facet normal 0 1 0
    outer loop
      vertex -14.099999 -3.8146973e-7 -2.9999995
      vertex -9.975285 -3.8146973e-7 4.8220015
      vertex -9.895446 -3.8146973e-7 4.6375065
    endloop
  endfacet
  facet normal 0 1 0
    outer loop
      vertex -14.099999 -3.8146973e-7 -2.9999995
      vertex -9.895446 -3.8146973e-7 4.6375065
      vertex -9.804181 -3.8146973e-7 4.4583883
    endloop
  endfacet
  facet normal 0 1 0
    outer loop
      vertex -6.7990704 -3.8146973e-7 2.8063154
      vertex -14.099999 -3.8146973e-7 -2.9999995
      vertex -7 -3.8146973e-7 2.8000002
    endloop
  endfacet
  facet normal 0 1 0
    outer loop
      vertex -7 -3.8146973e-7 2.8000002
      vertex -14.099999 -3.8146973e-7 -2.9999995
      vertex -7.2009296 -3.8146973e-7 2.8063154
    endloop
  endfacet
  facet normal 0 1 0
    outer loop
      vertex -7.2009296 -3.8146973e-7 2.8063154
      vertex -14.099999 -3.8146973e-7 -2.9999995
      vertex -7.401066 -3.8146973e-7 2.8252335
    endloop
  endfacet
  facet normal 0 1 0
    outer loop
      vertex -7.401066 -3.8146973e-7 2.8252335
      vertex -14.099999 -3.8146973e-7 -2.9999995
      vertex -7.59962 -3.8146973e-7 2.8566809
    endloop
  endfacet
  facet normal 0 1 0
    outer loop
      vertex -10.174767 -3.8146973e-7 5.598934
      vertex -14.099999 -3.8146973e-7 -2.9999995
      vertex -14.099999 -3.8146973e-7 11.95
    endloop
  endfacet
  facet normal 0 1 0
    outer loop
      vertex -9.701849 -3.8146973e-7 4.2853546
      vertex -14.099999 -3.8146973e-7 -2.9999995
      vertex -9.804181 -3.8146973e-7 4.4583883
    endloop
  endfacet
  facet normal 0 1 0
    outer loop
      vertex -9.588854 -3.8146973e-7 4.119087
      vertex -14.099999 -3.8146973e-7 -2.9999995
      vertex -9.701849 -3.8146973e-7 4.2853546
    endloop
  endfacet
  facet normal 0 1 0
    outer loop
      vertex -9.465642 -3.8146973e-7 3.9602442
      vertex -14.099999 -3.8146973e-7 -2.9999995
      vertex -9.588854 -3.8146973e-7 4.119087
    endloop
  endfacet
  facet normal 0 1 0
    outer loop
      vertex -9.332699 -3.8146973e-7 3.8094501
      vertex -14.099999 -3.8146973e-7 -2.9999995
      vertex -9.465642 -3.8146973e-7 3.9602442
    endloop
  endfacet
  facet normal 0 1 0
    outer loop
      vertex -9.19055 -3.8146973e-7 3.6673012
      vertex -14.099999 -3.8146973e-7 -2.9999995
      vertex -9.332699 -3.8146973e-7 3.8094501
    endloop
  endfacet
  facet normal 0 1 0
    outer loop
      vertex -9.039756 -3.8146973e-7 3.534358
      vertex -14.099999 -3.8146973e-7 -2.9999995
      vertex -9.19055 -3.8146973e-7 3.6673012
    endloop
  endfacet
  facet normal 0 1 0
    outer loop
      vertex -8.880913 -3.8146973e-7 3.4111462
      vertex -14.099999 -3.8146973e-7 -2.9999995
      vertex -9.039756 -3.8146973e-7 3.534358
    endloop
  endfacet
  facet normal 0 1 0
    outer loop
      vertex -8.714645 -3.8146973e-7 3.298151
      vertex -14.099999 -3.8146973e-7 -2.9999995
      vertex -8.880913 -3.8146973e-7 3.4111462
    endloop
  endfacet
  facet normal 0 1 0
    outer loop
      vertex -8.541612 -3.8146973e-7 3.195819
      vertex -14.099999 -3.8146973e-7 -2.9999995
      vertex -8.714645 -3.8146973e-7 3.298151
    endloop
  endfacet
  facet normal 0 1 0
    outer loop
      vertex -8.3624935 -3.8146973e-7 3.1045542
      vertex -14.099999 -3.8146973e-7 -2.9999995
      vertex -8.541612 -3.8146973e-7 3.195819
    endloop
  endfacet
  facet normal 0 1 0
    outer loop
      vertex -8.177999 -3.8146973e-7 3.0247154
      vertex -14.099999 -3.8146973e-7 -2.9999995
      vertex -8.3624935 -3.8146973e-7 3.1045542
    endloop
  endfacet
  facet normal 0 1 0
    outer loop
      vertex -7.9888535 -3.8146973e-7 2.9566193
      vertex -14.099999 -3.8146973e-7 -2.9999995
      vertex -8.177999 -3.8146973e-7 3.0247154
    endloop
  endfacet
  facet normal 0 1 0
    outer loop
      vertex -7.795807 -3.8146973e-7 2.9005346
      vertex -14.099999 -3.8146973e-7 -2.9999995
      vertex -7.9888535 -3.8146973e-7 2.9566193
    endloop
  endfacet
  facet normal 0 1 0
    outer loop
      vertex -7.59962 -3.8146973e-7 2.8566809
      vertex -14.099999 -3.8146973e-7 -2.9999995
      vertex -7.795807 -3.8146973e-7 2.9005346
    endloop
  endfacet
  facet normal 0 1 0
    outer loop
      vertex 3.2703505 -3.8146973e-7 7.7281246
      vertex 14.099999 -3.8146973e-7 11.95
      vertex 3.3300009 -3.8146973e-7 7.7299995
    endloop
  endfacet
  facet normal 0 1 0
    outer loop
      vertex 3.2109346 -3.8146973e-7 7.7225084
      vertex 14.099999 -3.8146973e-7 11.95
      vertex 3.2703505 -3.8146973e-7 7.7281246
    endloop
  endfacet
  facet normal 0 1 0
    outer loop
      vertex 2.9255114 -3.8146973e-7 7.6395845
      vertex -5.119087 -3.8146973e-7 8.588854
      vertex 2.9802828 -3.8146973e-7 7.663287
    endloop
  endfacet
  facet normal 0 1 0
    outer loop
      vertex -5.119087 -3.8146973e-7 8.588854
      vertex 2.9255114 -3.8146973e-7 7.6395845
      vertex -4.960244 -3.8146973e-7 8.465642
    endloop
  endfacet
  facet normal 0 1 0
    outer loop
      vertex 2.8723354 -3.8146973e-7 7.6124907
      vertex -4.960244 -3.8146973e-7 8.465642
      vertex 2.9255114 -3.8146973e-7 7.6395845
    endloop
  endfacet
  facet normal 0 1 0
    outer loop
      vertex -4.960244 -3.8146973e-7 8.465642
      vertex 2.8723354 -3.8146973e-7 7.6124907
      vertex -4.80945 -3.8146973e-7 8.332699
    endloop
  endfacet
  facet normal 0 1 0
    outer loop
      vertex 2.8209658 -3.8146973e-7 7.5821104
      vertex -4.80945 -3.8146973e-7 8.332699
      vertex 2.8723354 -3.8146973e-7 7.6124907
    endloop
  endfacet
  facet normal 0 1 0
    outer loop
      vertex -4.80945 -3.8146973e-7 8.332699
      vertex 2.8209658 -3.8146973e-7 7.5821104
      vertex -4.667301 -3.8146973e-7 8.19055
    endloop
  endfacet
  facet normal 0 1 0
    outer loop
      vertex 2.7716055 -3.8146973e-7 7.548566
      vertex -4.667301 -3.8146973e-7 8.19055
      vertex 2.8209658 -3.8146973e-7 7.5821104
    endloop
  endfacet
  facet normal 0 1 0
    outer loop
      vertex 2.7244482 -3.8146973e-7 7.5119867
      vertex -4.667301 -3.8146973e-7 8.19055
      vertex 2.7716055 -3.8146973e-7 7.548566
    endloop
  endfacet
  facet normal 0 1 0
    outer loop
      vertex -4.667301 -3.8146973e-7 8.19055
      vertex 2.7244482 -3.8146973e-7 7.5119867
      vertex -4.534358 -3.8146973e-7 8.039756
    endloop
  endfacet
  facet normal 0 1 0
    outer loop
      vertex 2.6796818 -3.8146973e-7 7.47252
      vertex -4.534358 -3.8146973e-7 8.039756
      vertex 2.7244482 -3.8146973e-7 7.5119867
    endloop
  endfacet
  facet normal 0 1 0
    outer loop
      vertex -4.534358 -3.8146973e-7 8.039756
      vertex 2.6796818 -3.8146973e-7 7.47252
      vertex -4.411146 -3.8146973e-7 7.880913
    endloop
  endfacet
  facet normal 0 1 0
    outer loop
      vertex 2.6374807 -3.8146973e-7 7.430319
      vertex -4.411146 -3.8146973e-7 7.880913
      vertex 2.6796818 -3.8146973e-7 7.47252
    endloop
  endfacet
  facet normal 0 1 0
    outer loop
      vertex 2.5980139 -3.8146973e-7 7.3855524
      vertex -4.411146 -3.8146973e-7 7.880913
      vertex 2.6374807 -3.8146973e-7 7.430319
    endloop
  endfacet
  facet normal 0 1 0
    outer loop
      vertex -4.411146 -3.8146973e-7 7.880913
      vertex 2.5980139 -3.8146973e-7 7.3855524
      vertex -4.298151 -3.8146973e-7 7.7146454
    endloop
  endfacet
  facet normal 0 1 0
    outer loop
      vertex 2.5614347 -3.8146973e-7 7.338395
      vertex -4.298151 -3.8146973e-7 7.7146454
      vertex 2.5980139 -3.8146973e-7 7.3855524
    endloop
  endfacet
  facet normal 0 1 0
    outer loop
      vertex -4.298151 -3.8146973e-7 7.7146454
      vertex 2.5614347 -3.8146973e-7 7.338395
      vertex -4.195819 -3.8146973e-7 7.5416117
    endloop
  endfacet
  facet normal 0 1 0
    outer loop
      vertex 2.5278902 -3.8146973e-7 7.289035
      vertex -4.195819 -3.8146973e-7 7.5416117
      vertex 2.5614347 -3.8146973e-7 7.338395
    endloop
  endfacet
  facet normal 0 1 0
    outer loop
      vertex -4.195819 -3.8146973e-7 7.5416117
      vertex 2.5278902 -3.8146973e-7 7.289035
      vertex -4.104554 -3.8146973e-7 7.3624935
    endloop
  endfacet
  facet normal 0 1 0
    outer loop
      vertex 2.49751 -3.8146973e-7 7.237665
      vertex -4.104554 -3.8146973e-7 7.3624935
      vertex 2.5278902 -3.8146973e-7 7.289035
    endloop
  endfacet
  facet normal 0 1 0
    outer loop
      vertex 2.470416 -3.8146973e-7 7.1844893
      vertex -4.104554 -3.8146973e-7 7.3624935
      vertex 2.49751 -3.8146973e-7 7.237665
    endloop
  endfacet
  facet normal 0 1 0
    outer loop
      vertex 2.470416 -3.8146973e-7 7.1844893
      vertex -4.0247154 -3.8146973e-7 7.1779985
      vertex -4.104554 -3.8146973e-7 7.3624935
    endloop
  endfacet
  facet normal 0 1 0
    outer loop
      vertex 2.4467134 -3.8146973e-7 7.129718
      vertex -4.0247154 -3.8146973e-7 7.1779985
      vertex 2.470416 -3.8146973e-7 7.1844893
    endloop
  endfacet
  facet normal 0 1 0
    outer loop
      vertex 2.4264975 -3.8146973e-7 7.0735655
      vertex -4.0247154 -3.8146973e-7 7.1779985
      vertex 2.4467134 -3.8146973e-7 7.129718
    endloop
  endfacet
  facet normal 0 1 0
    outer loop
      vertex -3.9566193 -3.8146973e-7 6.9888535
      vertex 2.4264975 -3.8146973e-7 7.0735655
      vertex 2.4098473 -3.8146973e-7 7.0162544
    endloop
  endfacet
  facet normal 0 1 0
    outer loop
      vertex 2.4264975 -3.8146973e-7 7.0735655
      vertex -3.9566193 -3.8146973e-7 6.9888535
      vertex -4.0247154 -3.8146973e-7 7.1779985
    endloop
  endfacet
  facet normal 0 1 0
    outer loop
      vertex -3.9005346 -3.8146973e-7 6.795807
      vertex 2.4098473 -3.8146973e-7 7.0162544
      vertex 2.3968287 -3.8146973e-7 6.9580116
    endloop
  endfacet
  facet normal 0 1 0
    outer loop
      vertex -3.9005346 -3.8146973e-7 6.795807
      vertex 2.3968287 -3.8146973e-7 6.9580116
      vertex 2.3874922 -3.8146973e-7 6.899066
    endloop
  endfacet
  facet normal 0 1 0
    outer loop
      vertex -3.8566809 -3.8146973e-7 6.59962
      vertex 2.3874922 -3.8146973e-7 6.899066
      vertex 2.381876 -3.8146973e-7 6.83965
    endloop
  endfacet
  facet normal 0 1 0
    outer loop
      vertex 2.4098473 -3.8146973e-7 7.0162544
      vertex -3.9005346 -3.8146973e-7 6.795807
      vertex -3.9566193 -3.8146973e-7 6.9888535
    endloop
  endfacet
  facet normal 0 1 0
    outer loop
      vertex -3.8252335 -3.8146973e-7 6.401066
      vertex 2.381876 -3.8146973e-7 6.83965
      vertex 2.380001 -3.8146973e-7 6.7799997
    endloop
  endfacet
  facet normal 0 1 0
    outer loop
      vertex 2.3874922 -3.8146973e-7 6.899066
      vertex -3.8566809 -3.8146973e-7 6.59962
      vertex -3.9005346 -3.8146973e-7 6.795807
    endloop
  endfacet
  facet normal 0 1 0
    outer loop
      vertex 2.381876 -3.8146973e-7 6.83965
      vertex -3.8252335 -3.8146973e-7 6.401066
      vertex -3.8566809 -3.8146973e-7 6.59962
    endloop
  endfacet
  facet normal 0 1 0
    outer loop
      vertex 2.380001 -3.8146973e-7 6.7799997
      vertex -3.8063154 -3.8146973e-7 6.2009296
      vertex -3.8252335 -3.8146973e-7 6.401066
    endloop
  endfacet
  facet normal 0 1 0
    outer loop
      vertex 2.380001 -3.8146973e-7 6.7799997
      vertex -3.8000002 -3.8146973e-7 6
      vertex -3.8063154 -3.8146973e-7 6.2009296
    endloop
  endfacet
  facet normal 0 1 0
    outer loop
      vertex 2.380001 -3.8146973e-7 5.2200003
      vertex -3.8000002 -3.8146973e-7 6
      vertex 2.380001 -3.8146973e-7 6.7799997
    endloop
  endfacet
  facet normal 0 1 0
    outer loop
      vertex -3.8000002 -3.8146973e-7 6
      vertex 2.380001 -3.8146973e-7 5.2200003
      vertex -3.8063154 -3.8146973e-7 5.7990704
    endloop
  endfacet
  facet normal 0 1 0
    outer loop
      vertex -3.8063154 -3.8146973e-7 5.7990704
      vertex 2.380001 -3.8146973e-7 5.2200003
      vertex -3.8252335 -3.8146973e-7 5.598934
    endloop
  endfacet
  facet normal 0 1 0
    outer loop
      vertex 2.381876 -3.8146973e-7 5.16035
      vertex -3.8252335 -3.8146973e-7 5.598934
      vertex 2.380001 -3.8146973e-7 5.2200003
    endloop
  endfacet
  facet normal 0 1 0
    outer loop
      vertex -3.8252335 -3.8146973e-7 5.598934
      vertex 2.381876 -3.8146973e-7 5.16035
      vertex -3.8566809 -3.8146973e-7 5.40038
    endloop
  endfacet
  facet normal 0 1 0
    outer loop
      vertex 2.3874922 -3.8146973e-7 5.100934
      vertex -3.8566809 -3.8146973e-7 5.40038
      vertex 2.381876 -3.8146973e-7 5.16035
    endloop
  endfacet
  facet normal 0 1 0
    outer loop
      vertex -3.8566809 -3.8146973e-7 5.40038
      vertex 2.3874922 -3.8146973e-7 5.100934
      vertex -3.9005346 -3.8146973e-7 5.204193
    endloop
  endfacet
  facet normal 0 1 0
    outer loop
      vertex 2.3968287 -3.8146973e-7 5.0419884
      vertex -3.9005346 -3.8146973e-7 5.204193
      vertex 2.3874922 -3.8146973e-7 5.100934
    endloop
  endfacet
  facet normal 0 1 0
    outer loop
      vertex 2.4098473 -3.8146973e-7 4.9837456
      vertex -3.9005346 -3.8146973e-7 5.204193
      vertex 2.3968287 -3.8146973e-7 5.0419884
    endloop
  endfacet
  facet normal 0 1 0
    outer loop
      vertex -3.9005346 -3.8146973e-7 5.204193
      vertex 2.4098473 -3.8146973e-7 4.9837456
      vertex -3.9566193 -3.8146973e-7 5.0111465
    endloop
  endfacet
  facet normal 0 1 0
    outer loop
      vertex 2.4264975 -3.8146973e-7 4.9264345
      vertex -3.9566193 -3.8146973e-7 5.0111465
      vertex 2.4098473 -3.8146973e-7 4.9837456
    endloop
  endfacet
  facet normal 0 1 0
    outer loop
      vertex 2.4467134 -3.8146973e-7 4.870282
      vertex -3.9566193 -3.8146973e-7 5.0111465
      vertex 2.4264975 -3.8146973e-7 4.9264345
    endloop
  endfacet
  facet normal 0 1 0
    outer loop
      vertex 2.4467134 -3.8146973e-7 4.870282
      vertex -4.0247154 -3.8146973e-7 4.8220015
      vertex -3.9566193 -3.8146973e-7 5.0111465
    endloop
  endfacet
  facet normal 0 1 0
    outer loop
      vertex 2.470416 -3.8146973e-7 4.8155107
      vertex -4.0247154 -3.8146973e-7 4.8220015
      vertex 2.4467134 -3.8146973e-7 4.870282
    endloop
  endfacet
  facet normal 0 1 0
    outer loop
      vertex -4.104554 -3.8146973e-7 4.6375065
      vertex 2.470416 -3.8146973e-7 4.8155107
      vertex 2.49751 -3.8146973e-7 4.762335
    endloop
  endfacet
  facet normal 0 1 0
    outer loop
      vertex -4.104554 -3.8146973e-7 4.6375065
      vertex 2.49751 -3.8146973e-7 4.762335
      vertex 2.5278902 -3.8146973e-7 4.710965
    endloop
  endfacet
  facet normal 0 1 0
    outer loop
      vertex -4.195819 -3.8146973e-7 4.4583883
      vertex 2.5278902 -3.8146973e-7 4.710965
      vertex 2.5614347 -3.8146973e-7 4.661605
    endloop
  endfacet
  facet normal 0 1 0
    outer loop
      vertex 2.470416 -3.8146973e-7 4.8155107
      vertex -4.104554 -3.8146973e-7 4.6375065
      vertex -4.0247154 -3.8146973e-7 4.8220015
    endloop
  endfacet
  facet normal 0 1 0
    outer loop
      vertex -4.298151 -3.8146973e-7 4.2853546
      vertex 2.5614347 -3.8146973e-7 4.661605
      vertex 2.5980139 -3.8146973e-7 4.6144476
    endloop
  endfacet
  facet normal 0 1 0
    outer loop
      vertex -4.411146 -3.8146973e-7 4.119087
      vertex 2.5980139 -3.8146973e-7 4.6144476
      vertex 2.6374807 -3.8146973e-7 4.569681
    endloop
  endfacet
  facet normal 0 1 0
    outer loop
      vertex -4.411146 -3.8146973e-7 4.119087
      vertex 2.6374807 -3.8146973e-7 4.569681
      vertex 2.6796818 -3.8146973e-7 4.52748
    endloop
  endfacet
  facet normal 0 1 0
    outer loop
      vertex -4.411146 -3.8146973e-7 4.119087
      vertex 2.6796818 -3.8146973e-7 4.52748
      vertex 2.7244482 -3.8146973e-7 4.4880133
    endloop
  endfacet
  facet normal 0 1 0
    outer loop
      vertex 2.5278902 -3.8146973e-7 4.710965
      vertex -4.195819 -3.8146973e-7 4.4583883
      vertex -4.104554 -3.8146973e-7 4.6375065
    endloop
  endfacet
  facet normal 0 1 0
    outer loop
      vertex -4.411146 -3.8146973e-7 4.119087
      vertex 2.7244482 -3.8146973e-7 4.4880133
      vertex 2.7716055 -3.8146973e-7 4.451434
    endloop
  endfacet
  facet normal 0 1 0
    outer loop
      vertex -4.411146 -3.8146973e-7 4.119087
      vertex 2.7716055 -3.8146973e-7 4.451434
      vertex 2.8209658 -3.8146973e-7 4.4178896
    endloop
  endfacet
  facet normal 0 1 0
    outer loop
      vertex -4.411146 -3.8146973e-7 4.119087
      vertex 2.8209658 -3.8146973e-7 4.4178896
      vertex 2.8723354 -3.8146973e-7 4.3875093
    endloop
  endfacet
  facet normal 0 1 0
    outer loop
      vertex -4.411146 -3.8146973e-7 4.119087
      vertex 2.8723354 -3.8146973e-7 4.3875093
      vertex 2.9255114 -3.8146973e-7 4.3604155
    endloop
  endfacet
  facet normal 0 1 0
    outer loop
      vertex -4.411146 -3.8146973e-7 4.119087
      vertex 2.9255114 -3.8146973e-7 4.3604155
      vertex 2.9802828 -3.8146973e-7 4.336713
    endloop
  endfacet
  facet normal 0 1 0
    outer loop
      vertex -4.411146 -3.8146973e-7 4.119087
      vertex 2.9802828 -3.8146973e-7 4.336713
      vertex 3.0364351 -3.8146973e-7 4.316497
    endloop
  endfacet
  facet normal 0 1 0
    outer loop
      vertex -4.411146 -3.8146973e-7 4.119087
      vertex 3.0364351 -3.8146973e-7 4.316497
      vertex 3.0937462 -3.8146973e-7 4.2998466
    endloop
  endfacet
  facet normal 0 1 0
    outer loop
      vertex -4.411146 -3.8146973e-7 4.119087
      vertex 3.0937462 -3.8146973e-7 4.2998466
      vertex 3.151989 -3.8146973e-7 4.286828
    endloop
  endfacet
  facet normal 0 1 0
    outer loop
      vertex 2.5614347 -3.8146973e-7 4.661605
      vertex -4.298151 -3.8146973e-7 4.2853546
      vertex -4.195819 -3.8146973e-7 4.4583883
    endloop
  endfacet
  facet normal 0 1 0
    outer loop
      vertex -4.411146 -3.8146973e-7 4.119087
      vertex 3.151989 -3.8146973e-7 4.286828
      vertex 3.2109346 -3.8146973e-7 4.2774916
    endloop
  endfacet
  facet normal 0 1 0
    outer loop
      vertex -4.411146 -3.8146973e-7 4.119087
      vertex 3.2109346 -3.8146973e-7 4.2774916
      vertex 3.2703505 -3.8146973e-7 4.2718754
    endloop
  endfacet
  facet normal 0 1 0
    outer loop
      vertex -4.411146 -3.8146973e-7 4.119087
      vertex 3.2703505 -3.8146973e-7 4.2718754
      vertex 3.3300009 -3.8146973e-7 4.2700005
    endloop
  endfacet
  facet normal 0 1 0
    outer loop
      vertex 2.5980139 -3.8146973e-7 4.6144476
      vertex -4.411146 -3.8146973e-7 4.119087
      vertex -4.298151 -3.8146973e-7 4.2853546
    endloop
  endfacet
  facet normal 0 -1 0
    outer loop
      vertex -1.75 -3.7999997 10.849999
      vertex -14.099999 -3.7999997 11.95
      vertex -12.25 -3.7999997 10.849999
    endloop
  endfacet
  facet normal 0 -1 0
    outer loop
      vertex -14.099999 -3.7999997 10
      vertex -12.25 -3.7999997 10.849999
      vertex -14.099999 -3.7999997 11.95
    endloop
  endfacet
  facet normal 0 -1 0
    outer loop
      vertex -12.25 -3.7999997 10.849999
      vertex -14.099999 -3.7999997 10
      vertex -12.25 -3.7999997 10
    endloop
  endfacet
  facet normal 0 -1 0
    outer loop
      vertex -14.099999 -3.7999997 11.95
      vertex -1.75 -3.7999997 10.849999
      vertex 14.099999 -3.7999997 11.95
    endloop
  endfacet
  facet normal 0 -1 0
    outer loop
      vertex 0.8500004 -3.7999997 10
      vertex -1.75 -3.7999997 10.849999
      vertex -1.75 -3.7999997 10
    endloop
  endfacet
  facet normal 0 -1 0
    outer loop
      vertex -1.75 -3.7999997 10.849999
      vertex 0.8500004 -3.7999997 10
      vertex 14.099999 -3.7999997 11.95
    endloop
  endfacet
  facet normal 0 -1 0
    outer loop
      vertex 13.15 -3.7999997 10
      vertex 14.099999 -3.7999997 11.95
      vertex 0.8500004 -3.7999997 10
    endloop
  endfacet
  facet normal 0 -1 0
    outer loop
      vertex 14.099999 -3.7999997 11.95
      vertex 13.15 -3.7999997 10
      vertex 14.099999 -3.7999997 10
    endloop
  endfacet
  facet normal 0 -1 0
    outer loop
      vertex -14.099999 -3.7999997 -2.9999995
      vertex 14.099999 -3.7999997 0
      vertex -14.099999 -3.7999997 0
    endloop
  endfacet
  facet normal 0 -1 0
    outer loop
      vertex 14.099999 -3.7999997 0
      vertex -14.099999 -3.7999997 -2.9999995
      vertex 14.099999 -3.7999997 -2.9999995
    endloop
  endfacet
  facet normal 1 0 0
    outer loop
      vertex 15.45 -2.2499995 11.95
      vertex 15.45 -1.15 -2.9999995
      vertex 15.45 -1.15 11.95
    endloop
  endfacet
  facet normal 1 0 0
    outer loop
      vertex 15.45 -1.15 -2.9999995
      vertex 15.45 -2.2499995 11.95
      vertex 15.45 -2.2499995 -2.9999995
    endloop
  endfacet
  facet normal -1 0 0
    outer loop
      vertex -15.45 -2.2499995 -2.9999995
      vertex -15.45 -1.15 11.95
      vertex -15.45 -1.15 -2.9999995
    endloop
  endfacet
  facet normal -1 0 0
    outer loop
      vertex -15.45 -1.15 11.95
      vertex -15.45 -2.2499995 -2.9999995
      vertex -15.45 -2.2499995 11.95
    endloop
  endfacet
  facet normal 0 1 0
    outer loop
      vertex -14.099999 -1.15 -2.9999995
      vertex -15.45 -1.15 11.95
      vertex -14.099999 -1.15 11.95
    endloop
  endfacet
  facet normal 0 1 0
    outer loop
      vertex -15.45 -1.15 11.95
      vertex -14.099999 -1.15 -2.9999995
      vertex -15.45 -1.15 -2.9999995
    endloop
  endfacet
  facet normal 0 1 0
    outer loop
      vertex 15.45 -1.15 -2.9999995
      vertex 14.099999 -1.15 11.95
      vertex 15.45 -1.15 11.95
    endloop
  endfacet
  facet normal 0 1 0
    outer loop
      vertex 14.099999 -1.15 11.95
      vertex 15.45 -1.15 -2.9999995
      vertex 14.099999 -1.15 -2.9999995
    endloop
  endfacet
  facet normal 0 -1 0
    outer loop
      vertex -15.45 -2.2499995 -2.9999995
      vertex -14.099999 -2.2499995 11.95
      vertex -15.45 -2.2499995 11.95
    endloop
  endfacet
  facet normal 0 -1 0
    outer loop
      vertex -14.099999 -2.2499995 11.95
      vertex -15.45 -2.2499995 -2.9999995
      vertex -14.099999 -2.2499995 -2.9999995
    endloop
  endfacet
  facet normal 0 -1 0
    outer loop
      vertex 14.099999 -2.2499995 -2.9999995
      vertex 15.45 -2.2499995 11.95
      vertex 14.099999 -2.2499995 11.95
    endloop
  endfacet
  facet normal 0 -1 0
    outer loop
      vertex 15.45 -2.2499995 11.95
      vertex 14.099999 -2.2499995 -2.9999995
      vertex 15.45 -2.2499995 -2.9999995
    endloop
  endfacet
  facet normal 0 0 1
    outer loop
      vertex -12.25 -3.7999997 10
      vertex -14.099999 -3.7999997 10
      vertex -12.25 -20 10
    endloop
  endfacet
  facet normal 0 0 1
    outer loop
      vertex -12.25 -20 10
      vertex -8 -21.8 10
      vertex -8 -20 10
    endloop
  endfacet
  facet normal 0 0 1
    outer loop
      vertex -12.25 -20 10
      vertex -14.099999 -21.8 10
      vertex -8 -21.8 10
    endloop
  endfacet
  facet normal 0 0 1
    outer loop
      vertex -14.099999 -21.8 10
      vertex -12.25 -20 10
      vertex -14.099999 -3.7999997 10
    endloop
  endfacet
  facet normal 0 0 1
    outer loop
      vertex 13.15 -20 10
      vertex 14.099999 -3.7999997 10
      vertex 13.15 -3.7999997 10
    endloop
  endfacet
  facet normal 0 0 1
    outer loop
      vertex 14.099999 -3.7999997 10
      vertex 13.15 -20 10
      vertex 14.099999 -21.8 10
    endloop
  endfacet
  facet normal 0 0 1
    outer loop
      vertex 8 -21.8 10
      vertex 13.15 -20 10
      vertex 8 -20 10
    endloop
  endfacet
  facet normal 0 0 1
    outer loop
      vertex 13.15 -20 10
      vertex 8 -21.8 10
      vertex 14.099999 -21.8 10
    endloop
  endfacet
  facet normal 0 0 1
    outer loop
      vertex 0.8500004 -3.7999997 10
      vertex -1.75 -3.7999997 10
      vertex 0.8500004 -20 10
    endloop
  endfacet
  facet normal 0 0 1
    outer loop
      vertex 0.8500004 -20 10
      vertex 6 -21.8 10
      vertex 6 -20 10
    endloop
  endfacet
  facet normal 0 0 1
    outer loop
      vertex -1.75 -20 10
      vertex 0.8500004 -20 10
      vertex -1.75 -3.7999997 10
    endloop
  endfacet
  facet normal 0 0 1
    outer loop
      vertex -6 -21.8 10
      vertex 0.8500004 -20 10
      vertex -1.75 -20 10
    endloop
  endfacet
  facet normal 0 0 1
    outer loop
      vertex -6 -21.8 10
      vertex -1.75 -20 10
      vertex -6 -20 10
    endloop
  endfacet
  facet normal 0 0 1
    outer loop
      vertex 0.8500004 -20 10
      vertex -6 -21.8 10
      vertex 6 -21.8 10
    endloop
  endfacet
  facet normal 0 0 -1
    outer loop
      vertex 0.8500004 -3.7999997 10
      vertex 13.15 -1.3999996 10
      vertex 13.15 -3.7999997 10
    endloop
  endfacet
  facet normal 0 0 -1
    outer loop
      vertex 13.15 -1.3999996 10
      vertex 0.8500004 -3.7999997 10
      vertex 0.8500004 -1.3999996 10
    endloop
  endfacet
  facet normal 0 0 -1
    outer loop
      vertex -4.2 -29.2 0
      vertex -7.2 -29.2 0
      vertex -4.2 -23.3 0
    endloop
  endfacet
  facet normal 0 0 -1
    outer loop
      vertex 7.2 -29.2 0
      vertex 4.2 -29.2 0
      vertex 7.2 -23.3 0
    endloop
  endfacet
  facet normal 0 0 -1
    outer loop
      vertex 12 -23.3 0
      vertex 14.099999 -79.8 0
      vertex 12 -78.3 0
    endloop
  endfacet
  facet normal 0 0 -1
    outer loop
      vertex 14.099999 -79.8 0
      vertex 7.2 -78.3 0
      vertex 12 -78.3 0
    endloop
  endfacet
  facet normal 0 0 -1
    outer loop
      vertex 7.2 -78.3 0
      vertex 4.2 -78.3 0
      vertex 7.2 -72.4 0
    endloop
  endfacet
  facet normal 0 0 -1
    outer loop
      vertex 14.099999 -79.8 0
      vertex 4.2 -78.3 0
      vertex 7.2 -78.3 0
    endloop
  endfacet
  facet normal 0 0 -1
    outer loop
      vertex 14.099999 -79.8 0
      vertex -4.2 -78.3 0
      vertex 4.2 -78.3 0
    endloop
  endfacet
  facet normal 0 0 -1
    outer loop
      vertex -4.2 -78.3 0
      vertex -7.2 -78.3 0
      vertex -4.2 -72.4 0
    endloop
  endfacet
  facet normal 0 0 -1
    outer loop
      vertex -14.099999 -79.8 0
      vertex -4.2 -78.3 0
      vertex 14.099999 -79.8 0
    endloop
  endfacet
  facet normal 0 0 -1
    outer loop
      vertex -4.2 -78.3 0
      vertex -14.099999 -79.8 0
      vertex -7.2 -78.3 0
    endloop
  endfacet
  facet normal 0 0 -1
    outer loop
      vertex -12 -78.3 0
      vertex -14.099999 -79.8 0
      vertex -12 -23.3 0
    endloop
  endfacet
  facet normal 0 0 -1
    outer loop
      vertex -7.2 -78.3 0
      vertex -14.099999 -79.8 0
      vertex -12 -78.3 0
    endloop
  endfacet
  facet normal 0 0 -1
    outer loop
      vertex 14.099999 -79.8 0
      vertex 12 -23.3 0
      vertex 14.099999 -3.7999997 0
    endloop
  endfacet
  facet normal 0 0 -1
    outer loop
      vertex 7.2 -23.3 0
      vertex 14.099999 -3.7999997 0
      vertex 12 -23.3 0
    endloop
  endfacet
  facet normal 0 0 -1
    outer loop
      vertex 4.2 -23.3 0
      vertex 7.2 -23.3 0
      vertex 4.2 -29.2 0
    endloop
  endfacet
  facet normal 0 0 -1
    outer loop
      vertex 7.2 -23.3 0
      vertex 4.2 -23.3 0
      vertex 14.099999 -3.7999997 0
    endloop
  endfacet
  facet normal 0 0 -1
    outer loop
      vertex -4.2 -23.3 0
      vertex 14.099999 -3.7999997 0
      vertex 4.2 -23.3 0
    endloop
  endfacet
  facet normal 0 0 -1
    outer loop
      vertex -7.2 -23.3 0
      vertex -4.2 -23.3 0
      vertex -7.2 -29.2 0
    endloop
  endfacet
  facet normal 0 0 -1
    outer loop
      vertex -14.099999 -3.7999997 0
      vertex -4.2 -23.3 0
      vertex -7.2 -23.3 0
    endloop
  endfacet
  facet normal 0 0 -1
    outer loop
      vertex -14.099999 -3.7999997 0
      vertex -7.2 -23.3 0
      vertex -12 -23.3 0
    endloop
  endfacet
  facet normal 0 0 -1
    outer loop
      vertex -4.2 -23.3 0
      vertex -14.099999 -3.7999997 0
      vertex 14.099999 -3.7999997 0
    endloop
  endfacet
  facet normal 0 0 -1
    outer loop
      vertex -14.099999 -3.7999997 0
      vertex -12 -23.3 0
      vertex -14.099999 -79.8 0
    endloop
  endfacet
  facet normal 0 0 -1
    outer loop
      vertex 7.2 -72.4 0
      vertex 4.2 -78.3 0
      vertex 4.2 -72.4 0
    endloop
  endfacet
  facet normal 0 0 -1
    outer loop
      vertex -4.2 -72.4 0
      vertex -7.2 -78.3 0
      vertex -7.2 -72.4 0
    endloop
  endfacet
  facet normal 0 -1 0
    outer loop
      vertex -14.099999 -21.8 8
      vertex -8 -21.8 10
      vertex -14.099999 -21.8 10
    endloop
  endfacet
  facet normal 0 -1 0
    outer loop
      vertex -8 -21.8 10
      vertex -14.099999 -21.8 8
      vertex -8 -21.8 8
    endloop
  endfacet
  facet normal 0 -1 0
    outer loop
      vertex 8 -21.8 8
      vertex 14.099999 -21.8 10
      vertex 8 -21.8 10
    endloop
  endfacet
  facet normal 0 -1 0
    outer loop
      vertex 14.099999 -21.8 10
      vertex 8 -21.8 8
      vertex 14.099999 -21.8 8
    endloop
  endfacet
  facet normal 0 -1 0
    outer loop
      vertex -6 -21.8 8
      vertex 6 -21.8 10
      vertex -6 -21.8 10
    endloop
  endfacet
  facet normal 0 -1 0
    outer loop
      vertex 6 -21.8 10
      vertex -6 -21.8 8
      vertex 6 -21.8 8
    endloop
  endfacet
  facet normal 0 0 1
    outer loop
      vertex 6 -21.8 8
      vertex -6 -21.8 8
      vertex 6 -22.5 8
    endloop
  endfacet
  facet normal 0 0 1
    outer loop
      vertex 14.099999 -21.8 8
      vertex 12 -23.3 8
      vertex 14.099999 -79.8 8
    endloop
  endfacet
  facet normal 0 0 1
    outer loop
      vertex 8 -21.8 8
      vertex 12 -23.3 8
      vertex 14.099999 -21.8 8
    endloop
  endfacet
  facet normal 0 0 1
    outer loop
      vertex 8 -22.5 8
      vertex 12 -23.3 8
      vertex 8 -21.8 8
    endloop
  endfacet
  facet normal 0 0 1
    outer loop
      vertex 6 -22.5 8
      vertex 12 -23.3 8
      vertex 8 -22.5 8
    endloop
  endfacet
  facet normal 0 0 1
    outer loop
      vertex -6 -22.5 8
      vertex 6 -22.5 8
      vertex -6 -21.8 8
    endloop
  endfacet
  facet normal 0 0 1
    outer loop
      vertex 6 -22.5 8
      vertex -6 -22.5 8
      vertex 12 -23.3 8
    endloop
  endfacet
  facet normal 0 0 1
    outer loop
      vertex -12 -23.3 8
      vertex -6 -22.5 8
      vertex -8 -22.5 8
    endloop
  endfacet
  facet normal 0 0 1
    outer loop
      vertex -6 -22.5 8
      vertex -12 -23.3 8
      vertex 12 -23.3 8
    endloop
  endfacet
  facet normal 0 0 1
    outer loop
      vertex 12 -78.3 8
      vertex 14.099999 -79.8 8
      vertex 12 -23.3 8
    endloop
  endfacet
  facet normal 0 0 1
    outer loop
      vertex -12 -78.3 8
      vertex 14.099999 -79.8 8
      vertex 12 -78.3 8
    endloop
  endfacet
  facet normal 0 0 1
    outer loop
      vertex -12 -78.3 8
      vertex -14.099999 -79.8 8
      vertex 14.099999 -79.8 8
    endloop
  endfacet
  facet normal 0 0 1
    outer loop
      vertex -14.099999 -79.8 8
      vertex -12 -78.3 8
      vertex -14.099999 -21.8 8
    endloop
  endfacet
  facet normal 0 0 1
    outer loop
      vertex -8 -21.8 8
      vertex -12 -23.3 8
      vertex -8 -22.5 8
    endloop
  endfacet
  facet normal 0 0 1
    outer loop
      vertex -12 -23.3 8
      vertex -14.099999 -21.8 8
      vertex -12 -78.3 8
    endloop
  endfacet
  facet normal 0 0 1
    outer loop
      vertex -14.099999 -21.8 8
      vertex -12 -23.3 8
      vertex -8 -21.8 8
    endloop
  endfacet
  facet normal 0 0 1
    outer loop
      vertex 6 -21.8 8
      vertex 8 -21.8 8
      vertex 8 -20 8
    endloop
  endfacet
  facet normal 0 0 1
    outer loop
      vertex 6 -21.8 8
      vertex 8 -20 8
      vertex 6 -20 8
    endloop
  endfacet
  facet normal 0 0 1
    outer loop
      vertex 8 -21.8 8
      vertex 6 -21.8 8
      vertex 8 -22.5 8
    endloop
  endfacet
  facet normal 0 0 1
    outer loop
      vertex 8 -22.5 8
      vertex 6 -21.8 8
      vertex 6 -22.5 8
    endloop
  endfacet
  facet normal 0 0 1
    outer loop
      vertex -8 -21.8 8
      vertex -6 -21.8 8
      vertex -6 -20 8
    endloop
  endfacet
  facet normal 0 0 1
    outer loop
      vertex -8 -21.8 8
      vertex -6 -20 8
      vertex -8 -20 8
    endloop
  endfacet
  facet normal 0 0 1
    outer loop
      vertex -6 -21.8 8
      vertex -8 -21.8 8
      vertex -6 -22.5 8
    endloop
  endfacet
  facet normal 0 0 1
    outer loop
      vertex -6 -22.5 8
      vertex -8 -21.8 8
      vertex -8 -22.5 8
    endloop
  endfacet
  facet normal 0 0 1
    outer loop
      vertex 6.6980267 -27.21221 8
      vertex 6.6980267 -27.337791 8
      vertex 6.7 -27.275 8
    endloop
  endfacet
  facet normal 0 0 1
    outer loop
      vertex 6.692114 -27.149668 8
      vertex 6.6980267 -27.337791 8
      vertex 6.6980267 -27.21221 8
    endloop
  endfacet
  facet normal 0 0 1
    outer loop
      vertex 6.692114 -27.149668 8
      vertex 6.692114 -27.400333 8
      vertex 6.6980267 -27.337791 8
    endloop
  endfacet
  facet normal 0 0 1
    outer loop
      vertex 6.682287 -27.08762 8
      vertex 6.692114 -27.400333 8
      vertex 6.692114 -27.149668 8
    endloop
  endfacet
  facet normal 0 0 1
    outer loop
      vertex 6.682287 -27.08762 8
      vertex 6.682287 -27.462381 8
      vertex 6.692114 -27.400333 8
    endloop
  endfacet
  facet normal 0 0 1
    outer loop
      vertex 6.668583 -27.02631 8
      vertex 6.682287 -27.462381 8
      vertex 6.682287 -27.08762 8
    endloop
  endfacet
  facet normal 0 0 1
    outer loop
      vertex 6.668583 -27.02631 8
      vertex 6.668583 -27.52369 8
      vertex 6.682287 -27.462381 8
    endloop
  endfacet
  facet normal 0 0 1
    outer loop
      vertex 6.6510563 -26.965982 8
      vertex 6.668583 -27.52369 8
      vertex 6.668583 -27.02631 8
    endloop
  endfacet
  facet normal 0 0 1
    outer loop
      vertex 6.6510563 -26.965982 8
      vertex 6.6510563 -27.584017 8
      vertex 6.668583 -27.52369 8
    endloop
  endfacet
  facet normal 0 0 1
    outer loop
      vertex 6.629776 -26.906876 8
      vertex 6.6510563 -27.584017 8
      vertex 6.6510563 -26.965982 8
    endloop
  endfacet
  facet normal 0 0 1
    outer loop
      vertex 6.629776 -26.906876 8
      vertex 6.629776 -27.643126 8
      vertex 6.6510563 -27.584017 8
    endloop
  endfacet
  facet normal 0 0 1
    outer loop
      vertex 6.604827 -26.84922 8
      vertex 6.629776 -27.643126 8
      vertex 6.629776 -26.906876 8
    endloop
  endfacet
  facet normal 0 0 1
    outer loop
      vertex 6.604827 -26.84922 8
      vertex 6.604827 -27.700779 8
      vertex 6.629776 -27.643126 8
    endloop
  endfacet
  facet normal 0 0 1
    outer loop
      vertex 6.5763063 -26.793247 8
      vertex 6.604827 -27.700779 8
      vertex 6.604827 -26.84922 8
    endloop
  endfacet
  facet normal 0 0 1
    outer loop
      vertex 6.5763063 -26.793247 8
      vertex 6.5763063 -27.756754 8
      vertex 6.604827 -27.700779 8
    endloop
  endfacet
  facet normal 0 0 1
    outer loop
      vertex 6.5443277 -26.739174 8
      vertex 6.5763063 -27.756754 8
      vertex 6.5763063 -26.793247 8
    endloop
  endfacet
  facet normal 0 0 1
    outer loop
      vertex 6.5443277 -26.739174 8
      vertex 6.5443277 -27.810827 8
      vertex 6.5763063 -27.756754 8
    endloop
  endfacet
  facet normal 0 0 1
    outer loop
      vertex 6.509017 -26.687216 8
      vertex 6.5443277 -27.810827 8
      vertex 6.5443277 -26.739174 8
    endloop
  endfacet
  facet normal 0 0 1
    outer loop
      vertex 6.509017 -26.687216 8
      vertex 6.509017 -27.862785 8
      vertex 6.5443277 -27.810827 8
    endloop
  endfacet
  facet normal 0 0 1
    outer loop
      vertex 6.4705124 -26.637577 8
      vertex 6.509017 -27.862785 8
      vertex 6.509017 -26.687216 8
    endloop
  endfacet
  facet normal 0 0 1
    outer loop
      vertex 6.4705124 -26.637577 8
      vertex 6.4705124 -27.912424 8
      vertex 6.509017 -27.862785 8
    endloop
  endfacet
  facet normal 0 0 1
    outer loop
      vertex 6.4289684 -26.590452 8
      vertex 6.4705124 -27.912424 8
      vertex 6.4705124 -26.637577 8
    endloop
  endfacet
  facet normal 0 0 1
    outer loop
      vertex 6.4289684 -26.590452 8
      vertex 6.4289684 -27.959547 8
      vertex 6.4705124 -27.912424 8
    endloop
  endfacet
  facet normal 0 0 1
    outer loop
      vertex 6.3845463 -26.546032 8
      vertex 6.4289684 -27.959547 8
      vertex 6.4289684 -26.590452 8
    endloop
  endfacet
  facet normal 0 0 1
    outer loop
      vertex 6.3845463 -26.546032 8
      vertex 6.3845463 -28.00397 8
      vertex 6.4289684 -27.959547 8
    endloop
  endfacet
  facet normal 0 0 1
    outer loop
      vertex 6.3374233 -26.504486 8
      vertex 6.3845463 -28.00397 8
      vertex 6.3845463 -26.546032 8
    endloop
  endfacet
  facet normal 0 0 1
    outer loop
      vertex 6.3374233 -26.504486 8
      vertex 6.3374233 -28.045513 8
      vertex 6.3845463 -28.00397 8
    endloop
  endfacet
  facet normal 0 0 1
    outer loop
      vertex 6.2877846 -26.465982 8
      vertex 6.3374233 -28.045513 8
      vertex 6.3374233 -26.504486 8
    endloop
  endfacet
  facet normal 0 0 1
    outer loop
      vertex 6.2877846 -26.465982 8
      vertex 6.2877846 -28.084017 8
      vertex 6.3374233 -28.045513 8
    endloop
  endfacet
  facet normal 0 0 1
    outer loop
      vertex 6.2358265 -26.430672 8
      vertex 6.2877846 -28.084017 8
      vertex 6.2877846 -26.465982 8
    endloop
  endfacet
  facet normal 0 0 1
    outer loop
      vertex 6.2358265 -26.430672 8
      vertex 6.2358265 -28.119328 8
      vertex 6.2877846 -28.084017 8
    endloop
  endfacet
  facet normal 0 0 1
    outer loop
      vertex 6.181753 -26.398693 8
      vertex 6.2358265 -28.119328 8
      vertex 6.2358265 -26.430672 8
    endloop
  endfacet
  facet normal 0 0 1
    outer loop
      vertex 6.181753 -26.398693 8
      vertex 6.181753 -28.151306 8
      vertex 6.2358265 -28.119328 8
    endloop
  endfacet
  facet normal 0 0 1
    outer loop
      vertex 6.125779 -26.370173 8
      vertex 6.181753 -28.151306 8
      vertex 6.181753 -26.398693 8
    endloop
  endfacet
  facet normal 0 0 1
    outer loop
      vertex 6.125779 -26.370173 8
      vertex 6.125779 -28.179827 8
      vertex 6.181753 -28.151306 8
    endloop
  endfacet
  facet normal 0 0 1
    outer loop
      vertex 6.068124 -26.345224 8
      vertex 6.125779 -28.179827 8
      vertex 6.125779 -26.370173 8
    endloop
  endfacet
  facet normal 0 0 1
    outer loop
      vertex 6.068124 -26.345224 8
      vertex 6.068124 -28.204777 8
      vertex 6.125779 -28.179827 8
    endloop
  endfacet
  facet normal 0 0 1
    outer loop
      vertex 6.009017 -26.323944 8
      vertex 6.068124 -28.204777 8
      vertex 6.068124 -26.345224 8
    endloop
  endfacet
  facet normal 0 0 1
    outer loop
      vertex 6.009017 -26.323944 8
      vertex 6.009017 -28.226057 8
      vertex 6.068124 -28.204777 8
    endloop
  endfacet
  facet normal 0 0 1
    outer loop
      vertex 5.9486895 -26.306417 8
      vertex 6.009017 -28.226057 8
      vertex 6.009017 -26.323944 8
    endloop
  endfacet
  facet normal 0 0 1
    outer loop
      vertex 5.9486895 -26.306417 8
      vertex 5.9486895 -28.243584 8
      vertex 6.009017 -28.226057 8
    endloop
  endfacet
  facet normal 0 0 1
    outer loop
      vertex 5.8873806 -26.292713 8
      vertex 5.9486895 -28.243584 8
      vertex 5.9486895 -26.306417 8
    endloop
  endfacet
  facet normal 0 0 1
    outer loop
      vertex 5.8873806 -26.292713 8
      vertex 5.8873806 -28.257288 8
      vertex 5.9486895 -28.243584 8
    endloop
  endfacet
  facet normal 0 0 1
    outer loop
      vertex 5.8253326 -26.282885 8
      vertex 5.8873806 -28.257288 8
      vertex 5.8873806 -26.292713 8
    endloop
  endfacet
  facet normal 0 0 1
    outer loop
      vertex 5.8253326 -26.282885 8
      vertex 5.8253326 -28.267115 8
      vertex 5.8873806 -28.257288 8
    endloop
  endfacet
  facet normal 0 0 1
    outer loop
      vertex 5.7627897 -26.276974 8
      vertex 5.8253326 -28.267115 8
      vertex 5.8253326 -26.282885 8
    endloop
  endfacet
  facet normal 0 0 1
    outer loop
      vertex 5.7627897 -26.276974 8
      vertex 5.7627897 -28.273027 8
      vertex 5.8253326 -28.267115 8
    endloop
  endfacet
  facet normal 0 0 1
    outer loop
      vertex 5.7 -26.275 8
      vertex 5.7627897 -28.273027 8
      vertex 5.7627897 -26.276974 8
    endloop
  endfacet
  facet normal 0 0 1
    outer loop
      vertex 5.7 -26.275 8
      vertex 5.7 -28.275 8
      vertex 5.7627897 -28.273027 8
    endloop
  endfacet
  facet normal 0 0 1
    outer loop
      vertex 5.637209 -26.276974 8
      vertex 5.7 -28.275 8
      vertex 5.7 -26.275 8
    endloop
  endfacet
  facet normal 0 0 1
    outer loop
      vertex 5.637209 -26.276974 8
      vertex 5.637209 -28.273027 8
      vertex 5.7 -28.275 8
    endloop
  endfacet
  facet normal 0 0 1
    outer loop
      vertex 5.574666 -26.282885 8
      vertex 5.637209 -28.273027 8
      vertex 5.637209 -26.276974 8
    endloop
  endfacet
  facet normal 0 0 1
    outer loop
      vertex 5.574666 -26.282885 8
      vertex 5.574666 -28.267115 8
      vertex 5.637209 -28.273027 8
    endloop
  endfacet
  facet normal 0 0 1
    outer loop
      vertex 5.512618 -26.292713 8
      vertex 5.574666 -28.267115 8
      vertex 5.574666 -26.282885 8
    endloop
  endfacet
  facet normal 0 0 1
    outer loop
      vertex 5.512618 -26.292713 8
      vertex 5.512618 -28.257288 8
      vertex 5.574666 -28.267115 8
    endloop
  endfacet
  facet normal 0 0 1
    outer loop
      vertex 5.451309 -26.306417 8
      vertex 5.512618 -28.257288 8
      vertex 5.512618 -26.292713 8
    endloop
  endfacet
  facet normal 0 0 1
    outer loop
      vertex 5.451309 -26.306417 8
      vertex 5.451309 -28.243584 8
      vertex 5.512618 -28.257288 8
    endloop
  endfacet
  facet normal 0 0 1
    outer loop
      vertex 5.3909826 -26.323944 8
      vertex 5.451309 -28.243584 8
      vertex 5.451309 -26.306417 8
    endloop
  endfacet
  facet normal 0 0 1
    outer loop
      vertex 5.3909826 -26.323944 8
      vertex 5.3909826 -28.226057 8
      vertex 5.451309 -28.243584 8
    endloop
  endfacet
  facet normal 0 0 1
    outer loop
      vertex 5.331875 -26.345224 8
      vertex 5.3909826 -28.226057 8
      vertex 5.3909826 -26.323944 8
    endloop
  endfacet
  facet normal 0 0 1
    outer loop
      vertex 5.331875 -26.345224 8
      vertex 5.331875 -28.204777 8
      vertex 5.3909826 -28.226057 8
    endloop
  endfacet
  facet normal 0 0 1
    outer loop
      vertex 5.2742205 -26.370173 8
      vertex 5.331875 -28.204777 8
      vertex 5.331875 -26.345224 8
    endloop
  endfacet
  facet normal 0 0 1
    outer loop
      vertex 5.2742205 -26.370173 8
      vertex 5.2742205 -28.179827 8
      vertex 5.331875 -28.204777 8
    endloop
  endfacet
  facet normal 0 0 1
    outer loop
      vertex 5.2182455 -26.398693 8
      vertex 5.2742205 -28.179827 8
      vertex 5.2742205 -26.370173 8
    endloop
  endfacet
  facet normal 0 0 1
    outer loop
      vertex 5.2182455 -26.398693 8
      vertex 5.2182455 -28.151306 8
      vertex 5.2742205 -28.179827 8
    endloop
  endfacet
  facet normal 0 0 1
    outer loop
      vertex 5.164173 -26.430672 8
      vertex 5.2182455 -28.151306 8
      vertex 5.2182455 -26.398693 8
    endloop
  endfacet
  facet normal 0 0 1
    outer loop
      vertex 5.164173 -26.430672 8
      vertex 5.164173 -28.119328 8
      vertex 5.2182455 -28.151306 8
    endloop
  endfacet
  facet normal 0 0 1
    outer loop
      vertex 5.112214 -26.465982 8
      vertex 5.164173 -28.119328 8
      vertex 5.164173 -26.430672 8
    endloop
  endfacet
  facet normal 0 0 1
    outer loop
      vertex 5.112214 -26.465982 8
      vertex 5.112214 -28.084017 8
      vertex 5.164173 -28.119328 8
    endloop
  endfacet
  facet normal 0 0 1
    outer loop
      vertex 5.0625753 -26.504486 8
      vertex 5.112214 -28.084017 8
      vertex 5.112214 -26.465982 8
    endloop
  endfacet
  facet normal 0 0 1
    outer loop
      vertex 5.0625753 -26.504486 8
      vertex 5.0625753 -28.045513 8
      vertex 5.112214 -28.084017 8
    endloop
  endfacet
  facet normal 0 0 1
    outer loop
      vertex 5.0154524 -26.546032 8
      vertex 5.0625753 -28.045513 8
      vertex 5.0625753 -26.504486 8
    endloop
  endfacet
  facet normal 0 0 1
    outer loop
      vertex 5.0154524 -26.546032 8
      vertex 5.0154524 -28.00397 8
      vertex 5.0625753 -28.045513 8
    endloop
  endfacet
  facet normal 0 0 1
    outer loop
      vertex 4.971031 -26.590452 8
      vertex 5.0154524 -28.00397 8
      vertex 5.0154524 -26.546032 8
    endloop
  endfacet
  facet normal 0 0 1
    outer loop
      vertex 4.971031 -26.590452 8
      vertex 4.971031 -27.959547 8
      vertex 5.0154524 -28.00397 8
    endloop
  endfacet
  facet normal 0 0 1
    outer loop
      vertex 4.9294863 -26.637577 8
      vertex 4.971031 -27.959547 8
      vertex 4.971031 -26.590452 8
    endloop
  endfacet
  facet normal 0 0 1
    outer loop
      vertex 4.9294863 -26.637577 8
      vertex 4.9294863 -27.912424 8
      vertex 4.971031 -27.959547 8
    endloop
  endfacet
  facet normal 0 0 1
    outer loop
      vertex 4.8909826 -26.687216 8
      vertex 4.9294863 -27.912424 8
      vertex 4.9294863 -26.637577 8
    endloop
  endfacet
  facet normal 0 0 1
    outer loop
      vertex 4.8909826 -26.687216 8
      vertex 4.8909826 -27.862785 8
      vertex 4.9294863 -27.912424 8
    endloop
  endfacet
  facet normal 0 0 1
    outer loop
      vertex 4.855672 -26.739174 8
      vertex 4.8909826 -27.862785 8
      vertex 4.8909826 -26.687216 8
    endloop
  endfacet
  facet normal 0 0 1
    outer loop
      vertex 4.855672 -26.739174 8
      vertex 4.855672 -27.810827 8
      vertex 4.8909826 -27.862785 8
    endloop
  endfacet
  facet normal 0 0 1
    outer loop
      vertex 4.8236933 -26.793247 8
      vertex 4.855672 -27.810827 8
      vertex 4.855672 -26.739174 8
    endloop
  endfacet
  facet normal 0 0 1
    outer loop
      vertex 4.8236933 -26.793247 8
      vertex 4.8236933 -27.756754 8
      vertex 4.855672 -27.810827 8
    endloop
  endfacet
  facet normal 0 0 1
    outer loop
      vertex 4.7951727 -26.84922 8
      vertex 4.8236933 -27.756754 8
      vertex 4.8236933 -26.793247 8
    endloop
  endfacet
  facet normal 0 0 1
    outer loop
      vertex 4.7951727 -26.84922 8
      vertex 4.7951727 -27.700779 8
      vertex 4.8236933 -27.756754 8
    endloop
  endfacet
  facet normal 0 0 1
    outer loop
      vertex 4.7702227 -26.906876 8
      vertex 4.7951727 -27.700779 8
      vertex 4.7951727 -26.84922 8
    endloop
  endfacet
  facet normal 0 0 1
    outer loop
      vertex 4.7702227 -26.906876 8
      vertex 4.7702227 -27.643126 8
      vertex 4.7951727 -27.700779 8
    endloop
  endfacet
  facet normal 0 0 1
    outer loop
      vertex 4.7489433 -26.965982 8
      vertex 4.7702227 -27.643126 8
      vertex 4.7702227 -26.906876 8
    endloop
  endfacet
  facet normal 0 0 1
    outer loop
      vertex 4.7489433 -26.965982 8
      vertex 4.7489433 -27.584017 8
      vertex 4.7702227 -27.643126 8
    endloop
  endfacet
  facet normal 0 0 1
    outer loop
      vertex 4.7314167 -27.02631 8
      vertex 4.7489433 -27.584017 8
      vertex 4.7489433 -26.965982 8
    endloop
  endfacet
  facet normal 0 0 1
    outer loop
      vertex 4.7314167 -27.02631 8
      vertex 4.7314167 -27.52369 8
      vertex 4.7489433 -27.584017 8
    endloop
  endfacet
  facet normal 0 0 1
    outer loop
      vertex 4.7177124 -27.08762 8
      vertex 4.7314167 -27.52369 8
      vertex 4.7314167 -27.02631 8
    endloop
  endfacet
  facet normal 0 0 1
    outer loop
      vertex 4.7177124 -27.08762 8
      vertex 4.7177124 -27.462381 8
      vertex 4.7314167 -27.52369 8
    endloop
  endfacet
  facet normal 0 0 1
    outer loop
      vertex 4.707885 -27.149668 8
      vertex 4.7177124 -27.462381 8
      vertex 4.7177124 -27.08762 8
    endloop
  endfacet
  facet normal 0 0 1
    outer loop
      vertex 4.707885 -27.149668 8
      vertex 4.707885 -27.400333 8
      vertex 4.7177124 -27.462381 8
    endloop
  endfacet
  facet normal 0 0 1
    outer loop
      vertex 4.701973 -27.21221 8
      vertex 4.707885 -27.400333 8
      vertex 4.707885 -27.149668 8
    endloop
  endfacet
  facet normal 0 0 1
    outer loop
      vertex 4.701973 -27.21221 8
      vertex 4.701973 -27.337791 8
      vertex 4.707885 -27.400333 8
    endloop
  endfacet
  facet normal 0 0 1
    outer loop
      vertex 4.701973 -27.337791 8
      vertex 4.701973 -27.21221 8
      vertex 4.7 -27.275 8
    endloop
  endfacet
  facet normal 0 0 1
    outer loop
      vertex -4.701973 -27.21221 8
      vertex -4.701973 -27.337791 8
      vertex -4.7 -27.275 8
    endloop
  endfacet
  facet normal 0 0 1
    outer loop
      vertex -4.707885 -27.149668 8
      vertex -4.701973 -27.337791 8
      vertex -4.701973 -27.21221 8
    endloop
  endfacet
  facet normal 0 0 1
    outer loop
      vertex -4.707885 -27.149668 8
      vertex -4.707885 -27.400333 8
      vertex -4.701973 -27.337791 8
    endloop
  endfacet
  facet normal 0 0 1
    outer loop
      vertex -4.7177124 -27.08762 8
      vertex -4.707885 -27.400333 8
      vertex -4.707885 -27.149668 8
    endloop
  endfacet
  facet normal 0 0 1
    outer loop
      vertex -4.7177124 -27.08762 8
      vertex -4.7177124 -27.462381 8
      vertex -4.707885 -27.400333 8
    endloop
  endfacet
  facet normal 0 0 1
    outer loop
      vertex -4.7314167 -27.02631 8
      vertex -4.7177124 -27.462381 8
      vertex -4.7177124 -27.08762 8
    endloop
  endfacet
  facet normal 0 0 1
    outer loop
      vertex -4.7314167 -27.02631 8
      vertex -4.7314167 -27.52369 8
      vertex -4.7177124 -27.462381 8
    endloop
  endfacet
  facet normal 0 0 1
    outer loop
      vertex -4.7489433 -26.965982 8
      vertex -4.7314167 -27.52369 8
      vertex -4.7314167 -27.02631 8
    endloop
  endfacet
  facet normal 0 0 1
    outer loop
      vertex -4.7489433 -26.965982 8
      vertex -4.7489433 -27.584017 8
      vertex -4.7314167 -27.52369 8
    endloop
  endfacet
  facet normal 0 0 1
    outer loop
      vertex -4.7702227 -26.906876 8
      vertex -4.7489433 -27.584017 8
      vertex -4.7489433 -26.965982 8
    endloop
  endfacet
  facet normal 0 0 1
    outer loop
      vertex -4.7702227 -26.906876 8
      vertex -4.7702227 -27.643126 8
      vertex -4.7489433 -27.584017 8
    endloop
  endfacet
  facet normal 0 0 1
    outer loop
      vertex -4.7951727 -26.84922 8
      vertex -4.7702227 -27.643126 8
      vertex -4.7702227 -26.906876 8
    endloop
  endfacet
  facet normal 0 0 1
    outer loop
      vertex -4.7951727 -26.84922 8
      vertex -4.7951727 -27.700779 8
      vertex -4.7702227 -27.643126 8
    endloop
  endfacet
  facet normal 0 0 1
    outer loop
      vertex -4.8236933 -26.793247 8
      vertex -4.7951727 -27.700779 8
      vertex -4.7951727 -26.84922 8
    endloop
  endfacet
  facet normal 0 0 1
    outer loop
      vertex -4.8236933 -26.793247 8
      vertex -4.8236933 -27.756754 8
      vertex -4.7951727 -27.700779 8
    endloop
  endfacet
  facet normal 0 0 1
    outer loop
      vertex -4.855672 -26.739174 8
      vertex -4.8236933 -27.756754 8
      vertex -4.8236933 -26.793247 8
    endloop
  endfacet
  facet normal 0 0 1
    outer loop
      vertex -4.855672 -26.739174 8
      vertex -4.855672 -27.810827 8
      vertex -4.8236933 -27.756754 8
    endloop
  endfacet
  facet normal 0 0 1
    outer loop
      vertex -4.8909826 -26.687216 8
      vertex -4.855672 -27.810827 8
      vertex -4.855672 -26.739174 8
    endloop
  endfacet
  facet normal 0 0 1
    outer loop
      vertex -4.8909826 -26.687216 8
      vertex -4.8909826 -27.862785 8
      vertex -4.855672 -27.810827 8
    endloop
  endfacet
  facet normal 0 0 1
    outer loop
      vertex -4.9294863 -26.637577 8
      vertex -4.8909826 -27.862785 8
      vertex -4.8909826 -26.687216 8
    endloop
  endfacet
  facet normal 0 0 1
    outer loop
      vertex -4.9294863 -26.637577 8
      vertex -4.9294863 -27.912424 8
      vertex -4.8909826 -27.862785 8
    endloop
  endfacet
  facet normal 0 0 1
    outer loop
      vertex -4.971031 -26.590452 8
      vertex -4.9294863 -27.912424 8
      vertex -4.9294863 -26.637577 8
    endloop
  endfacet
  facet normal 0 0 1
    outer loop
      vertex -4.971031 -26.590452 8
      vertex -4.971031 -27.959547 8
      vertex -4.9294863 -27.912424 8
    endloop
  endfacet
  facet normal 0 0 1
    outer loop
      vertex -5.0154524 -26.546032 8
      vertex -4.971031 -27.959547 8
      vertex -4.971031 -26.590452 8
    endloop
  endfacet
  facet normal 0 0 1
    outer loop
      vertex -5.0154524 -26.546032 8
      vertex -5.0154524 -28.00397 8
      vertex -4.971031 -27.959547 8
    endloop
  endfacet
  facet normal 0 0 1
    outer loop
      vertex -5.0625753 -26.504486 8
      vertex -5.0154524 -28.00397 8
      vertex -5.0154524 -26.546032 8
    endloop
  endfacet
  facet normal 0 0 1
    outer loop
      vertex -5.0625753 -26.504486 8
      vertex -5.0625753 -28.045513 8
      vertex -5.0154524 -28.00397 8
    endloop
  endfacet
  facet normal 0 0 1
    outer loop
      vertex -5.112214 -26.465982 8
      vertex -5.0625753 -28.045513 8
      vertex -5.0625753 -26.504486 8
    endloop
  endfacet
  facet normal 0 0 1
    outer loop
      vertex -5.112214 -26.465982 8
      vertex -5.112214 -28.084017 8
      vertex -5.0625753 -28.045513 8
    endloop
  endfacet
  facet normal 0 0 1
    outer loop
      vertex -5.164173 -26.430672 8
      vertex -5.112214 -28.084017 8
      vertex -5.112214 -26.465982 8
    endloop
  endfacet
  facet normal 0 0 1
    outer loop
      vertex -5.164173 -26.430672 8
      vertex -5.164173 -28.119328 8
      vertex -5.112214 -28.084017 8
    endloop
  endfacet
  facet normal 0 0 1
    outer loop
      vertex -5.2182455 -26.398693 8
      vertex -5.164173 -28.119328 8
      vertex -5.164173 -26.430672 8
    endloop
  endfacet
  facet normal 0 0 1
    outer loop
      vertex -5.2182455 -26.398693 8
      vertex -5.2182455 -28.151306 8
      vertex -5.164173 -28.119328 8
    endloop
  endfacet
  facet normal 0 0 1
    outer loop
      vertex -5.2742205 -26.370173 8
      vertex -5.2182455 -28.151306 8
      vertex -5.2182455 -26.398693 8
    endloop
  endfacet
  facet normal 0 0 1
    outer loop
      vertex -5.2742205 -26.370173 8
      vertex -5.2742205 -28.179827 8
      vertex -5.2182455 -28.151306 8
    endloop
  endfacet
  facet normal 0 0 1
    outer loop
      vertex -5.331875 -26.345224 8
      vertex -5.2742205 -28.179827 8
      vertex -5.2742205 -26.370173 8
    endloop
  endfacet
  facet normal 0 0 1
    outer loop
      vertex -5.331875 -26.345224 8
      vertex -5.331875 -28.204777 8
      vertex -5.2742205 -28.179827 8
    endloop
  endfacet
  facet normal 0 0 1
    outer loop
      vertex -5.3909826 -26.323944 8
      vertex -5.331875 -28.204777 8
      vertex -5.331875 -26.345224 8
    endloop
  endfacet
  facet normal 0 0 1
    outer loop
      vertex -5.3909826 -26.323944 8
      vertex -5.3909826 -28.226057 8
      vertex -5.331875 -28.204777 8
    endloop
  endfacet
  facet normal 0 0 1
    outer loop
      vertex -5.451309 -26.306417 8
      vertex -5.3909826 -28.226057 8
      vertex -5.3909826 -26.323944 8
    endloop
  endfacet
  facet normal 0 0 1
    outer loop
      vertex -5.451309 -26.306417 8
      vertex -5.451309 -28.243584 8
      vertex -5.3909826 -28.226057 8
    endloop
  endfacet
  facet normal 0 0 1
    outer loop
      vertex -5.512618 -26.292713 8
      vertex -5.451309 -28.243584 8
      vertex -5.451309 -26.306417 8
    endloop
  endfacet
  facet normal 0 0 1
    outer loop
      vertex -5.512618 -26.292713 8
      vertex -5.512618 -28.257288 8
      vertex -5.451309 -28.243584 8
    endloop
  endfacet
  facet normal 0 0 1
    outer loop
      vertex -5.574666 -26.282885 8
      vertex -5.512618 -28.257288 8
      vertex -5.512618 -26.292713 8
    endloop
  endfacet
  facet normal 0 0 1
    outer loop
      vertex -5.574666 -26.282885 8
      vertex -5.574666 -28.267115 8
      vertex -5.512618 -28.257288 8
    endloop
  endfacet
  facet normal 0 0 1
    outer loop
      vertex -5.637209 -26.276974 8
      vertex -5.574666 -28.267115 8
      vertex -5.574666 -26.282885 8
    endloop
  endfacet
  facet normal 0 0 1
    outer loop
      vertex -5.637209 -26.276974 8
      vertex -5.637209 -28.273027 8
      vertex -5.574666 -28.267115 8
    endloop
  endfacet
  facet normal 0 0 1
    outer loop
      vertex -5.7 -26.275 8
      vertex -5.637209 -28.273027 8
      vertex -5.637209 -26.276974 8
    endloop
  endfacet
  facet normal 0 0 1
    outer loop
      vertex -5.7 -26.275 8
      vertex -5.7 -28.275 8
      vertex -5.637209 -28.273027 8
    endloop
  endfacet
  facet normal 0 0 1
    outer loop
      vertex -5.7627897 -26.276974 8
      vertex -5.7 -28.275 8
      vertex -5.7 -26.275 8
    endloop
  endfacet
  facet normal 0 0 1
    outer loop
      vertex -5.7627897 -26.276974 8
      vertex -5.7627897 -28.273027 8
      vertex -5.7 -28.275 8
    endloop
  endfacet
  facet normal 0 0 1
    outer loop
      vertex -5.8253326 -26.282885 8
      vertex -5.7627897 -28.273027 8
      vertex -5.7627897 -26.276974 8
    endloop
  endfacet
  facet normal 0 0 1
    outer loop
      vertex -5.8253326 -26.282885 8
      vertex -5.8253326 -28.267115 8
      vertex -5.7627897 -28.273027 8
    endloop
  endfacet
  facet normal 0 0 1
    outer loop
      vertex -5.8873806 -26.292713 8
      vertex -5.8253326 -28.267115 8
      vertex -5.8253326 -26.282885 8
    endloop
  endfacet
  facet normal 0 0 1
    outer loop
      vertex -5.8873806 -26.292713 8
      vertex -5.8873806 -28.257288 8
      vertex -5.8253326 -28.267115 8
    endloop
  endfacet
  facet normal 0 0 1
    outer loop
      vertex -5.9486895 -26.306417 8
      vertex -5.8873806 -28.257288 8
      vertex -5.8873806 -26.292713 8
    endloop
  endfacet
  facet normal 0 0 1
    outer loop
      vertex -5.9486895 -26.306417 8
      vertex -5.9486895 -28.243584 8
      vertex -5.8873806 -28.257288 8
    endloop
  endfacet
  facet normal 0 0 1
    outer loop
      vertex -6.009017 -26.323944 8
      vertex -5.9486895 -28.243584 8
      vertex -5.9486895 -26.306417 8
    endloop
  endfacet
  facet normal 0 0 1
    outer loop
      vertex -6.009017 -26.323944 8
      vertex -6.009017 -28.226057 8
      vertex -5.9486895 -28.243584 8
    endloop
  endfacet
  facet normal 0 0 1
    outer loop
      vertex -6.068124 -26.345224 8
      vertex -6.009017 -28.226057 8
      vertex -6.009017 -26.323944 8
    endloop
  endfacet
  facet normal 0 0 1
    outer loop
      vertex -6.068124 -26.345224 8
      vertex -6.068124 -28.204777 8
      vertex -6.009017 -28.226057 8
    endloop
  endfacet
  facet normal 0 0 1
    outer loop
      vertex -6.125779 -26.370173 8
      vertex -6.068124 -28.204777 8
      vertex -6.068124 -26.345224 8
    endloop
  endfacet
  facet normal 0 0 1
    outer loop
      vertex -6.125779 -26.370173 8
      vertex -6.125779 -28.179827 8
      vertex -6.068124 -28.204777 8
    endloop
  endfacet
  facet normal 0 0 1
    outer loop
      vertex -6.181753 -26.398693 8
      vertex -6.125779 -28.179827 8
      vertex -6.125779 -26.370173 8
    endloop
  endfacet
  facet normal 0 0 1
    outer loop
      vertex -6.181753 -26.398693 8
      vertex -6.181753 -28.151306 8
      vertex -6.125779 -28.179827 8
    endloop
  endfacet
  facet normal 0 0 1
    outer loop
      vertex -6.2358265 -26.430672 8
      vertex -6.181753 -28.151306 8
      vertex -6.181753 -26.398693 8
    endloop
  endfacet
  facet normal 0 0 1
    outer loop
      vertex -6.2358265 -26.430672 8
      vertex -6.2358265 -28.119328 8
      vertex -6.181753 -28.151306 8
    endloop
  endfacet
  facet normal 0 0 1
    outer loop
      vertex -6.2877846 -26.465982 8
      vertex -6.2358265 -28.119328 8
      vertex -6.2358265 -26.430672 8
    endloop
  endfacet
  facet normal 0 0 1
    outer loop
      vertex -6.2877846 -26.465982 8
      vertex -6.2877846 -28.084017 8
      vertex -6.2358265 -28.119328 8
    endloop
  endfacet
  facet normal 0 0 1
    outer loop
      vertex -6.3374233 -26.504486 8
      vertex -6.2877846 -28.084017 8
      vertex -6.2877846 -26.465982 8
    endloop
  endfacet
  facet normal 0 0 1
    outer loop
      vertex -6.3374233 -26.504486 8
      vertex -6.3374233 -28.045513 8
      vertex -6.2877846 -28.084017 8
    endloop
  endfacet
  facet normal 0 0 1
    outer loop
      vertex -6.3845463 -26.546032 8
      vertex -6.3374233 -28.045513 8
      vertex -6.3374233 -26.504486 8
    endloop
  endfacet
  facet normal 0 0 1
    outer loop
      vertex -6.3845463 -26.546032 8
      vertex -6.3845463 -28.00397 8
      vertex -6.3374233 -28.045513 8
    endloop
  endfacet
  facet normal 0 0 1
    outer loop
      vertex -6.4289684 -26.590452 8
      vertex -6.3845463 -28.00397 8
      vertex -6.3845463 -26.546032 8
    endloop
  endfacet
  facet normal 0 0 1
    outer loop
      vertex -6.4289684 -26.590452 8
      vertex -6.4289684 -27.959547 8
      vertex -6.3845463 -28.00397 8
    endloop
  endfacet
  facet normal 0 0 1
    outer loop
      vertex -6.4705124 -26.637577 8
      vertex -6.4289684 -27.959547 8
      vertex -6.4289684 -26.590452 8
    endloop
  endfacet
  facet normal 0 0 1
    outer loop
      vertex -6.4705124 -26.637577 8
      vertex -6.4705124 -27.912424 8
      vertex -6.4289684 -27.959547 8
    endloop
  endfacet
  facet normal 0 0 1
    outer loop
      vertex -6.509017 -26.687216 8
      vertex -6.4705124 -27.912424 8
      vertex -6.4705124 -26.637577 8
    endloop
  endfacet
  facet normal 0 0 1
    outer loop
      vertex -6.509017 -26.687216 8
      vertex -6.509017 -27.862785 8
      vertex -6.4705124 -27.912424 8
    endloop
  endfacet
  facet normal 0 0 1
    outer loop
      vertex -6.5443277 -26.739174 8
      vertex -6.509017 -27.862785 8
      vertex -6.509017 -26.687216 8
    endloop
  endfacet
  facet normal 0 0 1
    outer loop
      vertex -6.5443277 -26.739174 8
      vertex -6.5443277 -27.810827 8
      vertex -6.509017 -27.862785 8
    endloop
  endfacet
  facet normal 0 0 1
    outer loop
      vertex -6.5763063 -26.793247 8
      vertex -6.5443277 -27.810827 8
      vertex -6.5443277 -26.739174 8
    endloop
  endfacet
  facet normal 0 0 1
    outer loop
      vertex -6.5763063 -26.793247 8
      vertex -6.5763063 -27.756754 8
      vertex -6.5443277 -27.810827 8
    endloop
  endfacet
  facet normal 0 0 1
    outer loop
      vertex -6.604827 -26.84922 8
      vertex -6.5763063 -27.756754 8
      vertex -6.5763063 -26.793247 8
    endloop
  endfacet
  facet normal 0 0 1
    outer loop
      vertex -6.604827 -26.84922 8
      vertex -6.604827 -27.700779 8
      vertex -6.5763063 -27.756754 8
    endloop
  endfacet
  facet normal 0 0 1
    outer loop
      vertex -6.629776 -26.906876 8
      vertex -6.604827 -27.700779 8
      vertex -6.604827 -26.84922 8
    endloop
  endfacet
  facet normal 0 0 1
    outer loop
      vertex -6.629776 -26.906876 8
      vertex -6.629776 -27.643126 8
      vertex -6.604827 -27.700779 8
    endloop
  endfacet
  facet normal 0 0 1
    outer loop
      vertex -6.6510563 -26.965982 8
      vertex -6.629776 -27.643126 8
      vertex -6.629776 -26.906876 8
    endloop
  endfacet
  facet normal 0 0 1
    outer loop
      vertex -6.6510563 -26.965982 8
      vertex -6.6510563 -27.584017 8
      vertex -6.629776 -27.643126 8
    endloop
  endfacet
  facet normal 0 0 1
    outer loop
      vertex -6.668583 -27.02631 8
      vertex -6.6510563 -27.584017 8
      vertex -6.6510563 -26.965982 8
    endloop
  endfacet
  facet normal 0 0 1
    outer loop
      vertex -6.668583 -27.02631 8
      vertex -6.668583 -27.52369 8
      vertex -6.6510563 -27.584017 8
    endloop
  endfacet
  facet normal 0 0 1
    outer loop
      vertex -6.682287 -27.08762 8
      vertex -6.668583 -27.52369 8
      vertex -6.668583 -27.02631 8
    endloop
  endfacet
  facet normal 0 0 1
    outer loop
      vertex -6.682287 -27.08762 8
      vertex -6.682287 -27.462381 8
      vertex -6.668583 -27.52369 8
    endloop
  endfacet
  facet normal 0 0 1
    outer loop
      vertex -6.692114 -27.149668 8
      vertex -6.682287 -27.462381 8
      vertex -6.682287 -27.08762 8
    endloop
  endfacet
  facet normal 0 0 1
    outer loop
      vertex -6.692114 -27.149668 8
      vertex -6.692114 -27.400333 8
      vertex -6.682287 -27.462381 8
    endloop
  endfacet
  facet normal 0 0 1
    outer loop
      vertex -6.6980267 -27.21221 8
      vertex -6.692114 -27.400333 8
      vertex -6.692114 -27.149668 8
    endloop
  endfacet
  facet normal 0 0 1
    outer loop
      vertex -6.6980267 -27.21221 8
      vertex -6.6980267 -27.337791 8
      vertex -6.692114 -27.400333 8
    endloop
  endfacet
  facet normal 0 0 1
    outer loop
      vertex -6.6980267 -27.337791 8
      vertex -6.6980267 -27.21221 8
      vertex -6.7 -27.275 8
    endloop
  endfacet
  facet normal 0 0 1
    outer loop
      vertex 6.6980267 -74.26221 8
      vertex 6.6980267 -74.38779 8
      vertex 6.7 -74.325 8
    endloop
  endfacet
  facet normal 0 0 1
    outer loop
      vertex 6.692114 -74.19967 8
      vertex 6.6980267 -74.38779 8
      vertex 6.6980267 -74.26221 8
    endloop
  endfacet
  facet normal 0 0 1
    outer loop
      vertex 6.692114 -74.19967 8
      vertex 6.692114 -74.45033 8
      vertex 6.6980267 -74.38779 8
    endloop
  endfacet
  facet normal 0 0 1
    outer loop
      vertex 6.682287 -74.13762 8
      vertex 6.692114 -74.45033 8
      vertex 6.692114 -74.19967 8
    endloop
  endfacet
  facet normal 0 0 1
    outer loop
      vertex 6.682287 -74.13762 8
      vertex 6.682287 -74.51238 8
      vertex 6.692114 -74.45033 8
    endloop
  endfacet
  facet normal 0 0 1
    outer loop
      vertex 6.668583 -74.07631 8
      vertex 6.682287 -74.51238 8
      vertex 6.682287 -74.13762 8
    endloop
  endfacet
  facet normal 0 0 1
    outer loop
      vertex 6.668583 -74.07631 8
      vertex 6.668583 -74.57369 8
      vertex 6.682287 -74.51238 8
    endloop
  endfacet
  facet normal 0 0 1
    outer loop
      vertex 6.6510563 -74.01598 8
      vertex 6.668583 -74.57369 8
      vertex 6.668583 -74.07631 8
    endloop
  endfacet
  facet normal 0 0 1
    outer loop
      vertex 6.6510563 -74.01598 8
      vertex 6.6510563 -74.63402 8
      vertex 6.668583 -74.57369 8
    endloop
  endfacet
  facet normal 0 0 1
    outer loop
      vertex 6.629776 -73.95687 8
      vertex 6.6510563 -74.63402 8
      vertex 6.6510563 -74.01598 8
    endloop
  endfacet
  facet normal 0 0 1
    outer loop
      vertex 6.629776 -73.95687 8
      vertex 6.629776 -74.69312 8
      vertex 6.6510563 -74.63402 8
    endloop
  endfacet
  facet normal 0 0 1
    outer loop
      vertex 6.604827 -73.89922 8
      vertex 6.629776 -74.69312 8
      vertex 6.629776 -73.95687 8
    endloop
  endfacet
  facet normal 0 0 1
    outer loop
      vertex 6.604827 -73.89922 8
      vertex 6.604827 -74.75078 8
      vertex 6.629776 -74.69312 8
    endloop
  endfacet
  facet normal 0 0 1
    outer loop
      vertex 6.5763063 -73.84325 8
      vertex 6.604827 -74.75078 8
      vertex 6.604827 -73.89922 8
    endloop
  endfacet
  facet normal 0 0 1
    outer loop
      vertex 6.5763063 -73.84325 8
      vertex 6.5763063 -74.806755 8
      vertex 6.604827 -74.75078 8
    endloop
  endfacet
  facet normal 0 0 1
    outer loop
      vertex 6.5443277 -73.78917 8
      vertex 6.5763063 -74.806755 8
      vertex 6.5763063 -73.84325 8
    endloop
  endfacet
  facet normal 0 0 1
    outer loop
      vertex 6.5443277 -73.78917 8
      vertex 6.5443277 -74.860825 8
      vertex 6.5763063 -74.806755 8
    endloop
  endfacet
  facet normal 0 0 1
    outer loop
      vertex 6.509017 -73.73721 8
      vertex 6.5443277 -74.860825 8
      vertex 6.5443277 -73.78917 8
    endloop
  endfacet
  facet normal 0 0 1
    outer loop
      vertex 6.509017 -73.73721 8
      vertex 6.509017 -74.91278 8
      vertex 6.5443277 -74.860825 8
    endloop
  endfacet
  facet normal 0 0 1
    outer loop
      vertex 6.4705124 -73.68758 8
      vertex 6.509017 -74.91278 8
      vertex 6.509017 -73.73721 8
    endloop
  endfacet
  facet normal 0 0 1
    outer loop
      vertex 6.4705124 -73.68758 8
      vertex 6.4705124 -74.962425 8
      vertex 6.509017 -74.91278 8
    endloop
  endfacet
  facet normal 0 0 1
    outer loop
      vertex 6.4289684 -73.64045 8
      vertex 6.4705124 -74.962425 8
      vertex 6.4705124 -73.68758 8
    endloop
  endfacet
  facet normal 0 0 1
    outer loop
      vertex 6.4289684 -73.64045 8
      vertex 6.4289684 -75.009544 8
      vertex 6.4705124 -74.962425 8
    endloop
  endfacet
  facet normal 0 0 1
    outer loop
      vertex 6.3845463 -73.59603 8
      vertex 6.4289684 -75.009544 8
      vertex 6.4289684 -73.64045 8
    endloop
  endfacet
  facet normal 0 0 1
    outer loop
      vertex 6.3845463 -73.59603 8
      vertex 6.3845463 -75.05397 8
      vertex 6.4289684 -75.009544 8
    endloop
  endfacet
  facet normal 0 0 1
    outer loop
      vertex 6.3374233 -73.55449 8
      vertex 6.3845463 -75.05397 8
      vertex 6.3845463 -73.59603 8
    endloop
  endfacet
  facet normal 0 0 1
    outer loop
      vertex 6.3374233 -73.55449 8
      vertex 6.3374233 -75.09551 8
      vertex 6.3845463 -75.05397 8
    endloop
  endfacet
  facet normal 0 0 1
    outer loop
      vertex 6.2877846 -73.51598 8
      vertex 6.3374233 -75.09551 8
      vertex 6.3374233 -73.55449 8
    endloop
  endfacet
  facet normal 0 0 1
    outer loop
      vertex 6.2877846 -73.51598 8
      vertex 6.2877846 -75.13402 8
      vertex 6.3374233 -75.09551 8
    endloop
  endfacet
  facet normal 0 0 1
    outer loop
      vertex 6.2358265 -73.480675 8
      vertex 6.2877846 -75.13402 8
      vertex 6.2877846 -73.51598 8
    endloop
  endfacet
  facet normal 0 0 1
    outer loop
      vertex 6.2358265 -73.480675 8
      vertex 6.2358265 -75.16933 8
      vertex 6.2877846 -75.13402 8
    endloop
  endfacet
  facet normal 0 0 1
    outer loop
      vertex 6.181753 -73.44869 8
      vertex 6.2358265 -75.16933 8
      vertex 6.2358265 -73.480675 8
    endloop
  endfacet
  facet normal 0 0 1
    outer loop
      vertex 6.181753 -73.44869 8
      vertex 6.181753 -75.20131 8
      vertex 6.2358265 -75.16933 8
    endloop
  endfacet
  facet normal 0 0 1
    outer loop
      vertex 6.125779 -73.42017 8
      vertex 6.181753 -75.20131 8
      vertex 6.181753 -73.44869 8
    endloop
  endfacet
  facet normal 0 0 1
    outer loop
      vertex 6.125779 -73.42017 8
      vertex 6.125779 -75.22983 8
      vertex 6.181753 -75.20131 8
    endloop
  endfacet
  facet normal 0 0 1
    outer loop
      vertex 6.068124 -73.395226 8
      vertex 6.125779 -75.22983 8
      vertex 6.125779 -73.42017 8
    endloop
  endfacet
  facet normal 0 0 1
    outer loop
      vertex 6.068124 -73.395226 8
      vertex 6.068124 -75.254776 8
      vertex 6.125779 -75.22983 8
    endloop
  endfacet
  facet normal 0 0 1
    outer loop
      vertex 6.009017 -73.37394 8
      vertex 6.068124 -75.254776 8
      vertex 6.068124 -73.395226 8
    endloop
  endfacet
  facet normal 0 0 1
    outer loop
      vertex 6.009017 -73.37394 8
      vertex 6.009017 -75.276054 8
      vertex 6.068124 -75.254776 8
    endloop
  endfacet
  facet normal 0 0 1
    outer loop
      vertex 5.9486895 -73.356415 8
      vertex 6.009017 -75.276054 8
      vertex 6.009017 -73.37394 8
    endloop
  endfacet
  facet normal 0 0 1
    outer loop
      vertex 5.9486895 -73.356415 8
      vertex 5.9486895 -75.29358 8
      vertex 6.009017 -75.276054 8
    endloop
  endfacet
  facet normal 0 0 1
    outer loop
      vertex 5.8873806 -73.34271 8
      vertex 5.9486895 -75.29358 8
      vertex 5.9486895 -73.356415 8
    endloop
  endfacet
  facet normal 0 0 1
    outer loop
      vertex 5.8873806 -73.34271 8
      vertex 5.8873806 -75.30729 8
      vertex 5.9486895 -75.29358 8
    endloop
  endfacet
  facet normal 0 0 1
    outer loop
      vertex 5.8253326 -73.332886 8
      vertex 5.8873806 -75.30729 8
      vertex 5.8873806 -73.34271 8
    endloop
  endfacet
  facet normal 0 0 1
    outer loop
      vertex 5.8253326 -73.332886 8
      vertex 5.8253326 -75.317116 8
      vertex 5.8873806 -75.30729 8
    endloop
  endfacet
  facet normal 0 0 1
    outer loop
      vertex 5.7627897 -73.32697 8
      vertex 5.8253326 -75.317116 8
      vertex 5.8253326 -73.332886 8
    endloop
  endfacet
  facet normal 0 0 1
    outer loop
      vertex 5.7627897 -73.32697 8
      vertex 5.7627897 -75.32303 8
      vertex 5.8253326 -75.317116 8
    endloop
  endfacet
  facet normal 0 0 1
    outer loop
      vertex 5.7 -73.325 8
      vertex 5.7627897 -75.32303 8
      vertex 5.7627897 -73.32697 8
    endloop
  endfacet
  facet normal 0 0 1
    outer loop
      vertex 5.7 -73.325 8
      vertex 5.7 -75.325 8
      vertex 5.7627897 -75.32303 8
    endloop
  endfacet
  facet normal 0 0 1
    outer loop
      vertex 5.637209 -73.32697 8
      vertex 5.7 -75.325 8
      vertex 5.7 -73.325 8
    endloop
  endfacet
  facet normal 0 0 1
    outer loop
      vertex 5.637209 -73.32697 8
      vertex 5.637209 -75.32303 8
      vertex 5.7 -75.325 8
    endloop
  endfacet
  facet normal 0 0 1
    outer loop
      vertex 5.574666 -73.332886 8
      vertex 5.637209 -75.32303 8
      vertex 5.637209 -73.32697 8
    endloop
  endfacet
  facet normal 0 0 1
    outer loop
      vertex 5.574666 -73.332886 8
      vertex 5.574666 -75.317116 8
      vertex 5.637209 -75.32303 8
    endloop
  endfacet
  facet normal 0 0 1
    outer loop
      vertex 5.512618 -73.34271 8
      vertex 5.574666 -75.317116 8
      vertex 5.574666 -73.332886 8
    endloop
  endfacet
  facet normal 0 0 1
    outer loop
      vertex 5.512618 -73.34271 8
      vertex 5.512618 -75.30729 8
      vertex 5.574666 -75.317116 8
    endloop
  endfacet
  facet normal 0 0 1
    outer loop
      vertex 5.451309 -73.356415 8
      vertex 5.512618 -75.30729 8
      vertex 5.512618 -73.34271 8
    endloop
  endfacet
  facet normal 0 0 1
    outer loop
      vertex 5.451309 -73.356415 8
      vertex 5.451309 -75.29358 8
      vertex 5.512618 -75.30729 8
    endloop
  endfacet
  facet normal 0 0 1
    outer loop
      vertex 5.3909826 -73.37394 8
      vertex 5.451309 -75.29358 8
      vertex 5.451309 -73.356415 8
    endloop
  endfacet
  facet normal 0 0 1
    outer loop
      vertex 5.3909826 -73.37394 8
      vertex 5.3909826 -75.276054 8
      vertex 5.451309 -75.29358 8
    endloop
  endfacet
  facet normal 0 0 1
    outer loop
      vertex 5.331875 -73.395226 8
      vertex 5.3909826 -75.276054 8
      vertex 5.3909826 -73.37394 8
    endloop
  endfacet
  facet normal 0 0 1
    outer loop
      vertex 5.331875 -73.395226 8
      vertex 5.331875 -75.254776 8
      vertex 5.3909826 -75.276054 8
    endloop
  endfacet
  facet normal 0 0 1
    outer loop
      vertex 5.2742205 -73.42017 8
      vertex 5.331875 -75.254776 8
      vertex 5.331875 -73.395226 8
    endloop
  endfacet
  facet normal 0 0 1
    outer loop
      vertex 5.2742205 -73.42017 8
      vertex 5.2742205 -75.22983 8
      vertex 5.331875 -75.254776 8
    endloop
  endfacet
  facet normal 0 0 1
    outer loop
      vertex 5.2182455 -73.44869 8
      vertex 5.2742205 -75.22983 8
      vertex 5.2742205 -73.42017 8
    endloop
  endfacet
  facet normal 0 0 1
    outer loop
      vertex 5.2182455 -73.44869 8
      vertex 5.2182455 -75.20131 8
      vertex 5.2742205 -75.22983 8
    endloop
  endfacet
  facet normal 0 0 1
    outer loop
      vertex 5.164173 -73.480675 8
      vertex 5.2182455 -75.20131 8
      vertex 5.2182455 -73.44869 8
    endloop
  endfacet
  facet normal 0 0 1
    outer loop
      vertex 5.164173 -73.480675 8
      vertex 5.164173 -75.16933 8
      vertex 5.2182455 -75.20131 8
    endloop
  endfacet
  facet normal 0 0 1
    outer loop
      vertex 5.112214 -73.51598 8
      vertex 5.164173 -75.16933 8
      vertex 5.164173 -73.480675 8
    endloop
  endfacet
  facet normal 0 0 1
    outer loop
      vertex 5.112214 -73.51598 8
      vertex 5.112214 -75.13402 8
      vertex 5.164173 -75.16933 8
    endloop
  endfacet
  facet normal 0 0 1
    outer loop
      vertex 5.0625753 -73.55449 8
      vertex 5.112214 -75.13402 8
      vertex 5.112214 -73.51598 8
    endloop
  endfacet
  facet normal 0 0 1
    outer loop
      vertex 5.0625753 -73.55449 8
      vertex 5.0625753 -75.09551 8
      vertex 5.112214 -75.13402 8
    endloop
  endfacet
  facet normal 0 0 1
    outer loop
      vertex 5.0154524 -73.59603 8
      vertex 5.0625753 -75.09551 8
      vertex 5.0625753 -73.55449 8
    endloop
  endfacet
  facet normal 0 0 1
    outer loop
      vertex 5.0154524 -73.59603 8
      vertex 5.0154524 -75.05397 8
      vertex 5.0625753 -75.09551 8
    endloop
  endfacet
  facet normal 0 0 1
    outer loop
      vertex 4.971031 -73.64045 8
      vertex 5.0154524 -75.05397 8
      vertex 5.0154524 -73.59603 8
    endloop
  endfacet
  facet normal 0 0 1
    outer loop
      vertex 4.971031 -73.64045 8
      vertex 4.971031 -75.009544 8
      vertex 5.0154524 -75.05397 8
    endloop
  endfacet
  facet normal 0 0 1
    outer loop
      vertex 4.9294863 -73.68758 8
      vertex 4.971031 -75.009544 8
      vertex 4.971031 -73.64045 8
    endloop
  endfacet
  facet normal 0 0 1
    outer loop
      vertex 4.9294863 -73.68758 8
      vertex 4.9294863 -74.962425 8
      vertex 4.971031 -75.009544 8
    endloop
  endfacet
  facet normal 0 0 1
    outer loop
      vertex 4.8909826 -73.73721 8
      vertex 4.9294863 -74.962425 8
      vertex 4.9294863 -73.68758 8
    endloop
  endfacet
  facet normal 0 0 1
    outer loop
      vertex 4.8909826 -73.73721 8
      vertex 4.8909826 -74.91278 8
      vertex 4.9294863 -74.962425 8
    endloop
  endfacet
  facet normal 0 0 1
    outer loop
      vertex 4.855672 -73.78917 8
      vertex 4.8909826 -74.91278 8
      vertex 4.8909826 -73.73721 8
    endloop
  endfacet
  facet normal 0 0 1
    outer loop
      vertex 4.855672 -73.78917 8
      vertex 4.855672 -74.860825 8
      vertex 4.8909826 -74.91278 8
    endloop
  endfacet
  facet normal 0 0 1
    outer loop
      vertex 4.8236933 -73.84325 8
      vertex 4.855672 -74.860825 8
      vertex 4.855672 -73.78917 8
    endloop
  endfacet
  facet normal 0 0 1
    outer loop
      vertex 4.8236933 -73.84325 8
      vertex 4.8236933 -74.806755 8
      vertex 4.855672 -74.860825 8
    endloop
  endfacet
  facet normal 0 0 1
    outer loop
      vertex 4.7951727 -73.89922 8
      vertex 4.8236933 -74.806755 8
      vertex 4.8236933 -73.84325 8
    endloop
  endfacet
  facet normal 0 0 1
    outer loop
      vertex 4.7951727 -73.89922 8
      vertex 4.7951727 -74.75078 8
      vertex 4.8236933 -74.806755 8
    endloop
  endfacet
  facet normal 0 0 1
    outer loop
      vertex 4.7702227 -73.95687 8
      vertex 4.7951727 -74.75078 8
      vertex 4.7951727 -73.89922 8
    endloop
  endfacet
  facet normal 0 0 1
    outer loop
      vertex 4.7702227 -73.95687 8
      vertex 4.7702227 -74.69312 8
      vertex 4.7951727 -74.75078 8
    endloop
  endfacet
  facet normal 0 0 1
    outer loop
      vertex 4.7489433 -74.01598 8
      vertex 4.7702227 -74.69312 8
      vertex 4.7702227 -73.95687 8
    endloop
  endfacet
  facet normal 0 0 1
    outer loop
      vertex 4.7489433 -74.01598 8
      vertex 4.7489433 -74.63402 8
      vertex 4.7702227 -74.69312 8
    endloop
  endfacet
  facet normal 0 0 1
    outer loop
      vertex 4.7314167 -74.07631 8
      vertex 4.7489433 -74.63402 8
      vertex 4.7489433 -74.01598 8
    endloop
  endfacet
  facet normal 0 0 1
    outer loop
      vertex 4.7314167 -74.07631 8
      vertex 4.7314167 -74.57369 8
      vertex 4.7489433 -74.63402 8
    endloop
  endfacet
  facet normal 0 0 1
    outer loop
      vertex 4.7177124 -74.13762 8
      vertex 4.7314167 -74.57369 8
      vertex 4.7314167 -74.07631 8
    endloop
  endfacet
  facet normal 0 0 1
    outer loop
      vertex 4.7177124 -74.13762 8
      vertex 4.7177124 -74.51238 8
      vertex 4.7314167 -74.57369 8
    endloop
  endfacet
  facet normal 0 0 1
    outer loop
      vertex 4.707885 -74.19967 8
      vertex 4.7177124 -74.51238 8
      vertex 4.7177124 -74.13762 8
    endloop
  endfacet
  facet normal 0 0 1
    outer loop
      vertex 4.707885 -74.19967 8
      vertex 4.707885 -74.45033 8
      vertex 4.7177124 -74.51238 8
    endloop
  endfacet
  facet normal 0 0 1
    outer loop
      vertex 4.701973 -74.26221 8
      vertex 4.707885 -74.45033 8
      vertex 4.707885 -74.19967 8
    endloop
  endfacet
  facet normal 0 0 1
    outer loop
      vertex 4.701973 -74.26221 8
      vertex 4.701973 -74.38779 8
      vertex 4.707885 -74.45033 8
    endloop
  endfacet
  facet normal 0 0 1
    outer loop
      vertex 4.701973 -74.38779 8
      vertex 4.701973 -74.26221 8
      vertex 4.7 -74.325 8
    endloop
  endfacet
  facet normal 0 0 1
    outer loop
      vertex -4.701973 -74.26221 8
      vertex -4.701973 -74.38779 8
      vertex -4.7 -74.325 8
    endloop
  endfacet
  facet normal 0 0 1
    outer loop
      vertex -4.707885 -74.19967 8
      vertex -4.701973 -74.38779 8
      vertex -4.701973 -74.26221 8
    endloop
  endfacet
  facet normal 0 0 1
    outer loop
      vertex -4.707885 -74.19967 8
      vertex -4.707885 -74.45033 8
      vertex -4.701973 -74.38779 8
    endloop
  endfacet
  facet normal 0 0 1
    outer loop
      vertex -4.7177124 -74.13762 8
      vertex -4.707885 -74.45033 8
      vertex -4.707885 -74.19967 8
    endloop
  endfacet
  facet normal 0 0 1
    outer loop
      vertex -4.7177124 -74.13762 8
      vertex -4.7177124 -74.51238 8
      vertex -4.707885 -74.45033 8
    endloop
  endfacet
  facet normal 0 0 1
    outer loop
      vertex -4.7314167 -74.07631 8
      vertex -4.7177124 -74.51238 8
      vertex -4.7177124 -74.13762 8
    endloop
  endfacet
  facet normal 0 0 1
    outer loop
      vertex -4.7314167 -74.07631 8
      vertex -4.7314167 -74.57369 8
      vertex -4.7177124 -74.51238 8
    endloop
  endfacet
  facet normal 0 0 1
    outer loop
      vertex -4.7489433 -74.01598 8
      vertex -4.7314167 -74.57369 8
      vertex -4.7314167 -74.07631 8
    endloop
  endfacet
  facet normal 0 0 1
    outer loop
      vertex -4.7489433 -74.01598 8
      vertex -4.7489433 -74.63402 8
      vertex -4.7314167 -74.57369 8
    endloop
  endfacet
  facet normal 0 0 1
    outer loop
      vertex -4.7702227 -73.95687 8
      vertex -4.7489433 -74.63402 8
      vertex -4.7489433 -74.01598 8
    endloop
  endfacet
  facet normal 0 0 1
    outer loop
      vertex -4.7702227 -73.95687 8
      vertex -4.7702227 -74.69312 8
      vertex -4.7489433 -74.63402 8
    endloop
  endfacet
  facet normal 0 0 1
    outer loop
      vertex -4.7951727 -73.89922 8
      vertex -4.7702227 -74.69312 8
      vertex -4.7702227 -73.95687 8
    endloop
  endfacet
  facet normal 0 0 1
    outer loop
      vertex -4.7951727 -73.89922 8
      vertex -4.7951727 -74.75078 8
      vertex -4.7702227 -74.69312 8
    endloop
  endfacet
  facet normal 0 0 1
    outer loop
      vertex -4.8236933 -73.84325 8
      vertex -4.7951727 -74.75078 8
      vertex -4.7951727 -73.89922 8
    endloop
  endfacet
  facet normal 0 0 1
    outer loop
      vertex -4.8236933 -73.84325 8
      vertex -4.8236933 -74.806755 8
      vertex -4.7951727 -74.75078 8
    endloop
  endfacet
  facet normal 0 0 1
    outer loop
      vertex -4.855672 -73.78917 8
      vertex -4.8236933 -74.806755 8
      vertex -4.8236933 -73.84325 8
    endloop
  endfacet
  facet normal 0 0 1
    outer loop
      vertex -4.855672 -73.78917 8
      vertex -4.855672 -74.860825 8
      vertex -4.8236933 -74.806755 8
    endloop
  endfacet
  facet normal 0 0 1
    outer loop
      vertex -4.8909826 -73.73721 8
      vertex -4.855672 -74.860825 8
      vertex -4.855672 -73.78917 8
    endloop
  endfacet
  facet normal 0 0 1
    outer loop
      vertex -4.8909826 -73.73721 8
      vertex -4.8909826 -74.91278 8
      vertex -4.855672 -74.860825 8
    endloop
  endfacet
  facet normal 0 0 1
    outer loop
      vertex -4.9294863 -73.68758 8
      vertex -4.8909826 -74.91278 8
      vertex -4.8909826 -73.73721 8
    endloop
  endfacet
  facet normal 0 0 1
    outer loop
      vertex -4.9294863 -73.68758 8
      vertex -4.9294863 -74.962425 8
      vertex -4.8909826 -74.91278 8
    endloop
  endfacet
  facet normal 0 0 1
    outer loop
      vertex -4.971031 -73.64045 8
      vertex -4.9294863 -74.962425 8
      vertex -4.9294863 -73.68758 8
    endloop
  endfacet
  facet normal 0 0 1
    outer loop
      vertex -4.971031 -73.64045 8
      vertex -4.971031 -75.009544 8
      vertex -4.9294863 -74.962425 8
    endloop
  endfacet
  facet normal 0 0 1
    outer loop
      vertex -5.0154524 -73.59603 8
      vertex -4.971031 -75.009544 8
      vertex -4.971031 -73.64045 8
    endloop
  endfacet
  facet normal 0 0 1
    outer loop
      vertex -5.0154524 -73.59603 8
      vertex -5.0154524 -75.05397 8
      vertex -4.971031 -75.009544 8
    endloop
  endfacet
  facet normal 0 0 1
    outer loop
      vertex -5.0625753 -73.55449 8
      vertex -5.0154524 -75.05397 8
      vertex -5.0154524 -73.59603 8
    endloop
  endfacet
  facet normal 0 0 1
    outer loop
      vertex -5.0625753 -73.55449 8
      vertex -5.0625753 -75.09551 8
      vertex -5.0154524 -75.05397 8
    endloop
  endfacet
  facet normal 0 0 1
    outer loop
      vertex -5.112214 -73.51598 8
      vertex -5.0625753 -75.09551 8
      vertex -5.0625753 -73.55449 8
    endloop
  endfacet
  facet normal 0 0 1
    outer loop
      vertex -5.112214 -73.51598 8
      vertex -5.112214 -75.13402 8
      vertex -5.0625753 -75.09551 8
    endloop
  endfacet
  facet normal 0 0 1
    outer loop
      vertex -5.164173 -73.480675 8
      vertex -5.112214 -75.13402 8
      vertex -5.112214 -73.51598 8
    endloop
  endfacet
  facet normal 0 0 1
    outer loop
      vertex -5.164173 -73.480675 8
      vertex -5.164173 -75.16933 8
      vertex -5.112214 -75.13402 8
    endloop
  endfacet
  facet normal 0 0 1
    outer loop
      vertex -5.2182455 -73.44869 8
      vertex -5.164173 -75.16933 8
      vertex -5.164173 -73.480675 8
    endloop
  endfacet
  facet normal 0 0 1
    outer loop
      vertex -5.2182455 -73.44869 8
      vertex -5.2182455 -75.20131 8
      vertex -5.164173 -75.16933 8
    endloop
  endfacet
  facet normal 0 0 1
    outer loop
      vertex -5.2742205 -73.42017 8
      vertex -5.2182455 -75.20131 8
      vertex -5.2182455 -73.44869 8
    endloop
  endfacet
  facet normal 0 0 1
    outer loop
      vertex -5.2742205 -73.42017 8
      vertex -5.2742205 -75.22983 8
      vertex -5.2182455 -75.20131 8
    endloop
  endfacet
  facet normal 0 0 1
    outer loop
      vertex -5.331875 -73.395226 8
      vertex -5.2742205 -75.22983 8
      vertex -5.2742205 -73.42017 8
    endloop
  endfacet
  facet normal 0 0 1
    outer loop
      vertex -5.331875 -73.395226 8
      vertex -5.331875 -75.254776 8
      vertex -5.2742205 -75.22983 8
    endloop
  endfacet
  facet normal 0 0 1
    outer loop
      vertex -5.3909826 -73.37394 8
      vertex -5.331875 -75.254776 8
      vertex -5.331875 -73.395226 8
    endloop
  endfacet
  facet normal 0 0 1
    outer loop
      vertex -5.3909826 -73.37394 8
      vertex -5.3909826 -75.276054 8
      vertex -5.331875 -75.254776 8
    endloop
  endfacet
  facet normal 0 0 1
    outer loop
      vertex -5.451309 -73.356415 8
      vertex -5.3909826 -75.276054 8
      vertex -5.3909826 -73.37394 8
    endloop
  endfacet
  facet normal 0 0 1
    outer loop
      vertex -5.451309 -73.356415 8
      vertex -5.451309 -75.29358 8
      vertex -5.3909826 -75.276054 8
    endloop
  endfacet
  facet normal 0 0 1
    outer loop
      vertex -5.512618 -73.34271 8
      vertex -5.451309 -75.29358 8
      vertex -5.451309 -73.356415 8
    endloop
  endfacet
  facet normal 0 0 1
    outer loop
      vertex -5.512618 -73.34271 8
      vertex -5.512618 -75.30729 8
      vertex -5.451309 -75.29358 8
    endloop
  endfacet
  facet normal 0 0 1
    outer loop
      vertex -5.574666 -73.332886 8
      vertex -5.512618 -75.30729 8
      vertex -5.512618 -73.34271 8
    endloop
  endfacet
  facet normal 0 0 1
    outer loop
      vertex -5.574666 -73.332886 8
      vertex -5.574666 -75.317116 8
      vertex -5.512618 -75.30729 8
    endloop
  endfacet
  facet normal 0 0 1
    outer loop
      vertex -5.637209 -73.32697 8
      vertex -5.574666 -75.317116 8
      vertex -5.574666 -73.332886 8
    endloop
  endfacet
  facet normal 0 0 1
    outer loop
      vertex -5.637209 -73.32697 8
      vertex -5.637209 -75.32303 8
      vertex -5.574666 -75.317116 8
    endloop
  endfacet
  facet normal 0 0 1
    outer loop
      vertex -5.7 -73.325 8
      vertex -5.637209 -75.32303 8
      vertex -5.637209 -73.32697 8
    endloop
  endfacet
  facet normal 0 0 1
    outer loop
      vertex -5.7 -73.325 8
      vertex -5.7 -75.325 8
      vertex -5.637209 -75.32303 8
    endloop
  endfacet
  facet normal 0 0 1
    outer loop
      vertex -5.7627897 -73.32697 8
      vertex -5.7 -75.325 8
      vertex -5.7 -73.325 8
    endloop
  endfacet
  facet normal 0 0 1
    outer loop
      vertex -5.7627897 -73.32697 8
      vertex -5.7627897 -75.32303 8
      vertex -5.7 -75.325 8
    endloop
  endfacet
  facet normal 0 0 1
    outer loop
      vertex -5.8253326 -73.332886 8
      vertex -5.7627897 -75.32303 8
      vertex -5.7627897 -73.32697 8
    endloop
  endfacet
  facet normal 0 0 1
    outer loop
      vertex -5.8253326 -73.332886 8
      vertex -5.8253326 -75.317116 8
      vertex -5.7627897 -75.32303 8
    endloop
  endfacet
  facet normal 0 0 1
    outer loop
      vertex -5.8873806 -73.34271 8
      vertex -5.8253326 -75.317116 8
      vertex -5.8253326 -73.332886 8
    endloop
  endfacet
  facet normal 0 0 1
    outer loop
      vertex -5.8873806 -73.34271 8
      vertex -5.8873806 -75.30729 8
      vertex -5.8253326 -75.317116 8
    endloop
  endfacet
  facet normal 0 0 1
    outer loop
      vertex -5.9486895 -73.356415 8
      vertex -5.8873806 -75.30729 8
      vertex -5.8873806 -73.34271 8
    endloop
  endfacet
  facet normal 0 0 1
    outer loop
      vertex -5.9486895 -73.356415 8
      vertex -5.9486895 -75.29358 8
      vertex -5.8873806 -75.30729 8
    endloop
  endfacet
  facet normal 0 0 1
    outer loop
      vertex -6.009017 -73.37394 8
      vertex -5.9486895 -75.29358 8
      vertex -5.9486895 -73.356415 8
    endloop
  endfacet
  facet normal 0 0 1
    outer loop
      vertex -6.009017 -73.37394 8
      vertex -6.009017 -75.276054 8
      vertex -5.9486895 -75.29358 8
    endloop
  endfacet
  facet normal 0 0 1
    outer loop
      vertex -6.068124 -73.395226 8
      vertex -6.009017 -75.276054 8
      vertex -6.009017 -73.37394 8
    endloop
  endfacet
  facet normal 0 0 1
    outer loop
      vertex -6.068124 -73.395226 8
      vertex -6.068124 -75.254776 8
      vertex -6.009017 -75.276054 8
    endloop
  endfacet
  facet normal 0 0 1
    outer loop
      vertex -6.125779 -73.42017 8
      vertex -6.068124 -75.254776 8
      vertex -6.068124 -73.395226 8
    endloop
  endfacet
  facet normal 0 0 1
    outer loop
      vertex -6.125779 -73.42017 8
      vertex -6.125779 -75.22983 8
      vertex -6.068124 -75.254776 8
    endloop
  endfacet
  facet normal 0 0 1
    outer loop
      vertex -6.181753 -73.44869 8
      vertex -6.125779 -75.22983 8
      vertex -6.125779 -73.42017 8
    endloop
  endfacet
  facet normal 0 0 1
    outer loop
      vertex -6.181753 -73.44869 8
      vertex -6.181753 -75.20131 8
      vertex -6.125779 -75.22983 8
    endloop
  endfacet
  facet normal 0 0 1
    outer loop
      vertex -6.2358265 -73.480675 8
      vertex -6.181753 -75.20131 8
      vertex -6.181753 -73.44869 8
    endloop
  endfacet
  facet normal 0 0 1
    outer loop
      vertex -6.2358265 -73.480675 8
      vertex -6.2358265 -75.16933 8
      vertex -6.181753 -75.20131 8
    endloop
  endfacet
  facet normal 0 0 1
    outer loop
      vertex -6.2877846 -73.51598 8
      vertex -6.2358265 -75.16933 8
      vertex -6.2358265 -73.480675 8
    endloop
  endfacet
  facet normal 0 0 1
    outer loop
      vertex -6.2877846 -73.51598 8
      vertex -6.2877846 -75.13402 8
      vertex -6.2358265 -75.16933 8
    endloop
  endfacet
  facet normal 0 0 1
    outer loop
      vertex -6.3374233 -73.55449 8
      vertex -6.2877846 -75.13402 8
      vertex -6.2877846 -73.51598 8
    endloop
  endfacet
  facet normal 0 0 1
    outer loop
      vertex -6.3374233 -73.55449 8
      vertex -6.3374233 -75.09551 8
      vertex -6.2877846 -75.13402 8
    endloop
  endfacet
  facet normal 0 0 1
    outer loop
      vertex -6.3845463 -73.59603 8
      vertex -6.3374233 -75.09551 8
      vertex -6.3374233 -73.55449 8
    endloop
  endfacet
  facet normal 0 0 1
    outer loop
      vertex -6.3845463 -73.59603 8
      vertex -6.3845463 -75.05397 8
      vertex -6.3374233 -75.09551 8
    endloop
  endfacet
  facet normal 0 0 1
    outer loop
      vertex -6.4289684 -73.64045 8
      vertex -6.3845463 -75.05397 8
      vertex -6.3845463 -73.59603 8
    endloop
  endfacet
  facet normal 0 0 1
    outer loop
      vertex -6.4289684 -73.64045 8
      vertex -6.4289684 -75.009544 8
      vertex -6.3845463 -75.05397 8
    endloop
  endfacet
  facet normal 0 0 1
    outer loop
      vertex -6.4705124 -73.68758 8
      vertex -6.4289684 -75.009544 8
      vertex -6.4289684 -73.64045 8
    endloop
  endfacet
  facet normal 0 0 1
    outer loop
      vertex -6.4705124 -73.68758 8
      vertex -6.4705124 -74.962425 8
      vertex -6.4289684 -75.009544 8
    endloop
  endfacet
  facet normal 0 0 1
    outer loop
      vertex -6.509017 -73.73721 8
      vertex -6.4705124 -74.962425 8
      vertex -6.4705124 -73.68758 8
    endloop
  endfacet
  facet normal 0 0 1
    outer loop
      vertex -6.509017 -73.73721 8
      vertex -6.509017 -74.91278 8
      vertex -6.4705124 -74.962425 8
    endloop
  endfacet
  facet normal 0 0 1
    outer loop
      vertex -6.5443277 -73.78917 8
      vertex -6.509017 -74.91278 8
      vertex -6.509017 -73.73721 8
    endloop
  endfacet
  facet normal 0 0 1
    outer loop
      vertex -6.5443277 -73.78917 8
      vertex -6.5443277 -74.860825 8
      vertex -6.509017 -74.91278 8
    endloop
  endfacet
  facet normal 0 0 1
    outer loop
      vertex -6.5763063 -73.84325 8
      vertex -6.5443277 -74.860825 8
      vertex -6.5443277 -73.78917 8
    endloop
  endfacet
  facet normal 0 0 1
    outer loop
      vertex -6.5763063 -73.84325 8
      vertex -6.5763063 -74.806755 8
      vertex -6.5443277 -74.860825 8
    endloop
  endfacet
  facet normal 0 0 1
    outer loop
      vertex -6.604827 -73.89922 8
      vertex -6.5763063 -74.806755 8
      vertex -6.5763063 -73.84325 8
    endloop
  endfacet
  facet normal 0 0 1
    outer loop
      vertex -6.604827 -73.89922 8
      vertex -6.604827 -74.75078 8
      vertex -6.5763063 -74.806755 8
    endloop
  endfacet
  facet normal 0 0 1
    outer loop
      vertex -6.629776 -73.95687 8
      vertex -6.604827 -74.75078 8
      vertex -6.604827 -73.89922 8
    endloop
  endfacet
  facet normal 0 0 1
    outer loop
      vertex -6.629776 -73.95687 8
      vertex -6.629776 -74.69312 8
      vertex -6.604827 -74.75078 8
    endloop
  endfacet
  facet normal 0 0 1
    outer loop
      vertex -6.6510563 -74.01598 8
      vertex -6.629776 -74.69312 8
      vertex -6.629776 -73.95687 8
    endloop
  endfacet
  facet normal 0 0 1
    outer loop
      vertex -6.6510563 -74.01598 8
      vertex -6.6510563 -74.63402 8
      vertex -6.629776 -74.69312 8
    endloop
  endfacet
  facet normal 0 0 1
    outer loop
      vertex -6.668583 -74.07631 8
      vertex -6.6510563 -74.63402 8
      vertex -6.6510563 -74.01598 8
    endloop
  endfacet
  facet normal 0 0 1
    outer loop
      vertex -6.668583 -74.07631 8
      vertex -6.668583 -74.57369 8
      vertex -6.6510563 -74.63402 8
    endloop
  endfacet
  facet normal 0 0 1
    outer loop
      vertex -6.682287 -74.13762 8
      vertex -6.668583 -74.57369 8
      vertex -6.668583 -74.07631 8
    endloop
  endfacet
  facet normal 0 0 1
    outer loop
      vertex -6.682287 -74.13762 8
      vertex -6.682287 -74.51238 8
      vertex -6.668583 -74.57369 8
    endloop
  endfacet
  facet normal 0 0 1
    outer loop
      vertex -6.692114 -74.19967 8
      vertex -6.682287 -74.51238 8
      vertex -6.682287 -74.13762 8
    endloop
  endfacet
  facet normal 0 0 1
    outer loop
      vertex -6.692114 -74.19967 8
      vertex -6.692114 -74.45033 8
      vertex -6.682287 -74.51238 8
    endloop
  endfacet
  facet normal 0 0 1
    outer loop
      vertex -6.6980267 -74.26221 8
      vertex -6.692114 -74.45033 8
      vertex -6.692114 -74.19967 8
    endloop
  endfacet
  facet normal 0 0 1
    outer loop
      vertex -6.6980267 -74.26221 8
      vertex -6.6980267 -74.38779 8
      vertex -6.692114 -74.45033 8
    endloop
  endfacet
  facet normal 0 0 1
    outer loop
      vertex -6.6980267 -74.38779 8
      vertex -6.6980267 -74.26221 8
      vertex -6.7 -74.325 8
    endloop
  endfacet
  facet normal 0 -1 0
    outer loop
      vertex -14.099999 -79.8 0
      vertex 14.099999 -79.8 8
      vertex -14.099999 -79.8 8
    endloop
  endfacet
  facet normal 0 -1 0
    outer loop
      vertex 14.099999 -79.8 8
      vertex -14.099999 -79.8 0
      vertex 14.099999 -79.8 0
    endloop
  endfacet
  facet normal 0.56207573 0 0.8270858
    outer loop
      vertex 2.7716055 -3.8146973e-7 4.451434
      vertex 2.8209658 -20 4.4178896
      vertex 2.8209658 -3.8146973e-7 4.4178896
    endloop
  endfacet
  facet normal 0.56207573 0 0.8270858
    outer loop
      vertex 2.8209658 -20 4.4178896
      vertex 2.7716055 -3.8146973e-7 4.451434
      vertex 2.7716055 -20 4.451434
    endloop
  endfacet
  facet normal -0.9995064 0 0.031416345
    outer loop
      vertex 11.618124 -20 5.16035
      vertex 11.619999 -3.8146973e-7 5.2200003
      vertex 11.618124 -3.8146973e-7 5.16035
    endloop
  endfacet
  facet normal -0.9995064 0 0.031416345
    outer loop
      vertex 11.619999 -3.8146973e-7 5.2200003
      vertex 11.618124 -20 5.16035
      vertex 11.619999 -20 5.2200003
    endloop
  endfacet
  facet normal -0.8910106 0 0.4539825
    outer loop
      vertex 11.50249 -20 4.762335
      vertex 11.529584 -3.8146973e-7 4.8155107
      vertex 11.50249 -3.8146973e-7 4.762335
    endloop
  endfacet
  facet normal -0.8910106 0 0.4539825
    outer loop
      vertex 11.529584 -3.8146973e-7 4.8155107
      vertex 11.50249 -20 4.762335
      vertex 11.529584 -20 4.8155107
    endloop
  endfacet
  facet normal 0.21814005 0 -0.97591746
    outer loop
      vertex 3.0937462 -1.3999996 7.7001534
      vertex 3.151989 -3.8146973e-7 7.713172
      vertex 3.151989 -1.3999996 7.713172
    endloop
  endfacet
  facet normal 0.21814005 0 -0.97591746
    outer loop
      vertex 3.151989 -3.8146973e-7 7.713172
      vertex 3.0937462 -1.3999996 7.7001534
      vertex 3.0937462 -3.8146973e-7 7.7001534
    endloop
  endfacet
  facet normal 0 0 -1
    outer loop
      vertex 3.3300009 -1.3999996 7.7299995
      vertex 10.669999 -3.8146973e-7 7.7299995
      vertex 10.669999 -1.3999996 7.7299995
    endloop
  endfacet
  facet normal 0 0 -1
    outer loop
      vertex 10.669999 -3.8146973e-7 7.7299995
      vertex 3.3300009 -1.3999996 7.7299995
      vertex 3.3300009 -3.8146973e-7 7.7299995
    endloop
  endfacet
  facet normal -0.21814005 0 0.97591746
    outer loop
      vertex 10.848011 -3.8146973e-7 4.286828
      vertex 10.906254 -20 4.2998466
      vertex 10.906254 -3.8146973e-7 4.2998466
    endloop
  endfacet
  facet normal -0.21814005 0 0.97591746
    outer loop
      vertex 10.906254 -20 4.2998466
      vertex 10.848011 -3.8146973e-7 4.286828
      vertex 10.848011 -20 4.286828
    endloop
  endfacet
  facet normal 0 0 1
    outer loop
      vertex 3.3300009 -3.8146973e-7 4.2700005
      vertex 10.669999 -20 4.2700005
      vertex 10.669999 -3.8146973e-7 4.2700005
    endloop
  endfacet
  facet normal 0 0 1
    outer loop
      vertex 10.669999 -20 4.2700005
      vertex 3.3300009 -3.8146973e-7 4.2700005
      vertex 3.3300009 -20 4.2700005
    endloop
  endfacet
  facet normal -0.91774905 0 -0.39716074
    outer loop
      vertex 11.553287 -1.3999996 7.129718
      vertex 11.529584 -3.8146973e-7 7.1844893
      vertex 11.553287 -3.8146973e-7 7.129718
    endloop
  endfacet
  facet normal -0.91774905 0 -0.39716074
    outer loop
      vertex 11.529584 -3.8146973e-7 7.1844893
      vertex 11.553287 -1.3999996 7.129718
      vertex 11.529584 -1.3999996 7.1844893
    endloop
  endfacet
  facet normal -0.9876873 0 -0.15644096
    outer loop
      vertex 11.612508 -1.3999996 6.899066
      vertex 11.603171 -3.8146973e-7 6.9580116
      vertex 11.612508 -3.8146973e-7 6.899066
    endloop
  endfacet
  facet normal -0.9876873 0 -0.15644096
    outer loop
      vertex 11.603171 -3.8146973e-7 6.9580116
      vertex 11.612508 -1.3999996 6.899066
      vertex 11.603171 -1.3999996 6.9580116
    endloop
  endfacet
  facet normal 0.79015344 0 -0.612909
    outer loop
      vertex 2.5980139 -1.3999996 7.3855524
      vertex 2.5614347 -3.8146973e-7 7.338395
      vertex 2.5980139 -3.8146973e-7 7.3855524
    endloop
  endfacet
  facet normal 0.79015344 0 -0.612909
    outer loop
      vertex 2.5614347 -3.8146973e-7 7.338395
      vertex 2.5980139 -1.3999996 7.3855524
      vertex 2.5614347 -1.3999996 7.338395
    endloop
  endfacet
  facet normal -0.5090453 0 0.8607397
    outer loop
      vertex 11.127665 -3.8146973e-7 4.3875093
      vertex 11.179034 -20 4.4178896
      vertex 11.179034 -3.8146973e-7 4.4178896
    endloop
  endfacet
  facet normal -0.5090453 0 0.8607397
    outer loop
      vertex 11.179034 -20 4.4178896
      vertex 11.127665 -3.8146973e-7 4.3875093
      vertex 11.127665 -20 4.3875093
    endloop
  endfacet
  facet normal -0.97591746 0 -0.21814005
    outer loop
      vertex 11.603171 -1.3999996 6.9580116
      vertex 11.590153 -3.8146973e-7 7.0162544
      vertex 11.603171 -3.8146973e-7 6.9580116
    endloop
  endfacet
  facet normal -0.97591746 0 -0.21814005
    outer loop
      vertex 11.590153 -3.8146973e-7 7.0162544
      vertex 11.603171 -1.3999996 6.9580116
      vertex 11.590153 -1.3999996 7.0162544
    endloop
  endfacet
  facet normal 0.612909 0 -0.79015344
    outer loop
      vertex 2.7244482 -1.3999996 7.5119867
      vertex 2.7716055 -3.8146973e-7 7.548566
      vertex 2.7716055 -1.3999996 7.548566
    endloop
  endfacet
  facet normal 0.612909 0 -0.79015344
    outer loop
      vertex 2.7716055 -3.8146973e-7 7.548566
      vertex 2.7244482 -1.3999996 7.5119867
      vertex 2.7244482 -3.8146973e-7 7.5119867
    endloop
  endfacet
  facet normal 0.6613113 0 -0.7501115
    outer loop
      vertex 2.6796818 -1.3999996 7.47252
      vertex 2.7244482 -3.8146973e-7 7.5119867
      vertex 2.7244482 -1.3999996 7.5119867
    endloop
  endfacet
  facet normal 0.6613113 0 -0.7501115
    outer loop
      vertex 2.7244482 -3.8146973e-7 7.5119867
      vertex 2.6796818 -1.3999996 7.47252
      vertex 2.6796818 -3.8146973e-7 7.47252
    endloop
  endfacet
  facet normal -0.8607397 0 0.5090453
    outer loop
      vertex 11.47211 -20 4.710965
      vertex 11.50249 -3.8146973e-7 4.762335
      vertex 11.47211 -3.8146973e-7 4.710965
    endloop
  endfacet
  facet normal -0.8607397 0 0.5090453
    outer loop
      vertex 11.50249 -3.8146973e-7 4.762335
      vertex 11.47211 -20 4.710965
      vertex 11.50249 -20 4.762335
    endloop
  endfacet
  facet normal -0.70710677 0 -0.70710677
    outer loop
      vertex 11.362519 -1.3999996 7.430319
      vertex 11.320318 -3.8146973e-7 7.47252
      vertex 11.362519 -3.8146973e-7 7.430319
    endloop
  endfacet
  facet normal -0.70710677 0 -0.70710677
    outer loop
      vertex 11.320318 -3.8146973e-7 7.47252
      vertex 11.362519 -1.3999996 7.430319
      vertex 11.320318 -1.3999996 7.47252
    endloop
  endfacet
  facet normal 0.8270858 0 -0.56207573
    outer loop
      vertex 2.5614347 -1.3999996 7.338395
      vertex 2.5278902 -3.8146973e-7 7.289035
      vertex 2.5614347 -3.8146973e-7 7.338395
    endloop
  endfacet
  facet normal 0.8270858 0 -0.56207573
    outer loop
      vertex 2.5278902 -3.8146973e-7 7.289035
      vertex 2.5614347 -1.3999996 7.338395
      vertex 2.5278902 -1.3999996 7.289035
    endloop
  endfacet
  facet normal 0.70710677 0 -0.70710677
    outer loop
      vertex 2.6796818 -1.3999996 7.47252
      vertex 2.6374807 -3.8146973e-7 7.430319
      vertex 2.6796818 -3.8146973e-7 7.47252
    endloop
  endfacet
  facet normal 0.70710677 0 -0.70710677
    outer loop
      vertex 2.6374807 -3.8146973e-7 7.430319
      vertex 2.6796818 -1.3999996 7.47252
      vertex 2.6374807 -1.3999996 7.430319
    endloop
  endfacet
  facet normal -0.9955624 0 -0.09410399
    outer loop
      vertex 11.618124 -1.3999996 6.83965
      vertex 11.612508 -3.8146973e-7 6.899066
      vertex 11.618124 -3.8146973e-7 6.83965
    endloop
  endfacet
  facet normal -0.9955624 0 -0.09410399
    outer loop
      vertex 11.612508 -3.8146973e-7 6.899066
      vertex 11.618124 -1.3999996 6.83965
      vertex 11.612508 -1.3999996 6.899066
    endloop
  endfacet
  facet normal 1 0 0
    outer loop
      vertex 2.380001 -1.3999996 5.8200006
      vertex 2.380001 -3.8146973e-7 6.7799997
      vertex 2.380001 -1.3999996 6.7799997
    endloop
  endfacet
  facet normal 1 0 0
    outer loop
      vertex 2.380001 -3.8146973e-7 6.7799997
      vertex 2.380001 -1.3999996 5.8200006
      vertex 2.380001 -3.8146973e-7 5.2200003
    endloop
  endfacet
  facet normal 1 0 0
    outer loop
      vertex 2.380001 -20 5.2200003
      vertex 2.380001 -1.3999996 5.8200006
      vertex 2.380001 -20 5.8200006
    endloop
  endfacet
  facet normal 1 0 0
    outer loop
      vertex 2.380001 -1.3999996 5.8200006
      vertex 2.380001 -20 5.2200003
      vertex 2.380001 -3.8146973e-7 5.2200003
    endloop
  endfacet
  facet normal -0.39716074 0 -0.91774905
    outer loop
      vertex 11.019717 -1.3999996 7.663287
      vertex 11.074489 -3.8146973e-7 7.6395845
      vertex 11.074489 -1.3999996 7.6395845
    endloop
  endfacet
  facet normal -0.39716074 0 -0.91774905
    outer loop
      vertex 11.074489 -3.8146973e-7 7.6395845
      vertex 11.019717 -1.3999996 7.663287
      vertex 11.019717 -3.8146973e-7 7.663287
    endloop
  endfacet
  facet normal -0.9602946 0 -0.278988
    outer loop
      vertex 11.590153 -1.3999996 7.0162544
      vertex 11.573503 -3.8146973e-7 7.0735655
      vertex 11.590153 -3.8146973e-7 7.0162544
    endloop
  endfacet
  facet normal -0.9602946 0 -0.278988
    outer loop
      vertex 11.573503 -3.8146973e-7 7.0735655
      vertex 11.590153 -1.3999996 7.0162544
      vertex 11.573503 -1.3999996 7.0735655
    endloop
  endfacet
  facet normal 0.39716074 0 0.91774905
    outer loop
      vertex 2.9255114 -3.8146973e-7 4.3604155
      vertex 2.9802828 -20 4.336713
      vertex 2.9802828 -3.8146973e-7 4.336713
    endloop
  endfacet
  facet normal 0.39716074 0 0.91774905
    outer loop
      vertex 2.9802828 -20 4.336713
      vertex 2.9255114 -3.8146973e-7 4.3604155
      vertex 2.9255114 -20 4.3604155
    endloop
  endfacet
  facet normal -0.79015344 0 0.612909
    outer loop
      vertex 11.401986 -20 4.6144476
      vertex 11.438565 -3.8146973e-7 4.661605
      vertex 11.401986 -3.8146973e-7 4.6144476
    endloop
  endfacet
  facet normal -0.79015344 0 0.612909
    outer loop
      vertex 11.438565 -3.8146973e-7 4.661605
      vertex 11.401986 -20 4.6144476
      vertex 11.438565 -20 4.661605
    endloop
  endfacet
  facet normal 0.9602946 0 0.278988
    outer loop
      vertex 2.4098473 -20 4.9837456
      vertex 2.4264975 -3.8146973e-7 4.9264345
      vertex 2.4098473 -3.8146973e-7 4.9837456
    endloop
  endfacet
  facet normal 0.9602946 0 0.278988
    outer loop
      vertex 2.4264975 -3.8146973e-7 4.9264345
      vertex 2.4098473 -20 4.9837456
      vertex 2.4264975 -20 4.9264345
    endloop
  endfacet
  facet normal 0.8607397 0 0.5090453
    outer loop
      vertex 2.49751 -20 4.762335
      vertex 2.5278902 -3.8146973e-7 4.710965
      vertex 2.49751 -3.8146973e-7 4.762335
    endloop
  endfacet
  facet normal 0.8607397 0 0.5090453
    outer loop
      vertex 2.5278902 -3.8146973e-7 4.710965
      vertex 2.49751 -20 4.762335
      vertex 2.5278902 -20 4.710965
    endloop
  endfacet
  facet normal -0.39716074 0 0.91774905
    outer loop
      vertex 11.019717 -3.8146973e-7 4.336713
      vertex 11.074489 -20 4.3604155
      vertex 11.074489 -3.8146973e-7 4.3604155
    endloop
  endfacet
  facet normal -0.39716074 0 0.91774905
    outer loop
      vertex 11.074489 -20 4.3604155
      vertex 11.019717 -3.8146973e-7 4.336713
      vertex 11.019717 -20 4.336713
    endloop
  endfacet
  facet normal 0.9876873 0 -0.15644096
    outer loop
      vertex 2.3968287 -1.3999996 6.9580116
      vertex 2.3874922 -3.8146973e-7 6.899066
      vertex 2.3968287 -3.8146973e-7 6.9580116
    endloop
  endfacet
  facet normal 0.9876873 0 -0.15644096
    outer loop
      vertex 2.3874922 -3.8146973e-7 6.899066
      vertex 2.3968287 -1.3999996 6.9580116
      vertex 2.3874922 -1.3999996 6.899066
    endloop
  endfacet
  facet normal -0.9876873 0 0.15644096
    outer loop
      vertex 11.603171 -20 5.0419884
      vertex 11.612508 -3.8146973e-7 5.100934
      vertex 11.603171 -3.8146973e-7 5.0419884
    endloop
  endfacet
  facet normal -0.9876873 0 0.15644096
    outer loop
      vertex 11.612508 -3.8146973e-7 5.100934
      vertex 11.603171 -20 5.0419884
      vertex 11.612508 -20 5.100934
    endloop
  endfacet
  facet normal -0.15644096 0 -0.9876873
    outer loop
      vertex 10.789065 -1.3999996 7.7225084
      vertex 10.848011 -3.8146973e-7 7.713172
      vertex 10.848011 -1.3999996 7.713172
    endloop
  endfacet
  facet normal -0.15644096 0 -0.9876873
    outer loop
      vertex 10.848011 -3.8146973e-7 7.713172
      vertex 10.789065 -1.3999996 7.7225084
      vertex 10.789065 -3.8146973e-7 7.7225084
    endloop
  endfacet
  facet normal -0.278988 0 0.9602946
    outer loop
      vertex 10.906254 -3.8146973e-7 4.2998466
      vertex 10.963565 -20 4.316497
      vertex 10.963565 -3.8146973e-7 4.316497
    endloop
  endfacet
  facet normal -0.278988 0 0.9602946
    outer loop
      vertex 10.963565 -20 4.316497
      vertex 10.906254 -3.8146973e-7 4.2998466
      vertex 10.906254 -20 4.2998466
    endloop
  endfacet
  facet normal 0.9995064 0 -0.031416345
    outer loop
      vertex 2.381876 -1.3999996 6.83965
      vertex 2.380001 -3.8146973e-7 6.7799997
      vertex 2.381876 -3.8146973e-7 6.83965
    endloop
  endfacet
  facet normal 0.9995064 0 -0.031416345
    outer loop
      vertex 2.380001 -3.8146973e-7 6.7799997
      vertex 2.381876 -1.3999996 6.83965
      vertex 2.380001 -1.3999996 6.7799997
    endloop
  endfacet
  facet normal 0.278988 0 0.9602946
    outer loop
      vertex 3.0364351 -3.8146973e-7 4.316497
      vertex 3.0937462 -20 4.2998466
      vertex 3.0937462 -3.8146973e-7 4.2998466
    endloop
  endfacet
  facet normal 0.278988 0 0.9602946
    outer loop
      vertex 3.0937462 -20 4.2998466
      vertex 3.0364351 -3.8146973e-7 4.316497
      vertex 3.0364351 -20 4.316497
    endloop
  endfacet
  facet normal -0.9408813 0 0.33873644
    outer loop
      vertex 11.553287 -20 4.870282
      vertex 11.573503 -3.8146973e-7 4.9264345
      vertex 11.553287 -3.8146973e-7 4.870282
    endloop
  endfacet
  facet normal -0.9408813 0 0.33873644
    outer loop
      vertex 11.573503 -3.8146973e-7 4.9264345
      vertex 11.553287 -20 4.870282
      vertex 11.573503 -20 4.9264345
    endloop
  endfacet
  facet normal 0.031416345 0 -0.9995064
    outer loop
      vertex 3.2703505 -1.3999996 7.7281246
      vertex 3.3300009 -3.8146973e-7 7.7299995
      vertex 3.3300009 -1.3999996 7.7299995
    endloop
  endfacet
  facet normal 0.031416345 0 -0.9995064
    outer loop
      vertex 3.3300009 -3.8146973e-7 7.7299995
      vertex 3.2703505 -1.3999996 7.7281246
      vertex 3.2703505 -3.8146973e-7 7.7281246
    endloop
  endfacet
  facet normal 0.97591746 0 -0.21814005
    outer loop
      vertex 2.4098473 -1.3999996 7.0162544
      vertex 2.3968287 -3.8146973e-7 6.9580116
      vertex 2.4098473 -3.8146973e-7 7.0162544
    endloop
  endfacet
  facet normal 0.97591746 0 -0.21814005
    outer loop
      vertex 2.3968287 -3.8146973e-7 6.9580116
      vertex 2.4098473 -1.3999996 7.0162544
      vertex 2.3968287 -1.3999996 6.9580116
    endloop
  endfacet
  facet normal -0.9955624 0 0.09410399
    outer loop
      vertex 11.612508 -20 5.100934
      vertex 11.618124 -3.8146973e-7 5.16035
      vertex 11.612508 -3.8146973e-7 5.100934
    endloop
  endfacet
  facet normal -0.9955624 0 0.09410399
    outer loop
      vertex 11.618124 -3.8146973e-7 5.16035
      vertex 11.612508 -20 5.100934
      vertex 11.618124 -20 5.16035
    endloop
  endfacet
  facet normal 0.9876873 0 0.15644096
    outer loop
      vertex 2.3874922 -20 5.100934
      vertex 2.3968287 -3.8146973e-7 5.0419884
      vertex 2.3874922 -3.8146973e-7 5.100934
    endloop
  endfacet
  facet normal 0.9876873 0 0.15644096
    outer loop
      vertex 2.3968287 -3.8146973e-7 5.0419884
      vertex 2.3874922 -20 5.100934
      vertex 2.3968287 -20 5.0419884
    endloop
  endfacet
  facet normal 0.4539825 0 -0.8910106
    outer loop
      vertex 2.8723354 -1.3999996 7.6124907
      vertex 2.9255114 -3.8146973e-7 7.6395845
      vertex 2.9255114 -1.3999996 7.6395845
    endloop
  endfacet
  facet normal 0.4539825 0 -0.8910106
    outer loop
      vertex 2.9255114 -3.8146973e-7 7.6395845
      vertex 2.8723354 -1.3999996 7.6124907
      vertex 2.8723354 -3.8146973e-7 7.6124907
    endloop
  endfacet
  facet normal -0.7501115 0 0.6613113
    outer loop
      vertex 11.362519 -20 4.569681
      vertex 11.401986 -3.8146973e-7 4.6144476
      vertex 11.362519 -3.8146973e-7 4.569681
    endloop
  endfacet
  facet normal -0.7501115 0 0.6613113
    outer loop
      vertex 11.401986 -3.8146973e-7 4.6144476
      vertex 11.362519 -20 4.569681
      vertex 11.401986 -20 4.6144476
    endloop
  endfacet
  facet normal 0.33873644 0 -0.9408813
    outer loop
      vertex 2.9802828 -1.3999996 7.663287
      vertex 3.0364351 -3.8146973e-7 7.683503
      vertex 3.0364351 -1.3999996 7.683503
    endloop
  endfacet
  facet normal 0.33873644 0 -0.9408813
    outer loop
      vertex 3.0364351 -3.8146973e-7 7.683503
      vertex 2.9802828 -1.3999996 7.663287
      vertex 2.9802828 -3.8146973e-7 7.663287
    endloop
  endfacet
  facet normal 0.8910106 0 0.4539825
    outer loop
      vertex 2.470416 -20 4.8155107
      vertex 2.49751 -3.8146973e-7 4.762335
      vertex 2.470416 -3.8146973e-7 4.8155107
    endloop
  endfacet
  facet normal 0.8910106 0 0.4539825
    outer loop
      vertex 2.49751 -3.8146973e-7 4.762335
      vertex 2.470416 -20 4.8155107
      vertex 2.49751 -20 4.762335
    endloop
  endfacet
  facet normal 0.70710677 0 0.70710677
    outer loop
      vertex 2.6374807 -20 4.569681
      vertex 2.6796818 -3.8146973e-7 4.52748
      vertex 2.6374807 -3.8146973e-7 4.569681
    endloop
  endfacet
  facet normal 0.70710677 0 0.70710677
    outer loop
      vertex 2.6796818 -3.8146973e-7 4.52748
      vertex 2.6374807 -20 4.569681
      vertex 2.6796818 -20 4.52748
    endloop
  endfacet
  facet normal -0.21814005 0 -0.97591746
    outer loop
      vertex 10.848011 -1.3999996 7.713172
      vertex 10.906254 -3.8146973e-7 7.7001534
      vertex 10.906254 -1.3999996 7.7001534
    endloop
  endfacet
  facet normal -0.21814005 0 -0.97591746
    outer loop
      vertex 10.906254 -3.8146973e-7 7.7001534
      vertex 10.848011 -1.3999996 7.713172
      vertex 10.848011 -3.8146973e-7 7.713172
    endloop
  endfacet
  facet normal 0.9995064 0 0.031416345
    outer loop
      vertex 2.380001 -20 5.2200003
      vertex 2.381876 -3.8146973e-7 5.16035
      vertex 2.380001 -3.8146973e-7 5.2200003
    endloop
  endfacet
  facet normal 0.9995064 0 0.031416345
    outer loop
      vertex 2.381876 -3.8146973e-7 5.16035
      vertex 2.380001 -20 5.2200003
      vertex 2.381876 -20 5.16035
    endloop
  endfacet
  facet normal 0.33873644 0 0.9408813
    outer loop
      vertex 2.9802828 -3.8146973e-7 4.336713
      vertex 3.0364351 -20 4.316497
      vertex 3.0364351 -3.8146973e-7 4.316497
    endloop
  endfacet
  facet normal 0.33873644 0 0.9408813
    outer loop
      vertex 3.0364351 -20 4.316497
      vertex 2.9802828 -3.8146973e-7 4.336713
      vertex 2.9802828 -20 4.336713
    endloop
  endfacet
  facet normal -0.4539825 0 0.8910106
    outer loop
      vertex 11.074489 -3.8146973e-7 4.3604155
      vertex 11.127665 -20 4.3875093
      vertex 11.127665 -3.8146973e-7 4.3875093
    endloop
  endfacet
  facet normal -0.4539825 0 0.8910106
    outer loop
      vertex 11.127665 -20 4.3875093
      vertex 11.074489 -3.8146973e-7 4.3604155
      vertex 11.074489 -20 4.3604155
    endloop
  endfacet
  facet normal -0.5090453 0 -0.8607397
    outer loop
      vertex 11.127665 -1.3999996 7.6124907
      vertex 11.179034 -3.8146973e-7 7.5821104
      vertex 11.179034 -1.3999996 7.5821104
    endloop
  endfacet
  facet normal -0.5090453 0 -0.8607397
    outer loop
      vertex 11.179034 -3.8146973e-7 7.5821104
      vertex 11.127665 -1.3999996 7.6124907
      vertex 11.127665 -3.8146973e-7 7.6124907
    endloop
  endfacet
  facet normal -0.56207573 0 0.8270858
    outer loop
      vertex 11.179034 -3.8146973e-7 4.4178896
      vertex 11.2283945 -20 4.451434
      vertex 11.2283945 -3.8146973e-7 4.451434
    endloop
  endfacet
  facet normal -0.56207573 0 0.8270858
    outer loop
      vertex 11.2283945 -20 4.451434
      vertex 11.179034 -3.8146973e-7 4.4178896
      vertex 11.179034 -20 4.4178896
    endloop
  endfacet
  facet normal 0.5090453 0 -0.8607397
    outer loop
      vertex 2.8209658 -1.3999996 7.5821104
      vertex 2.8723354 -3.8146973e-7 7.6124907
      vertex 2.8723354 -1.3999996 7.6124907
    endloop
  endfacet
  facet normal 0.5090453 0 -0.8607397
    outer loop
      vertex 2.8723354 -3.8146973e-7 7.6124907
      vertex 2.8209658 -1.3999996 7.5821104
      vertex 2.8209658 -3.8146973e-7 7.5821104
    endloop
  endfacet
  facet normal 0.7501115 0 -0.6613113
    outer loop
      vertex 2.6374807 -1.3999996 7.430319
      vertex 2.5980139 -3.8146973e-7 7.3855524
      vertex 2.6374807 -3.8146973e-7 7.430319
    endloop
  endfacet
  facet normal 0.7501115 0 -0.6613113
    outer loop
      vertex 2.5980139 -3.8146973e-7 7.3855524
      vertex 2.6374807 -1.3999996 7.430319
      vertex 2.5980139 -1.3999996 7.3855524
    endloop
  endfacet
  facet normal 0.9955624 0 0.09410399
    outer loop
      vertex 2.381876 -20 5.16035
      vertex 2.3874922 -3.8146973e-7 5.100934
      vertex 2.381876 -3.8146973e-7 5.16035
    endloop
  endfacet
  facet normal 0.9955624 0 0.09410399
    outer loop
      vertex 2.3874922 -3.8146973e-7 5.100934
      vertex 2.381876 -20 5.16035
      vertex 2.3874922 -20 5.100934
    endloop
  endfacet
  facet normal 0.5090453 0 0.8607397
    outer loop
      vertex 2.8209658 -3.8146973e-7 4.4178896
      vertex 2.8723354 -20 4.3875093
      vertex 2.8723354 -3.8146973e-7 4.3875093
    endloop
  endfacet
  facet normal 0.5090453 0 0.8607397
    outer loop
      vertex 2.8723354 -20 4.3875093
      vertex 2.8209658 -3.8146973e-7 4.4178896
      vertex 2.8209658 -20 4.4178896
    endloop
  endfacet
  facet normal 0.56207573 0 -0.8270858
    outer loop
      vertex 2.7716055 -1.3999996 7.548566
      vertex 2.8209658 -3.8146973e-7 7.5821104
      vertex 2.8209658 -1.3999996 7.5821104
    endloop
  endfacet
  facet normal 0.56207573 0 -0.8270858
    outer loop
      vertex 2.8209658 -3.8146973e-7 7.5821104
      vertex 2.7716055 -1.3999996 7.548566
      vertex 2.7716055 -3.8146973e-7 7.548566
    endloop
  endfacet
  facet normal -1 0 0
    outer loop
      vertex 11.619999 -3.8146973e-7 5.2200003
      vertex 11.619999 -1.3999996 5.8200006
      vertex 11.619999 -3.8146973e-7 6.7799997
    endloop
  endfacet
  facet normal -1 0 0
    outer loop
      vertex 11.619999 -20 5.2200003
      vertex 11.619999 -1.3999996 5.8200006
      vertex 11.619999 -3.8146973e-7 5.2200003
    endloop
  endfacet
  facet normal -1 0 0
    outer loop
      vertex 11.619999 -1.3999996 5.8200006
      vertex 11.619999 -20 5.2200003
      vertex 11.619999 -20 5.8200006
    endloop
  endfacet
  facet normal -1 0 0
    outer loop
      vertex 11.619999 -3.8146973e-7 6.7799997
      vertex 11.619999 -1.3999996 5.8200006
      vertex 11.619999 -1.3999996 6.7799997
    endloop
  endfacet
  facet normal -0.6613113 0 0.7501115
    outer loop
      vertex 11.275552 -3.8146973e-7 4.4880133
      vertex 11.320318 -20 4.52748
      vertex 11.320318 -3.8146973e-7 4.52748
    endloop
  endfacet
  facet normal -0.6613113 0 0.7501115
    outer loop
      vertex 11.320318 -20 4.52748
      vertex 11.275552 -3.8146973e-7 4.4880133
      vertex 11.275552 -20 4.4880133
    endloop
  endfacet
  facet normal -0.9408813 0 -0.33873644
    outer loop
      vertex 11.573503 -1.3999996 7.0735655
      vertex 11.553287 -3.8146973e-7 7.129718
      vertex 11.573503 -3.8146973e-7 7.0735655
    endloop
  endfacet
  facet normal -0.9408813 0 -0.33873644
    outer loop
      vertex 11.553287 -3.8146973e-7 7.129718
      vertex 11.573503 -1.3999996 7.0735655
      vertex 11.553287 -1.3999996 7.129718
    endloop
  endfacet
  facet normal -0.278988 0 -0.9602946
    outer loop
      vertex 10.906254 -1.3999996 7.7001534
      vertex 10.963565 -3.8146973e-7 7.683503
      vertex 10.963565 -1.3999996 7.683503
    endloop
  endfacet
  facet normal -0.278988 0 -0.9602946
    outer loop
      vertex 10.963565 -3.8146973e-7 7.683503
      vertex 10.906254 -1.3999996 7.7001534
      vertex 10.906254 -3.8146973e-7 7.7001534
    endloop
  endfacet
  facet normal 0.031416345 0 0.9995064
    outer loop
      vertex 3.2703505 -3.8146973e-7 4.2718754
      vertex 3.3300009 -20 4.2700005
      vertex 3.3300009 -3.8146973e-7 4.2700005
    endloop
  endfacet
  facet normal 0.031416345 0 0.9995064
    outer loop
      vertex 3.3300009 -20 4.2700005
      vertex 3.2703505 -3.8146973e-7 4.2718754
      vertex 3.2703505 -20 4.2718754
    endloop
  endfacet
  facet normal 0 1 0
    outer loop
      vertex 13.15 -20 10
      vertex 8 -20 8
      vertex 8 -20 10
    endloop
  endfacet
  facet normal 0 1 0
    outer loop
      vertex 12.32 -20 5.8200006
      vertex 13.15 -20 10
      vertex 12.919999 -20 5.8200006
    endloop
  endfacet
  facet normal 0 1 0
    outer loop
      vertex 12.919999 -20 5.8200006
      vertex 13.15 -20 10
      vertex 13.15 -20 5.8200006
    endloop
  endfacet
  facet normal 0 1 0
    outer loop
      vertex 6 -20 8
      vertex 0.8500004 -20 10
      vertex 6 -20 10
    endloop
  endfacet
  facet normal 0 1 0
    outer loop
      vertex 11.619999 -20 5.8200006
      vertex 13.15 -20 10
      vertex 12.32 -20 5.8200006
    endloop
  endfacet
  facet normal 0 1 0
    outer loop
      vertex 13.15 -20 10
      vertex 11.619999 -20 5.8200006
      vertex 8 -20 8
    endloop
  endfacet
  facet normal 0 1 0
    outer loop
      vertex 10.669999 -20 4.2700005
      vertex 8 -20 8
      vertex 11.619999 -20 5.8200006
    endloop
  endfacet
  facet normal 0 1 0
    outer loop
      vertex 8 -20 8
      vertex 10.669999 -20 4.2700005
      vertex 6 -20 8
    endloop
  endfacet
  facet normal 0 1 0
    outer loop
      vertex 2.380001 -20 5.8200006
      vertex 0.8500004 -20 10
      vertex 6 -20 8
    endloop
  endfacet
  facet normal 0 1 0
    outer loop
      vertex 1.6800003 -20 5.8200006
      vertex 0.8500004 -20 10
      vertex 2.380001 -20 5.8200006
    endloop
  endfacet
  facet normal 0 1 0
    outer loop
      vertex 1.0800009 -20 5.8200006
      vertex 0.8500004 -20 10
      vertex 1.6800003 -20 5.8200006
    endloop
  endfacet
  facet normal 0 1 0
    outer loop
      vertex 0.8500004 -20 10
      vertex 1.0800009 -20 5.8200006
      vertex 0.8500004 -20 5.8200006
    endloop
  endfacet
  facet normal 0 1 0
    outer loop
      vertex 1.6800003 -20 5.0200005
      vertex 1.0800009 -20 5.8200006
      vertex 1.6800003 -20 5.8200006
    endloop
  endfacet
  facet normal 0 1 0
    outer loop
      vertex 1.0800009 -20 5.8200006
      vertex 1.6800003 -20 5.0200005
      vertex 1.0800009 -20 5.0200005
    endloop
  endfacet
  facet normal 0 1 0
    outer loop
      vertex 10.669999 -20 4.2700005
      vertex 11.619999 -20 5.8200006
      vertex 11.619999 -20 5.2200003
    endloop
  endfacet
  facet normal 0 1 0
    outer loop
      vertex 3.3300009 -20 4.2700005
      vertex 6 -20 8
      vertex 10.669999 -20 4.2700005
    endloop
  endfacet
  facet normal 0 1 0
    outer loop
      vertex 10.669999 -20 4.2700005
      vertex 11.619999 -20 5.2200003
      vertex 11.618124 -20 5.16035
    endloop
  endfacet
  facet normal 0 1 0
    outer loop
      vertex 6 -20 8
      vertex 3.3300009 -20 4.2700005
      vertex 2.380001 -20 5.8200006
    endloop
  endfacet
  facet normal 0 1 0
    outer loop
      vertex 10.669999 -20 4.2700005
      vertex 11.618124 -20 5.16035
      vertex 11.612508 -20 5.100934
    endloop
  endfacet
  facet normal 0 1 0
    outer loop
      vertex 2.380001 -20 5.8200006
      vertex 3.3300009 -20 4.2700005
      vertex 2.380001 -20 5.2200003
    endloop
  endfacet
  facet normal 0 1 0
    outer loop
      vertex 10.669999 -20 4.2700005
      vertex 11.612508 -20 5.100934
      vertex 11.603171 -20 5.0419884
    endloop
  endfacet
  facet normal 0 1 0
    outer loop
      vertex 2.380001 -20 5.2200003
      vertex 3.3300009 -20 4.2700005
      vertex 2.381876 -20 5.16035
    endloop
  endfacet
  facet normal 0 1 0
    outer loop
      vertex 10.669999 -20 4.2700005
      vertex 11.603171 -20 5.0419884
      vertex 11.590153 -20 4.9837456
    endloop
  endfacet
  facet normal 0 1 0
    outer loop
      vertex 2.381876 -20 5.16035
      vertex 3.3300009 -20 4.2700005
      vertex 2.3874922 -20 5.100934
    endloop
  endfacet
  facet normal 0 1 0
    outer loop
      vertex 10.669999 -20 4.2700005
      vertex 11.590153 -20 4.9837456
      vertex 11.573503 -20 4.9264345
    endloop
  endfacet
  facet normal 0 1 0
    outer loop
      vertex 2.3874922 -20 5.100934
      vertex 3.3300009 -20 4.2700005
      vertex 2.3968287 -20 5.0419884
    endloop
  endfacet
  facet normal 0 1 0
    outer loop
      vertex 10.669999 -20 4.2700005
      vertex 11.573503 -20 4.9264345
      vertex 11.553287 -20 4.870282
    endloop
  endfacet
  facet normal 0 1 0
    outer loop
      vertex 2.3968287 -20 5.0419884
      vertex 3.3300009 -20 4.2700005
      vertex 2.4098473 -20 4.9837456
    endloop
  endfacet
  facet normal 0 1 0
    outer loop
      vertex 10.669999 -20 4.2700005
      vertex 11.553287 -20 4.870282
      vertex 11.529584 -20 4.8155107
    endloop
  endfacet
  facet normal 0 1 0
    outer loop
      vertex 2.4098473 -20 4.9837456
      vertex 3.3300009 -20 4.2700005
      vertex 2.4264975 -20 4.9264345
    endloop
  endfacet
  facet normal 0 1 0
    outer loop
      vertex 10.669999 -20 4.2700005
      vertex 11.529584 -20 4.8155107
      vertex 11.50249 -20 4.762335
    endloop
  endfacet
  facet normal 0 1 0
    outer loop
      vertex 2.4264975 -20 4.9264345
      vertex 3.3300009 -20 4.2700005
      vertex 2.4467134 -20 4.870282
    endloop
  endfacet
  facet normal 0 1 0
    outer loop
      vertex 10.669999 -20 4.2700005
      vertex 11.50249 -20 4.762335
      vertex 11.47211 -20 4.710965
    endloop
  endfacet
  facet normal 0 1 0
    outer loop
      vertex 2.4467134 -20 4.870282
      vertex 3.3300009 -20 4.2700005
      vertex 2.470416 -20 4.8155107
    endloop
  endfacet
  facet normal 0 1 0
    outer loop
      vertex 10.669999 -20 4.2700005
      vertex 11.47211 -20 4.710965
      vertex 11.438565 -20 4.661605
    endloop
  endfacet
  facet normal 0 1 0
    outer loop
      vertex 2.470416 -20 4.8155107
      vertex 3.3300009 -20 4.2700005
      vertex 2.49751 -20 4.762335
    endloop
  endfacet
  facet normal 0 1 0
    outer loop
      vertex 10.669999 -20 4.2700005
      vertex 11.438565 -20 4.661605
      vertex 11.401986 -20 4.6144476
    endloop
  endfacet
  facet normal 0 1 0
    outer loop
      vertex 2.49751 -20 4.762335
      vertex 3.3300009 -20 4.2700005
      vertex 2.5278902 -20 4.710965
    endloop
  endfacet
  facet normal 0 1 0
    outer loop
      vertex 10.669999 -20 4.2700005
      vertex 11.401986 -20 4.6144476
      vertex 11.362519 -20 4.569681
    endloop
  endfacet
  facet normal 0 1 0
    outer loop
      vertex 2.5278902 -20 4.710965
      vertex 3.3300009 -20 4.2700005
      vertex 2.5614347 -20 4.661605
    endloop
  endfacet
  facet normal 0 1 0
    outer loop
      vertex 10.669999 -20 4.2700005
      vertex 11.362519 -20 4.569681
      vertex 11.320318 -20 4.52748
    endloop
  endfacet
  facet normal 0 1 0
    outer loop
      vertex 2.5614347 -20 4.661605
      vertex 3.3300009 -20 4.2700005
      vertex 2.5980139 -20 4.6144476
    endloop
  endfacet
  facet normal 0 1 0
    outer loop
      vertex 10.669999 -20 4.2700005
      vertex 11.320318 -20 4.52748
      vertex 11.275552 -20 4.4880133
    endloop
  endfacet
  facet normal 0 1 0
    outer loop
      vertex 2.5980139 -20 4.6144476
      vertex 3.3300009 -20 4.2700005
      vertex 2.6374807 -20 4.569681
    endloop
  endfacet
  facet normal 0 1 0
    outer loop
      vertex 10.669999 -20 4.2700005
      vertex 11.275552 -20 4.4880133
      vertex 11.2283945 -20 4.451434
    endloop
  endfacet
  facet normal 0 1 0
    outer loop
      vertex 2.6374807 -20 4.569681
      vertex 3.3300009 -20 4.2700005
      vertex 2.6796818 -20 4.52748
    endloop
  endfacet
  facet normal 0 1 0
    outer loop
      vertex 10.669999 -20 4.2700005
      vertex 11.2283945 -20 4.451434
      vertex 11.179034 -20 4.4178896
    endloop
  endfacet
  facet normal 0 1 0
    outer loop
      vertex 2.6796818 -20 4.52748
      vertex 3.3300009 -20 4.2700005
      vertex 2.7244482 -20 4.4880133
    endloop
  endfacet
  facet normal 0 1 0
    outer loop
      vertex 10.669999 -20 4.2700005
      vertex 11.179034 -20 4.4178896
      vertex 11.127665 -20 4.3875093
    endloop
  endfacet
  facet normal 0 1 0
    outer loop
      vertex 2.7244482 -20 4.4880133
      vertex 3.3300009 -20 4.2700005
      vertex 2.7716055 -20 4.451434
    endloop
  endfacet
  facet normal 0 1 0
    outer loop
      vertex 10.669999 -20 4.2700005
      vertex 11.127665 -20 4.3875093
      vertex 11.074489 -20 4.3604155
    endloop
  endfacet
  facet normal 0 1 0
    outer loop
      vertex 2.7716055 -20 4.451434
      vertex 3.3300009 -20 4.2700005
      vertex 2.8209658 -20 4.4178896
    endloop
  endfacet
  facet normal 0 1 0
    outer loop
      vertex 10.669999 -20 4.2700005
      vertex 11.074489 -20 4.3604155
      vertex 11.019717 -20 4.336713
    endloop
  endfacet
  facet normal 0 1 0
    outer loop
      vertex 2.8209658 -20 4.4178896
      vertex 3.3300009 -20 4.2700005
      vertex 2.8723354 -20 4.3875093
    endloop
  endfacet
  facet normal 0 1 0
    outer loop
      vertex 10.669999 -20 4.2700005
      vertex 11.019717 -20 4.336713
      vertex 10.963565 -20 4.316497
    endloop
  endfacet
  facet normal 0 1 0
    outer loop
      vertex 2.8723354 -20 4.3875093
      vertex 3.3300009 -20 4.2700005
      vertex 2.9255114 -20 4.3604155
    endloop
  endfacet
  facet normal 0 1 0
    outer loop
      vertex 10.669999 -20 4.2700005
      vertex 10.963565 -20 4.316497
      vertex 10.906254 -20 4.2998466
    endloop
  endfacet
  facet normal 0 1 0
    outer loop
      vertex 2.9255114 -20 4.3604155
      vertex 3.3300009 -20 4.2700005
      vertex 2.9802828 -20 4.336713
    endloop
  endfacet
  facet normal 0 1 0
    outer loop
      vertex 10.669999 -20 4.2700005
      vertex 10.906254 -20 4.2998466
      vertex 10.848011 -20 4.286828
    endloop
  endfacet
  facet normal 0 1 0
    outer loop
      vertex 2.9802828 -20 4.336713
      vertex 3.3300009 -20 4.2700005
      vertex 3.0364351 -20 4.316497
    endloop
  endfacet
  facet normal 0 1 0
    outer loop
      vertex 10.669999 -20 4.2700005
      vertex 10.848011 -20 4.286828
      vertex 10.789065 -20 4.2774916
    endloop
  endfacet
  facet normal 0 1 0
    outer loop
      vertex 3.0364351 -20 4.316497
      vertex 3.3300009 -20 4.2700005
      vertex 3.0937462 -20 4.2998466
    endloop
  endfacet
  facet normal 0 1 0
    outer loop
      vertex 10.669999 -20 4.2700005
      vertex 10.789065 -20 4.2774916
      vertex 10.72965 -20 4.2718754
    endloop
  endfacet
  facet normal 0 1 0
    outer loop
      vertex 3.0937462 -20 4.2998466
      vertex 3.3300009 -20 4.2700005
      vertex 3.151989 -20 4.286828
    endloop
  endfacet
  facet normal 0 1 0
    outer loop
      vertex 3.151989 -20 4.286828
      vertex 3.3300009 -20 4.2700005
      vertex 3.2109346 -20 4.2774916
    endloop
  endfacet
  facet normal 0 1 0
    outer loop
      vertex 3.2109346 -20 4.2774916
      vertex 3.3300009 -20 4.2700005
      vertex 3.2703505 -20 4.2718754
    endloop
  endfacet
  facet normal 0 1 0
    outer loop
      vertex 12.919999 -20 5.0200005
      vertex 12.32 -20 5.8200006
      vertex 12.919999 -20 5.8200006
    endloop
  endfacet
  facet normal 0 1 0
    outer loop
      vertex 12.32 -20 5.8200006
      vertex 12.919999 -20 5.0200005
      vertex 12.32 -20 5.0200005
    endloop
  endfacet
  facet normal -0.031416345 0 -0.9995064
    outer loop
      vertex 10.669999 -1.3999996 7.7299995
      vertex 10.72965 -3.8146973e-7 7.7281246
      vertex 10.72965 -1.3999996 7.7281246
    endloop
  endfacet
  facet normal -0.031416345 0 -0.9995064
    outer loop
      vertex 10.72965 -3.8146973e-7 7.7281246
      vertex 10.669999 -1.3999996 7.7299995
      vertex 10.669999 -3.8146973e-7 7.7299995
    endloop
  endfacet
  facet normal 0.9408813 0 0.33873644
    outer loop
      vertex 2.4264975 -20 4.9264345
      vertex 2.4467134 -3.8146973e-7 4.870282
      vertex 2.4264975 -3.8146973e-7 4.9264345
    endloop
  endfacet
  facet normal 0.9408813 0 0.33873644
    outer loop
      vertex 2.4467134 -3.8146973e-7 4.870282
      vertex 2.4264975 -20 4.9264345
      vertex 2.4467134 -20 4.870282
    endloop
  endfacet
  facet normal 0.09410399 0 0.9955624
    outer loop
      vertex 3.2109346 -3.8146973e-7 4.2774916
      vertex 3.2703505 -20 4.2718754
      vertex 3.2703505 -3.8146973e-7 4.2718754
    endloop
  endfacet
  facet normal 0.09410399 0 0.9955624
    outer loop
      vertex 3.2703505 -20 4.2718754
      vertex 3.2109346 -3.8146973e-7 4.2774916
      vertex 3.2109346 -20 4.2774916
    endloop
  endfacet
  facet normal 0.9955624 0 -0.09410399
    outer loop
      vertex 2.3874922 -1.3999996 6.899066
      vertex 2.381876 -3.8146973e-7 6.83965
      vertex 2.3874922 -3.8146973e-7 6.899066
    endloop
  endfacet
  facet normal 0.9955624 0 -0.09410399
    outer loop
      vertex 2.381876 -3.8146973e-7 6.83965
      vertex 2.3874922 -1.3999996 6.899066
      vertex 2.381876 -1.3999996 6.83965
    endloop
  endfacet
  facet normal -0.09410399 0 -0.9955624
    outer loop
      vertex 10.72965 -1.3999996 7.7281246
      vertex 10.789065 -3.8146973e-7 7.7225084
      vertex 10.789065 -1.3999996 7.7225084
    endloop
  endfacet
  facet normal -0.09410399 0 -0.9955624
    outer loop
      vertex 10.789065 -3.8146973e-7 7.7225084
      vertex 10.72965 -1.3999996 7.7281246
      vertex 10.72965 -3.8146973e-7 7.7281246
    endloop
  endfacet
  facet normal -0.33873644 0 -0.9408813
    outer loop
      vertex 10.963565 -1.3999996 7.683503
      vertex 11.019717 -3.8146973e-7 7.663287
      vertex 11.019717 -1.3999996 7.663287
    endloop
  endfacet
  facet normal -0.33873644 0 -0.9408813
    outer loop
      vertex 11.019717 -3.8146973e-7 7.663287
      vertex 10.963565 -1.3999996 7.683503
      vertex 10.963565 -3.8146973e-7 7.683503
    endloop
  endfacet
  facet normal -0.33873644 0 0.9408813
    outer loop
      vertex 10.963565 -3.8146973e-7 4.316497
      vertex 11.019717 -20 4.336713
      vertex 11.019717 -3.8146973e-7 4.336713
    endloop
  endfacet
  facet normal -0.33873644 0 0.9408813
    outer loop
      vertex 11.019717 -20 4.336713
      vertex 10.963565 -3.8146973e-7 4.316497
      vertex 10.963565 -20 4.316497
    endloop
  endfacet
  facet normal -0.031416345 0 0.9995064
    outer loop
      vertex 10.669999 -3.8146973e-7 4.2700005
      vertex 10.72965 -20 4.2718754
      vertex 10.72965 -3.8146973e-7 4.2718754
    endloop
  endfacet
  facet normal -0.031416345 0 0.9995064
    outer loop
      vertex 10.72965 -20 4.2718754
      vertex 10.669999 -3.8146973e-7 4.2700005
      vertex 10.669999 -20 4.2700005
    endloop
  endfacet
  facet normal 0.8910106 0 -0.4539825
    outer loop
      vertex 2.49751 -1.3999996 7.237665
      vertex 2.470416 -3.8146973e-7 7.1844893
      vertex 2.49751 -3.8146973e-7 7.237665
    endloop
  endfacet
  facet normal 0.8910106 0 -0.4539825
    outer loop
      vertex 2.470416 -3.8146973e-7 7.1844893
      vertex 2.49751 -1.3999996 7.237665
      vertex 2.470416 -1.3999996 7.1844893
    endloop
  endfacet
  facet normal -0.8270858 0 0.56207573
    outer loop
      vertex 11.438565 -20 4.661605
      vertex 11.47211 -3.8146973e-7 4.710965
      vertex 11.438565 -3.8146973e-7 4.661605
    endloop
  endfacet
  facet normal -0.8270858 0 0.56207573
    outer loop
      vertex 11.47211 -3.8146973e-7 4.710965
      vertex 11.438565 -20 4.661605
      vertex 11.47211 -20 4.710965
    endloop
  endfacet
  facet normal -0.8270858 0 -0.56207573
    outer loop
      vertex 11.47211 -1.3999996 7.289035
      vertex 11.438565 -3.8146973e-7 7.338395
      vertex 11.47211 -3.8146973e-7 7.289035
    endloop
  endfacet
  facet normal -0.8270858 0 -0.56207573
    outer loop
      vertex 11.438565 -3.8146973e-7 7.338395
      vertex 11.47211 -1.3999996 7.289035
      vertex 11.438565 -1.3999996 7.338395
    endloop
  endfacet
  facet normal -0.56207573 0 -0.8270858
    outer loop
      vertex 11.179034 -1.3999996 7.5821104
      vertex 11.2283945 -3.8146973e-7 7.548566
      vertex 11.2283945 -1.3999996 7.548566
    endloop
  endfacet
  facet normal -0.56207573 0 -0.8270858
    outer loop
      vertex 11.2283945 -3.8146973e-7 7.548566
      vertex 11.179034 -1.3999996 7.5821104
      vertex 11.179034 -3.8146973e-7 7.5821104
    endloop
  endfacet
  facet normal -0.9995064 0 -0.031416345
    outer loop
      vertex 11.619999 -1.3999996 6.7799997
      vertex 11.618124 -3.8146973e-7 6.83965
      vertex 11.619999 -3.8146973e-7 6.7799997
    endloop
  endfacet
  facet normal -0.9995064 0 -0.031416345
    outer loop
      vertex 11.618124 -3.8146973e-7 6.83965
      vertex 11.619999 -1.3999996 6.7799997
      vertex 11.618124 -1.3999996 6.83965
    endloop
  endfacet
  facet normal -0.8607397 0 -0.5090453
    outer loop
      vertex 11.50249 -1.3999996 7.237665
      vertex 11.47211 -3.8146973e-7 7.289035
      vertex 11.50249 -3.8146973e-7 7.237665
    endloop
  endfacet
  facet normal -0.8607397 0 -0.5090453
    outer loop
      vertex 11.47211 -3.8146973e-7 7.289035
      vertex 11.50249 -1.3999996 7.237665
      vertex 11.47211 -1.3999996 7.289035
    endloop
  endfacet
  facet normal 0.97591746 0 0.21814005
    outer loop
      vertex 2.3968287 -20 5.0419884
      vertex 2.4098473 -3.8146973e-7 4.9837456
      vertex 2.3968287 -3.8146973e-7 5.0419884
    endloop
  endfacet
  facet normal 0.97591746 0 0.21814005
    outer loop
      vertex 2.4098473 -3.8146973e-7 4.9837456
      vertex 2.3968287 -20 5.0419884
      vertex 2.4098473 -20 4.9837456
    endloop
  endfacet
  facet normal -0.79015344 0 -0.612909
    outer loop
      vertex 11.438565 -1.3999996 7.338395
      vertex 11.401986 -3.8146973e-7 7.3855524
      vertex 11.438565 -3.8146973e-7 7.338395
    endloop
  endfacet
  facet normal -0.79015344 0 -0.612909
    outer loop
      vertex 11.401986 -3.8146973e-7 7.3855524
      vertex 11.438565 -1.3999996 7.338395
      vertex 11.401986 -1.3999996 7.3855524
    endloop
  endfacet
  facet normal 0.278988 0 -0.9602946
    outer loop
      vertex 3.0364351 -1.3999996 7.683503
      vertex 3.0937462 -3.8146973e-7 7.7001534
      vertex 3.0937462 -1.3999996 7.7001534
    endloop
  endfacet
  facet normal 0.278988 0 -0.9602946
    outer loop
      vertex 3.0937462 -3.8146973e-7 7.7001534
      vertex 3.0364351 -1.3999996 7.683503
      vertex 3.0364351 -3.8146973e-7 7.683503
    endloop
  endfacet
  facet normal 0.79015344 0 0.612909
    outer loop
      vertex 2.5614347 -20 4.661605
      vertex 2.5980139 -3.8146973e-7 4.6144476
      vertex 2.5614347 -3.8146973e-7 4.661605
    endloop
  endfacet
  facet normal 0.79015344 0 0.612909
    outer loop
      vertex 2.5980139 -3.8146973e-7 4.6144476
      vertex 2.5614347 -20 4.661605
      vertex 2.5980139 -20 4.6144476
    endloop
  endfacet
  facet normal 0.6613113 0 0.7501115
    outer loop
      vertex 2.6796818 -3.8146973e-7 4.52748
      vertex 2.7244482 -20 4.4880133
      vertex 2.7244482 -3.8146973e-7 4.4880133
    endloop
  endfacet
  facet normal 0.6613113 0 0.7501115
    outer loop
      vertex 2.7244482 -20 4.4880133
      vertex 2.6796818 -3.8146973e-7 4.52748
      vertex 2.6796818 -20 4.52748
    endloop
  endfacet
  facet normal -0.9602946 0 0.278988
    outer loop
      vertex 11.573503 -20 4.9264345
      vertex 11.590153 -3.8146973e-7 4.9837456
      vertex 11.573503 -3.8146973e-7 4.9264345
    endloop
  endfacet
  facet normal -0.9602946 0 0.278988
    outer loop
      vertex 11.590153 -3.8146973e-7 4.9837456
      vertex 11.573503 -20 4.9264345
      vertex 11.590153 -20 4.9837456
    endloop
  endfacet
  facet normal -0.6613113 0 -0.7501115
    outer loop
      vertex 11.275552 -1.3999996 7.5119867
      vertex 11.320318 -3.8146973e-7 7.47252
      vertex 11.320318 -1.3999996 7.47252
    endloop
  endfacet
  facet normal -0.6613113 0 -0.7501115
    outer loop
      vertex 11.320318 -3.8146973e-7 7.47252
      vertex 11.275552 -1.3999996 7.5119867
      vertex 11.275552 -3.8146973e-7 7.5119867
    endloop
  endfacet
  facet normal -0.97591746 0 0.21814005
    outer loop
      vertex 11.590153 -20 4.9837456
      vertex 11.603171 -3.8146973e-7 5.0419884
      vertex 11.590153 -3.8146973e-7 4.9837456
    endloop
  endfacet
  facet normal -0.97591746 0 0.21814005
    outer loop
      vertex 11.603171 -3.8146973e-7 5.0419884
      vertex 11.590153 -20 4.9837456
      vertex 11.603171 -20 5.0419884
    endloop
  endfacet
  facet normal -0.612909 0 0.79015344
    outer loop
      vertex 11.2283945 -3.8146973e-7 4.451434
      vertex 11.275552 -20 4.4880133
      vertex 11.275552 -3.8146973e-7 4.4880133
    endloop
  endfacet
  facet normal -0.612909 0 0.79015344
    outer loop
      vertex 11.275552 -20 4.4880133
      vertex 11.2283945 -3.8146973e-7 4.451434
      vertex 11.2283945 -20 4.451434
    endloop
  endfacet
  facet normal -0.612909 0 -0.79015344
    outer loop
      vertex 11.2283945 -1.3999996 7.548566
      vertex 11.275552 -3.8146973e-7 7.5119867
      vertex 11.275552 -1.3999996 7.5119867
    endloop
  endfacet
  facet normal -0.612909 0 -0.79015344
    outer loop
      vertex 11.275552 -3.8146973e-7 7.5119867
      vertex 11.2283945 -1.3999996 7.548566
      vertex 11.2283945 -3.8146973e-7 7.548566
    endloop
  endfacet
  facet normal 0.9408813 0 -0.33873644
    outer loop
      vertex 2.4467134 -1.3999996 7.129718
      vertex 2.4264975 -3.8146973e-7 7.0735655
      vertex 2.4467134 -3.8146973e-7 7.129718
    endloop
  endfacet
  facet normal 0.9408813 0 -0.33873644
    outer loop
      vertex 2.4264975 -3.8146973e-7 7.0735655
      vertex 2.4467134 -1.3999996 7.129718
      vertex 2.4264975 -1.3999996 7.0735655
    endloop
  endfacet
  facet normal 0.39716074 0 -0.91774905
    outer loop
      vertex 2.9255114 -1.3999996 7.6395845
      vertex 2.9802828 -3.8146973e-7 7.663287
      vertex 2.9802828 -1.3999996 7.663287
    endloop
  endfacet
  facet normal 0.39716074 0 -0.91774905
    outer loop
      vertex 2.9802828 -3.8146973e-7 7.663287
      vertex 2.9255114 -1.3999996 7.6395845
      vertex 2.9255114 -3.8146973e-7 7.6395845
    endloop
  endfacet
  facet normal 0.15644096 0 -0.9876873
    outer loop
      vertex 3.151989 -1.3999996 7.713172
      vertex 3.2109346 -3.8146973e-7 7.7225084
      vertex 3.2109346 -1.3999996 7.7225084
    endloop
  endfacet
  facet normal 0.15644096 0 -0.9876873
    outer loop
      vertex 3.2109346 -3.8146973e-7 7.7225084
      vertex 3.151989 -1.3999996 7.713172
      vertex 3.151989 -3.8146973e-7 7.713172
    endloop
  endfacet
  facet normal -0.15644096 0 0.9876873
    outer loop
      vertex 10.789065 -3.8146973e-7 4.2774916
      vertex 10.848011 -20 4.286828
      vertex 10.848011 -3.8146973e-7 4.286828
    endloop
  endfacet
  facet normal -0.15644096 0 0.9876873
    outer loop
      vertex 10.848011 -20 4.286828
      vertex 10.789065 -3.8146973e-7 4.2774916
      vertex 10.789065 -20 4.2774916
    endloop
  endfacet
  facet normal 0.09410399 0 -0.9955624
    outer loop
      vertex 3.2109346 -1.3999996 7.7225084
      vertex 3.2703505 -3.8146973e-7 7.7281246
      vertex 3.2703505 -1.3999996 7.7281246
    endloop
  endfacet
  facet normal 0.09410399 0 -0.9955624
    outer loop
      vertex 3.2703505 -3.8146973e-7 7.7281246
      vertex 3.2109346 -1.3999996 7.7225084
      vertex 3.2109346 -3.8146973e-7 7.7225084
    endloop
  endfacet
  facet normal 0.9602946 0 -0.278988
    outer loop
      vertex 2.4264975 -1.3999996 7.0735655
      vertex 2.4098473 -3.8146973e-7 7.0162544
      vertex 2.4264975 -3.8146973e-7 7.0735655
    endloop
  endfacet
  facet normal 0.9602946 0 -0.278988
    outer loop
      vertex 2.4098473 -3.8146973e-7 7.0162544
      vertex 2.4264975 -1.3999996 7.0735655
      vertex 2.4098473 -1.3999996 7.0162544
    endloop
  endfacet
  facet normal -0.8910106 0 -0.4539825
    outer loop
      vertex 11.529584 -1.3999996 7.1844893
      vertex 11.50249 -3.8146973e-7 7.237665
      vertex 11.529584 -3.8146973e-7 7.1844893
    endloop
  endfacet
  facet normal -0.8910106 0 -0.4539825
    outer loop
      vertex 11.50249 -3.8146973e-7 7.237665
      vertex 11.529584 -1.3999996 7.1844893
      vertex 11.50249 -1.3999996 7.237665
    endloop
  endfacet
  facet normal 0.612909 0 0.79015344
    outer loop
      vertex 2.7244482 -3.8146973e-7 4.4880133
      vertex 2.7716055 -20 4.451434
      vertex 2.7716055 -3.8146973e-7 4.451434
    endloop
  endfacet
  facet normal 0.612909 0 0.79015344
    outer loop
      vertex 2.7716055 -20 4.451434
      vertex 2.7244482 -3.8146973e-7 4.4880133
      vertex 2.7244482 -20 4.4880133
    endloop
  endfacet
  facet normal -0.09410399 0 0.9955624
    outer loop
      vertex 10.72965 -3.8146973e-7 4.2718754
      vertex 10.789065 -20 4.2774916
      vertex 10.789065 -3.8146973e-7 4.2774916
    endloop
  endfacet
  facet normal -0.09410399 0 0.9955624
    outer loop
      vertex 10.789065 -20 4.2774916
      vertex 10.72965 -3.8146973e-7 4.2718754
      vertex 10.72965 -20 4.2718754
    endloop
  endfacet
  facet normal 0.15644096 0 0.9876873
    outer loop
      vertex 3.151989 -3.8146973e-7 4.286828
      vertex 3.2109346 -20 4.2774916
      vertex 3.2109346 -3.8146973e-7 4.2774916
    endloop
  endfacet
  facet normal 0.15644096 0 0.9876873
    outer loop
      vertex 3.2109346 -20 4.2774916
      vertex 3.151989 -3.8146973e-7 4.286828
      vertex 3.151989 -20 4.286828
    endloop
  endfacet
  facet normal 0.91774905 0 0.39716074
    outer loop
      vertex 2.4467134 -20 4.870282
      vertex 2.470416 -3.8146973e-7 4.8155107
      vertex 2.4467134 -3.8146973e-7 4.870282
    endloop
  endfacet
  facet normal 0.91774905 0 0.39716074
    outer loop
      vertex 2.470416 -3.8146973e-7 4.8155107
      vertex 2.4467134 -20 4.870282
      vertex 2.470416 -20 4.8155107
    endloop
  endfacet
  facet normal -0.4539825 0 -0.8910106
    outer loop
      vertex 11.074489 -1.3999996 7.6395845
      vertex 11.127665 -3.8146973e-7 7.6124907
      vertex 11.127665 -1.3999996 7.6124907
    endloop
  endfacet
  facet normal -0.4539825 0 -0.8910106
    outer loop
      vertex 11.127665 -3.8146973e-7 7.6124907
      vertex 11.074489 -1.3999996 7.6395845
      vertex 11.074489 -3.8146973e-7 7.6395845
    endloop
  endfacet
  facet normal -0.91774905 0 0.39716074
    outer loop
      vertex 11.529584 -20 4.8155107
      vertex 11.553287 -3.8146973e-7 4.870282
      vertex 11.529584 -3.8146973e-7 4.8155107
    endloop
  endfacet
  facet normal -0.91774905 0 0.39716074
    outer loop
      vertex 11.553287 -3.8146973e-7 4.870282
      vertex 11.529584 -20 4.8155107
      vertex 11.553287 -20 4.870282
    endloop
  endfacet
  facet normal 0.4539825 0 0.8910106
    outer loop
      vertex 2.8723354 -3.8146973e-7 4.3875093
      vertex 2.9255114 -20 4.3604155
      vertex 2.9255114 -3.8146973e-7 4.3604155
    endloop
  endfacet
  facet normal 0.4539825 0 0.8910106
    outer loop
      vertex 2.9255114 -20 4.3604155
      vertex 2.8723354 -3.8146973e-7 4.3875093
      vertex 2.8723354 -20 4.3875093
    endloop
  endfacet
  facet normal 0.91774905 0 -0.39716074
    outer loop
      vertex 2.470416 -1.3999996 7.1844893
      vertex 2.4467134 -3.8146973e-7 7.129718
      vertex 2.470416 -3.8146973e-7 7.1844893
    endloop
  endfacet
  facet normal 0.91774905 0 -0.39716074
    outer loop
      vertex 2.4467134 -3.8146973e-7 7.129718
      vertex 2.470416 -1.3999996 7.1844893
      vertex 2.4467134 -1.3999996 7.129718
    endloop
  endfacet
  facet normal -0.7501115 0 -0.6613113
    outer loop
      vertex 11.401986 -1.3999996 7.3855524
      vertex 11.362519 -3.8146973e-7 7.430319
      vertex 11.401986 -3.8146973e-7 7.3855524
    endloop
  endfacet
  facet normal -0.7501115 0 -0.6613113
    outer loop
      vertex 11.362519 -3.8146973e-7 7.430319
      vertex 11.401986 -1.3999996 7.3855524
      vertex 11.362519 -1.3999996 7.430319
    endloop
  endfacet
  facet normal 0.8270858 0 0.56207573
    outer loop
      vertex 2.5278902 -20 4.710965
      vertex 2.5614347 -3.8146973e-7 4.661605
      vertex 2.5278902 -3.8146973e-7 4.710965
    endloop
  endfacet
  facet normal 0.8270858 0 0.56207573
    outer loop
      vertex 2.5614347 -3.8146973e-7 4.661605
      vertex 2.5278902 -20 4.710965
      vertex 2.5614347 -20 4.661605
    endloop
  endfacet
  facet normal 0.8607397 0 -0.5090453
    outer loop
      vertex 2.5278902 -1.3999996 7.289035
      vertex 2.49751 -3.8146973e-7 7.237665
      vertex 2.5278902 -3.8146973e-7 7.289035
    endloop
  endfacet
  facet normal 0.8607397 0 -0.5090453
    outer loop
      vertex 2.49751 -3.8146973e-7 7.237665
      vertex 2.5278902 -1.3999996 7.289035
      vertex 2.49751 -1.3999996 7.237665
    endloop
  endfacet
  facet normal -0.70710677 0 0.70710677
    outer loop
      vertex 11.320318 -20 4.52748
      vertex 11.362519 -3.8146973e-7 4.569681
      vertex 11.320318 -3.8146973e-7 4.52748
    endloop
  endfacet
  facet normal -0.70710677 0 0.70710677
    outer loop
      vertex 11.362519 -3.8146973e-7 4.569681
      vertex 11.320318 -20 4.52748
      vertex 11.362519 -20 4.569681
    endloop
  endfacet
  facet normal 0.7501115 0 0.6613113
    outer loop
      vertex 2.5980139 -20 4.6144476
      vertex 2.6374807 -3.8146973e-7 4.569681
      vertex 2.5980139 -3.8146973e-7 4.6144476
    endloop
  endfacet
  facet normal 0.7501115 0 0.6613113
    outer loop
      vertex 2.6374807 -3.8146973e-7 4.569681
      vertex 2.5980139 -20 4.6144476
      vertex 2.6374807 -20 4.569681
    endloop
  endfacet
  facet normal 0.21814005 0 0.97591746
    outer loop
      vertex 3.0937462 -3.8146973e-7 4.2998466
      vertex 3.151989 -20 4.286828
      vertex 3.151989 -3.8146973e-7 4.286828
    endloop
  endfacet
  facet normal 0.21814005 0 0.97591746
    outer loop
      vertex 3.151989 -20 4.286828
      vertex 3.0937462 -3.8146973e-7 4.2998466
      vertex 3.0937462 -20 4.2998466
    endloop
  endfacet
  facet normal -1 0 0
    outer loop
      vertex 13.15 -1.3999996 5.8200006
      vertex 13.15 -3.7999997 10
      vertex 13.15 -1.3999996 10
    endloop
  endfacet
  facet normal -1 0 0
    outer loop
      vertex 13.15 -20 5.8200006
      vertex 13.15 -3.7999997 10
      vertex 13.15 -1.3999996 5.8200006
    endloop
  endfacet
  facet normal -1 0 0
    outer loop
      vertex 13.15 -3.7999997 10
      vertex 13.15 -20 5.8200006
      vertex 13.15 -20 10
    endloop
  endfacet
  facet normal 0 -1 0
    outer loop
      vertex 12.32 -1.3999996 5.0200005
      vertex 12.919999 -1.3999996 5.8200006
      vertex 12.32 -1.3999996 5.8200006
    endloop
  endfacet
  facet normal 0 -1 0
    outer loop
      vertex 12.919999 -1.3999996 5.8200006
      vertex 12.32 -1.3999996 5.0200005
      vertex 12.919999 -1.3999996 5.0200005
    endloop
  endfacet
  facet normal 0 -1 0
    outer loop
      vertex 1.0800009 -1.3999996 5.0200005
      vertex 1.6800003 -1.3999996 5.8200006
      vertex 1.0800009 -1.3999996 5.8200006
    endloop
  endfacet
  facet normal 0 -1 0
    outer loop
      vertex 1.6800003 -1.3999996 5.8200006
      vertex 1.0800009 -1.3999996 5.0200005
      vertex 1.6800003 -1.3999996 5.0200005
    endloop
  endfacet
  facet normal 0 -1 0
    outer loop
      vertex 0.8500004 -1.3999996 10
      vertex 3.3300009 -1.3999996 7.7299995
      vertex 13.15 -1.3999996 10
    endloop
  endfacet
  facet normal 0 -1 0
    outer loop
      vertex 0.8500004 -1.3999996 10
      vertex 3.2703505 -1.3999996 7.7281246
      vertex 3.3300009 -1.3999996 7.7299995
    endloop
  endfacet
  facet normal 0 -1 0
    outer loop
      vertex 0.8500004 -1.3999996 10
      vertex 3.2109346 -1.3999996 7.7225084
      vertex 3.2703505 -1.3999996 7.7281246
    endloop
  endfacet
  facet normal 0 -1 0
    outer loop
      vertex 0.8500004 -1.3999996 10
      vertex 3.151989 -1.3999996 7.713172
      vertex 3.2109346 -1.3999996 7.7225084
    endloop
  endfacet
  facet normal 0 -1 0
    outer loop
      vertex 0.8500004 -1.3999996 10
      vertex 3.0937462 -1.3999996 7.7001534
      vertex 3.151989 -1.3999996 7.713172
    endloop
  endfacet
  facet normal 0 -1 0
    outer loop
      vertex 0.8500004 -1.3999996 10
      vertex 3.0364351 -1.3999996 7.683503
      vertex 3.0937462 -1.3999996 7.7001534
    endloop
  endfacet
  facet normal 0 -1 0
    outer loop
      vertex 0.8500004 -1.3999996 10
      vertex 2.9802828 -1.3999996 7.663287
      vertex 3.0364351 -1.3999996 7.683503
    endloop
  endfacet
  facet normal 0 -1 0
    outer loop
      vertex 0.8500004 -1.3999996 10
      vertex 2.9255114 -1.3999996 7.6395845
      vertex 2.9802828 -1.3999996 7.663287
    endloop
  endfacet
  facet normal 0 -1 0
    outer loop
      vertex 0.8500004 -1.3999996 10
      vertex 2.8723354 -1.3999996 7.6124907
      vertex 2.9255114 -1.3999996 7.6395845
    endloop
  endfacet
  facet normal 0 -1 0
    outer loop
      vertex 0.8500004 -1.3999996 10
      vertex 2.8209658 -1.3999996 7.5821104
      vertex 2.8723354 -1.3999996 7.6124907
    endloop
  endfacet
  facet normal 0 -1 0
    outer loop
      vertex 0.8500004 -1.3999996 10
      vertex 2.7716055 -1.3999996 7.548566
      vertex 2.8209658 -1.3999996 7.5821104
    endloop
  endfacet
  facet normal 0 -1 0
    outer loop
      vertex 0.8500004 -1.3999996 10
      vertex 2.7244482 -1.3999996 7.5119867
      vertex 2.7716055 -1.3999996 7.548566
    endloop
  endfacet
  facet normal 0 -1 0
    outer loop
      vertex 0.8500004 -1.3999996 10
      vertex 2.6796818 -1.3999996 7.47252
      vertex 2.7244482 -1.3999996 7.5119867
    endloop
  endfacet
  facet normal 0 -1 0
    outer loop
      vertex 0.8500004 -1.3999996 10
      vertex 2.6374807 -1.3999996 7.430319
      vertex 2.6796818 -1.3999996 7.47252
    endloop
  endfacet
  facet normal 0 -1 0
    outer loop
      vertex 0.8500004 -1.3999996 10
      vertex 2.5980139 -1.3999996 7.3855524
      vertex 2.6374807 -1.3999996 7.430319
    endloop
  endfacet
  facet normal 0 -1 0
    outer loop
      vertex 0.8500004 -1.3999996 10
      vertex 2.5614347 -1.3999996 7.338395
      vertex 2.5980139 -1.3999996 7.3855524
    endloop
  endfacet
  facet normal 0 -1 0
    outer loop
      vertex 0.8500004 -1.3999996 10
      vertex 2.5278902 -1.3999996 7.289035
      vertex 2.5614347 -1.3999996 7.338395
    endloop
  endfacet
  facet normal 0 -1 0
    outer loop
      vertex 0.8500004 -1.3999996 10
      vertex 2.49751 -1.3999996 7.237665
      vertex 2.5278902 -1.3999996 7.289035
    endloop
  endfacet
  facet normal 0 -1 0
    outer loop
      vertex 0.8500004 -1.3999996 10
      vertex 2.470416 -1.3999996 7.1844893
      vertex 2.49751 -1.3999996 7.237665
    endloop
  endfacet
  facet normal 0 -1 0
    outer loop
      vertex 0.8500004 -1.3999996 10
      vertex 2.4467134 -1.3999996 7.129718
      vertex 2.470416 -1.3999996 7.1844893
    endloop
  endfacet
  facet normal 0 -1 0
    outer loop
      vertex 0.8500004 -1.3999996 5.8200006
      vertex 2.4467134 -1.3999996 7.129718
      vertex 0.8500004 -1.3999996 10
    endloop
  endfacet
  facet normal 0 -1 0
    outer loop
      vertex 2.4467134 -1.3999996 7.129718
      vertex 0.8500004 -1.3999996 5.8200006
      vertex 2.4264975 -1.3999996 7.0735655
    endloop
  endfacet
  facet normal 0 -1 0
    outer loop
      vertex 2.4264975 -1.3999996 7.0735655
      vertex 0.8500004 -1.3999996 5.8200006
      vertex 2.4098473 -1.3999996 7.0162544
    endloop
  endfacet
  facet normal 0 -1 0
    outer loop
      vertex 2.4098473 -1.3999996 7.0162544
      vertex 0.8500004 -1.3999996 5.8200006
      vertex 2.3968287 -1.3999996 6.9580116
    endloop
  endfacet
  facet normal 0 -1 0
    outer loop
      vertex 1.0800009 -1.3999996 5.8200006
      vertex 2.3968287 -1.3999996 6.9580116
      vertex 0.8500004 -1.3999996 5.8200006
    endloop
  endfacet
  facet normal 0 -1 0
    outer loop
      vertex 2.3968287 -1.3999996 6.9580116
      vertex 1.0800009 -1.3999996 5.8200006
      vertex 2.3874922 -1.3999996 6.899066
    endloop
  endfacet
  facet normal 0 -1 0
    outer loop
      vertex 2.3874922 -1.3999996 6.899066
      vertex 1.0800009 -1.3999996 5.8200006
      vertex 2.381876 -1.3999996 6.83965
    endloop
  endfacet
  facet normal 0 -1 0
    outer loop
      vertex 2.381876 -1.3999996 6.83965
      vertex 1.0800009 -1.3999996 5.8200006
      vertex 2.380001 -1.3999996 6.7799997
    endloop
  endfacet
  facet normal 0 -1 0
    outer loop
      vertex 1.6800003 -1.3999996 5.8200006
      vertex 2.380001 -1.3999996 6.7799997
      vertex 1.0800009 -1.3999996 5.8200006
    endloop
  endfacet
  facet normal 0 -1 0
    outer loop
      vertex 2.380001 -1.3999996 6.7799997
      vertex 1.6800003 -1.3999996 5.8200006
      vertex 2.380001 -1.3999996 5.8200006
    endloop
  endfacet
  facet normal 0 -1 0
    outer loop
      vertex 10.669999 -1.3999996 7.7299995
      vertex 13.15 -1.3999996 10
      vertex 3.3300009 -1.3999996 7.7299995
    endloop
  endfacet
  facet normal 0 -1 0
    outer loop
      vertex 10.72965 -1.3999996 7.7281246
      vertex 13.15 -1.3999996 10
      vertex 10.669999 -1.3999996 7.7299995
    endloop
  endfacet
  facet normal 0 -1 0
    outer loop
      vertex 10.789065 -1.3999996 7.7225084
      vertex 13.15 -1.3999996 10
      vertex 10.72965 -1.3999996 7.7281246
    endloop
  endfacet
  facet normal 0 -1 0
    outer loop
      vertex 10.848011 -1.3999996 7.713172
      vertex 13.15 -1.3999996 10
      vertex 10.789065 -1.3999996 7.7225084
    endloop
  endfacet
  facet normal 0 -1 0
    outer loop
      vertex 10.906254 -1.3999996 7.7001534
      vertex 13.15 -1.3999996 10
      vertex 10.848011 -1.3999996 7.713172
    endloop
  endfacet
  facet normal 0 -1 0
    outer loop
      vertex 10.963565 -1.3999996 7.683503
      vertex 13.15 -1.3999996 10
      vertex 10.906254 -1.3999996 7.7001534
    endloop
  endfacet
  facet normal 0 -1 0
    outer loop
      vertex 11.019717 -1.3999996 7.663287
      vertex 13.15 -1.3999996 10
      vertex 10.963565 -1.3999996 7.683503
    endloop
  endfacet
  facet normal 0 -1 0
    outer loop
      vertex 11.074489 -1.3999996 7.6395845
      vertex 13.15 -1.3999996 10
      vertex 11.019717 -1.3999996 7.663287
    endloop
  endfacet
  facet normal 0 -1 0
    outer loop
      vertex 11.127665 -1.3999996 7.6124907
      vertex 13.15 -1.3999996 10
      vertex 11.074489 -1.3999996 7.6395845
    endloop
  endfacet
  facet normal 0 -1 0
    outer loop
      vertex 11.179034 -1.3999996 7.5821104
      vertex 13.15 -1.3999996 10
      vertex 11.127665 -1.3999996 7.6124907
    endloop
  endfacet
  facet normal 0 -1 0
    outer loop
      vertex 11.2283945 -1.3999996 7.548566
      vertex 13.15 -1.3999996 10
      vertex 11.179034 -1.3999996 7.5821104
    endloop
  endfacet
  facet normal 0 -1 0
    outer loop
      vertex 11.275552 -1.3999996 7.5119867
      vertex 13.15 -1.3999996 10
      vertex 11.2283945 -1.3999996 7.548566
    endloop
  endfacet
  facet normal 0 -1 0
    outer loop
      vertex 11.320318 -1.3999996 7.47252
      vertex 13.15 -1.3999996 10
      vertex 11.275552 -1.3999996 7.5119867
    endloop
  endfacet
  facet normal 0 -1 0
    outer loop
      vertex 11.362519 -1.3999996 7.430319
      vertex 13.15 -1.3999996 10
      vertex 11.320318 -1.3999996 7.47252
    endloop
  endfacet
  facet normal 0 -1 0
    outer loop
      vertex 11.401986 -1.3999996 7.3855524
      vertex 13.15 -1.3999996 10
      vertex 11.362519 -1.3999996 7.430319
    endloop
  endfacet
  facet normal 0 -1 0
    outer loop
      vertex 11.438565 -1.3999996 7.338395
      vertex 13.15 -1.3999996 10
      vertex 11.401986 -1.3999996 7.3855524
    endloop
  endfacet
  facet normal 0 -1 0
    outer loop
      vertex 11.47211 -1.3999996 7.289035
      vertex 13.15 -1.3999996 10
      vertex 11.438565 -1.3999996 7.338395
    endloop
  endfacet
  facet normal 0 -1 0
    outer loop
      vertex 11.50249 -1.3999996 7.237665
      vertex 13.15 -1.3999996 10
      vertex 11.47211 -1.3999996 7.289035
    endloop
  endfacet
  facet normal 0 -1 0
    outer loop
      vertex 11.529584 -1.3999996 7.1844893
      vertex 13.15 -1.3999996 10
      vertex 11.50249 -1.3999996 7.237665
    endloop
  endfacet
  facet normal 0 -1 0
    outer loop
      vertex 11.553287 -1.3999996 7.129718
      vertex 13.15 -1.3999996 10
      vertex 11.529584 -1.3999996 7.1844893
    endloop
  endfacet
  facet normal 0 -1 0
    outer loop
      vertex 13.15 -1.3999996 5.8200006
      vertex 11.553287 -1.3999996 7.129718
      vertex 11.573503 -1.3999996 7.0735655
    endloop
  endfacet
  facet normal 0 -1 0
    outer loop
      vertex 13.15 -1.3999996 5.8200006
      vertex 11.573503 -1.3999996 7.0735655
      vertex 11.590153 -1.3999996 7.0162544
    endloop
  endfacet
  facet normal 0 -1 0
    outer loop
      vertex 13.15 -1.3999996 5.8200006
      vertex 11.590153 -1.3999996 7.0162544
      vertex 11.603171 -1.3999996 6.9580116
    endloop
  endfacet
  facet normal 0 -1 0
    outer loop
      vertex 12.919999 -1.3999996 5.8200006
      vertex 11.603171 -1.3999996 6.9580116
      vertex 11.612508 -1.3999996 6.899066
    endloop
  endfacet
  facet normal 0 -1 0
    outer loop
      vertex 12.919999 -1.3999996 5.8200006
      vertex 11.612508 -1.3999996 6.899066
      vertex 11.618124 -1.3999996 6.83965
    endloop
  endfacet
  facet normal 0 -1 0
    outer loop
      vertex 12.919999 -1.3999996 5.8200006
      vertex 11.618124 -1.3999996 6.83965
      vertex 11.619999 -1.3999996 6.7799997
    endloop
  endfacet
  facet normal 0 -1 0
    outer loop
      vertex 12.32 -1.3999996 5.8200006
      vertex 11.619999 -1.3999996 6.7799997
      vertex 11.619999 -1.3999996 5.8200006
    endloop
  endfacet
  facet normal 0 -1 0
    outer loop
      vertex 12.919999 -1.3999996 5.8200006
      vertex 11.619999 -1.3999996 6.7799997
      vertex 12.32 -1.3999996 5.8200006
    endloop
  endfacet
  facet normal 0 -1 0
    outer loop
      vertex 11.603171 -1.3999996 6.9580116
      vertex 12.919999 -1.3999996 5.8200006
      vertex 13.15 -1.3999996 5.8200006
    endloop
  endfacet
  facet normal 0 -1 0
    outer loop
      vertex 11.553287 -1.3999996 7.129718
      vertex 13.15 -1.3999996 5.8200006
      vertex 13.15 -1.3999996 10
    endloop
  endfacet
  facet normal 1 0 0
    outer loop
      vertex 0.8500004 -3.7999997 10
      vertex 0.8500004 -1.3999996 5.8200006
      vertex 0.8500004 -1.3999996 10
    endloop
  endfacet
  facet normal 1 0 0
    outer loop
      vertex 0.8500004 -20 5.8200006
      vertex 0.8500004 -3.7999997 10
      vertex 0.8500004 -20 10
    endloop
  endfacet
  facet normal 1 0 0
    outer loop
      vertex 0.8500004 -3.7999997 10
      vertex 0.8500004 -20 5.8200006
      vertex 0.8500004 -1.3999996 5.8200006
    endloop
  endfacet
  facet normal 0 0 1
    outer loop
      vertex 0.8500004 -1.3999996 5.8200006
      vertex 1.0800009 -20 5.8200006
      vertex 1.0800009 -1.3999996 5.8200006
    endloop
  endfacet
  facet normal 0 0 1
    outer loop
      vertex 1.0800009 -20 5.8200006
      vertex 0.8500004 -1.3999996 5.8200006
      vertex 0.8500004 -20 5.8200006
    endloop
  endfacet
  facet normal 0 0 1
    outer loop
      vertex 12.919999 -1.3999996 5.8200006
      vertex 13.15 -20 5.8200006
      vertex 13.15 -1.3999996 5.8200006
    endloop
  endfacet
  facet normal 0 0 1
    outer loop
      vertex 13.15 -20 5.8200006
      vertex 12.919999 -1.3999996 5.8200006
      vertex 12.919999 -20 5.8200006
    endloop
  endfacet
  facet normal 0 0 1
    outer loop
      vertex 1.6800003 -1.3999996 5.8200006
      vertex 2.380001 -20 5.8200006
      vertex 2.380001 -1.3999996 5.8200006
    endloop
  endfacet
  facet normal 0 0 1
    outer loop
      vertex 2.380001 -20 5.8200006
      vertex 1.6800003 -1.3999996 5.8200006
      vertex 1.6800003 -20 5.8200006
    endloop
  endfacet
  facet normal 0 0 1
    outer loop
      vertex 11.619999 -1.3999996 5.8200006
      vertex 12.32 -20 5.8200006
      vertex 12.32 -1.3999996 5.8200006
    endloop
  endfacet
  facet normal 0 0 1
    outer loop
      vertex 12.32 -20 5.8200006
      vertex 11.619999 -1.3999996 5.8200006
      vertex 11.619999 -20 5.8200006
    endloop
  endfacet
  facet normal -1 0 0
    outer loop
      vertex 1.6800003 -20 5.0200005
      vertex 1.6800003 -1.3999996 5.8200006
      vertex 1.6800003 -1.3999996 5.0200005
    endloop
  endfacet
  facet normal -1 0 0
    outer loop
      vertex 1.6800003 -1.3999996 5.8200006
      vertex 1.6800003 -20 5.0200005
      vertex 1.6800003 -20 5.8200006
    endloop
  endfacet
  facet normal 1 0 0
    outer loop
      vertex 1.0800009 -20 5.8200006
      vertex 1.0800009 -1.3999996 5.0200005
      vertex 1.0800009 -1.3999996 5.8200006
    endloop
  endfacet
  facet normal 1 0 0
    outer loop
      vertex 1.0800009 -1.3999996 5.0200005
      vertex 1.0800009 -20 5.8200006
      vertex 1.0800009 -20 5.0200005
    endloop
  endfacet
  facet normal 0 0 1
    outer loop
      vertex 1.0800009 -1.3999996 5.0200005
      vertex 1.6800003 -20 5.0200005
      vertex 1.6800003 -1.3999996 5.0200005
    endloop
  endfacet
  facet normal 0 0 1
    outer loop
      vertex 1.6800003 -20 5.0200005
      vertex 1.0800009 -1.3999996 5.0200005
      vertex 1.0800009 -20 5.0200005
    endloop
  endfacet
  facet normal -1 0 0
    outer loop
      vertex 12.919999 -20 5.0200005
      vertex 12.919999 -1.3999996 5.8200006
      vertex 12.919999 -1.3999996 5.0200005
    endloop
  endfacet
  facet normal -1 0 0
    outer loop
      vertex 12.919999 -1.3999996 5.8200006
      vertex 12.919999 -20 5.0200005
      vertex 12.919999 -20 5.8200006
    endloop
  endfacet
  facet normal 1 0 0
    outer loop
      vertex 12.32 -20 5.8200006
      vertex 12.32 -1.3999996 5.0200005
      vertex 12.32 -1.3999996 5.8200006
    endloop
  endfacet
  facet normal 1 0 0
    outer loop
      vertex 12.32 -1.3999996 5.0200005
      vertex 12.32 -20 5.8200006
      vertex 12.32 -20 5.0200005
    endloop
  endfacet
  facet normal 0 0 1
    outer loop
      vertex 12.32 -1.3999996 5.0200005
      vertex 12.919999 -20 5.0200005
      vertex 12.919999 -1.3999996 5.0200005
    endloop
  endfacet
  facet normal 0 0 1
    outer loop
      vertex 12.919999 -20 5.0200005
      vertex 12.32 -1.3999996 5.0200005
      vertex 12.32 -20 5.0200005
    endloop
  endfacet
  facet normal -1 0 0
    outer loop
      vertex 8 -21.8 8
      vertex 8 -20 10
      vertex 8 -20 8
    endloop
  endfacet
  facet normal -1 0 0
    outer loop
      vertex 8 -20 10
      vertex 8 -21.8 8
      vertex 8 -21.8 10
    endloop
  endfacet
  facet normal 1 0 0
    outer loop
      vertex 6 -21.8 10
      vertex 6 -20 8
      vertex 6 -20 10
    endloop
  endfacet
  facet normal 1 0 0
    outer loop
      vertex 6 -20 8
      vertex 6 -21.8 10
      vertex 6 -21.8 8
    endloop
  endfacet
  facet normal 0.9602945 0 0.27898845
    outer loop
      vertex -10.099465 -2.3999996 5.204193
      vertex -10.043381 -3.8146973e-7 5.0111465
      vertex -10.099465 -3.8146973e-7 5.204193
    endloop
  endfacet
  facet normal 0.9602945 0 0.27898845
    outer loop
      vertex -10.043381 -3.8146973e-7 5.0111465
      vertex -10.099465 -2.3999996 5.204193
      vertex -10.043381 -2.3999996 5.0111465
    endloop
  endfacet
  facet normal -0.9995064 0 -0.03141455
    outer loop
      vertex -3.8000002 -2.3999996 6
      vertex -3.8063154 -3.8146973e-7 6.2009296
      vertex -3.8000002 -3.8146973e-7 6
    endloop
  endfacet
  facet normal -0.9995064 0 -0.03141455
    outer loop
      vertex -3.8063154 -3.8146973e-7 6.2009296
      vertex -3.8000002 -2.3999996 6
      vertex -3.8063154 -2.3999996 6.2009296
    endloop
  endfacet
  facet normal -0.70710677 0 0.70710677
    outer loop
      vertex -4.80945 -2.3999996 3.6673012
      vertex -4.667301 -3.8146973e-7 3.8094501
      vertex -4.80945 -3.8146973e-7 3.6673012
    endloop
  endfacet
  facet normal -0.70710677 0 0.70710677
    outer loop
      vertex -4.667301 -3.8146973e-7 3.8094501
      vertex -4.80945 -2.3999996 3.6673012
      vertex -4.667301 -2.3999996 3.8094501
    endloop
  endfacet
  facet normal 0.9408812 0 0.33873677
    outer loop
      vertex -10.043381 -2.3999996 5.0111465
      vertex -9.975285 -3.8146973e-7 4.8220015
      vertex -10.043381 -3.8146973e-7 5.0111465
    endloop
  endfacet
  facet normal 0.9408812 0 0.33873677
    outer loop
      vertex -9.975285 -3.8146973e-7 4.8220015
      vertex -10.043381 -2.3999996 5.0111465
      vertex -9.975285 -2.3999996 4.8220015
    endloop
  endfacet
  facet normal -0.3971506 0 -0.91775346
    outer loop
      vertex -5.8220015 -2.3999996 8.975285
      vertex -5.6375065 -3.8146973e-7 8.895446
      vertex -5.6375065 -2.3999996 8.895446
    endloop
  endfacet
  facet normal -0.3971506 0 -0.91775346
    outer loop
      vertex -5.6375065 -3.8146973e-7 8.895446
      vertex -5.8220015 -2.3999996 8.975285
      vertex -5.8220015 -3.8146973e-7 8.975285
    endloop
  endfacet
  facet normal 0.03141455 0 0.9995064
    outer loop
      vertex -7.2009296 -3.8146973e-7 2.8063154
      vertex -7 -20 2.8000002
      vertex -7 -3.8146973e-7 2.8000002
    endloop
  endfacet
  facet normal 0.03141455 0 0.9995064
    outer loop
      vertex -7 -20 2.8000002
      vertex -7.2009296 -3.8146973e-7 2.8063154
      vertex -7.2009296 -20 2.8063154
    endloop
  endfacet
  facet normal -0.9876887 0 -0.15643224
    outer loop
      vertex -3.8252335 -2.3999996 6.401066
      vertex -3.8566809 -3.8146973e-7 6.59962
      vertex -3.8252335 -3.8146973e-7 6.401066
    endloop
  endfacet
  facet normal -0.9876887 0 -0.15643224
    outer loop
      vertex -3.8566809 -3.8146973e-7 6.59962
      vertex -3.8252335 -2.3999996 6.401066
      vertex -3.8566809 -2.3999996 6.59962
    endloop
  endfacet
  facet normal 0 1 0
    outer loop
      vertex -1.75 -20 10
      vertex -6 -20 8
      vertex -6 -20 10
    endloop
  endfacet
  facet normal 0 1 0
    outer loop
      vertex -6.4425597 -20 2.8500004
      vertex -6 -20 8
      vertex -1.75 -20 2.8500004
    endloop
  endfacet
  facet normal 0 1 0
    outer loop
      vertex -1.75 -20 2.8500004
      vertex -6 -20 8
      vertex -1.75 -20 10
    endloop
  endfacet
  facet normal 0 1 0
    outer loop
      vertex -8 -20 8
      vertex -12.25 -20 10
      vertex -8 -20 10
    endloop
  endfacet
  facet normal 0 1 0
    outer loop
      vertex -6.598934 -20 2.8252335
      vertex -6 -20 8
      vertex -6.4425597 -20 2.8500004
    endloop
  endfacet
  facet normal 0 1 0
    outer loop
      vertex -6.7990704 -20 2.8063154
      vertex -6 -20 8
      vertex -6.598934 -20 2.8252335
    endloop
  endfacet
  facet normal 0 1 0
    outer loop
      vertex -12.25 -20 2.8500004
      vertex -8 -20 8
      vertex -7.5574403 -20 2.8500004
    endloop
  endfacet
  facet normal 0 1 0
    outer loop
      vertex -8 -20 8
      vertex -12.25 -20 2.8500004
      vertex -12.25 -20 10
    endloop
  endfacet
  facet normal 0 1 0
    outer loop
      vertex -6 -20 8
      vertex -6.7990704 -20 2.8063154
      vertex -8 -20 8
    endloop
  endfacet
  facet normal 0 1 0
    outer loop
      vertex -8 -20 8
      vertex -7.401066 -20 2.8252335
      vertex -7.5574403 -20 2.8500004
    endloop
  endfacet
  facet normal 0 1 0
    outer loop
      vertex -7 -20 2.8000002
      vertex -8 -20 8
      vertex -6.7990704 -20 2.8063154
    endloop
  endfacet
  facet normal 0 1 0
    outer loop
      vertex -8 -20 8
      vertex -7.2009296 -20 2.8063154
      vertex -7.401066 -20 2.8252335
    endloop
  endfacet
  facet normal 0 1 0
    outer loop
      vertex -8 -20 8
      vertex -7 -20 2.8000002
      vertex -7.2009296 -20 2.8063154
    endloop
  endfacet
  facet normal -0.09410633 0 0.99556214
    outer loop
      vertex -6.7990704 -3.8146973e-7 2.8063154
      vertex -6.598934 -20 2.8252335
      vertex -6.598934 -3.8146973e-7 2.8252335
    endloop
  endfacet
  facet normal -0.09410633 0 0.99556214
    outer loop
      vertex -6.598934 -20 2.8252335
      vertex -6.7990704 -3.8146973e-7 2.8063154
      vertex -6.7990704 -20 2.8063154
    endloop
  endfacet
  facet normal 0.5620832 0 -0.8270807
    outer loop
      vertex -8.880913 -2.3999996 8.588854
      vertex -8.714645 -3.8146973e-7 8.701849
      vertex -8.714645 -2.3999996 8.701849
    endloop
  endfacet
  facet normal 0.5620832 0 -0.8270807
    outer loop
      vertex -8.714645 -3.8146973e-7 8.701849
      vertex -8.880913 -2.3999996 8.588854
      vertex -8.880913 -3.8146973e-7 8.588854
    endloop
  endfacet
  facet normal 0.70710677 0 0.70710677
    outer loop
      vertex -9.332699 -2.3999996 3.8094501
      vertex -9.19055 -3.8146973e-7 3.6673012
      vertex -9.332699 -3.8146973e-7 3.8094501
    endloop
  endfacet
  facet normal 0.70710677 0 0.70710677
    outer loop
      vertex -9.19055 -3.8146973e-7 3.6673012
      vertex -9.332699 -2.3999996 3.8094501
      vertex -9.19055 -2.3999996 3.6673012
    endloop
  endfacet
  facet normal -0.99556214 0 0.09410633
    outer loop
      vertex -3.8252335 -2.3999996 5.598934
      vertex -3.8063154 -3.8146973e-7 5.7990704
      vertex -3.8252335 -3.8146973e-7 5.598934
    endloop
  endfacet
  facet normal -0.99556214 0 0.09410633
    outer loop
      vertex -3.8063154 -3.8146973e-7 5.7990704
      vertex -3.8252335 -2.3999996 5.598934
      vertex -3.8063154 -2.3999996 5.7990704
    endloop
  endfacet
  facet normal 0.15643224 0 -0.9876887
    outer loop
      vertex -7.59962 -2.3999996 9.143319
      vertex -7.401066 -3.8146973e-7 9.174767
      vertex -7.401066 -2.3999996 9.174767
    endloop
  endfacet
  facet normal 0.15643224 0 -0.9876887
    outer loop
      vertex -7.401066 -3.8146973e-7 9.174767
      vertex -7.59962 -2.3999996 9.143319
      vertex -7.59962 -3.8146973e-7 9.143319
    endloop
  endfacet
  facet normal -0.97591597 0 -0.21814686
    outer loop
      vertex -3.8566809 -2.3999996 6.59962
      vertex -3.9005346 -3.8146973e-7 6.795807
      vertex -3.8566809 -3.8146973e-7 6.59962
    endloop
  endfacet
  facet normal -0.97591597 0 -0.21814686
    outer loop
      vertex -3.9005346 -3.8146973e-7 6.795807
      vertex -3.8566809 -2.3999996 6.59962
      vertex -3.9005346 -2.3999996 6.795807
    endloop
  endfacet
  facet normal 0.33873677 0 0.9408812
    outer loop
      vertex -8.177999 -3.8146973e-7 3.0247154
      vertex -7.9888535 -2.3999996 2.9566193
      vertex -7.9888535 -3.8146973e-7 2.9566193
    endloop
  endfacet
  facet normal 0.33873677 0 0.9408812
    outer loop
      vertex -7.9888535 -2.3999996 2.9566193
      vertex -8.177999 -3.8146973e-7 3.0247154
      vertex -8.177999 -2.3999996 3.0247154
    endloop
  endfacet
  facet normal -0.5620832 0 -0.8270807
    outer loop
      vertex -5.2853546 -2.3999996 8.701849
      vertex -5.119087 -3.8146973e-7 8.588854
      vertex -5.119087 -2.3999996 8.588854
    endloop
  endfacet
  facet normal -0.5620832 0 -0.8270807
    outer loop
      vertex -5.119087 -3.8146973e-7 8.588854
      vertex -5.2853546 -2.3999996 8.701849
      vertex -5.2853546 -3.8146973e-7 8.701849
    endloop
  endfacet
  facet normal -0.9602945 0 -0.27898845
    outer loop
      vertex -3.9005346 -2.3999996 6.795807
      vertex -3.9566193 -3.8146973e-7 6.9888535
      vertex -3.9005346 -3.8146973e-7 6.795807
    endloop
  endfacet
  facet normal -0.9602945 0 -0.27898845
    outer loop
      vertex -3.9566193 -3.8146973e-7 6.9888535
      vertex -3.9005346 -2.3999996 6.795807
      vertex -3.9566193 -2.3999996 6.9888535
    endloop
  endfacet
  facet normal -0.8910076 0 -0.4539884
    outer loop
      vertex -4.104554 -2.3999996 7.3624935
      vertex -4.195819 -3.8146973e-7 7.5416117
      vertex -4.104554 -3.8146973e-7 7.3624935
    endloop
  endfacet
  facet normal -0.8910076 0 -0.4539884
    outer loop
      vertex -4.195819 -3.8146973e-7 7.5416117
      vertex -4.104554 -2.3999996 7.3624935
      vertex -4.195819 -2.3999996 7.5416117
    endloop
  endfacet
  facet normal 0.86074144 0 0.5090424
    outer loop
      vertex -9.804181 -2.3999996 4.4583883
      vertex -9.701849 -3.8146973e-7 4.2853546
      vertex -9.804181 -3.8146973e-7 4.4583883
    endloop
  endfacet
  facet normal 0.86074144 0 0.5090424
    outer loop
      vertex -9.701849 -3.8146973e-7 4.2853546
      vertex -9.804181 -2.3999996 4.4583883
      vertex -9.701849 -2.3999996 4.2853546
    endloop
  endfacet
  facet normal -0.99556214 0 -0.09410633
    outer loop
      vertex -3.8063154 -2.3999996 6.2009296
      vertex -3.8252335 -3.8146973e-7 6.401066
      vertex -3.8063154 -3.8146973e-7 6.2009296
    endloop
  endfacet
  facet normal -0.99556214 0 -0.09410633
    outer loop
      vertex -3.8252335 -3.8146973e-7 6.401066
      vertex -3.8063154 -2.3999996 6.2009296
      vertex -3.8252335 -2.3999996 6.401066
    endloop
  endfacet
  facet normal -0.27898845 0 -0.9602945
    outer loop
      vertex -6.204193 -2.3999996 9.099465
      vertex -6.0111465 -3.8146973e-7 9.043381
      vertex -6.0111465 -2.3999996 9.043381
    endloop
  endfacet
  facet normal -0.27898845 0 -0.9602945
    outer loop
      vertex -6.0111465 -3.8146973e-7 9.043381
      vertex -6.204193 -2.3999996 9.099465
      vertex -6.204193 -3.8146973e-7 9.099465
    endloop
  endfacet
  facet normal 0.97591597 0 -0.21814686
    outer loop
      vertex -10.099465 -2.3999996 6.795807
      vertex -10.143319 -3.8146973e-7 6.59962
      vertex -10.099465 -3.8146973e-7 6.795807
    endloop
  endfacet
  facet normal 0.97591597 0 -0.21814686
    outer loop
      vertex -10.143319 -3.8146973e-7 6.59962
      vertex -10.099465 -2.3999996 6.795807
      vertex -10.143319 -2.3999996 6.59962
    endloop
  endfacet
  facet normal 0.3971506 0 -0.91775346
    outer loop
      vertex -8.3624935 -2.3999996 8.895446
      vertex -8.177999 -3.8146973e-7 8.975285
      vertex -8.177999 -2.3999996 8.975285
    endloop
  endfacet
  facet normal 0.3971506 0 -0.91775346
    outer loop
      vertex -8.177999 -3.8146973e-7 8.975285
      vertex -8.3624935 -2.3999996 8.895446
      vertex -8.3624935 -3.8146973e-7 8.895446
    endloop
  endfacet
  facet normal -0.33873677 0 -0.9408812
    outer loop
      vertex -6.0111465 -2.3999996 9.043381
      vertex -5.8220015 -3.8146973e-7 8.975285
      vertex -5.8220015 -2.3999996 8.975285
    endloop
  endfacet
  facet normal -0.33873677 0 -0.9408812
    outer loop
      vertex -5.8220015 -3.8146973e-7 8.975285
      vertex -6.0111465 -2.3999996 9.043381
      vertex -6.0111465 -3.8146973e-7 9.043381
    endloop
  endfacet
  facet normal -0.86074144 0 0.5090424
    outer loop
      vertex -4.298151 -2.3999996 4.2853546
      vertex -4.195819 -3.8146973e-7 4.4583883
      vertex -4.298151 -3.8146973e-7 4.2853546
    endloop
  endfacet
  facet normal -0.86074144 0 0.5090424
    outer loop
      vertex -4.195819 -3.8146973e-7 4.4583883
      vertex -4.298151 -2.3999996 4.2853546
      vertex -4.195819 -2.3999996 4.4583883
    endloop
  endfacet
  facet normal -0.9408812 0 0.33873677
    outer loop
      vertex -4.0247154 -2.3999996 4.8220015
      vertex -3.9566193 -3.8146973e-7 5.0111465
      vertex -4.0247154 -3.8146973e-7 4.8220015
    endloop
  endfacet
  facet normal -0.9408812 0 0.33873677
    outer loop
      vertex -3.9566193 -3.8146973e-7 5.0111465
      vertex -4.0247154 -2.3999996 4.8220015
      vertex -3.9566193 -2.3999996 5.0111465
    endloop
  endfacet
  facet normal -0.91775346 0 -0.3971506
    outer loop
      vertex -4.0247154 -2.3999996 7.1779985
      vertex -4.104554 -3.8146973e-7 7.3624935
      vertex -4.0247154 -3.8146973e-7 7.1779985
    endloop
  endfacet
  facet normal -0.91775346 0 -0.3971506
    outer loop
      vertex -4.104554 -3.8146973e-7 7.3624935
      vertex -4.0247154 -2.3999996 7.1779985
      vertex -4.104554 -2.3999996 7.3624935
    endloop
  endfacet
  facet normal -0.3971506 0 0.91775346
    outer loop
      vertex -5.8220015 -3.8146973e-7 3.0247154
      vertex -5.6375065 -2.3999996 3.1045542
      vertex -5.6375065 -3.8146973e-7 3.1045542
    endloop
  endfacet
  facet normal -0.3971506 0 0.91775346
    outer loop
      vertex -5.6375065 -2.3999996 3.1045542
      vertex -5.8220015 -3.8146973e-7 3.0247154
      vertex -5.8220015 -2.3999996 3.0247154
    endloop
  endfacet
  facet normal -0.70710677 0 -0.70710677
    outer loop
      vertex -4.667301 -2.3999996 8.19055
      vertex -4.80945 -3.8146973e-7 8.332699
      vertex -4.667301 -3.8146973e-7 8.19055
    endloop
  endfacet
  facet normal -0.70710677 0 -0.70710677
    outer loop
      vertex -4.80945 -3.8146973e-7 8.332699
      vertex -4.667301 -2.3999996 8.19055
      vertex -4.80945 -2.3999996 8.332699
    endloop
  endfacet
  facet normal 0.70710677 0 -0.70710677
    outer loop
      vertex -9.19055 -2.3999996 8.332699
      vertex -9.332699 -3.8146973e-7 8.19055
      vertex -9.19055 -3.8146973e-7 8.332699
    endloop
  endfacet
  facet normal 0.70710677 0 -0.70710677
    outer loop
      vertex -9.332699 -3.8146973e-7 8.19055
      vertex -9.19055 -2.3999996 8.332699
      vertex -9.332699 -2.3999996 8.19055
    endloop
  endfacet
  facet normal 0.61290884 0 -0.7901536
    outer loop
      vertex -9.039756 -2.3999996 8.465642
      vertex -8.880913 -3.8146973e-7 8.588854
      vertex -8.880913 -2.3999996 8.588854
    endloop
  endfacet
  facet normal 0.61290884 0 -0.7901536
    outer loop
      vertex -8.880913 -3.8146973e-7 8.588854
      vertex -9.039756 -2.3999996 8.465642
      vertex -9.039756 -3.8146973e-7 8.465642
    endloop
  endfacet
  facet normal 0.61290884 0 0.7901536
    outer loop
      vertex -9.039756 -3.8146973e-7 3.534358
      vertex -8.880913 -2.3999996 3.4111462
      vertex -8.880913 -3.8146973e-7 3.4111462
    endloop
  endfacet
  facet normal 0.61290884 0 0.7901536
    outer loop
      vertex -8.880913 -2.3999996 3.4111462
      vertex -9.039756 -3.8146973e-7 3.534358
      vertex -9.039756 -2.3999996 3.534358
    endloop
  endfacet
  facet normal 0.03141455 0 -0.9995064
    outer loop
      vertex -7.2009296 -2.3999996 9.193685
      vertex -7 -3.8146973e-7 9.2
      vertex -7 -2.3999996 9.2
    endloop
  endfacet
  facet normal 0.03141455 0 -0.9995064
    outer loop
      vertex -7 -3.8146973e-7 9.2
      vertex -7.2009296 -2.3999996 9.193685
      vertex -7.2009296 -3.8146973e-7 9.193685
    endloop
  endfacet
  facet normal 0.5090424 0 -0.86074144
    outer loop
      vertex -8.714645 -2.3999996 8.701849
      vertex -8.541612 -3.8146973e-7 8.804181
      vertex -8.541612 -2.3999996 8.804181
    endloop
  endfacet
  facet normal 0.5090424 0 -0.86074144
    outer loop
      vertex -8.541612 -3.8146973e-7 8.804181
      vertex -8.714645 -2.3999996 8.701849
      vertex -8.714645 -3.8146973e-7 8.701849
    endloop
  endfacet
  facet normal -0.9602945 0 0.27898845
    outer loop
      vertex -3.9566193 -2.3999996 5.0111465
      vertex -3.9005346 -3.8146973e-7 5.204193
      vertex -3.9566193 -3.8146973e-7 5.0111465
    endloop
  endfacet
  facet normal -0.9602945 0 0.27898845
    outer loop
      vertex -3.9005346 -3.8146973e-7 5.204193
      vertex -3.9566193 -2.3999996 5.0111465
      vertex -3.9005346 -2.3999996 5.204193
    endloop
  endfacet
  facet normal 0.9995064 0 -0.03141455
    outer loop
      vertex -10.193685 -2.3999996 6.2009296
      vertex -10.2 -3.8146973e-7 6
      vertex -10.193685 -3.8146973e-7 6.2009296
    endloop
  endfacet
  facet normal 0.9995064 0 -0.03141455
    outer loop
      vertex -10.2 -3.8146973e-7 6
      vertex -10.193685 -2.3999996 6.2009296
      vertex -10.2 -2.3999996 6
    endloop
  endfacet
  facet normal 0.9876887 0 -0.15643224
    outer loop
      vertex -10.143319 -2.3999996 6.59962
      vertex -10.174767 -3.8146973e-7 6.401066
      vertex -10.143319 -3.8146973e-7 6.59962
    endloop
  endfacet
  facet normal 0.9876887 0 -0.15643224
    outer loop
      vertex -10.174767 -3.8146973e-7 6.401066
      vertex -10.143319 -2.3999996 6.59962
      vertex -10.174767 -2.3999996 6.401066
    endloop
  endfacet
  facet normal 0.7901536 0 0.61290884
    outer loop
      vertex -9.588854 -2.3999996 4.119087
      vertex -9.465642 -3.8146973e-7 3.9602442
      vertex -9.588854 -3.8146973e-7 4.119087
    endloop
  endfacet
  facet normal 0.7901536 0 0.61290884
    outer loop
      vertex -9.465642 -3.8146973e-7 3.9602442
      vertex -9.588854 -2.3999996 4.119087
      vertex -9.465642 -2.3999996 3.9602442
    endloop
  endfacet
  facet normal -0.75011027 0 0.6613128
    outer loop
      vertex -4.667301 -2.3999996 3.8094501
      vertex -4.534358 -3.8146973e-7 3.9602442
      vertex -4.667301 -3.8146973e-7 3.8094501
    endloop
  endfacet
  facet normal -0.75011027 0 0.6613128
    outer loop
      vertex -4.534358 -3.8146973e-7 3.9602442
      vertex -4.667301 -2.3999996 3.8094501
      vertex -4.534358 -2.3999996 3.9602442
    endloop
  endfacet
  facet normal -0.97591597 0 0.21814686
    outer loop
      vertex -3.9005346 -2.3999996 5.204193
      vertex -3.8566809 -3.8146973e-7 5.40038
      vertex -3.9005346 -3.8146973e-7 5.204193
    endloop
  endfacet
  facet normal -0.97591597 0 0.21814686
    outer loop
      vertex -3.8566809 -3.8146973e-7 5.40038
      vertex -3.9005346 -2.3999996 5.204193
      vertex -3.8566809 -2.3999996 5.40038
    endloop
  endfacet
  facet normal -0.9876887 0 0.15643224
    outer loop
      vertex -3.8566809 -2.3999996 5.40038
      vertex -3.8252335 -3.8146973e-7 5.598934
      vertex -3.8566809 -3.8146973e-7 5.40038
    endloop
  endfacet
  facet normal -0.9876887 0 0.15643224
    outer loop
      vertex -3.8252335 -3.8146973e-7 5.598934
      vertex -3.8566809 -2.3999996 5.40038
      vertex -3.8252335 -2.3999996 5.598934
    endloop
  endfacet
  facet normal -0.27898845 0 0.9602945
    outer loop
      vertex -6.204193 -3.8146973e-7 2.9005346
      vertex -6.0111465 -2.3999996 2.9566193
      vertex -6.0111465 -3.8146973e-7 2.9566193
    endloop
  endfacet
  facet normal -0.27898845 0 0.9602945
    outer loop
      vertex -6.0111465 -2.3999996 2.9566193
      vertex -6.204193 -3.8146973e-7 2.9005346
      vertex -6.204193 -2.3999996 2.9005346
    endloop
  endfacet
  facet normal 0.9602945 0 -0.27898845
    outer loop
      vertex -10.043381 -2.3999996 6.9888535
      vertex -10.099465 -3.8146973e-7 6.795807
      vertex -10.043381 -3.8146973e-7 6.9888535
    endloop
  endfacet
  facet normal 0.9602945 0 -0.27898845
    outer loop
      vertex -10.099465 -3.8146973e-7 6.795807
      vertex -10.043381 -2.3999996 6.9888535
      vertex -10.099465 -2.3999996 6.795807
    endloop
  endfacet
  facet normal -0.9995064 0 0.03141455
    outer loop
      vertex -3.8063154 -2.3999996 5.7990704
      vertex -3.8000002 -3.8146973e-7 6
      vertex -3.8063154 -3.8146973e-7 5.7990704
    endloop
  endfacet
  facet normal -0.9995064 0 0.03141455
    outer loop
      vertex -3.8000002 -3.8146973e-7 6
      vertex -3.8063154 -2.3999996 5.7990704
      vertex -3.8000002 -2.3999996 6
    endloop
  endfacet
  facet normal 0.9408812 0 -0.33873677
    outer loop
      vertex -9.975285 -2.3999996 7.1779985
      vertex -10.043381 -3.8146973e-7 6.9888535
      vertex -9.975285 -3.8146973e-7 7.1779985
    endloop
  endfacet
  facet normal 0.9408812 0 -0.33873677
    outer loop
      vertex -10.043381 -3.8146973e-7 6.9888535
      vertex -9.975285 -2.3999996 7.1779985
      vertex -10.043381 -2.3999996 6.9888535
    endloop
  endfacet
  facet normal 0.21814686 0 0.97591597
    outer loop
      vertex -7.795807 -3.8146973e-7 2.9005346
      vertex -7.59962 -2.3999996 2.8566809
      vertex -7.59962 -3.8146973e-7 2.8566809
    endloop
  endfacet
  facet normal 0.21814686 0 0.97591597
    outer loop
      vertex -7.59962 -2.3999996 2.8566809
      vertex -7.795807 -3.8146973e-7 2.9005346
      vertex -7.795807 -2.3999996 2.9005346
    endloop
  endfacet
  facet normal -0.7901536 0 0.61290884
    outer loop
      vertex -4.534358 -2.3999996 3.9602442
      vertex -4.411146 -3.8146973e-7 4.119087
      vertex -4.534358 -3.8146973e-7 3.9602442
    endloop
  endfacet
  facet normal -0.7901536 0 0.61290884
    outer loop
      vertex -4.411146 -3.8146973e-7 4.119087
      vertex -4.534358 -2.3999996 3.9602442
      vertex -4.411146 -2.3999996 4.119087
    endloop
  endfacet
  facet normal 0.8270807 0 -0.5620832
    outer loop
      vertex -9.588854 -2.3999996 7.880913
      vertex -9.701849 -3.8146973e-7 7.7146454
      vertex -9.588854 -3.8146973e-7 7.880913
    endloop
  endfacet
  facet normal 0.8270807 0 -0.5620832
    outer loop
      vertex -9.701849 -3.8146973e-7 7.7146454
      vertex -9.588854 -2.3999996 7.880913
      vertex -9.701849 -2.3999996 7.7146454
    endloop
  endfacet
  facet normal -0.8270807 0 0.5620832
    outer loop
      vertex -4.411146 -2.3999996 4.119087
      vertex -4.298151 -3.8146973e-7 4.2853546
      vertex -4.411146 -3.8146973e-7 4.119087
    endloop
  endfacet
  facet normal -0.8270807 0 0.5620832
    outer loop
      vertex -4.298151 -3.8146973e-7 4.2853546
      vertex -4.411146 -2.3999996 4.119087
      vertex -4.298151 -2.3999996 4.2853546
    endloop
  endfacet
  facet normal -0.21814686 0 0.97591597
    outer loop
      vertex -6.40038 -3.8146973e-7 2.8566809
      vertex -6.204193 -2.3999996 2.9005346
      vertex -6.204193 -3.8146973e-7 2.9005346
    endloop
  endfacet
  facet normal -0.21814686 0 0.97591597
    outer loop
      vertex -6.204193 -2.3999996 2.9005346
      vertex -6.40038 -3.8146973e-7 2.8566809
      vertex -6.40038 -2.3999996 2.8566809
    endloop
  endfacet
  facet normal -0.5090424 0 -0.86074144
    outer loop
      vertex -5.4583883 -2.3999996 8.804181
      vertex -5.2853546 -3.8146973e-7 8.701849
      vertex -5.2853546 -2.3999996 8.701849
    endloop
  endfacet
  facet normal -0.5090424 0 -0.86074144
    outer loop
      vertex -5.2853546 -3.8146973e-7 8.701849
      vertex -5.4583883 -2.3999996 8.804181
      vertex -5.4583883 -3.8146973e-7 8.804181
    endloop
  endfacet
  facet normal -0.15643224 0 -0.9876887
    outer loop
      vertex -6.598934 -2.3999996 9.174767
      vertex -6.40038 -3.8146973e-7 9.143319
      vertex -6.40038 -2.3999996 9.143319
    endloop
  endfacet
  facet normal -0.15643224 0 -0.9876887
    outer loop
      vertex -6.40038 -3.8146973e-7 9.143319
      vertex -6.598934 -2.3999996 9.174767
      vertex -6.598934 -3.8146973e-7 9.174767
    endloop
  endfacet
  facet normal -0.21814686 0 -0.97591597
    outer loop
      vertex -6.40038 -2.3999996 9.143319
      vertex -6.204193 -3.8146973e-7 9.099465
      vertex -6.204193 -2.3999996 9.099465
    endloop
  endfacet
  facet normal -0.21814686 0 -0.97591597
    outer loop
      vertex -6.204193 -3.8146973e-7 9.099465
      vertex -6.40038 -2.3999996 9.143319
      vertex -6.40038 -3.8146973e-7 9.143319
    endloop
  endfacet
  facet normal -0.6613128 0 -0.75011027
    outer loop
      vertex -4.960244 -2.3999996 8.465642
      vertex -4.80945 -3.8146973e-7 8.332699
      vertex -4.80945 -2.3999996 8.332699
    endloop
  endfacet
  facet normal -0.6613128 0 -0.75011027
    outer loop
      vertex -4.80945 -3.8146973e-7 8.332699
      vertex -4.960244 -2.3999996 8.465642
      vertex -4.960244 -3.8146973e-7 8.465642
    endloop
  endfacet
  facet normal 0.5620832 0 0.8270807
    outer loop
      vertex -8.880913 -3.8146973e-7 3.4111462
      vertex -8.714645 -2.3999996 3.298151
      vertex -8.714645 -3.8146973e-7 3.298151
    endloop
  endfacet
  facet normal 0.5620832 0 0.8270807
    outer loop
      vertex -8.714645 -2.3999996 3.298151
      vertex -8.880913 -3.8146973e-7 3.4111462
      vertex -8.880913 -2.3999996 3.4111462
    endloop
  endfacet
  facet normal 0.9876887 0 0.15643224
    outer loop
      vertex -10.174767 -2.3999996 5.598934
      vertex -10.143319 -3.8146973e-7 5.40038
      vertex -10.174767 -3.8146973e-7 5.598934
    endloop
  endfacet
  facet normal 0.9876887 0 0.15643224
    outer loop
      vertex -10.143319 -3.8146973e-7 5.40038
      vertex -10.174767 -2.3999996 5.598934
      vertex -10.143319 -2.3999996 5.40038
    endloop
  endfacet
  facet normal -0.61290884 0 0.7901536
    outer loop
      vertex -5.119087 -3.8146973e-7 3.4111462
      vertex -4.960244 -2.3999996 3.534358
      vertex -4.960244 -3.8146973e-7 3.534358
    endloop
  endfacet
  facet normal -0.61290884 0 0.7901536
    outer loop
      vertex -4.960244 -2.3999996 3.534358
      vertex -5.119087 -3.8146973e-7 3.4111462
      vertex -5.119087 -2.3999996 3.4111462
    endloop
  endfacet
  facet normal 0.09410633 0 -0.99556214
    outer loop
      vertex -7.401066 -2.3999996 9.174767
      vertex -7.2009296 -3.8146973e-7 9.193685
      vertex -7.2009296 -2.3999996 9.193685
    endloop
  endfacet
  facet normal 0.09410633 0 -0.99556214
    outer loop
      vertex -7.2009296 -3.8146973e-7 9.193685
      vertex -7.401066 -2.3999996 9.174767
      vertex -7.401066 -3.8146973e-7 9.174767
    endloop
  endfacet
  facet normal -0.4539884 0 -0.8910076
    outer loop
      vertex -5.6375065 -2.3999996 8.895446
      vertex -5.4583883 -3.8146973e-7 8.804181
      vertex -5.4583883 -2.3999996 8.804181
    endloop
  endfacet
  facet normal -0.4539884 0 -0.8910076
    outer loop
      vertex -5.4583883 -3.8146973e-7 8.804181
      vertex -5.6375065 -2.3999996 8.895446
      vertex -5.6375065 -3.8146973e-7 8.895446
    endloop
  endfacet
  facet normal 0.27898845 0 -0.9602945
    outer loop
      vertex -7.9888535 -2.3999996 9.043381
      vertex -7.795807 -3.8146973e-7 9.099465
      vertex -7.795807 -2.3999996 9.099465
    endloop
  endfacet
  facet normal 0.27898845 0 -0.9602945
    outer loop
      vertex -7.795807 -3.8146973e-7 9.099465
      vertex -7.9888535 -2.3999996 9.043381
      vertex -7.9888535 -3.8146973e-7 9.043381
    endloop
  endfacet
  facet normal -0.8910076 0 0.4539884
    outer loop
      vertex -4.195819 -2.3999996 4.4583883
      vertex -4.104554 -3.8146973e-7 4.6375065
      vertex -4.195819 -3.8146973e-7 4.4583883
    endloop
  endfacet
  facet normal -0.8910076 0 0.4539884
    outer loop
      vertex -4.104554 -3.8146973e-7 4.6375065
      vertex -4.195819 -2.3999996 4.4583883
      vertex -4.104554 -2.3999996 4.6375065
    endloop
  endfacet
  facet normal 0.6613128 0 0.75011027
    outer loop
      vertex -9.19055 -3.8146973e-7 3.6673012
      vertex -9.039756 -2.3999996 3.534358
      vertex -9.039756 -3.8146973e-7 3.534358
    endloop
  endfacet
  facet normal 0.6613128 0 0.75011027
    outer loop
      vertex -9.039756 -2.3999996 3.534358
      vertex -9.19055 -3.8146973e-7 3.6673012
      vertex -9.19055 -2.3999996 3.6673012
    endloop
  endfacet
  facet normal -0.15643215 0 0.9876887
    outer loop
      vertex -6.40038 -3.8146973e-7 2.8566809
      vertex -6.4425597 -2.3999996 2.8500004
      vertex -6.40038 -2.3999996 2.8566809
    endloop
  endfacet
  facet normal -0.15643224 1.4939281e-9 0.9876887
    outer loop
      vertex -6.598934 -3.8146973e-7 2.8252335
      vertex -6.4425597 -2.3999996 2.8500004
      vertex -6.40038 -3.8146973e-7 2.8566809
    endloop
  endfacet
  facet normal -0.15643226 0 0.98768866
    outer loop
      vertex -6.598934 -20 2.8252335
      vertex -6.4425597 -2.3999996 2.8500004
      vertex -6.598934 -3.8146973e-7 2.8252335
    endloop
  endfacet
  facet normal -0.15643226 0 0.98768866
    outer loop
      vertex -6.4425597 -2.3999996 2.8500004
      vertex -6.598934 -20 2.8252335
      vertex -6.4425597 -20 2.8500004
    endloop
  endfacet
  facet normal -0.03141455 0 -0.9995064
    outer loop
      vertex -7 -2.3999996 9.2
      vertex -6.7990704 -3.8146973e-7 9.193685
      vertex -6.7990704 -2.3999996 9.193685
    endloop
  endfacet
  facet normal -0.03141455 0 -0.9995064
    outer loop
      vertex -6.7990704 -3.8146973e-7 9.193685
      vertex -7 -2.3999996 9.2
      vertex -7 -3.8146973e-7 9.2
    endloop
  endfacet
  facet normal -0.9408812 0 -0.33873677
    outer loop
      vertex -3.9566193 -2.3999996 6.9888535
      vertex -4.0247154 -3.8146973e-7 7.1779985
      vertex -3.9566193 -3.8146973e-7 6.9888535
    endloop
  endfacet
  facet normal -0.9408812 0 -0.33873677
    outer loop
      vertex -4.0247154 -3.8146973e-7 7.1779985
      vertex -3.9566193 -2.3999996 6.9888535
      vertex -4.0247154 -2.3999996 7.1779985
    endloop
  endfacet
  facet normal 0.15643226 0 0.98768866
    outer loop
      vertex -7.401066 -3.8146973e-7 2.8252335
      vertex -7.5574403 -2.3999996 2.8500004
      vertex -7.401066 -20 2.8252335
    endloop
  endfacet
  facet normal 0.15643224 1.4939281e-9 0.9876887
    outer loop
      vertex -7.59962 -3.8146973e-7 2.8566809
      vertex -7.5574403 -2.3999996 2.8500004
      vertex -7.401066 -3.8146973e-7 2.8252335
    endloop
  endfacet
  facet normal 0.15643215 0 0.9876887
    outer loop
      vertex -7.5574403 -2.3999996 2.8500004
      vertex -7.59962 -3.8146973e-7 2.8566809
      vertex -7.59962 -2.3999996 2.8566809
    endloop
  endfacet
  facet normal 0.15643226 0 0.98768866
    outer loop
      vertex -7.401066 -20 2.8252335
      vertex -7.5574403 -2.3999996 2.8500004
      vertex -7.5574403 -20 2.8500004
    endloop
  endfacet
  facet normal 0.21814686 0 -0.97591597
    outer loop
      vertex -7.795807 -2.3999996 9.099465
      vertex -7.59962 -3.8146973e-7 9.143319
      vertex -7.59962 -2.3999996 9.143319
    endloop
  endfacet
  facet normal 0.21814686 0 -0.97591597
    outer loop
      vertex -7.59962 -3.8146973e-7 9.143319
      vertex -7.795807 -2.3999996 9.099465
      vertex -7.795807 -3.8146973e-7 9.099465
    endloop
  endfacet
  facet normal 0.8910076 0 -0.4539884
    outer loop
      vertex -9.804181 -2.3999996 7.5416117
      vertex -9.895446 -3.8146973e-7 7.3624935
      vertex -9.804181 -3.8146973e-7 7.5416117
    endloop
  endfacet
  facet normal 0.8910076 0 -0.4539884
    outer loop
      vertex -9.895446 -3.8146973e-7 7.3624935
      vertex -9.804181 -2.3999996 7.5416117
      vertex -9.895446 -2.3999996 7.3624935
    endloop
  endfacet
  facet normal -0.4539884 0 0.8910076
    outer loop
      vertex -5.6375065 -3.8146973e-7 3.1045542
      vertex -5.4583883 -2.3999996 3.195819
      vertex -5.4583883 -3.8146973e-7 3.195819
    endloop
  endfacet
  facet normal -0.4539884 0 0.8910076
    outer loop
      vertex -5.4583883 -2.3999996 3.195819
      vertex -5.6375065 -3.8146973e-7 3.1045542
      vertex -5.6375065 -2.3999996 3.1045542
    endloop
  endfacet
  facet normal -0.5090424 0 0.86074144
    outer loop
      vertex -5.4583883 -3.8146973e-7 3.195819
      vertex -5.2853546 -2.3999996 3.298151
      vertex -5.2853546 -3.8146973e-7 3.298151
    endloop
  endfacet
  facet normal -0.5090424 0 0.86074144
    outer loop
      vertex -5.2853546 -2.3999996 3.298151
      vertex -5.4583883 -3.8146973e-7 3.195819
      vertex -5.4583883 -2.3999996 3.195819
    endloop
  endfacet
  facet normal 0.91775346 0 0.3971506
    outer loop
      vertex -9.975285 -2.3999996 4.8220015
      vertex -9.895446 -3.8146973e-7 4.6375065
      vertex -9.975285 -3.8146973e-7 4.8220015
    endloop
  endfacet
  facet normal 0.91775346 0 0.3971506
    outer loop
      vertex -9.895446 -3.8146973e-7 4.6375065
      vertex -9.975285 -2.3999996 4.8220015
      vertex -9.895446 -2.3999996 4.6375065
    endloop
  endfacet
  facet normal -0.75011027 0 -0.6613128
    outer loop
      vertex -4.534358 -2.3999996 8.039756
      vertex -4.667301 -3.8146973e-7 8.19055
      vertex -4.534358 -3.8146973e-7 8.039756
    endloop
  endfacet
  facet normal -0.75011027 0 -0.6613128
    outer loop
      vertex -4.667301 -3.8146973e-7 8.19055
      vertex -4.534358 -2.3999996 8.039756
      vertex -4.667301 -2.3999996 8.19055
    endloop
  endfacet
  facet normal -0.5620832 0 0.8270807
    outer loop
      vertex -5.2853546 -3.8146973e-7 3.298151
      vertex -5.119087 -2.3999996 3.4111462
      vertex -5.119087 -3.8146973e-7 3.4111462
    endloop
  endfacet
  facet normal -0.5620832 0 0.8270807
    outer loop
      vertex -5.119087 -2.3999996 3.4111462
      vertex -5.2853546 -3.8146973e-7 3.298151
      vertex -5.2853546 -2.3999996 3.298151
    endloop
  endfacet
  facet normal -0.33873677 0 0.9408812
    outer loop
      vertex -6.0111465 -3.8146973e-7 2.9566193
      vertex -5.8220015 -2.3999996 3.0247154
      vertex -5.8220015 -3.8146973e-7 3.0247154
    endloop
  endfacet
  facet normal -0.33873677 0 0.9408812
    outer loop
      vertex -5.8220015 -2.3999996 3.0247154
      vertex -6.0111465 -3.8146973e-7 2.9566193
      vertex -6.0111465 -2.3999996 2.9566193
    endloop
  endfacet
  facet normal 0.99556214 0 0.09410633
    outer loop
      vertex -10.193685 -2.3999996 5.7990704
      vertex -10.174767 -3.8146973e-7 5.598934
      vertex -10.193685 -3.8146973e-7 5.7990704
    endloop
  endfacet
  facet normal 0.99556214 0 0.09410633
    outer loop
      vertex -10.174767 -3.8146973e-7 5.598934
      vertex -10.193685 -2.3999996 5.7990704
      vertex -10.174767 -2.3999996 5.598934
    endloop
  endfacet
  facet normal 0.33873677 0 -0.9408812
    outer loop
      vertex -8.177999 -2.3999996 8.975285
      vertex -7.9888535 -3.8146973e-7 9.043381
      vertex -7.9888535 -2.3999996 9.043381
    endloop
  endfacet
  facet normal 0.33873677 0 -0.9408812
    outer loop
      vertex -7.9888535 -3.8146973e-7 9.043381
      vertex -8.177999 -2.3999996 8.975285
      vertex -8.177999 -3.8146973e-7 8.975285
    endloop
  endfacet
  facet normal -0.09410633 0 -0.99556214
    outer loop
      vertex -6.7990704 -2.3999996 9.193685
      vertex -6.598934 -3.8146973e-7 9.174767
      vertex -6.598934 -2.3999996 9.174767
    endloop
  endfacet
  facet normal -0.09410633 0 -0.99556214
    outer loop
      vertex -6.598934 -3.8146973e-7 9.174767
      vertex -6.7990704 -2.3999996 9.193685
      vertex -6.7990704 -3.8146973e-7 9.193685
    endloop
  endfacet
  facet normal 0.9995064 0 0.03141455
    outer loop
      vertex -10.2 -2.3999996 6
      vertex -10.193685 -3.8146973e-7 5.7990704
      vertex -10.2 -3.8146973e-7 6
    endloop
  endfacet
  facet normal 0.9995064 0 0.03141455
    outer loop
      vertex -10.193685 -3.8146973e-7 5.7990704
      vertex -10.2 -2.3999996 6
      vertex -10.193685 -2.3999996 5.7990704
    endloop
  endfacet
  facet normal -0.03141455 0 0.9995064
    outer loop
      vertex -7 -3.8146973e-7 2.8000002
      vertex -6.7990704 -20 2.8063154
      vertex -6.7990704 -3.8146973e-7 2.8063154
    endloop
  endfacet
  facet normal -0.03141455 0 0.9995064
    outer loop
      vertex -6.7990704 -20 2.8063154
      vertex -7 -3.8146973e-7 2.8000002
      vertex -7 -20 2.8000002
    endloop
  endfacet
  facet normal 0.86074144 0 -0.5090424
    outer loop
      vertex -9.701849 -2.3999996 7.7146454
      vertex -9.804181 -3.8146973e-7 7.5416117
      vertex -9.701849 -3.8146973e-7 7.7146454
    endloop
  endfacet
  facet normal 0.86074144 0 -0.5090424
    outer loop
      vertex -9.804181 -3.8146973e-7 7.5416117
      vertex -9.701849 -2.3999996 7.7146454
      vertex -9.804181 -2.3999996 7.5416117
    endloop
  endfacet
  facet normal 0.5090424 0 0.86074144
    outer loop
      vertex -8.714645 -3.8146973e-7 3.298151
      vertex -8.541612 -2.3999996 3.195819
      vertex -8.541612 -3.8146973e-7 3.195819
    endloop
  endfacet
  facet normal 0.5090424 0 0.86074144
    outer loop
      vertex -8.541612 -2.3999996 3.195819
      vertex -8.714645 -3.8146973e-7 3.298151
      vertex -8.714645 -2.3999996 3.298151
    endloop
  endfacet
  facet normal -0.7901536 0 -0.61290884
    outer loop
      vertex -4.411146 -2.3999996 7.880913
      vertex -4.534358 -3.8146973e-7 8.039756
      vertex -4.411146 -3.8146973e-7 7.880913
    endloop
  endfacet
  facet normal -0.7901536 0 -0.61290884
    outer loop
      vertex -4.534358 -3.8146973e-7 8.039756
      vertex -4.411146 -2.3999996 7.880913
      vertex -4.534358 -2.3999996 8.039756
    endloop
  endfacet
  facet normal 0.3971506 0 0.91775346
    outer loop
      vertex -8.3624935 -3.8146973e-7 3.1045542
      vertex -8.177999 -2.3999996 3.0247154
      vertex -8.177999 -3.8146973e-7 3.0247154
    endloop
  endfacet
  facet normal 0.3971506 0 0.91775346
    outer loop
      vertex -8.177999 -2.3999996 3.0247154
      vertex -8.3624935 -3.8146973e-7 3.1045542
      vertex -8.3624935 -2.3999996 3.1045542
    endloop
  endfacet
  facet normal 0.09410633 0 0.99556214
    outer loop
      vertex -7.401066 -3.8146973e-7 2.8252335
      vertex -7.2009296 -20 2.8063154
      vertex -7.2009296 -3.8146973e-7 2.8063154
    endloop
  endfacet
  facet normal 0.09410633 0 0.99556214
    outer loop
      vertex -7.2009296 -20 2.8063154
      vertex -7.401066 -3.8146973e-7 2.8252335
      vertex -7.401066 -20 2.8252335
    endloop
  endfacet
  facet normal 0.91775346 0 -0.3971506
    outer loop
      vertex -9.895446 -2.3999996 7.3624935
      vertex -9.975285 -3.8146973e-7 7.1779985
      vertex -9.895446 -3.8146973e-7 7.3624935
    endloop
  endfacet
  facet normal 0.91775346 0 -0.3971506
    outer loop
      vertex -9.975285 -3.8146973e-7 7.1779985
      vertex -9.895446 -2.3999996 7.3624935
      vertex -9.975285 -2.3999996 7.1779985
    endloop
  endfacet
  facet normal 0.99556214 0 -0.09410633
    outer loop
      vertex -10.174767 -2.3999996 6.401066
      vertex -10.193685 -3.8146973e-7 6.2009296
      vertex -10.174767 -3.8146973e-7 6.401066
    endloop
  endfacet
  facet normal 0.99556214 0 -0.09410633
    outer loop
      vertex -10.193685 -3.8146973e-7 6.2009296
      vertex -10.174767 -2.3999996 6.401066
      vertex -10.193685 -2.3999996 6.2009296
    endloop
  endfacet
  facet normal -0.8270807 0 -0.5620832
    outer loop
      vertex -4.298151 -2.3999996 7.7146454
      vertex -4.411146 -3.8146973e-7 7.880913
      vertex -4.298151 -3.8146973e-7 7.7146454
    endloop
  endfacet
  facet normal -0.8270807 0 -0.5620832
    outer loop
      vertex -4.411146 -3.8146973e-7 7.880913
      vertex -4.298151 -2.3999996 7.7146454
      vertex -4.411146 -2.3999996 7.880913
    endloop
  endfacet
  facet normal 0.8270807 0 0.5620832
    outer loop
      vertex -9.701849 -2.3999996 4.2853546
      vertex -9.588854 -3.8146973e-7 4.119087
      vertex -9.701849 -3.8146973e-7 4.2853546
    endloop
  endfacet
  facet normal 0.8270807 0 0.5620832
    outer loop
      vertex -9.588854 -3.8146973e-7 4.119087
      vertex -9.701849 -2.3999996 4.2853546
      vertex -9.588854 -2.3999996 4.119087
    endloop
  endfacet
  facet normal -0.61290884 0 -0.7901536
    outer loop
      vertex -5.119087 -2.3999996 8.588854
      vertex -4.960244 -3.8146973e-7 8.465642
      vertex -4.960244 -2.3999996 8.465642
    endloop
  endfacet
  facet normal -0.61290884 0 -0.7901536
    outer loop
      vertex -4.960244 -3.8146973e-7 8.465642
      vertex -5.119087 -2.3999996 8.588854
      vertex -5.119087 -3.8146973e-7 8.588854
    endloop
  endfacet
  facet normal 0.97591597 0 0.21814686
    outer loop
      vertex -10.143319 -2.3999996 5.40038
      vertex -10.099465 -3.8146973e-7 5.204193
      vertex -10.143319 -3.8146973e-7 5.40038
    endloop
  endfacet
  facet normal 0.97591597 0 0.21814686
    outer loop
      vertex -10.099465 -3.8146973e-7 5.204193
      vertex -10.143319 -2.3999996 5.40038
      vertex -10.099465 -2.3999996 5.204193
    endloop
  endfacet
  facet normal 0.8910076 0 0.4539884
    outer loop
      vertex -9.895446 -2.3999996 4.6375065
      vertex -9.804181 -3.8146973e-7 4.4583883
      vertex -9.895446 -3.8146973e-7 4.6375065
    endloop
  endfacet
  facet normal 0.8910076 0 0.4539884
    outer loop
      vertex -9.804181 -3.8146973e-7 4.4583883
      vertex -9.895446 -2.3999996 4.6375065
      vertex -9.804181 -2.3999996 4.4583883
    endloop
  endfacet
  facet normal 0.75011027 0 -0.6613128
    outer loop
      vertex -9.332699 -2.3999996 8.19055
      vertex -9.465642 -3.8146973e-7 8.039756
      vertex -9.332699 -3.8146973e-7 8.19055
    endloop
  endfacet
  facet normal 0.75011027 0 -0.6613128
    outer loop
      vertex -9.465642 -3.8146973e-7 8.039756
      vertex -9.332699 -2.3999996 8.19055
      vertex -9.465642 -2.3999996 8.039756
    endloop
  endfacet
  facet normal 0.6613128 0 -0.75011027
    outer loop
      vertex -9.19055 -2.3999996 8.332699
      vertex -9.039756 -3.8146973e-7 8.465642
      vertex -9.039756 -2.3999996 8.465642
    endloop
  endfacet
  facet normal 0.6613128 0 -0.75011027
    outer loop
      vertex -9.039756 -3.8146973e-7 8.465642
      vertex -9.19055 -2.3999996 8.332699
      vertex -9.19055 -3.8146973e-7 8.332699
    endloop
  endfacet
  facet normal -0.86074144 0 -0.5090424
    outer loop
      vertex -4.195819 -2.3999996 7.5416117
      vertex -4.298151 -3.8146973e-7 7.7146454
      vertex -4.195819 -3.8146973e-7 7.5416117
    endloop
  endfacet
  facet normal -0.86074144 0 -0.5090424
    outer loop
      vertex -4.298151 -3.8146973e-7 7.7146454
      vertex -4.195819 -2.3999996 7.5416117
      vertex -4.298151 -2.3999996 7.7146454
    endloop
  endfacet
  facet normal -0.6613128 0 0.75011027
    outer loop
      vertex -4.960244 -3.8146973e-7 3.534358
      vertex -4.80945 -2.3999996 3.6673012
      vertex -4.80945 -3.8146973e-7 3.6673012
    endloop
  endfacet
  facet normal -0.6613128 0 0.75011027
    outer loop
      vertex -4.80945 -2.3999996 3.6673012
      vertex -4.960244 -3.8146973e-7 3.534358
      vertex -4.960244 -2.3999996 3.534358
    endloop
  endfacet
  facet normal 0.4539884 0 -0.8910076
    outer loop
      vertex -8.541612 -2.3999996 8.804181
      vertex -8.3624935 -3.8146973e-7 8.895446
      vertex -8.3624935 -2.3999996 8.895446
    endloop
  endfacet
  facet normal 0.4539884 0 -0.8910076
    outer loop
      vertex -8.3624935 -3.8146973e-7 8.895446
      vertex -8.541612 -2.3999996 8.804181
      vertex -8.541612 -3.8146973e-7 8.804181
    endloop
  endfacet
  facet normal 0.75011027 0 0.6613128
    outer loop
      vertex -9.465642 -2.3999996 3.9602442
      vertex -9.332699 -3.8146973e-7 3.8094501
      vertex -9.465642 -3.8146973e-7 3.9602442
    endloop
  endfacet
  facet normal 0.75011027 0 0.6613128
    outer loop
      vertex -9.332699 -3.8146973e-7 3.8094501
      vertex -9.465642 -2.3999996 3.9602442
      vertex -9.332699 -2.3999996 3.8094501
    endloop
  endfacet
  facet normal -0.91775346 0 0.3971506
    outer loop
      vertex -4.104554 -2.3999996 4.6375065
      vertex -4.0247154 -3.8146973e-7 4.8220015
      vertex -4.104554 -3.8146973e-7 4.6375065
    endloop
  endfacet
  facet normal -0.91775346 0 0.3971506
    outer loop
      vertex -4.0247154 -3.8146973e-7 4.8220015
      vertex -4.104554 -2.3999996 4.6375065
      vertex -4.0247154 -2.3999996 4.8220015
    endloop
  endfacet
  facet normal 0.7901536 0 -0.61290884
    outer loop
      vertex -9.465642 -2.3999996 8.039756
      vertex -9.588854 -3.8146973e-7 7.880913
      vertex -9.465642 -3.8146973e-7 8.039756
    endloop
  endfacet
  facet normal 0.7901536 0 -0.61290884
    outer loop
      vertex -9.588854 -3.8146973e-7 7.880913
      vertex -9.465642 -2.3999996 8.039756
      vertex -9.588854 -2.3999996 7.880913
    endloop
  endfacet
  facet normal 0.27898845 0 0.9602945
    outer loop
      vertex -7.9888535 -3.8146973e-7 2.9566193
      vertex -7.795807 -2.3999996 2.9005346
      vertex -7.795807 -3.8146973e-7 2.9005346
    endloop
  endfacet
  facet normal 0.27898845 0 0.9602945
    outer loop
      vertex -7.795807 -2.3999996 2.9005346
      vertex -7.9888535 -3.8146973e-7 2.9566193
      vertex -7.9888535 -2.3999996 2.9566193
    endloop
  endfacet
  facet normal 0.4539884 0 0.8910076
    outer loop
      vertex -8.541612 -3.8146973e-7 3.195819
      vertex -8.3624935 -2.3999996 3.1045542
      vertex -8.3624935 -3.8146973e-7 3.1045542
    endloop
  endfacet
  facet normal 0.4539884 0 0.8910076
    outer loop
      vertex -8.3624935 -2.3999996 3.1045542
      vertex -8.541612 -3.8146973e-7 3.195819
      vertex -8.541612 -2.3999996 3.195819
    endloop
  endfacet
  facet normal -1 0 0
    outer loop
      vertex -1.75 -2.3999996 2.8500004
      vertex -1.75 -3.7999997 10
      vertex -1.75 -2.3999996 10.849999
    endloop
  endfacet
  facet normal -1 0 0
    outer loop
      vertex -1.75 -20 2.8500004
      vertex -1.75 -3.7999997 10
      vertex -1.75 -2.3999996 2.8500004
    endloop
  endfacet
  facet normal -1 0 0
    outer loop
      vertex -1.75 -3.7999997 10
      vertex -1.75 -20 2.8500004
      vertex -1.75 -20 10
    endloop
  endfacet
  facet normal -1 0 0
    outer loop
      vertex -1.75 -2.3999996 10.849999
      vertex -1.75 -3.7999997 10
      vertex -1.75 -3.7999997 10.849999
    endloop
  endfacet
  facet normal 0 -1 0
    outer loop
      vertex -12.25 -2.3999996 10.849999
      vertex -7 -2.3999996 9.2
      vertex -1.75 -2.3999996 10.849999
    endloop
  endfacet
  facet normal 0 -1 0
    outer loop
      vertex -12.25 -2.3999996 10.849999
      vertex -7.2009296 -2.3999996 9.193685
      vertex -7 -2.3999996 9.2
    endloop
  endfacet
  facet normal 0 -1 0
    outer loop
      vertex -12.25 -2.3999996 10.849999
      vertex -7.401066 -2.3999996 9.174767
      vertex -7.2009296 -2.3999996 9.193685
    endloop
  endfacet
  facet normal 0 -1 0
    outer loop
      vertex -12.25 -2.3999996 10.849999
      vertex -7.59962 -2.3999996 9.143319
      vertex -7.401066 -2.3999996 9.174767
    endloop
  endfacet
  facet normal 0 -1 0
    outer loop
      vertex -12.25 -2.3999996 10.849999
      vertex -7.795807 -2.3999996 9.099465
      vertex -7.59962 -2.3999996 9.143319
    endloop
  endfacet
  facet normal 0 -1 0
    outer loop
      vertex -12.25 -2.3999996 10.849999
      vertex -7.9888535 -2.3999996 9.043381
      vertex -7.795807 -2.3999996 9.099465
    endloop
  endfacet
  facet normal 0 -1 0
    outer loop
      vertex -12.25 -2.3999996 10.849999
      vertex -8.177999 -2.3999996 8.975285
      vertex -7.9888535 -2.3999996 9.043381
    endloop
  endfacet
  facet normal 0 -1 0
    outer loop
      vertex -12.25 -2.3999996 10.849999
      vertex -8.3624935 -2.3999996 8.895446
      vertex -8.177999 -2.3999996 8.975285
    endloop
  endfacet
  facet normal 0 -1 0
    outer loop
      vertex -12.25 -2.3999996 10.849999
      vertex -8.541612 -2.3999996 8.804181
      vertex -8.3624935 -2.3999996 8.895446
    endloop
  endfacet
  facet normal 0 -1 0
    outer loop
      vertex -12.25 -2.3999996 10.849999
      vertex -8.714645 -2.3999996 8.701849
      vertex -8.541612 -2.3999996 8.804181
    endloop
  endfacet
  facet normal 0 -1 0
    outer loop
      vertex -12.25 -2.3999996 10.849999
      vertex -8.880913 -2.3999996 8.588854
      vertex -8.714645 -2.3999996 8.701849
    endloop
  endfacet
  facet normal 0 -1 0
    outer loop
      vertex -12.25 -2.3999996 10.849999
      vertex -9.039756 -2.3999996 8.465642
      vertex -8.880913 -2.3999996 8.588854
    endloop
  endfacet
  facet normal 0 -1 0
    outer loop
      vertex -12.25 -2.3999996 10.849999
      vertex -9.19055 -2.3999996 8.332699
      vertex -9.039756 -2.3999996 8.465642
    endloop
  endfacet
  facet normal 0 -1 0
    outer loop
      vertex -12.25 -2.3999996 10.849999
      vertex -9.332699 -2.3999996 8.19055
      vertex -9.19055 -2.3999996 8.332699
    endloop
  endfacet
  facet normal 0 -1 0
    outer loop
      vertex -12.25 -2.3999996 10.849999
      vertex -9.465642 -2.3999996 8.039756
      vertex -9.332699 -2.3999996 8.19055
    endloop
  endfacet
  facet normal 0 -1 0
    outer loop
      vertex -12.25 -2.3999996 10.849999
      vertex -9.588854 -2.3999996 7.880913
      vertex -9.465642 -2.3999996 8.039756
    endloop
  endfacet
  facet normal 0 -1 0
    outer loop
      vertex -12.25 -2.3999996 10.849999
      vertex -9.701849 -2.3999996 7.7146454
      vertex -9.588854 -2.3999996 7.880913
    endloop
  endfacet
  facet normal 0 -1 0
    outer loop
      vertex -12.25 -2.3999996 10.849999
      vertex -9.804181 -2.3999996 7.5416117
      vertex -9.701849 -2.3999996 7.7146454
    endloop
  endfacet
  facet normal 0 -1 0
    outer loop
      vertex -12.25 -2.3999996 10.849999
      vertex -9.895446 -2.3999996 7.3624935
      vertex -9.804181 -2.3999996 7.5416117
    endloop
  endfacet
  facet normal 0 -1 0
    outer loop
      vertex -12.25 -2.3999996 10.849999
      vertex -9.975285 -2.3999996 7.1779985
      vertex -9.895446 -2.3999996 7.3624935
    endloop
  endfacet
  facet normal 0 -1 0
    outer loop
      vertex -12.25 -2.3999996 10.849999
      vertex -10.043381 -2.3999996 6.9888535
      vertex -9.975285 -2.3999996 7.1779985
    endloop
  endfacet
  facet normal 0 -1 0
    outer loop
      vertex -12.25 -2.3999996 10.849999
      vertex -10.099465 -2.3999996 6.795807
      vertex -10.043381 -2.3999996 6.9888535
    endloop
  endfacet
  facet normal 0 -1 0
    outer loop
      vertex -12.25 -2.3999996 10.849999
      vertex -10.143319 -2.3999996 6.59962
      vertex -10.099465 -2.3999996 6.795807
    endloop
  endfacet
  facet normal 0 -1 0
    outer loop
      vertex -12.25 -2.3999996 10.849999
      vertex -10.174767 -2.3999996 6.401066
      vertex -10.143319 -2.3999996 6.59962
    endloop
  endfacet
  facet normal 0 -1 0
    outer loop
      vertex -12.25 -2.3999996 2.8500004
      vertex -10.174767 -2.3999996 6.401066
      vertex -12.25 -2.3999996 10.849999
    endloop
  endfacet
  facet normal 0 -1 0
    outer loop
      vertex -10.174767 -2.3999996 6.401066
      vertex -12.25 -2.3999996 2.8500004
      vertex -10.193685 -2.3999996 6.2009296
    endloop
  endfacet
  facet normal 0 -1 0
    outer loop
      vertex -10.193685 -2.3999996 6.2009296
      vertex -12.25 -2.3999996 2.8500004
      vertex -10.2 -2.3999996 6
    endloop
  endfacet
  facet normal 0 -1 0
    outer loop
      vertex -10.2 -2.3999996 6
      vertex -12.25 -2.3999996 2.8500004
      vertex -10.193685 -2.3999996 5.7990704
    endloop
  endfacet
  facet normal 0 -1 0
    outer loop
      vertex -10.193685 -2.3999996 5.7990704
      vertex -12.25 -2.3999996 2.8500004
      vertex -10.174767 -2.3999996 5.598934
    endloop
  endfacet
  facet normal 0 -1 0
    outer loop
      vertex -10.174767 -2.3999996 5.598934
      vertex -12.25 -2.3999996 2.8500004
      vertex -10.143319 -2.3999996 5.40038
    endloop
  endfacet
  facet normal 0 -1 0
    outer loop
      vertex -10.143319 -2.3999996 5.40038
      vertex -12.25 -2.3999996 2.8500004
      vertex -10.099465 -2.3999996 5.204193
    endloop
  endfacet
  facet normal 0 -1 0
    outer loop
      vertex -10.099465 -2.3999996 5.204193
      vertex -12.25 -2.3999996 2.8500004
      vertex -10.043381 -2.3999996 5.0111465
    endloop
  endfacet
  facet normal 0 -1 0
    outer loop
      vertex -10.043381 -2.3999996 5.0111465
      vertex -12.25 -2.3999996 2.8500004
      vertex -9.975285 -2.3999996 4.8220015
    endloop
  endfacet
  facet normal 0 -1 0
    outer loop
      vertex -12.25 -2.3999996 2.8500004
      vertex -9.895446 -2.3999996 4.6375065
      vertex -9.975285 -2.3999996 4.8220015
    endloop
  endfacet
  facet normal 0 -1 0
    outer loop
      vertex -12.25 -2.3999996 2.8500004
      vertex -9.804181 -2.3999996 4.4583883
      vertex -9.895446 -2.3999996 4.6375065
    endloop
  endfacet
  facet normal 0 -1 0
    outer loop
      vertex -12.25 -2.3999996 2.8500004
      vertex -9.701849 -2.3999996 4.2853546
      vertex -9.804181 -2.3999996 4.4583883
    endloop
  endfacet
  facet normal 0 -1 0
    outer loop
      vertex -12.25 -2.3999996 2.8500004
      vertex -9.588854 -2.3999996 4.119087
      vertex -9.701849 -2.3999996 4.2853546
    endloop
  endfacet
  facet normal 0 -1 0
    outer loop
      vertex -12.25 -2.3999996 2.8500004
      vertex -9.465642 -2.3999996 3.9602442
      vertex -9.588854 -2.3999996 4.119087
    endloop
  endfacet
  facet normal 0 -1 0
    outer loop
      vertex -12.25 -2.3999996 2.8500004
      vertex -9.332699 -2.3999996 3.8094501
      vertex -9.465642 -2.3999996 3.9602442
    endloop
  endfacet
  facet normal 0 -1 0
    outer loop
      vertex -12.25 -2.3999996 2.8500004
      vertex -9.19055 -2.3999996 3.6673012
      vertex -9.332699 -2.3999996 3.8094501
    endloop
  endfacet
  facet normal 0 -1 0
    outer loop
      vertex -12.25 -2.3999996 2.8500004
      vertex -9.039756 -2.3999996 3.534358
      vertex -9.19055 -2.3999996 3.6673012
    endloop
  endfacet
  facet normal 0 -1 0
    outer loop
      vertex -12.25 -2.3999996 2.8500004
      vertex -8.880913 -2.3999996 3.4111462
      vertex -9.039756 -2.3999996 3.534358
    endloop
  endfacet
  facet normal 0 -1 0
    outer loop
      vertex -12.25 -2.3999996 2.8500004
      vertex -8.714645 -2.3999996 3.298151
      vertex -8.880913 -2.3999996 3.4111462
    endloop
  endfacet
  facet normal 0 -1 0
    outer loop
      vertex -12.25 -2.3999996 2.8500004
      vertex -8.541612 -2.3999996 3.195819
      vertex -8.714645 -2.3999996 3.298151
    endloop
  endfacet
  facet normal 0 -1 0
    outer loop
      vertex -12.25 -2.3999996 2.8500004
      vertex -8.3624935 -2.3999996 3.1045542
      vertex -8.541612 -2.3999996 3.195819
    endloop
  endfacet
  facet normal 0 -1 0
    outer loop
      vertex -12.25 -2.3999996 2.8500004
      vertex -8.177999 -2.3999996 3.0247154
      vertex -8.3624935 -2.3999996 3.1045542
    endloop
  endfacet
  facet normal 0 -1 0
    outer loop
      vertex -12.25 -2.3999996 2.8500004
      vertex -7.9888535 -2.3999996 2.9566193
      vertex -8.177999 -2.3999996 3.0247154
    endloop
  endfacet
  facet normal 0 -1 0
    outer loop
      vertex -12.25 -2.3999996 2.8500004
      vertex -7.795807 -2.3999996 2.9005346
      vertex -7.9888535 -2.3999996 2.9566193
    endloop
  endfacet
  facet normal 0 -1 0
    outer loop
      vertex -12.25 -2.3999996 2.8500004
      vertex -7.59962 -2.3999996 2.8566809
      vertex -7.795807 -2.3999996 2.9005346
    endloop
  endfacet
  facet normal 0 -1 0
    outer loop
      vertex -7.59962 -2.3999996 2.8566809
      vertex -12.25 -2.3999996 2.8500004
      vertex -7.5574403 -2.3999996 2.8500004
    endloop
  endfacet
  facet normal 0 -1 0
    outer loop
      vertex -6.7990704 -2.3999996 9.193685
      vertex -1.75 -2.3999996 10.849999
      vertex -7 -2.3999996 9.2
    endloop
  endfacet
  facet normal 0 -1 0
    outer loop
      vertex -6.598934 -2.3999996 9.174767
      vertex -1.75 -2.3999996 10.849999
      vertex -6.7990704 -2.3999996 9.193685
    endloop
  endfacet
  facet normal 0 -1 0
    outer loop
      vertex -6.40038 -2.3999996 9.143319
      vertex -1.75 -2.3999996 10.849999
      vertex -6.598934 -2.3999996 9.174767
    endloop
  endfacet
  facet normal 0 -1 0
    outer loop
      vertex -6.204193 -2.3999996 9.099465
      vertex -1.75 -2.3999996 10.849999
      vertex -6.40038 -2.3999996 9.143319
    endloop
  endfacet
  facet normal 0 -1 0
    outer loop
      vertex -6.0111465 -2.3999996 9.043381
      vertex -1.75 -2.3999996 10.849999
      vertex -6.204193 -2.3999996 9.099465
    endloop
  endfacet
  facet normal 0 -1 0
    outer loop
      vertex -5.8220015 -2.3999996 8.975285
      vertex -1.75 -2.3999996 10.849999
      vertex -6.0111465 -2.3999996 9.043381
    endloop
  endfacet
  facet normal 0 -1 0
    outer loop
      vertex -5.6375065 -2.3999996 8.895446
      vertex -1.75 -2.3999996 10.849999
      vertex -5.8220015 -2.3999996 8.975285
    endloop
  endfacet
  facet normal 0 -1 0
    outer loop
      vertex -5.4583883 -2.3999996 8.804181
      vertex -1.75 -2.3999996 10.849999
      vertex -5.6375065 -2.3999996 8.895446
    endloop
  endfacet
  facet normal 0 -1 0
    outer loop
      vertex -5.2853546 -2.3999996 8.701849
      vertex -1.75 -2.3999996 10.849999
      vertex -5.4583883 -2.3999996 8.804181
    endloop
  endfacet
  facet normal 0 -1 0
    outer loop
      vertex -5.119087 -2.3999996 8.588854
      vertex -1.75 -2.3999996 10.849999
      vertex -5.2853546 -2.3999996 8.701849
    endloop
  endfacet
  facet normal 0 -1 0
    outer loop
      vertex -4.960244 -2.3999996 8.465642
      vertex -1.75 -2.3999996 10.849999
      vertex -5.119087 -2.3999996 8.588854
    endloop
  endfacet
  facet normal 0 -1 0
    outer loop
      vertex -4.80945 -2.3999996 8.332699
      vertex -1.75 -2.3999996 10.849999
      vertex -4.960244 -2.3999996 8.465642
    endloop
  endfacet
  facet normal 0 -1 0
    outer loop
      vertex -4.667301 -2.3999996 8.19055
      vertex -1.75 -2.3999996 10.849999
      vertex -4.80945 -2.3999996 8.332699
    endloop
  endfacet
  facet normal 0 -1 0
    outer loop
      vertex -4.534358 -2.3999996 8.039756
      vertex -1.75 -2.3999996 10.849999
      vertex -4.667301 -2.3999996 8.19055
    endloop
  endfacet
  facet normal 0 -1 0
    outer loop
      vertex -4.411146 -2.3999996 7.880913
      vertex -1.75 -2.3999996 10.849999
      vertex -4.534358 -2.3999996 8.039756
    endloop
  endfacet
  facet normal 0 -1 0
    outer loop
      vertex -4.298151 -2.3999996 7.7146454
      vertex -1.75 -2.3999996 10.849999
      vertex -4.411146 -2.3999996 7.880913
    endloop
  endfacet
  facet normal 0 -1 0
    outer loop
      vertex -4.195819 -2.3999996 7.5416117
      vertex -1.75 -2.3999996 10.849999
      vertex -4.298151 -2.3999996 7.7146454
    endloop
  endfacet
  facet normal 0 -1 0
    outer loop
      vertex -4.104554 -2.3999996 7.3624935
      vertex -1.75 -2.3999996 10.849999
      vertex -4.195819 -2.3999996 7.5416117
    endloop
  endfacet
  facet normal 0 -1 0
    outer loop
      vertex -4.0247154 -2.3999996 7.1779985
      vertex -1.75 -2.3999996 10.849999
      vertex -4.104554 -2.3999996 7.3624935
    endloop
  endfacet
  facet normal 0 -1 0
    outer loop
      vertex -3.9566193 -2.3999996 6.9888535
      vertex -1.75 -2.3999996 10.849999
      vertex -4.0247154 -2.3999996 7.1779985
    endloop
  endfacet
  facet normal 0 -1 0
    outer loop
      vertex -3.9005346 -2.3999996 6.795807
      vertex -1.75 -2.3999996 10.849999
      vertex -3.9566193 -2.3999996 6.9888535
    endloop
  endfacet
  facet normal 0 -1 0
    outer loop
      vertex -3.8566809 -2.3999996 6.59962
      vertex -1.75 -2.3999996 10.849999
      vertex -3.9005346 -2.3999996 6.795807
    endloop
  endfacet
  facet normal 0 -1 0
    outer loop
      vertex -3.8252335 -2.3999996 6.401066
      vertex -1.75 -2.3999996 10.849999
      vertex -3.8566809 -2.3999996 6.59962
    endloop
  endfacet
  facet normal 0 -1 0
    outer loop
      vertex -1.75 -2.3999996 2.8500004
      vertex -3.8252335 -2.3999996 6.401066
      vertex -3.8063154 -2.3999996 6.2009296
    endloop
  endfacet
  facet normal 0 -1 0
    outer loop
      vertex -1.75 -2.3999996 2.8500004
      vertex -3.8063154 -2.3999996 6.2009296
      vertex -3.8000002 -2.3999996 6
    endloop
  endfacet
  facet normal 0 -1 0
    outer loop
      vertex -1.75 -2.3999996 2.8500004
      vertex -3.8000002 -2.3999996 6
      vertex -3.8063154 -2.3999996 5.7990704
    endloop
  endfacet
  facet normal 0 -1 0
    outer loop
      vertex -1.75 -2.3999996 2.8500004
      vertex -3.8063154 -2.3999996 5.7990704
      vertex -3.8252335 -2.3999996 5.598934
    endloop
  endfacet
  facet normal 0 -1 0
    outer loop
      vertex -1.75 -2.3999996 2.8500004
      vertex -3.8252335 -2.3999996 5.598934
      vertex -3.8566809 -2.3999996 5.40038
    endloop
  endfacet
  facet normal 0 -1 0
    outer loop
      vertex -1.75 -2.3999996 2.8500004
      vertex -3.8566809 -2.3999996 5.40038
      vertex -3.9005346 -2.3999996 5.204193
    endloop
  endfacet
  facet normal 0 -1 0
    outer loop
      vertex -1.75 -2.3999996 2.8500004
      vertex -3.9005346 -2.3999996 5.204193
      vertex -3.9566193 -2.3999996 5.0111465
    endloop
  endfacet
  facet normal 0 -1 0
    outer loop
      vertex -1.75 -2.3999996 2.8500004
      vertex -3.9566193 -2.3999996 5.0111465
      vertex -4.0247154 -2.3999996 4.8220015
    endloop
  endfacet
  facet normal 0 -1 0
    outer loop
      vertex -3.8252335 -2.3999996 6.401066
      vertex -1.75 -2.3999996 2.8500004
      vertex -1.75 -2.3999996 10.849999
    endloop
  endfacet
  facet normal 0 -1 0
    outer loop
      vertex -4.104554 -2.3999996 4.6375065
      vertex -1.75 -2.3999996 2.8500004
      vertex -4.0247154 -2.3999996 4.8220015
    endloop
  endfacet
  facet normal 0 -1 0
    outer loop
      vertex -4.195819 -2.3999996 4.4583883
      vertex -1.75 -2.3999996 2.8500004
      vertex -4.104554 -2.3999996 4.6375065
    endloop
  endfacet
  facet normal 0 -1 0
    outer loop
      vertex -4.298151 -2.3999996 4.2853546
      vertex -1.75 -2.3999996 2.8500004
      vertex -4.195819 -2.3999996 4.4583883
    endloop
  endfacet
  facet normal 0 -1 0
    outer loop
      vertex -4.411146 -2.3999996 4.119087
      vertex -1.75 -2.3999996 2.8500004
      vertex -4.298151 -2.3999996 4.2853546
    endloop
  endfacet
  facet normal 0 -1 0
    outer loop
      vertex -4.534358 -2.3999996 3.9602442
      vertex -1.75 -2.3999996 2.8500004
      vertex -4.411146 -2.3999996 4.119087
    endloop
  endfacet
  facet normal 0 -1 0
    outer loop
      vertex -4.667301 -2.3999996 3.8094501
      vertex -1.75 -2.3999996 2.8500004
      vertex -4.534358 -2.3999996 3.9602442
    endloop
  endfacet
  facet normal 0 -1 0
    outer loop
      vertex -4.80945 -2.3999996 3.6673012
      vertex -1.75 -2.3999996 2.8500004
      vertex -4.667301 -2.3999996 3.8094501
    endloop
  endfacet
  facet normal 0 -1 0
    outer loop
      vertex -4.960244 -2.3999996 3.534358
      vertex -1.75 -2.3999996 2.8500004
      vertex -4.80945 -2.3999996 3.6673012
    endloop
  endfacet
  facet normal 0 -1 0
    outer loop
      vertex -5.119087 -2.3999996 3.4111462
      vertex -1.75 -2.3999996 2.8500004
      vertex -4.960244 -2.3999996 3.534358
    endloop
  endfacet
  facet normal 0 -1 0
    outer loop
      vertex -5.2853546 -2.3999996 3.298151
      vertex -1.75 -2.3999996 2.8500004
      vertex -5.119087 -2.3999996 3.4111462
    endloop
  endfacet
  facet normal 0 -1 0
    outer loop
      vertex -5.4583883 -2.3999996 3.195819
      vertex -1.75 -2.3999996 2.8500004
      vertex -5.2853546 -2.3999996 3.298151
    endloop
  endfacet
  facet normal 0 -1 0
    outer loop
      vertex -5.6375065 -2.3999996 3.1045542
      vertex -1.75 -2.3999996 2.8500004
      vertex -5.4583883 -2.3999996 3.195819
    endloop
  endfacet
  facet normal 0 -1 0
    outer loop
      vertex -5.8220015 -2.3999996 3.0247154
      vertex -1.75 -2.3999996 2.8500004
      vertex -5.6375065 -2.3999996 3.1045542
    endloop
  endfacet
  facet normal 0 -1 0
    outer loop
      vertex -6.0111465 -2.3999996 2.9566193
      vertex -1.75 -2.3999996 2.8500004
      vertex -5.8220015 -2.3999996 3.0247154
    endloop
  endfacet
  facet normal 0 -1 0
    outer loop
      vertex -6.204193 -2.3999996 2.9005346
      vertex -1.75 -2.3999996 2.8500004
      vertex -6.0111465 -2.3999996 2.9566193
    endloop
  endfacet
  facet normal 0 -1 0
    outer loop
      vertex -6.40038 -2.3999996 2.8566809
      vertex -1.75 -2.3999996 2.8500004
      vertex -6.204193 -2.3999996 2.9005346
    endloop
  endfacet
  facet normal 0 -1 0
    outer loop
      vertex -1.75 -2.3999996 2.8500004
      vertex -6.40038 -2.3999996 2.8566809
      vertex -6.4425597 -2.3999996 2.8500004
    endloop
  endfacet
  facet normal 1 0 0
    outer loop
      vertex -12.25 -3.7999997 10
      vertex -12.25 -2.3999996 10.849999
      vertex -12.25 -3.7999997 10.849999
    endloop
  endfacet
  facet normal 1 0 0
    outer loop
      vertex -12.25 -2.3999996 10.849999
      vertex -12.25 -3.7999997 10
      vertex -12.25 -2.3999996 2.8500004
    endloop
  endfacet
  facet normal 1 0 0
    outer loop
      vertex -12.25 -20 2.8500004
      vertex -12.25 -3.7999997 10
      vertex -12.25 -20 10
    endloop
  endfacet
  facet normal 1 0 0
    outer loop
      vertex -12.25 -3.7999997 10
      vertex -12.25 -20 2.8500004
      vertex -12.25 -2.3999996 2.8500004
    endloop
  endfacet
  facet normal 0 0 -1
    outer loop
      vertex -12.25 -3.7999997 10.849999
      vertex -1.75 -2.3999996 10.849999
      vertex -1.75 -3.7999997 10.849999
    endloop
  endfacet
  facet normal 0 0 -1
    outer loop
      vertex -1.75 -2.3999996 10.849999
      vertex -12.25 -3.7999997 10.849999
      vertex -12.25 -2.3999996 10.849999
    endloop
  endfacet
  facet normal 0 0 1
    outer loop
      vertex -12.25 -2.3999996 2.8500004
      vertex -7.5574403 -20 2.8500004
      vertex -7.5574403 -2.3999996 2.8500004
    endloop
  endfacet
  facet normal 0 0 1
    outer loop
      vertex -7.5574403 -20 2.8500004
      vertex -12.25 -2.3999996 2.8500004
      vertex -12.25 -20 2.8500004
    endloop
  endfacet
  facet normal 0 0 1
    outer loop
      vertex -6.4425597 -2.3999996 2.8500004
      vertex -1.75 -20 2.8500004
      vertex -1.75 -2.3999996 2.8500004
    endloop
  endfacet
  facet normal 0 0 1
    outer loop
      vertex -1.75 -20 2.8500004
      vertex -6.4425597 -2.3999996 2.8500004
      vertex -6.4425597 -20 2.8500004
    endloop
  endfacet
  facet normal -1 0 0
    outer loop
      vertex -6 -21.8 8
      vertex -6 -20 10
      vertex -6 -20 8
    endloop
  endfacet
  facet normal -1 0 0
    outer loop
      vertex -6 -20 10
      vertex -6 -21.8 8
      vertex -6 -21.8 10
    endloop
  endfacet
  facet normal 1 0 0
    outer loop
      vertex -8 -21.8 10
      vertex -8 -20 8
      vertex -8 -20 10
    endloop
  endfacet
  facet normal 1 0 0
    outer loop
      vertex -8 -20 8
      vertex -8 -21.8 10
      vertex -8 -21.8 8
    endloop
  endfacet
  facet normal 1 0 0
    outer loop
      vertex 7.2 -29.2 5
      vertex 7.2 -23.3 0
      vertex 7.2 -23.3 5
    endloop
  endfacet
  facet normal 1 0 0
    outer loop
      vertex 7.2 -23.3 0
      vertex 7.2 -29.2 5
      vertex 7.2 -29.2 0
    endloop
  endfacet
  facet normal 0 0 1
    outer loop
      vertex 6.692114 -27.149668 5
      vertex 7.2 -29.2 5
      vertex 7.2 -23.3 5
    endloop
  endfacet
  facet normal 0 0 1
    outer loop
      vertex 7.2 -29.2 5
      vertex 6.6980267 -27.21221 5
      vertex 6.7 -27.275 5
    endloop
  endfacet
  facet normal 0 0 1
    outer loop
      vertex 7.2 -29.2 5
      vertex 6.692114 -27.149668 5
      vertex 6.6980267 -27.21221 5
    endloop
  endfacet
  facet normal 0 0 1
    outer loop
      vertex 7.2 -23.3 5
      vertex 6.682287 -27.08762 5
      vertex 6.692114 -27.149668 5
    endloop
  endfacet
  facet normal 0 0 1
    outer loop
      vertex 7.2 -23.3 5
      vertex 6.668583 -27.02631 5
      vertex 6.682287 -27.08762 5
    endloop
  endfacet
  facet normal 0 0 1
    outer loop
      vertex 7.2 -23.3 5
      vertex 6.6510563 -26.965982 5
      vertex 6.668583 -27.02631 5
    endloop
  endfacet
  facet normal 0 0 1
    outer loop
      vertex 7.2 -23.3 5
      vertex 6.629776 -26.906876 5
      vertex 6.6510563 -26.965982 5
    endloop
  endfacet
  facet normal 0 0 1
    outer loop
      vertex 7.2 -23.3 5
      vertex 6.604827 -26.84922 5
      vertex 6.629776 -26.906876 5
    endloop
  endfacet
  facet normal 0 0 1
    outer loop
      vertex 7.2 -23.3 5
      vertex 6.5763063 -26.793247 5
      vertex 6.604827 -26.84922 5
    endloop
  endfacet
  facet normal 0 0 1
    outer loop
      vertex 7.2 -23.3 5
      vertex 6.5443277 -26.739174 5
      vertex 6.5763063 -26.793247 5
    endloop
  endfacet
  facet normal 0 0 1
    outer loop
      vertex 7.2 -23.3 5
      vertex 6.509017 -26.687216 5
      vertex 6.5443277 -26.739174 5
    endloop
  endfacet
  facet normal 0 0 1
    outer loop
      vertex 7.2 -23.3 5
      vertex 6.4705124 -26.637577 5
      vertex 6.509017 -26.687216 5
    endloop
  endfacet
  facet normal 0 0 1
    outer loop
      vertex 7.2 -23.3 5
      vertex 6.4289684 -26.590452 5
      vertex 6.4705124 -26.637577 5
    endloop
  endfacet
  facet normal 0 0 1
    outer loop
      vertex 7.2 -23.3 5
      vertex 6.3845463 -26.546032 5
      vertex 6.4289684 -26.590452 5
    endloop
  endfacet
  facet normal 0 0 1
    outer loop
      vertex 7.2 -23.3 5
      vertex 6.3374233 -26.504486 5
      vertex 6.3845463 -26.546032 5
    endloop
  endfacet
  facet normal 0 0 1
    outer loop
      vertex 7.2 -23.3 5
      vertex 6.2877846 -26.465982 5
      vertex 6.3374233 -26.504486 5
    endloop
  endfacet
  facet normal 0 0 1
    outer loop
      vertex 7.2 -23.3 5
      vertex 6.2358265 -26.430672 5
      vertex 6.2877846 -26.465982 5
    endloop
  endfacet
  facet normal 0 0 1
    outer loop
      vertex 7.2 -23.3 5
      vertex 6.181753 -26.398693 5
      vertex 6.2358265 -26.430672 5
    endloop
  endfacet
  facet normal 0 0 1
    outer loop
      vertex 7.2 -23.3 5
      vertex 6.125779 -26.370173 5
      vertex 6.181753 -26.398693 5
    endloop
  endfacet
  facet normal 0 0 1
    outer loop
      vertex 7.2 -23.3 5
      vertex 6.068124 -26.345224 5
      vertex 6.125779 -26.370173 5
    endloop
  endfacet
  facet normal 0 0 1
    outer loop
      vertex 7.2 -23.3 5
      vertex 6.009017 -26.323944 5
      vertex 6.068124 -26.345224 5
    endloop
  endfacet
  facet normal 0 0 1
    outer loop
      vertex 7.2 -23.3 5
      vertex 5.9486895 -26.306417 5
      vertex 6.009017 -26.323944 5
    endloop
  endfacet
  facet normal 0 0 1
    outer loop
      vertex 7.2 -23.3 5
      vertex 5.8873806 -26.292713 5
      vertex 5.9486895 -26.306417 5
    endloop
  endfacet
  facet normal 0 0 1
    outer loop
      vertex 7.2 -23.3 5
      vertex 5.8253326 -26.282885 5
      vertex 5.8873806 -26.292713 5
    endloop
  endfacet
  facet normal 0 0 1
    outer loop
      vertex 7.2 -23.3 5
      vertex 5.7627897 -26.276974 5
      vertex 5.8253326 -26.282885 5
    endloop
  endfacet
  facet normal 0 0 1
    outer loop
      vertex 7.2 -23.3 5
      vertex 5.7 -26.275 5
      vertex 5.7627897 -26.276974 5
    endloop
  endfacet
  facet normal 0 0 1
    outer loop
      vertex 4.2 -23.3 5
      vertex 5.7 -26.275 5
      vertex 7.2 -23.3 5
    endloop
  endfacet
  facet normal 0 0 1
    outer loop
      vertex 5.7 -26.275 5
      vertex 4.2 -23.3 5
      vertex 5.637209 -26.276974 5
    endloop
  endfacet
  facet normal 0 0 1
    outer loop
      vertex 5.637209 -26.276974 5
      vertex 4.2 -23.3 5
      vertex 5.574666 -26.282885 5
    endloop
  endfacet
  facet normal 0 0 1
    outer loop
      vertex 5.574666 -26.282885 5
      vertex 4.2 -23.3 5
      vertex 5.512618 -26.292713 5
    endloop
  endfacet
  facet normal 0 0 1
    outer loop
      vertex 5.512618 -26.292713 5
      vertex 4.2 -23.3 5
      vertex 5.451309 -26.306417 5
    endloop
  endfacet
  facet normal 0 0 1
    outer loop
      vertex 5.451309 -26.306417 5
      vertex 4.2 -23.3 5
      vertex 5.3909826 -26.323944 5
    endloop
  endfacet
  facet normal 0 0 1
    outer loop
      vertex 5.3909826 -26.323944 5
      vertex 4.2 -23.3 5
      vertex 5.331875 -26.345224 5
    endloop
  endfacet
  facet normal 0 0 1
    outer loop
      vertex 5.331875 -26.345224 5
      vertex 4.2 -23.3 5
      vertex 5.2742205 -26.370173 5
    endloop
  endfacet
  facet normal 0 0 1
    outer loop
      vertex 5.2742205 -26.370173 5
      vertex 4.2 -23.3 5
      vertex 5.2182455 -26.398693 5
    endloop
  endfacet
  facet normal 0 0 1
    outer loop
      vertex 5.2182455 -26.398693 5
      vertex 4.2 -23.3 5
      vertex 5.164173 -26.430672 5
    endloop
  endfacet
  facet normal 0 0 1
    outer loop
      vertex 5.164173 -26.430672 5
      vertex 4.2 -23.3 5
      vertex 5.112214 -26.465982 5
    endloop
  endfacet
  facet normal 0 0 1
    outer loop
      vertex 5.112214 -26.465982 5
      vertex 4.2 -23.3 5
      vertex 5.0625753 -26.504486 5
    endloop
  endfacet
  facet normal 0 0 1
    outer loop
      vertex 5.0625753 -26.504486 5
      vertex 4.2 -23.3 5
      vertex 5.0154524 -26.546032 5
    endloop
  endfacet
  facet normal 0 0 1
    outer loop
      vertex 5.0154524 -26.546032 5
      vertex 4.2 -23.3 5
      vertex 4.971031 -26.590452 5
    endloop
  endfacet
  facet normal 0 0 1
    outer loop
      vertex 4.971031 -26.590452 5
      vertex 4.2 -23.3 5
      vertex 4.9294863 -26.637577 5
    endloop
  endfacet
  facet normal 0 0 1
    outer loop
      vertex 4.707885 -27.149668 5
      vertex 4.2 -29.2 5
      vertex 4.701973 -27.21221 5
    endloop
  endfacet
  facet normal 0 0 1
    outer loop
      vertex 4.2 -29.2 5
      vertex 4.707885 -27.149668 5
      vertex 4.2 -23.3 5
    endloop
  endfacet
  facet normal 0 0 1
    outer loop
      vertex 4.7177124 -27.08762 5
      vertex 4.2 -23.3 5
      vertex 4.707885 -27.149668 5
    endloop
  endfacet
  facet normal 0 0 1
    outer loop
      vertex 4.7314167 -27.02631 5
      vertex 4.2 -23.3 5
      vertex 4.7177124 -27.08762 5
    endloop
  endfacet
  facet normal 0 0 1
    outer loop
      vertex 4.7489433 -26.965982 5
      vertex 4.2 -23.3 5
      vertex 4.7314167 -27.02631 5
    endloop
  endfacet
  facet normal 0 0 1
    outer loop
      vertex 4.7702227 -26.906876 5
      vertex 4.2 -23.3 5
      vertex 4.7489433 -26.965982 5
    endloop
  endfacet
  facet normal 0 0 1
    outer loop
      vertex 4.7951727 -26.84922 5
      vertex 4.2 -23.3 5
      vertex 4.7702227 -26.906876 5
    endloop
  endfacet
  facet normal 0 0 1
    outer loop
      vertex 4.8236933 -26.793247 5
      vertex 4.2 -23.3 5
      vertex 4.7951727 -26.84922 5
    endloop
  endfacet
  facet normal 0 0 1
    outer loop
      vertex 4.855672 -26.739174 5
      vertex 4.2 -23.3 5
      vertex 4.8236933 -26.793247 5
    endloop
  endfacet
  facet normal 0 0 1
    outer loop
      vertex 4.8909826 -26.687216 5
      vertex 4.2 -23.3 5
      vertex 4.855672 -26.739174 5
    endloop
  endfacet
  facet normal 0 0 1
    outer loop
      vertex 4.9294863 -26.637577 5
      vertex 4.2 -23.3 5
      vertex 4.8909826 -26.687216 5
    endloop
  endfacet
  facet normal 0 0 1
    outer loop
      vertex 6.6980267 -27.337791 5
      vertex 7.2 -29.2 5
      vertex 6.7 -27.275 5
    endloop
  endfacet
  facet normal 0 0 1
    outer loop
      vertex 6.692114 -27.400333 5
      vertex 7.2 -29.2 5
      vertex 6.6980267 -27.337791 5
    endloop
  endfacet
  facet normal 0 0 1
    outer loop
      vertex 6.682287 -27.462381 5
      vertex 7.2 -29.2 5
      vertex 6.692114 -27.400333 5
    endloop
  endfacet
  facet normal 0 0 1
    outer loop
      vertex 6.668583 -27.52369 5
      vertex 7.2 -29.2 5
      vertex 6.682287 -27.462381 5
    endloop
  endfacet
  facet normal 0 0 1
    outer loop
      vertex 6.6510563 -27.584017 5
      vertex 7.2 -29.2 5
      vertex 6.668583 -27.52369 5
    endloop
  endfacet
  facet normal 0 0 1
    outer loop
      vertex 6.629776 -27.643126 5
      vertex 7.2 -29.2 5
      vertex 6.6510563 -27.584017 5
    endloop
  endfacet
  facet normal 0 0 1
    outer loop
      vertex 6.604827 -27.700779 5
      vertex 7.2 -29.2 5
      vertex 6.629776 -27.643126 5
    endloop
  endfacet
  facet normal 0 0 1
    outer loop
      vertex 6.5763063 -27.756754 5
      vertex 7.2 -29.2 5
      vertex 6.604827 -27.700779 5
    endloop
  endfacet
  facet normal 0 0 1
    outer loop
      vertex 6.5443277 -27.810827 5
      vertex 7.2 -29.2 5
      vertex 6.5763063 -27.756754 5
    endloop
  endfacet
  facet normal 0 0 1
    outer loop
      vertex 6.509017 -27.862785 5
      vertex 7.2 -29.2 5
      vertex 6.5443277 -27.810827 5
    endloop
  endfacet
  facet normal 0 0 1
    outer loop
      vertex 6.4705124 -27.912424 5
      vertex 7.2 -29.2 5
      vertex 6.509017 -27.862785 5
    endloop
  endfacet
  facet normal 0 0 1
    outer loop
      vertex 6.4289684 -27.959547 5
      vertex 7.2 -29.2 5
      vertex 6.4705124 -27.912424 5
    endloop
  endfacet
  facet normal 0 0 1
    outer loop
      vertex 6.3845463 -28.00397 5
      vertex 7.2 -29.2 5
      vertex 6.4289684 -27.959547 5
    endloop
  endfacet
  facet normal 0 0 1
    outer loop
      vertex 6.3374233 -28.045513 5
      vertex 7.2 -29.2 5
      vertex 6.3845463 -28.00397 5
    endloop
  endfacet
  facet normal 0 0 1
    outer loop
      vertex 6.2877846 -28.084017 5
      vertex 7.2 -29.2 5
      vertex 6.3374233 -28.045513 5
    endloop
  endfacet
  facet normal 0 0 1
    outer loop
      vertex 6.2358265 -28.119328 5
      vertex 7.2 -29.2 5
      vertex 6.2877846 -28.084017 5
    endloop
  endfacet
  facet normal 0 0 1
    outer loop
      vertex 6.181753 -28.151306 5
      vertex 7.2 -29.2 5
      vertex 6.2358265 -28.119328 5
    endloop
  endfacet
  facet normal 0 0 1
    outer loop
      vertex 6.125779 -28.179827 5
      vertex 7.2 -29.2 5
      vertex 6.181753 -28.151306 5
    endloop
  endfacet
  facet normal 0 0 1
    outer loop
      vertex 6.068124 -28.204777 5
      vertex 7.2 -29.2 5
      vertex 6.125779 -28.179827 5
    endloop
  endfacet
  facet normal 0 0 1
    outer loop
      vertex 6.009017 -28.226057 5
      vertex 7.2 -29.2 5
      vertex 6.068124 -28.204777 5
    endloop
  endfacet
  facet normal 0 0 1
    outer loop
      vertex 5.9486895 -28.243584 5
      vertex 7.2 -29.2 5
      vertex 6.009017 -28.226057 5
    endloop
  endfacet
  facet normal 0 0 1
    outer loop
      vertex 5.8873806 -28.257288 5
      vertex 7.2 -29.2 5
      vertex 5.9486895 -28.243584 5
    endloop
  endfacet
  facet normal 0 0 1
    outer loop
      vertex 5.8253326 -28.267115 5
      vertex 7.2 -29.2 5
      vertex 5.8873806 -28.257288 5
    endloop
  endfacet
  facet normal 0 0 1
    outer loop
      vertex 5.7627897 -28.273027 5
      vertex 7.2 -29.2 5
      vertex 5.8253326 -28.267115 5
    endloop
  endfacet
  facet normal 0 0 1
    outer loop
      vertex 5.7 -28.275 5
      vertex 7.2 -29.2 5
      vertex 5.7627897 -28.273027 5
    endloop
  endfacet
  facet normal 0 0 1
    outer loop
      vertex 4.2 -29.2 5
      vertex 5.7 -28.275 5
      vertex 5.637209 -28.273027 5
    endloop
  endfacet
  facet normal 0 0 1
    outer loop
      vertex 4.2 -29.2 5
      vertex 5.637209 -28.273027 5
      vertex 5.574666 -28.267115 5
    endloop
  endfacet
  facet normal 0 0 1
    outer loop
      vertex 4.2 -29.2 5
      vertex 5.574666 -28.267115 5
      vertex 5.512618 -28.257288 5
    endloop
  endfacet
  facet normal 0 0 1
    outer loop
      vertex 4.2 -29.2 5
      vertex 5.512618 -28.257288 5
      vertex 5.451309 -28.243584 5
    endloop
  endfacet
  facet normal 0 0 1
    outer loop
      vertex 4.2 -29.2 5
      vertex 5.451309 -28.243584 5
      vertex 5.3909826 -28.226057 5
    endloop
  endfacet
  facet normal 0 0 1
    outer loop
      vertex 4.2 -29.2 5
      vertex 5.3909826 -28.226057 5
      vertex 5.331875 -28.204777 5
    endloop
  endfacet
  facet normal 0 0 1
    outer loop
      vertex 4.2 -29.2 5
      vertex 5.331875 -28.204777 5
      vertex 5.2742205 -28.179827 5
    endloop
  endfacet
  facet normal 0 0 1
    outer loop
      vertex 4.2 -29.2 5
      vertex 5.2742205 -28.179827 5
      vertex 5.2182455 -28.151306 5
    endloop
  endfacet
  facet normal 0 0 1
    outer loop
      vertex 4.701973 -27.21221 5
      vertex 4.2 -29.2 5
      vertex 4.7 -27.275 5
    endloop
  endfacet
  facet normal 0 0 1
    outer loop
      vertex 4.7 -27.275 5
      vertex 4.2 -29.2 5
      vertex 4.701973 -27.337791 5
    endloop
  endfacet
  facet normal 0 0 1
    outer loop
      vertex 5.7 -28.275 5
      vertex 4.2 -29.2 5
      vertex 7.2 -29.2 5
    endloop
  endfacet
  facet normal 0 0 1
    outer loop
      vertex 5.164173 -28.119328 5
      vertex 4.2 -29.2 5
      vertex 5.2182455 -28.151306 5
    endloop
  endfacet
  facet normal 0 0 1
    outer loop
      vertex 5.112214 -28.084017 5
      vertex 4.2 -29.2 5
      vertex 5.164173 -28.119328 5
    endloop
  endfacet
  facet normal 0 0 1
    outer loop
      vertex 5.0625753 -28.045513 5
      vertex 4.2 -29.2 5
      vertex 5.112214 -28.084017 5
    endloop
  endfacet
  facet normal 0 0 1
    outer loop
      vertex 5.0154524 -28.00397 5
      vertex 4.2 -29.2 5
      vertex 5.0625753 -28.045513 5
    endloop
  endfacet
  facet normal 0 0 1
    outer loop
      vertex 4.971031 -27.959547 5
      vertex 4.2 -29.2 5
      vertex 5.0154524 -28.00397 5
    endloop
  endfacet
  facet normal 0 0 1
    outer loop
      vertex 4.9294863 -27.912424 5
      vertex 4.2 -29.2 5
      vertex 4.971031 -27.959547 5
    endloop
  endfacet
  facet normal 0 0 1
    outer loop
      vertex 4.8909826 -27.862785 5
      vertex 4.2 -29.2 5
      vertex 4.9294863 -27.912424 5
    endloop
  endfacet
  facet normal 0 0 1
    outer loop
      vertex 4.855672 -27.810827 5
      vertex 4.2 -29.2 5
      vertex 4.8909826 -27.862785 5
    endloop
  endfacet
  facet normal 0 0 1
    outer loop
      vertex 4.8236933 -27.756754 5
      vertex 4.2 -29.2 5
      vertex 4.855672 -27.810827 5
    endloop
  endfacet
  facet normal 0 0 1
    outer loop
      vertex 4.7951727 -27.700779 5
      vertex 4.2 -29.2 5
      vertex 4.8236933 -27.756754 5
    endloop
  endfacet
  facet normal 0 0 1
    outer loop
      vertex 4.7702227 -27.643126 5
      vertex 4.2 -29.2 5
      vertex 4.7951727 -27.700779 5
    endloop
  endfacet
  facet normal 0 0 1
    outer loop
      vertex 4.7489433 -27.584017 5
      vertex 4.2 -29.2 5
      vertex 4.7702227 -27.643126 5
    endloop
  endfacet
  facet normal 0 0 1
    outer loop
      vertex 4.7314167 -27.52369 5
      vertex 4.2 -29.2 5
      vertex 4.7489433 -27.584017 5
    endloop
  endfacet
  facet normal 0 0 1
    outer loop
      vertex 4.7177124 -27.462381 5
      vertex 4.2 -29.2 5
      vertex 4.7314167 -27.52369 5
    endloop
  endfacet
  facet normal 0 0 1
    outer loop
      vertex 4.707885 -27.400333 5
      vertex 4.2 -29.2 5
      vertex 4.7177124 -27.462381 5
    endloop
  endfacet
  facet normal 0 0 1
    outer loop
      vertex 4.701973 -27.337791 5
      vertex 4.2 -29.2 5
      vertex 4.707885 -27.400333 5
    endloop
  endfacet
  facet normal -1 0 0
    outer loop
      vertex 4.2 -29.2 0
      vertex 4.2 -23.3 5
      vertex 4.2 -23.3 0
    endloop
  endfacet
  facet normal -1 0 0
    outer loop
      vertex 4.2 -23.3 5
      vertex 4.2 -29.2 0
      vertex 4.2 -29.2 5
    endloop
  endfacet
  facet normal 0 -1 0
    outer loop
      vertex -4.2 -23.3 0
      vertex 4.2 -23.3 5
      vertex -4.2 -23.3 5
    endloop
  endfacet
  facet normal 0 -1 0
    outer loop
      vertex 4.2 -23.3 5
      vertex -4.2 -23.3 0
      vertex 4.2 -23.3 0
    endloop
  endfacet
  facet normal 0 -1 0
    outer loop
      vertex -4.2 -23.3 5
      vertex -12 -23.3 8
      vertex -7.2 -23.3 5
    endloop
  endfacet
  facet normal 0 -1 0
    outer loop
      vertex -12 -23.3 0
      vertex -7.2 -23.3 5
      vertex -12 -23.3 8
    endloop
  endfacet
  facet normal 0 -1 0
    outer loop
      vertex -7.2 -23.3 5
      vertex -12 -23.3 0
      vertex -7.2 -23.3 0
    endloop
  endfacet
  facet normal 0 -1 0
    outer loop
      vertex -12 -23.3 8
      vertex -4.2 -23.3 5
      vertex 12 -23.3 8
    endloop
  endfacet
  facet normal 0 -1 0
    outer loop
      vertex 4.2 -23.3 5
      vertex 12 -23.3 8
      vertex -4.2 -23.3 5
    endloop
  endfacet
  facet normal 0 -1 0
    outer loop
      vertex 7.2 -23.3 5
      vertex 12 -23.3 8
      vertex 4.2 -23.3 5
    endloop
  endfacet
  facet normal 0 -1 0
    outer loop
      vertex 12 -23.3 0
      vertex 7.2 -23.3 5
      vertex 7.2 -23.3 0
    endloop
  endfacet
  facet normal 0 -1 0
    outer loop
      vertex 7.2 -23.3 5
      vertex 12 -23.3 0
      vertex 12 -23.3 8
    endloop
  endfacet
  facet normal 0 -1 0
    outer loop
      vertex 4.2 -29.2 0
      vertex 7.2 -29.2 5
      vertex 4.2 -29.2 5
    endloop
  endfacet
  facet normal 0 -1 0
    outer loop
      vertex 7.2 -29.2 5
      vertex 4.2 -29.2 0
      vertex 7.2 -29.2 0
    endloop
  endfacet
  facet normal -0.7501209 0.6613008 0
    outer loop
      vertex 4.9294863 -26.637577 5
      vertex 4.971031 -26.590452 8
      vertex 4.971031 -26.590452 5
    endloop
  endfacet
  facet normal -0.7501209 0.6613008 0
    outer loop
      vertex 4.971031 -26.590452 8
      vertex 4.9294863 -26.637577 5
      vertex 4.9294863 -26.637577 8
    endloop
  endfacet
  facet normal 0.4539956 0.8910039 0
    outer loop
      vertex 6.181753 -26.398693 5
      vertex 6.125779 -26.370173 8
      vertex 6.181753 -26.398693 8
    endloop
  endfacet
  facet normal 0.4539956 0.8910039 0
    outer loop
      vertex 6.125779 -26.370173 8
      vertex 6.181753 -26.398693 5
      vertex 6.125779 -26.370173 5
    endloop
  endfacet
  facet normal 0.9995066 0.031409163 0
    outer loop
      vertex 6.7 -27.275 8
      vertex 6.6980267 -27.21221 5
      vertex 6.6980267 -27.21221 8
    endloop
  endfacet
  facet normal 0.9995066 0.031409163 0
    outer loop
      vertex 6.6980267 -27.21221 5
      vertex 6.7 -27.275 8
      vertex 6.7 -27.275 5
    endloop
  endfacet
  facet normal 0.86074394 0.5090382 0
    outer loop
      vertex 6.5763063 -26.793247 8
      vertex 6.5443277 -26.739174 5
      vertex 6.5443277 -26.739174 8
    endloop
  endfacet
  facet normal 0.86074394 0.5090382 0
    outer loop
      vertex 6.5443277 -26.739174 5
      vertex 6.5763063 -26.793247 8
      vertex 6.5763063 -26.793247 5
    endloop
  endfacet
  facet normal -0.39713237 0.9177613 0
    outer loop
      vertex 5.331875 -26.345224 5
      vertex 5.2742205 -26.370173 8
      vertex 5.331875 -26.345224 8
    endloop
  endfacet
  facet normal -0.39713237 0.9177613 0
    outer loop
      vertex 5.2742205 -26.370173 8
      vertex 5.331875 -26.345224 5
      vertex 5.2742205 -26.370173 5
    endloop
  endfacet
  facet normal -0.39715794 -0.9177503 0
    outer loop
      vertex 5.2742205 -28.179827 5
      vertex 5.331875 -28.204777 8
      vertex 5.2742205 -28.179827 8
    endloop
  endfacet
  facet normal -0.39715794 -0.9177503 0
    outer loop
      vertex 5.331875 -28.204777 8
      vertex 5.2742205 -28.179827 5
      vertex 5.331875 -28.204777 5
    endloop
  endfacet
  facet normal 0.9177534 -0.39715067 0
    outer loop
      vertex 6.604827 -27.700779 8
      vertex 6.629776 -27.643126 5
      vertex 6.629776 -27.643126 8
    endloop
  endfacet
  facet normal 0.9177534 -0.39715067 0
    outer loop
      vertex 6.629776 -27.643126 5
      vertex 6.604827 -27.700779 8
      vertex 6.604827 -27.700779 5
    endloop
  endfacet
  facet normal -0.03142385 0.9995062 0
    outer loop
      vertex 5.7 -26.275 5
      vertex 5.637209 -26.276974 8
      vertex 5.7 -26.275 8
    endloop
  endfacet
  facet normal -0.03142385 0.9995062 0
    outer loop
      vertex 5.637209 -26.276974 8
      vertex 5.7 -26.275 5
      vertex 5.637209 -26.276974 5
    endloop
  endfacet
  facet normal -0.940883 0.33873183 0
    outer loop
      vertex 4.7489433 -26.965982 5
      vertex 4.7702227 -26.906876 8
      vertex 4.7702227 -26.906876 5
    endloop
  endfacet
  facet normal -0.940883 0.33873183 0
    outer loop
      vertex 4.7702227 -26.906876 8
      vertex 4.7489433 -26.965982 5
      vertex 4.7489433 -26.965982 8
    endloop
  endfacet
  facet normal 0.3971524 -0.9177527 0
    outer loop
      vertex 6.068124 -28.204777 5
      vertex 6.125779 -28.179827 8
      vertex 6.068124 -28.204777 8
    endloop
  endfacet
  facet normal 0.3971524 -0.9177527 0
    outer loop
      vertex 6.125779 -28.179827 8
      vertex 6.068124 -28.204777 5
      vertex 6.125779 -28.179827 5
    endloop
  endfacet
  facet normal -0.975917 0.21814223 0
    outer loop
      vertex 4.7177124 -27.08762 5
      vertex 4.7314167 -27.02631 8
      vertex 4.7314167 -27.02631 5
    endloop
  endfacet
  facet normal -0.975917 0.21814223 0
    outer loop
      vertex 4.7314167 -27.02631 8
      vertex 4.7177124 -27.08762 5
      vertex 4.7177124 -27.08762 8
    endloop
  endfacet
  facet normal 0.21814546 0.97591627 0
    outer loop
      vertex 5.9486895 -26.306417 5
      vertex 5.8873806 -26.292713 8
      vertex 5.9486895 -26.306417 8
    endloop
  endfacet
  facet normal 0.21814546 0.97591627 0
    outer loop
      vertex 5.8873806 -26.292713 8
      vertex 5.9486895 -26.306417 5
      vertex 5.8873806 -26.292713 5
    endloop
  endfacet
  facet normal 0.7501284 0.6612922 0
    outer loop
      vertex 6.4705124 -26.637577 8
      vertex 6.4289684 -26.590452 5
      vertex 6.4289684 -26.590452 8
    endloop
  endfacet
  facet normal 0.7501284 0.6612922 0
    outer loop
      vertex 6.4289684 -26.590452 5
      vertex 6.4705124 -26.637577 8
      vertex 6.4705124 -26.637577 5
    endloop
  endfacet
  facet normal -0.9177479 -0.39716348 0
    outer loop
      vertex 4.7951727 -27.700779 5
      vertex 4.7702227 -27.643126 8
      vertex 4.7702227 -27.643126 5
    endloop
  endfacet
  facet normal -0.9177479 -0.39716348 0
    outer loop
      vertex 4.7702227 -27.643126 8
      vertex 4.7951727 -27.700779 5
      vertex 4.7951727 -27.700779 8
    endloop
  endfacet
  facet normal -0.21814546 0.97591627 0
    outer loop
      vertex 5.512618 -26.292713 5
      vertex 5.451309 -26.306417 8
      vertex 5.512618 -26.292713 8
    endloop
  endfacet
  facet normal -0.21814546 0.97591627 0
    outer loop
      vertex 5.451309 -26.306417 8
      vertex 5.512618 -26.292713 5
      vertex 5.451309 -26.306417 5
    endloop
  endfacet
  facet normal 0.9602943 0.27898905 0
    outer loop
      vertex 6.668583 -27.02631 8
      vertex 6.6510563 -26.965982 5
      vertex 6.6510563 -26.965982 8
    endloop
  endfacet
  facet normal 0.9602943 0.27898905 0
    outer loop
      vertex 6.6510563 -26.965982 5
      vertex 6.668583 -27.02631 8
      vertex 6.668583 -27.02631 5
    endloop
  endfacet
  facet normal -0.6129059 -0.7901559 0
    outer loop
      vertex 5.0625753 -28.045513 5
      vertex 5.112214 -28.084017 8
      vertex 5.0625753 -28.045513 8
    endloop
  endfacet
  facet normal -0.6129059 -0.7901559 0
    outer loop
      vertex 5.112214 -28.084017 8
      vertex 5.0625753 -28.045513 5
      vertex 5.112214 -28.084017 5
    endloop
  endfacet
  facet normal -0.89100707 -0.45398945 0
    outer loop
      vertex 4.8236933 -27.756754 5
      vertex 4.7951727 -27.700779 8
      vertex 4.7951727 -27.700779 5
    endloop
  endfacet
  facet normal -0.89100707 -0.45398945 0
    outer loop
      vertex 4.7951727 -27.700779 8
      vertex 4.8236933 -27.756754 5
      vertex 4.8236933 -27.756754 8
    endloop
  endfacet
  facet normal -0.7901559 -0.6129059 0
    outer loop
      vertex 4.9294863 -27.912424 5
      vertex 4.8909826 -27.862785 8
      vertex 4.8909826 -27.862785 5
    endloop
  endfacet
  facet normal -0.7901559 -0.6129059 0
    outer loop
      vertex 4.8909826 -27.862785 8
      vertex 4.9294863 -27.912424 5
      vertex 4.9294863 -27.912424 8
    endloop
  endfacet
  facet normal -0.9602943 -0.27898905 0
    outer loop
      vertex 4.7489433 -27.584017 5
      vertex 4.7314167 -27.52369 8
      vertex 4.7314167 -27.52369 5
    endloop
  endfacet
  facet normal -0.9602943 -0.27898905 0
    outer loop
      vertex 4.7314167 -27.52369 8
      vertex 4.7489433 -27.584017 5
      vertex 4.7489433 -27.584017 8
    endloop
  endfacet
  facet normal -0.7071144 -0.7070992 0
    outer loop
      vertex 5.0154524 -28.00397 5
      vertex 4.971031 -27.959547 8
      vertex 4.971031 -27.959547 5
    endloop
  endfacet
  facet normal -0.7071144 -0.7070992 0
    outer loop
      vertex 4.971031 -27.959547 8
      vertex 5.0154524 -28.00397 5
      vertex 5.0154524 -28.00397 8
    endloop
  endfacet
  facet normal 0.56208414 -0.8270801 0
    outer loop
      vertex 6.2358265 -28.119328 5
      vertex 6.2877846 -28.084017 8
      vertex 6.2358265 -28.119328 8
    endloop
  endfacet
  facet normal 0.56208414 -0.8270801 0
    outer loop
      vertex 6.2877846 -28.084017 8
      vertex 6.2358265 -28.119328 5
      vertex 6.2877846 -28.084017 5
    endloop
  endfacet
  facet normal 0.6129059 0.7901559 0
    outer loop
      vertex 6.3374233 -26.504486 5
      vertex 6.2877846 -26.465982 8
      vertex 6.3374233 -26.504486 8
    endloop
  endfacet
  facet normal 0.6129059 0.7901559 0
    outer loop
      vertex 6.2877846 -26.465982 8
      vertex 6.3374233 -26.504486 5
      vertex 6.2877846 -26.465982 5
    endloop
  endfacet
  facet normal 0.1564225 -0.9876902 0
    outer loop
      vertex 5.8253326 -28.267115 5
      vertex 5.8873806 -28.257288 8
      vertex 5.8253326 -28.267115 8
    endloop
  endfacet
  facet normal 0.1564225 -0.9876902 0
    outer loop
      vertex 5.8873806 -28.257288 8
      vertex 5.8253326 -28.267115 5
      vertex 5.8873806 -28.257288 5
    endloop
  endfacet
  facet normal -0.09408981 0.9955637 0
    outer loop
      vertex 5.637209 -26.276974 5
      vertex 5.574666 -26.282885 8
      vertex 5.637209 -26.276974 8
    endloop
  endfacet
  facet normal -0.09408981 0.9955637 0
    outer loop
      vertex 5.574666 -26.282885 8
      vertex 5.637209 -26.276974 5
      vertex 5.574666 -26.282885 5
    endloop
  endfacet
  facet normal 0.09411991 -0.9955609 0
    outer loop
      vertex 5.7627897 -28.273027 5
      vertex 5.8253326 -28.267115 8
      vertex 5.7627897 -28.273027 8
    endloop
  endfacet
  facet normal 0.09411991 -0.9955609 0
    outer loop
      vertex 5.8253326 -28.267115 8
      vertex 5.7627897 -28.273027 5
      vertex 5.8253326 -28.267115 5
    endloop
  endfacet
  facet normal 0.99950665 -0.03140821 0
    outer loop
      vertex 6.6980267 -27.337791 8
      vertex 6.7 -27.275 5
      vertex 6.7 -27.275 8
    endloop
  endfacet
  facet normal 0.99950665 -0.03140821 0
    outer loop
      vertex 6.7 -27.275 5
      vertex 6.6980267 -27.337791 8
      vertex 6.6980267 -27.337791 5
    endloop
  endfacet
  facet normal -0.7501076 -0.6613158 0
    outer loop
      vertex 4.971031 -27.959547 5
      vertex 4.9294863 -27.912424 8
      vertex 4.9294863 -27.912424 5
    endloop
  endfacet
  facet normal -0.7501076 -0.6613158 0
    outer loop
      vertex 4.9294863 -27.912424 8
      vertex 4.971031 -27.959547 5
      vertex 4.971031 -27.959547 8
    endloop
  endfacet
  facet normal 0.1564521 0.98768556 0
    outer loop
      vertex 5.8873806 -26.292713 5
      vertex 5.8253326 -26.282885 8
      vertex 5.8873806 -26.292713 8
    endloop
  endfacet
  facet normal 0.1564521 0.98768556 0
    outer loop
      vertex 5.8253326 -26.282885 8
      vertex 5.8873806 -26.292713 5
      vertex 5.8253326 -26.282885 5
    endloop
  endfacet
  facet normal -0.6613244 0.7501001 0
    outer loop
      vertex 5.0625753 -26.504486 5
      vertex 5.0154524 -26.546032 8
      vertex 5.0625753 -26.504486 8
    endloop
  endfacet
  facet normal -0.6613244 0.7501001 0
    outer loop
      vertex 5.0154524 -26.546032 8
      vertex 5.0625753 -26.504486 5
      vertex 5.0154524 -26.546032 5
    endloop
  endfacet
  facet normal -0.5090448 0.86074 0
    outer loop
      vertex 5.2182455 -26.398693 5
      vertex 5.164173 -26.430672 8
      vertex 5.2182455 -26.398693 8
    endloop
  endfacet
  facet normal -0.5090448 0.86074 0
    outer loop
      vertex 5.164173 -26.430672 8
      vertex 5.2182455 -26.398693 5
      vertex 5.164173 -26.430672 5
    endloop
  endfacet
  facet normal -0.99950665 -0.03140821 0
    outer loop
      vertex 4.701973 -27.337791 5
      vertex 4.7 -27.275 8
      vertex 4.7 -27.275 5
    endloop
  endfacet
  facet normal -0.99950665 -0.03140821 0
    outer loop
      vertex 4.7 -27.275 8
      vertex 4.701973 -27.337791 5
      vertex 4.701973 -27.337791 8
    endloop
  endfacet
  facet normal 0.9955607 0.09412133 0
    outer loop
      vertex 6.6980267 -27.21221 8
      vertex 6.692114 -27.149668 5
      vertex 6.692114 -27.149668 8
    endloop
  endfacet
  facet normal 0.9955607 0.09412133 0
    outer loop
      vertex 6.692114 -27.149668 5
      vertex 6.6980267 -27.21221 8
      vertex 6.6980267 -27.21221 5
    endloop
  endfacet
  facet normal -0.09411991 -0.9955609 0
    outer loop
      vertex 5.574666 -28.267115 5
      vertex 5.637209 -28.273027 8
      vertex 5.574666 -28.267115 8
    endloop
  endfacet
  facet normal -0.09411991 -0.9955609 0
    outer loop
      vertex 5.637209 -28.273027 8
      vertex 5.574666 -28.267115 5
      vertex 5.637209 -28.273027 5
    endloop
  endfacet
  facet normal -0.45398945 0.89100707 0
    outer loop
      vertex 5.2742205 -26.370173 5
      vertex 5.2182455 -26.398693 8
      vertex 5.2742205 -26.370173 8
    endloop
  endfacet
  facet normal -0.45398945 0.89100707 0
    outer loop
      vertex 5.2182455 -26.398693 8
      vertex 5.2742205 -26.370173 5
      vertex 5.2182455 -26.398693 5
    endloop
  endfacet
  facet normal 0.9955607 -0.09412133 0
    outer loop
      vertex 6.692114 -27.400333 8
      vertex 6.6980267 -27.337791 5
      vertex 6.6980267 -27.337791 8
    endloop
  endfacet
  facet normal 0.9955607 -0.09412133 0
    outer loop
      vertex 6.6980267 -27.337791 5
      vertex 6.692114 -27.400333 8
      vertex 6.692114 -27.400333 5
    endloop
  endfacet
  facet normal 0.56208414 0.8270801 0
    outer loop
      vertex 6.2877846 -26.465982 5
      vertex 6.2358265 -26.430672 8
      vertex 6.2877846 -26.465982 8
    endloop
  endfacet
  facet normal 0.56208414 0.8270801 0
    outer loop
      vertex 6.2358265 -26.430672 8
      vertex 6.2877846 -26.465982 5
      vertex 6.2358265 -26.430672 5
    endloop
  endfacet
  facet normal 0.8910008 0.45400172 0
    outer loop
      vertex 6.604827 -26.84922 8
      vertex 6.5763063 -26.793247 5
      vertex 6.5763063 -26.793247 8
    endloop
  endfacet
  facet normal 0.8910008 0.45400172 0
    outer loop
      vertex 6.5763063 -26.793247 5
      vertex 6.604827 -26.84922 8
      vertex 6.604827 -26.84922 5
    endloop
  endfacet
  facet normal 0.6129059 -0.7901559 0
    outer loop
      vertex 6.2877846 -28.084017 5
      vertex 6.3374233 -28.045513 8
      vertex 6.2877846 -28.084017 8
    endloop
  endfacet
  facet normal 0.6129059 -0.7901559 0
    outer loop
      vertex 6.3374233 -28.045513 8
      vertex 6.2877846 -28.084017 5
      vertex 6.3374233 -28.045513 5
    endloop
  endfacet
  facet normal 0.9177582 0.3971396 0
    outer loop
      vertex 6.629776 -26.906876 8
      vertex 6.604827 -26.84922 5
      vertex 6.604827 -26.84922 8
    endloop
  endfacet
  facet normal 0.9177582 0.3971396 0
    outer loop
      vertex 6.604827 -26.84922 5
      vertex 6.629776 -26.906876 8
      vertex 6.629776 -26.906876 5
    endloop
  endfacet
  facet normal 0.9408816 -0.33873558 0
    outer loop
      vertex 6.629776 -27.643126 8
      vertex 6.6510563 -27.584017 5
      vertex 6.6510563 -27.584017 8
    endloop
  endfacet
  facet normal 0.9408816 -0.33873558 0
    outer loop
      vertex 6.6510563 -27.584017 5
      vertex 6.629776 -27.643126 8
      vertex 6.629776 -27.643126 5
    endloop
  endfacet
  facet normal 0.975917 0.21814223 0
    outer loop
      vertex 6.682287 -27.08762 8
      vertex 6.668583 -27.02631 5
      vertex 6.668583 -27.02631 8
    endloop
  endfacet
  facet normal 0.975917 0.21814223 0
    outer loop
      vertex 6.668583 -27.02631 5
      vertex 6.682287 -27.08762 8
      vertex 6.682287 -27.08762 5
    endloop
  endfacet
  facet normal -0.99556214 0.09410628 0
    outer loop
      vertex 4.701973 -27.21221 5
      vertex 4.707885 -27.149668 8
      vertex 4.707885 -27.149668 5
    endloop
  endfacet
  facet normal -0.99556214 0.09410628 0
    outer loop
      vertex 4.707885 -27.149668 8
      vertex 4.701973 -27.21221 5
      vertex 4.701973 -27.21221 8
    endloop
  endfacet
  facet normal 0.5090382 0.86074394 0
    outer loop
      vertex 6.2358265 -26.430672 5
      vertex 6.181753 -26.398693 8
      vertex 6.2358265 -26.430672 8
    endloop
  endfacet
  facet normal 0.5090382 0.86074394 0
    outer loop
      vertex 6.181753 -26.398693 8
      vertex 6.2358265 -26.430672 5
      vertex 6.181753 -26.398693 5
    endloop
  endfacet
  facet normal 0.97591555 -0.21814868 0
    outer loop
      vertex 6.668583 -27.52369 8
      vertex 6.682287 -27.462381 5
      vertex 6.682287 -27.462381 8
    endloop
  endfacet
  facet normal 0.97591555 -0.21814868 0
    outer loop
      vertex 6.682287 -27.462381 5
      vertex 6.668583 -27.52369 8
      vertex 6.668583 -27.52369 5
    endloop
  endfacet
  facet normal -0.21814546 -0.97591627 0
    outer loop
      vertex 5.451309 -28.243584 5
      vertex 5.512618 -28.257288 8
      vertex 5.451309 -28.243584 8
    endloop
  endfacet
  facet normal -0.21814546 -0.97591627 0
    outer loop
      vertex 5.512618 -28.257288 8
      vertex 5.451309 -28.243584 5
      vertex 5.512618 -28.257288 5
    endloop
  endfacet
  facet normal -0.6129059 0.7901559 0
    outer loop
      vertex 5.112214 -26.465982 5
      vertex 5.0625753 -26.504486 8
      vertex 5.112214 -26.465982 8
    endloop
  endfacet
  facet normal -0.6129059 0.7901559 0
    outer loop
      vertex 5.0625753 -26.504486 8
      vertex 5.112214 -26.465982 5
      vertex 5.0625753 -26.504486 5
    endloop
  endfacet
  facet normal 0.8270801 0.56208414 0
    outer loop
      vertex 6.5443277 -26.739174 8
      vertex 6.509017 -26.687216 5
      vertex 6.509017 -26.687216 8
    endloop
  endfacet
  facet normal 0.8270801 0.56208414 0
    outer loop
      vertex 6.509017 -26.687216 5
      vertex 6.5443277 -26.739174 8
      vertex 6.5443277 -26.739174 5
    endloop
  endfacet
  facet normal 0.89100707 -0.45398945 0
    outer loop
      vertex 6.5763063 -27.756754 8
      vertex 6.604827 -27.700779 5
      vertex 6.604827 -27.700779 8
    endloop
  endfacet
  facet normal 0.89100707 -0.45398945 0
    outer loop
      vertex 6.604827 -27.700779 5
      vertex 6.5763063 -27.756754 8
      vertex 6.5763063 -27.756754 5
    endloop
  endfacet
  facet normal -0.56207705 0.82708484 0
    outer loop
      vertex 5.164173 -26.430672 5
      vertex 5.112214 -26.465982 8
      vertex 5.164173 -26.430672 8
    endloop
  endfacet
  facet normal -0.56207705 0.82708484 0
    outer loop
      vertex 5.112214 -26.465982 8
      vertex 5.164173 -26.430672 5
      vertex 5.112214 -26.465982 5
    endloop
  endfacet
  facet normal 0.9876902 -0.1564225 0
    outer loop
      vertex 6.682287 -27.462381 8
      vertex 6.692114 -27.400333 5
      vertex 6.692114 -27.400333 8
    endloop
  endfacet
  facet normal 0.9876902 -0.1564225 0
    outer loop
      vertex 6.692114 -27.400333 5
      vertex 6.682287 -27.462381 8
      vertex 6.682287 -27.462381 5
    endloop
  endfacet
  facet normal -0.9876879 0.15643731 0
    outer loop
      vertex 4.707885 -27.149668 5
      vertex 4.7177124 -27.08762 8
      vertex 4.7177124 -27.08762 5
    endloop
  endfacet
  facet normal -0.9876879 0.15643731 0
    outer loop
      vertex 4.7177124 -27.08762 8
      vertex 4.707885 -27.149668 5
      vertex 4.707885 -27.149668 8
    endloop
  endfacet
  facet normal 0.9408781 0.33874527 0
    outer loop
      vertex 6.6510563 -26.965982 8
      vertex 6.629776 -26.906876 5
      vertex 6.629776 -26.906876 8
    endloop
  endfacet
  facet normal 0.9408781 0.33874527 0
    outer loop
      vertex 6.629776 -26.906876 5
      vertex 6.6510563 -26.965982 8
      vertex 6.6510563 -26.965982 5
    endloop
  endfacet
  facet normal 0.9876902 0.1564225 0
    outer loop
      vertex 6.692114 -27.149668 8
      vertex 6.682287 -27.08762 5
      vertex 6.682287 -27.08762 8
    endloop
  endfacet
  facet normal 0.9876902 0.1564225 0
    outer loop
      vertex 6.682287 -27.08762 5
      vertex 6.692114 -27.149668 8
      vertex 6.692114 -27.149668 5
    endloop
  endfacet
  facet normal -0.2789931 0.9602931 0
    outer loop
      vertex 5.451309 -26.306417 5
      vertex 5.3909826 -26.323944 8
      vertex 5.451309 -26.306417 8
    endloop
  endfacet
  facet normal -0.2789931 0.9602931 0
    outer loop
      vertex 5.3909826 -26.323944 8
      vertex 5.451309 -26.306417 5
      vertex 5.3909826 -26.323944 5
    endloop
  endfacet
  facet normal 0.7070916 0.70712197 0
    outer loop
      vertex 6.4289684 -26.590452 5
      vertex 6.3845463 -26.546032 8
      vertex 6.4289684 -26.590452 8
    endloop
  endfacet
  facet normal 0.7070916 0.70712197 0
    outer loop
      vertex 6.3845463 -26.546032 8
      vertex 6.4289684 -26.590452 5
      vertex 6.3845463 -26.546032 5
    endloop
  endfacet
  facet normal 0.03142433 0.9995061 0
    outer loop
      vertex 5.7627897 -26.276974 5
      vertex 5.7 -26.275 8
      vertex 5.7627897 -26.276974 8
    endloop
  endfacet
  facet normal 0.03142433 0.9995061 0
    outer loop
      vertex 5.7 -26.275 8
      vertex 5.7627897 -26.276974 5
      vertex 5.7 -26.275 5
    endloop
  endfacet
  facet normal 0.031393994 -0.99950707 0
    outer loop
      vertex 5.7 -28.275 5
      vertex 5.7627897 -28.273027 8
      vertex 5.7 -28.275 8
    endloop
  endfacet
  facet normal 0.031393994 -0.99950707 0
    outer loop
      vertex 5.7627897 -28.273027 8
      vertex 5.7 -28.275 5
      vertex 5.7627897 -28.273027 5
    endloop
  endfacet
  facet normal 0.6613244 0.7501001 0
    outer loop
      vertex 6.3845463 -26.546032 5
      vertex 6.3374233 -26.504486 8
      vertex 6.3845463 -26.546032 8
    endloop
  endfacet
  facet normal 0.6613244 0.7501001 0
    outer loop
      vertex 6.3374233 -26.504486 8
      vertex 6.3845463 -26.546032 5
      vertex 6.3374233 -26.504486 5
    endloop
  endfacet
  facet normal -0.9876879 -0.15643731 0
    outer loop
      vertex 4.7177124 -27.462381 5
      vertex 4.707885 -27.400333 8
      vertex 4.707885 -27.400333 5
    endloop
  endfacet
  facet normal -0.9876879 -0.15643731 0
    outer loop
      vertex 4.707885 -27.400333 8
      vertex 4.7177124 -27.462381 5
      vertex 4.7177124 -27.462381 8
    endloop
  endfacet
  facet normal 0.79014856 0.6129154 0
    outer loop
      vertex 6.509017 -26.687216 8
      vertex 6.4705124 -26.637577 5
      vertex 6.4705124 -26.637577 8
    endloop
  endfacet
  facet normal 0.79014856 0.6129154 0
    outer loop
      vertex 6.4705124 -26.637577 5
      vertex 6.509017 -26.687216 8
      vertex 6.509017 -26.687216 5
    endloop
  endfacet
  facet normal 0.70710677 -0.70710677 0
    outer loop
      vertex 6.3845463 -28.00397 8
      vertex 6.4289684 -27.959547 5
      vertex 6.4289684 -27.959547 8
    endloop
  endfacet
  facet normal 0.70710677 -0.70710677 0
    outer loop
      vertex 6.4289684 -27.959547 5
      vertex 6.3845463 -28.00397 8
      vertex 6.3845463 -28.00397 5
    endloop
  endfacet
  facet normal -0.86074394 0.5090382 0
    outer loop
      vertex 4.8236933 -26.793247 5
      vertex 4.855672 -26.739174 8
      vertex 4.855672 -26.739174 5
    endloop
  endfacet
  facet normal -0.86074394 0.5090382 0
    outer loop
      vertex 4.855672 -26.739174 8
      vertex 4.8236933 -26.793247 5
      vertex 4.8236933 -26.793247 8
    endloop
  endfacet
  facet normal -0.7901559 0.6129059 0
    outer loop
      vertex 4.8909826 -26.687216 5
      vertex 4.9294863 -26.637577 8
      vertex 4.9294863 -26.637577 5
    endloop
  endfacet
  facet normal -0.7901559 0.6129059 0
    outer loop
      vertex 4.9294863 -26.637577 8
      vertex 4.8909826 -26.687216 5
      vertex 4.8909826 -26.687216 8
    endloop
  endfacet
  facet normal 0.09408981 0.9955637 0
    outer loop
      vertex 5.8253326 -26.282885 5
      vertex 5.7627897 -26.276974 8
      vertex 5.8253326 -26.282885 8
    endloop
  endfacet
  facet normal 0.09408981 0.9955637 0
    outer loop
      vertex 5.7627897 -26.276974 8
      vertex 5.8253326 -26.282885 5
      vertex 5.7627897 -26.276974 5
    endloop
  endfacet
  facet normal -0.99556214 -0.09410628 0
    outer loop
      vertex 4.707885 -27.400333 5
      vertex 4.701973 -27.337791 8
      vertex 4.701973 -27.337791 5
    endloop
  endfacet
  facet normal -0.99556214 -0.09410628 0
    outer loop
      vertex 4.701973 -27.337791 8
      vertex 4.707885 -27.400333 5
      vertex 4.707885 -27.400333 8
    endloop
  endfacet
  facet normal 0.5090382 -0.86074394 0
    outer loop
      vertex 6.181753 -28.151306 5
      vertex 6.2358265 -28.119328 8
      vertex 6.181753 -28.151306 8
    endloop
  endfacet
  facet normal 0.5090382 -0.86074394 0
    outer loop
      vertex 6.2358265 -28.119328 8
      vertex 6.181753 -28.151306 5
      vertex 6.2358265 -28.119328 5
    endloop
  endfacet
  facet normal -0.9177527 0.3971524 0
    outer loop
      vertex 4.7702227 -26.906876 5
      vertex 4.7951727 -26.84922 8
      vertex 4.7951727 -26.84922 5
    endloop
  endfacet
  facet normal -0.9177527 0.3971524 0
    outer loop
      vertex 4.7951727 -26.84922 8
      vertex 4.7702227 -26.906876 5
      vertex 4.7702227 -26.906876 8
    endloop
  endfacet
  facet normal 0.86074394 -0.5090382 0
    outer loop
      vertex 6.5443277 -27.810827 8
      vertex 6.5763063 -27.756754 5
      vertex 6.5763063 -27.756754 8
    endloop
  endfacet
  facet normal 0.86074394 -0.5090382 0
    outer loop
      vertex 6.5763063 -27.756754 5
      vertex 6.5443277 -27.810827 8
      vertex 6.5443277 -27.810827 5
    endloop
  endfacet
  facet normal 0.39712682 0.91776377 0
    outer loop
      vertex 6.125779 -26.370173 5
      vertex 6.068124 -26.345224 8
      vertex 6.125779 -26.370173 8
    endloop
  endfacet
  facet normal 0.39712682 0.91776377 0
    outer loop
      vertex 6.068124 -26.345224 8
      vertex 6.125779 -26.370173 5
      vertex 6.068124 -26.345224 5
    endloop
  endfacet
  facet normal -0.1564225 -0.9876902 0
    outer loop
      vertex 5.512618 -28.257288 5
      vertex 5.574666 -28.267115 8
      vertex 5.512618 -28.257288 8
    endloop
  endfacet
  facet normal -0.1564225 -0.9876902 0
    outer loop
      vertex 5.574666 -28.267115 8
      vertex 5.512618 -28.257288 5
      vertex 5.574666 -28.267115 5
    endloop
  endfacet
  facet normal -0.56207705 -0.82708484 0
    outer loop
      vertex 5.112214 -28.084017 5
      vertex 5.164173 -28.119328 8
      vertex 5.112214 -28.084017 8
    endloop
  endfacet
  facet normal -0.56207705 -0.82708484 0
    outer loop
      vertex 5.164173 -28.119328 8
      vertex 5.112214 -28.084017 5
      vertex 5.164173 -28.119328 5
    endloop
  endfacet
  facet normal -0.6613073 -0.7501151 0
    outer loop
      vertex 5.0154524 -28.00397 5
      vertex 5.0625753 -28.045513 8
      vertex 5.0154524 -28.00397 8
    endloop
  endfacet
  facet normal -0.6613073 -0.7501151 0
    outer loop
      vertex 5.0625753 -28.045513 8
      vertex 5.0154524 -28.00397 5
      vertex 5.0625753 -28.045513 5
    endloop
  endfacet
  facet normal 0.27898905 0.9602943 0
    outer loop
      vertex 6.009017 -26.323944 5
      vertex 5.9486895 -26.306417 8
      vertex 6.009017 -26.323944 8
    endloop
  endfacet
  facet normal 0.27898905 0.9602943 0
    outer loop
      vertex 5.9486895 -26.306417 8
      vertex 6.009017 -26.323944 5
      vertex 5.9486895 -26.306417 5
    endloop
  endfacet
  facet normal -0.9995066 0.031409163 0
    outer loop
      vertex 4.7 -27.275 5
      vertex 4.701973 -27.21221 8
      vertex 4.701973 -27.21221 5
    endloop
  endfacet
  facet normal -0.9995066 0.031409163 0
    outer loop
      vertex 4.701973 -27.21221 8
      vertex 4.7 -27.275 5
      vertex 4.7 -27.275 8
    endloop
  endfacet
  facet normal -0.8910008 0.45400172 0
    outer loop
      vertex 4.7951727 -26.84922 5
      vertex 4.8236933 -26.793247 8
      vertex 4.8236933 -26.793247 5
    endloop
  endfacet
  facet normal -0.8910008 0.45400172 0
    outer loop
      vertex 4.8236933 -26.793247 8
      vertex 4.7951727 -26.84922 5
      vertex 4.7951727 -26.84922 8
    endloop
  endfacet
  facet normal 0.9602943 -0.27898905 0
    outer loop
      vertex 6.6510563 -27.584017 8
      vertex 6.668583 -27.52369 5
      vertex 6.668583 -27.52369 8
    endloop
  endfacet
  facet normal 0.9602943 -0.27898905 0
    outer loop
      vertex 6.668583 -27.52369 5
      vertex 6.6510563 -27.584017 8
      vertex 6.6510563 -27.584017 5
    endloop
  endfacet
  facet normal -0.7070992 0.7071144 0
    outer loop
      vertex 5.0154524 -26.546032 5
      vertex 4.971031 -26.590452 8
      vertex 5.0154524 -26.546032 8
    endloop
  endfacet
  facet normal -0.7070992 0.7071144 0
    outer loop
      vertex 4.971031 -26.590452 8
      vertex 5.0154524 -26.546032 5
      vertex 4.971031 -26.590452 5
    endloop
  endfacet
  facet normal 0.6613073 -0.7501151 0
    outer loop
      vertex 6.3374233 -28.045513 5
      vertex 6.3845463 -28.00397 8
      vertex 6.3374233 -28.045513 8
    endloop
  endfacet
  facet normal 0.6613073 -0.7501151 0
    outer loop
      vertex 6.3845463 -28.00397 8
      vertex 6.3374233 -28.045513 5
      vertex 6.3845463 -28.00397 5
    endloop
  endfacet
  facet normal -0.33874044 -0.9408799 0
    outer loop
      vertex 5.331875 -28.204777 5
      vertex 5.3909826 -28.226057 8
      vertex 5.331875 -28.204777 8
    endloop
  endfacet
  facet normal -0.33874044 -0.9408799 0
    outer loop
      vertex 5.3909826 -28.226057 8
      vertex 5.331875 -28.204777 5
      vertex 5.3909826 -28.226057 5
    endloop
  endfacet
  facet normal 0.4539956 -0.8910039 0
    outer loop
      vertex 6.125779 -28.179827 5
      vertex 6.181753 -28.151306 8
      vertex 6.125779 -28.179827 8
    endloop
  endfacet
  facet normal 0.4539956 -0.8910039 0
    outer loop
      vertex 6.181753 -28.151306 8
      vertex 6.125779 -28.179827 5
      vertex 6.181753 -28.151306 5
    endloop
  endfacet
  facet normal 0.8270801 -0.56208414 0
    outer loop
      vertex 6.509017 -27.862785 8
      vertex 6.5443277 -27.810827 5
      vertex 6.5443277 -27.810827 8
    endloop
  endfacet
  facet normal 0.8270801 -0.56208414 0
    outer loop
      vertex 6.5443277 -27.810827 5
      vertex 6.509017 -27.862785 8
      vertex 6.509017 -27.862785 5
    endloop
  endfacet
  facet normal -0.1564521 0.98768556 0
    outer loop
      vertex 5.574666 -26.282885 5
      vertex 5.512618 -26.292713 8
      vertex 5.574666 -26.282885 8
    endloop
  endfacet
  facet normal -0.1564521 0.98768556 0
    outer loop
      vertex 5.512618 -26.292713 8
      vertex 5.574666 -26.282885 5
      vertex 5.512618 -26.292713 5
    endloop
  endfacet
  facet normal -0.9602943 0.27898905 0
    outer loop
      vertex 4.7314167 -27.02631 5
      vertex 4.7489433 -26.965982 8
      vertex 4.7489433 -26.965982 5
    endloop
  endfacet
  facet normal -0.9602943 0.27898905 0
    outer loop
      vertex 4.7489433 -26.965982 8
      vertex 4.7314167 -27.02631 5
      vertex 4.7314167 -27.02631 8
    endloop
  endfacet
  facet normal 0.79014856 -0.6129154 0
    outer loop
      vertex 6.4705124 -27.912424 8
      vertex 6.509017 -27.862785 5
      vertex 6.509017 -27.862785 8
    endloop
  endfacet
  facet normal 0.79014856 -0.6129154 0
    outer loop
      vertex 6.509017 -27.862785 5
      vertex 6.4705124 -27.912424 8
      vertex 6.4705124 -27.912424 5
    endloop
  endfacet
  facet normal 0.33874527 -0.9408781 0
    outer loop
      vertex 6.009017 -28.226057 5
      vertex 6.068124 -28.204777 8
      vertex 6.009017 -28.226057 8
    endloop
  endfacet
  facet normal 0.33874527 -0.9408781 0
    outer loop
      vertex 6.068124 -28.204777 8
      vertex 6.009017 -28.226057 5
      vertex 6.068124 -28.204777 5
    endloop
  endfacet
  facet normal -0.8270801 0.56208414 0
    outer loop
      vertex 4.855672 -26.739174 5
      vertex 4.8909826 -26.687216 8
      vertex 4.8909826 -26.687216 5
    endloop
  endfacet
  facet normal -0.8270801 0.56208414 0
    outer loop
      vertex 4.8909826 -26.687216 8
      vertex 4.855672 -26.739174 5
      vertex 4.855672 -26.739174 8
    endloop
  endfacet
  facet normal -0.45398945 -0.89100707 0
    outer loop
      vertex 5.2182455 -28.151306 5
      vertex 5.2742205 -28.179827 8
      vertex 5.2182455 -28.151306 8
    endloop
  endfacet
  facet normal -0.45398945 -0.89100707 0
    outer loop
      vertex 5.2742205 -28.179827 8
      vertex 5.2182455 -28.151306 5
      vertex 5.2742205 -28.179827 5
    endloop
  endfacet
  facet normal -0.8270801 -0.56208414 0
    outer loop
      vertex 4.8909826 -27.862785 5
      vertex 4.855672 -27.810827 8
      vertex 4.855672 -27.810827 5
    endloop
  endfacet
  facet normal -0.8270801 -0.56208414 0
    outer loop
      vertex 4.855672 -27.810827 8
      vertex 4.8909826 -27.862785 5
      vertex 4.8909826 -27.862785 8
    endloop
  endfacet
  facet normal -0.97591555 -0.21814868 0
    outer loop
      vertex 4.7314167 -27.52369 5
      vertex 4.7177124 -27.462381 8
      vertex 4.7177124 -27.462381 5
    endloop
  endfacet
  facet normal -0.97591555 -0.21814868 0
    outer loop
      vertex 4.7177124 -27.462381 8
      vertex 4.7314167 -27.52369 5
      vertex 4.7314167 -27.52369 8
    endloop
  endfacet
  facet normal 0.33874527 0.9408781 0
    outer loop
      vertex 6.068124 -26.345224 5
      vertex 6.009017 -26.323944 8
      vertex 6.068124 -26.345224 8
    endloop
  endfacet
  facet normal 0.33874527 0.9408781 0
    outer loop
      vertex 6.009017 -26.323944 8
      vertex 6.068124 -26.345224 5
      vertex 6.009017 -26.323944 5
    endloop
  endfacet
  facet normal 0.7501151 -0.6613073 0
    outer loop
      vertex 6.4289684 -27.959547 8
      vertex 6.4705124 -27.912424 5
      vertex 6.4705124 -27.912424 8
    endloop
  endfacet
  facet normal 0.7501151 -0.6613073 0
    outer loop
      vertex 6.4705124 -27.912424 5
      vertex 6.4289684 -27.959547 8
      vertex 6.4289684 -27.959547 5
    endloop
  endfacet
  facet normal -0.86074394 -0.5090382 0
    outer loop
      vertex 4.855672 -27.810827 5
      vertex 4.8236933 -27.756754 8
      vertex 4.8236933 -27.756754 5
    endloop
  endfacet
  facet normal -0.86074394 -0.5090382 0
    outer loop
      vertex 4.8236933 -27.756754 8
      vertex 4.855672 -27.810827 5
      vertex 4.855672 -27.810827 8
    endloop
  endfacet
  facet normal -0.33874044 0.9408799 0
    outer loop
      vertex 5.3909826 -26.323944 5
      vertex 5.331875 -26.345224 8
      vertex 5.3909826 -26.323944 8
    endloop
  endfacet
  facet normal -0.33874044 0.9408799 0
    outer loop
      vertex 5.331875 -26.345224 8
      vertex 5.3909826 -26.323944 5
      vertex 5.331875 -26.345224 5
    endloop
  endfacet
  facet normal -0.03139352 -0.9995071 0
    outer loop
      vertex 5.637209 -28.273027 5
      vertex 5.7 -28.275 8
      vertex 5.637209 -28.273027 8
    endloop
  endfacet
  facet normal -0.03139352 -0.9995071 0
    outer loop
      vertex 5.7 -28.275 8
      vertex 5.637209 -28.273027 5
      vertex 5.7 -28.275 5
    endloop
  endfacet
  facet normal 0.21814546 -0.97591627 0
    outer loop
      vertex 5.8873806 -28.257288 5
      vertex 5.9486895 -28.243584 8
      vertex 5.8873806 -28.257288 8
    endloop
  endfacet
  facet normal 0.21814546 -0.97591627 0
    outer loop
      vertex 5.9486895 -28.243584 8
      vertex 5.8873806 -28.257288 5
      vertex 5.9486895 -28.243584 5
    endloop
  endfacet
  facet normal -0.2789931 -0.9602931 0
    outer loop
      vertex 5.3909826 -28.226057 5
      vertex 5.451309 -28.243584 8
      vertex 5.3909826 -28.226057 8
    endloop
  endfacet
  facet normal -0.2789931 -0.9602931 0
    outer loop
      vertex 5.451309 -28.243584 8
      vertex 5.3909826 -28.226057 5
      vertex 5.451309 -28.243584 5
    endloop
  endfacet
  facet normal 0.27898905 -0.9602943 0
    outer loop
      vertex 5.9486895 -28.243584 5
      vertex 6.009017 -28.226057 8
      vertex 5.9486895 -28.243584 8
    endloop
  endfacet
  facet normal 0.27898905 -0.9602943 0
    outer loop
      vertex 6.009017 -28.226057 8
      vertex 5.9486895 -28.243584 5
      vertex 6.009017 -28.226057 5
    endloop
  endfacet
  facet normal -0.5090448 -0.86074 0
    outer loop
      vertex 5.164173 -28.119328 5
      vertex 5.2182455 -28.151306 8
      vertex 5.164173 -28.119328 8
    endloop
  endfacet
  facet normal -0.5090448 -0.86074 0
    outer loop
      vertex 5.2182455 -28.151306 8
      vertex 5.164173 -28.119328 5
      vertex 5.2182455 -28.151306 5
    endloop
  endfacet
  facet normal -0.94088644 -0.33872217 0
    outer loop
      vertex 4.7702227 -27.643126 5
      vertex 4.7489433 -27.584017 8
      vertex 4.7489433 -27.584017 5
    endloop
  endfacet
  facet normal -0.94088644 -0.33872217 0
    outer loop
      vertex 4.7489433 -27.584017 8
      vertex 4.7702227 -27.643126 5
      vertex 4.7702227 -27.643126 8
    endloop
  endfacet
  facet normal 1 0 0
    outer loop
      vertex 7.2 -78.3 5
      vertex 7.2 -72.4 0
      vertex 7.2 -72.4 5
    endloop
  endfacet
  facet normal 1 0 0
    outer loop
      vertex 7.2 -72.4 0
      vertex 7.2 -78.3 5
      vertex 7.2 -78.3 0
    endloop
  endfacet
  facet normal 0 0 1
    outer loop
      vertex 6.6980267 -74.38779 5
      vertex 7.2 -72.4 5
      vertex 6.7 -74.325 5
    endloop
  endfacet
  facet normal 0 0 1
    outer loop
      vertex 7.2 -72.4 5
      vertex 6.6980267 -74.26221 5
      vertex 6.7 -74.325 5
    endloop
  endfacet
  facet normal 0 0 1
    outer loop
      vertex 7.2 -72.4 5
      vertex 6.692114 -74.19967 5
      vertex 6.6980267 -74.26221 5
    endloop
  endfacet
  facet normal 0 0 1
    outer loop
      vertex 7.2 -72.4 5
      vertex 6.682287 -74.13762 5
      vertex 6.692114 -74.19967 5
    endloop
  endfacet
  facet normal 0 0 1
    outer loop
      vertex 7.2 -72.4 5
      vertex 6.668583 -74.07631 5
      vertex 6.682287 -74.13762 5
    endloop
  endfacet
  facet normal 0 0 1
    outer loop
      vertex 7.2 -72.4 5
      vertex 6.6510563 -74.01598 5
      vertex 6.668583 -74.07631 5
    endloop
  endfacet
  facet normal 0 0 1
    outer loop
      vertex 7.2 -72.4 5
      vertex 6.629776 -73.95687 5
      vertex 6.6510563 -74.01598 5
    endloop
  endfacet
  facet normal 0 0 1
    outer loop
      vertex 7.2 -72.4 5
      vertex 6.604827 -73.89922 5
      vertex 6.629776 -73.95687 5
    endloop
  endfacet
  facet normal 0 0 1
    outer loop
      vertex 7.2 -72.4 5
      vertex 6.5763063 -73.84325 5
      vertex 6.604827 -73.89922 5
    endloop
  endfacet
  facet normal 0 0 1
    outer loop
      vertex 7.2 -72.4 5
      vertex 6.5443277 -73.78917 5
      vertex 6.5763063 -73.84325 5
    endloop
  endfacet
  facet normal 0 0 1
    outer loop
      vertex 7.2 -72.4 5
      vertex 6.509017 -73.73721 5
      vertex 6.5443277 -73.78917 5
    endloop
  endfacet
  facet normal 0 0 1
    outer loop
      vertex 7.2 -72.4 5
      vertex 6.4705124 -73.68758 5
      vertex 6.509017 -73.73721 5
    endloop
  endfacet
  facet normal 0 0 1
    outer loop
      vertex 7.2 -72.4 5
      vertex 6.4289684 -73.64045 5
      vertex 6.4705124 -73.68758 5
    endloop
  endfacet
  facet normal 0 0 1
    outer loop
      vertex 7.2 -72.4 5
      vertex 6.3845463 -73.59603 5
      vertex 6.4289684 -73.64045 5
    endloop
  endfacet
  facet normal 0 0 1
    outer loop
      vertex 7.2 -72.4 5
      vertex 6.3374233 -73.55449 5
      vertex 6.3845463 -73.59603 5
    endloop
  endfacet
  facet normal 0 0 1
    outer loop
      vertex 7.2 -72.4 5
      vertex 6.2877846 -73.51598 5
      vertex 6.3374233 -73.55449 5
    endloop
  endfacet
  facet normal 0 0 1
    outer loop
      vertex 7.2 -72.4 5
      vertex 6.2358265 -73.480675 5
      vertex 6.2877846 -73.51598 5
    endloop
  endfacet
  facet normal 0 0 1
    outer loop
      vertex 7.2 -72.4 5
      vertex 6.181753 -73.44869 5
      vertex 6.2358265 -73.480675 5
    endloop
  endfacet
  facet normal 0 0 1
    outer loop
      vertex 7.2 -72.4 5
      vertex 6.125779 -73.42017 5
      vertex 6.181753 -73.44869 5
    endloop
  endfacet
  facet normal 0 0 1
    outer loop
      vertex 7.2 -72.4 5
      vertex 6.068124 -73.395226 5
      vertex 6.125779 -73.42017 5
    endloop
  endfacet
  facet normal 0 0 1
    outer loop
      vertex 7.2 -72.4 5
      vertex 6.009017 -73.37394 5
      vertex 6.068124 -73.395226 5
    endloop
  endfacet
  facet normal 0 0 1
    outer loop
      vertex 7.2 -72.4 5
      vertex 5.9486895 -73.356415 5
      vertex 6.009017 -73.37394 5
    endloop
  endfacet
  facet normal 0 0 1
    outer loop
      vertex 7.2 -72.4 5
      vertex 5.8873806 -73.34271 5
      vertex 5.9486895 -73.356415 5
    endloop
  endfacet
  facet normal 0 0 1
    outer loop
      vertex 7.2 -72.4 5
      vertex 5.8253326 -73.332886 5
      vertex 5.8873806 -73.34271 5
    endloop
  endfacet
  facet normal 0 0 1
    outer loop
      vertex 7.2 -72.4 5
      vertex 5.7627897 -73.32697 5
      vertex 5.8253326 -73.332886 5
    endloop
  endfacet
  facet normal 0 0 1
    outer loop
      vertex 7.2 -72.4 5
      vertex 5.7 -73.325 5
      vertex 5.7627897 -73.32697 5
    endloop
  endfacet
  facet normal 0 0 1
    outer loop
      vertex 4.2 -72.4 5
      vertex 5.7 -73.325 5
      vertex 7.2 -72.4 5
    endloop
  endfacet
  facet normal 0 0 1
    outer loop
      vertex 5.7 -73.325 5
      vertex 4.2 -72.4 5
      vertex 5.637209 -73.32697 5
    endloop
  endfacet
  facet normal 0 0 1
    outer loop
      vertex 5.637209 -73.32697 5
      vertex 4.2 -72.4 5
      vertex 5.574666 -73.332886 5
    endloop
  endfacet
  facet normal 0 0 1
    outer loop
      vertex 5.574666 -73.332886 5
      vertex 4.2 -72.4 5
      vertex 5.512618 -73.34271 5
    endloop
  endfacet
  facet normal 0 0 1
    outer loop
      vertex 5.512618 -73.34271 5
      vertex 4.2 -72.4 5
      vertex 5.451309 -73.356415 5
    endloop
  endfacet
  facet normal 0 0 1
    outer loop
      vertex 5.451309 -73.356415 5
      vertex 4.2 -72.4 5
      vertex 5.3909826 -73.37394 5
    endloop
  endfacet
  facet normal 0 0 1
    outer loop
      vertex 5.3909826 -73.37394 5
      vertex 4.2 -72.4 5
      vertex 5.331875 -73.395226 5
    endloop
  endfacet
  facet normal 0 0 1
    outer loop
      vertex 5.331875 -73.395226 5
      vertex 4.2 -72.4 5
      vertex 5.2742205 -73.42017 5
    endloop
  endfacet
  facet normal 0 0 1
    outer loop
      vertex 4.701973 -74.26221 5
      vertex 4.2 -72.4 5
      vertex 4.7 -74.325 5
    endloop
  endfacet
  facet normal 0 0 1
    outer loop
      vertex 4.707885 -74.19967 5
      vertex 4.2 -72.4 5
      vertex 4.701973 -74.26221 5
    endloop
  endfacet
  facet normal 0 0 1
    outer loop
      vertex 4.7177124 -74.13762 5
      vertex 4.2 -72.4 5
      vertex 4.707885 -74.19967 5
    endloop
  endfacet
  facet normal 0 0 1
    outer loop
      vertex 4.7314167 -74.07631 5
      vertex 4.2 -72.4 5
      vertex 4.7177124 -74.13762 5
    endloop
  endfacet
  facet normal 0 0 1
    outer loop
      vertex 4.7489433 -74.01598 5
      vertex 4.2 -72.4 5
      vertex 4.7314167 -74.07631 5
    endloop
  endfacet
  facet normal 0 0 1
    outer loop
      vertex 4.7702227 -73.95687 5
      vertex 4.2 -72.4 5
      vertex 4.7489433 -74.01598 5
    endloop
  endfacet
  facet normal 0 0 1
    outer loop
      vertex 4.7951727 -73.89922 5
      vertex 4.2 -72.4 5
      vertex 4.7702227 -73.95687 5
    endloop
  endfacet
  facet normal 0 0 1
    outer loop
      vertex 4.8236933 -73.84325 5
      vertex 4.2 -72.4 5
      vertex 4.7951727 -73.89922 5
    endloop
  endfacet
  facet normal 0 0 1
    outer loop
      vertex 4.855672 -73.78917 5
      vertex 4.2 -72.4 5
      vertex 4.8236933 -73.84325 5
    endloop
  endfacet
  facet normal 0 0 1
    outer loop
      vertex 4.8909826 -73.73721 5
      vertex 4.2 -72.4 5
      vertex 4.855672 -73.78917 5
    endloop
  endfacet
  facet normal 0 0 1
    outer loop
      vertex 4.9294863 -73.68758 5
      vertex 4.2 -72.4 5
      vertex 4.8909826 -73.73721 5
    endloop
  endfacet
  facet normal 0 0 1
    outer loop
      vertex 4.971031 -73.64045 5
      vertex 4.2 -72.4 5
      vertex 4.9294863 -73.68758 5
    endloop
  endfacet
  facet normal 0 0 1
    outer loop
      vertex 5.0154524 -73.59603 5
      vertex 4.2 -72.4 5
      vertex 4.971031 -73.64045 5
    endloop
  endfacet
  facet normal 0 0 1
    outer loop
      vertex 5.0625753 -73.55449 5
      vertex 4.2 -72.4 5
      vertex 5.0154524 -73.59603 5
    endloop
  endfacet
  facet normal 0 0 1
    outer loop
      vertex 5.112214 -73.51598 5
      vertex 4.2 -72.4 5
      vertex 5.0625753 -73.55449 5
    endloop
  endfacet
  facet normal 0 0 1
    outer loop
      vertex 5.164173 -73.480675 5
      vertex 4.2 -72.4 5
      vertex 5.112214 -73.51598 5
    endloop
  endfacet
  facet normal 0 0 1
    outer loop
      vertex 5.2182455 -73.44869 5
      vertex 4.2 -72.4 5
      vertex 5.164173 -73.480675 5
    endloop
  endfacet
  facet normal 0 0 1
    outer loop
      vertex 5.2742205 -73.42017 5
      vertex 4.2 -72.4 5
      vertex 5.2182455 -73.44869 5
    endloop
  endfacet
  facet normal 0 0 1
    outer loop
      vertex 6.692114 -74.45033 5
      vertex 7.2 -72.4 5
      vertex 6.6980267 -74.38779 5
    endloop
  endfacet
  facet normal 0 0 1
    outer loop
      vertex 7.2 -72.4 5
      vertex 6.692114 -74.45033 5
      vertex 7.2 -78.3 5
    endloop
  endfacet
  facet normal 0 0 1
    outer loop
      vertex 6.682287 -74.51238 5
      vertex 7.2 -78.3 5
      vertex 6.692114 -74.45033 5
    endloop
  endfacet
  facet normal 0 0 1
    outer loop
      vertex 6.668583 -74.57369 5
      vertex 7.2 -78.3 5
      vertex 6.682287 -74.51238 5
    endloop
  endfacet
  facet normal 0 0 1
    outer loop
      vertex 6.6510563 -74.63402 5
      vertex 7.2 -78.3 5
      vertex 6.668583 -74.57369 5
    endloop
  endfacet
  facet normal 0 0 1
    outer loop
      vertex 6.629776 -74.69312 5
      vertex 7.2 -78.3 5
      vertex 6.6510563 -74.63402 5
    endloop
  endfacet
  facet normal 0 0 1
    outer loop
      vertex 6.604827 -74.75078 5
      vertex 7.2 -78.3 5
      vertex 6.629776 -74.69312 5
    endloop
  endfacet
  facet normal 0 0 1
    outer loop
      vertex 6.5763063 -74.806755 5
      vertex 7.2 -78.3 5
      vertex 6.604827 -74.75078 5
    endloop
  endfacet
  facet normal 0 0 1
    outer loop
      vertex 6.5443277 -74.860825 5
      vertex 7.2 -78.3 5
      vertex 6.5763063 -74.806755 5
    endloop
  endfacet
  facet normal 0 0 1
    outer loop
      vertex 6.509017 -74.91278 5
      vertex 7.2 -78.3 5
      vertex 6.5443277 -74.860825 5
    endloop
  endfacet
  facet normal 0 0 1
    outer loop
      vertex 6.4705124 -74.962425 5
      vertex 7.2 -78.3 5
      vertex 6.509017 -74.91278 5
    endloop
  endfacet
  facet normal 0 0 1
    outer loop
      vertex 6.4289684 -75.009544 5
      vertex 7.2 -78.3 5
      vertex 6.4705124 -74.962425 5
    endloop
  endfacet
  facet normal 0 0 1
    outer loop
      vertex 6.3845463 -75.05397 5
      vertex 7.2 -78.3 5
      vertex 6.4289684 -75.009544 5
    endloop
  endfacet
  facet normal 0 0 1
    outer loop
      vertex 6.3374233 -75.09551 5
      vertex 7.2 -78.3 5
      vertex 6.3845463 -75.05397 5
    endloop
  endfacet
  facet normal 0 0 1
    outer loop
      vertex 6.2877846 -75.13402 5
      vertex 7.2 -78.3 5
      vertex 6.3374233 -75.09551 5
    endloop
  endfacet
  facet normal 0 0 1
    outer loop
      vertex 6.2358265 -75.16933 5
      vertex 7.2 -78.3 5
      vertex 6.2877846 -75.13402 5
    endloop
  endfacet
  facet normal 0 0 1
    outer loop
      vertex 6.181753 -75.20131 5
      vertex 7.2 -78.3 5
      vertex 6.2358265 -75.16933 5
    endloop
  endfacet
  facet normal 0 0 1
    outer loop
      vertex 6.125779 -75.22983 5
      vertex 7.2 -78.3 5
      vertex 6.181753 -75.20131 5
    endloop
  endfacet
  facet normal 0 0 1
    outer loop
      vertex 6.068124 -75.254776 5
      vertex 7.2 -78.3 5
      vertex 6.125779 -75.22983 5
    endloop
  endfacet
  facet normal 0 0 1
    outer loop
      vertex 6.009017 -75.276054 5
      vertex 7.2 -78.3 5
      vertex 6.068124 -75.254776 5
    endloop
  endfacet
  facet normal 0 0 1
    outer loop
      vertex 5.9486895 -75.29358 5
      vertex 7.2 -78.3 5
      vertex 6.009017 -75.276054 5
    endloop
  endfacet
  facet normal 0 0 1
    outer loop
      vertex 5.8873806 -75.30729 5
      vertex 7.2 -78.3 5
      vertex 5.9486895 -75.29358 5
    endloop
  endfacet
  facet normal 0 0 1
    outer loop
      vertex 5.8253326 -75.317116 5
      vertex 7.2 -78.3 5
      vertex 5.8873806 -75.30729 5
    endloop
  endfacet
  facet normal 0 0 1
    outer loop
      vertex 5.7627897 -75.32303 5
      vertex 7.2 -78.3 5
      vertex 5.8253326 -75.317116 5
    endloop
  endfacet
  facet normal 0 0 1
    outer loop
      vertex 5.7 -75.325 5
      vertex 7.2 -78.3 5
      vertex 5.7627897 -75.32303 5
    endloop
  endfacet
  facet normal 0 0 1
    outer loop
      vertex 4.2 -78.3 5
      vertex 5.7 -75.325 5
      vertex 5.637209 -75.32303 5
    endloop
  endfacet
  facet normal 0 0 1
    outer loop
      vertex 4.2 -78.3 5
      vertex 5.637209 -75.32303 5
      vertex 5.574666 -75.317116 5
    endloop
  endfacet
  facet normal 0 0 1
    outer loop
      vertex 4.2 -78.3 5
      vertex 5.574666 -75.317116 5
      vertex 5.512618 -75.30729 5
    endloop
  endfacet
  facet normal 0 0 1
    outer loop
      vertex 4.2 -78.3 5
      vertex 5.512618 -75.30729 5
      vertex 5.451309 -75.29358 5
    endloop
  endfacet
  facet normal 0 0 1
    outer loop
      vertex 4.2 -78.3 5
      vertex 5.451309 -75.29358 5
      vertex 5.3909826 -75.276054 5
    endloop
  endfacet
  facet normal 0 0 1
    outer loop
      vertex 4.2 -78.3 5
      vertex 5.3909826 -75.276054 5
      vertex 5.331875 -75.254776 5
    endloop
  endfacet
  facet normal 0 0 1
    outer loop
      vertex 4.2 -78.3 5
      vertex 5.331875 -75.254776 5
      vertex 5.2742205 -75.22983 5
    endloop
  endfacet
  facet normal 0 0 1
    outer loop
      vertex 4.2 -78.3 5
      vertex 5.2742205 -75.22983 5
      vertex 5.2182455 -75.20131 5
    endloop
  endfacet
  facet normal 0 0 1
    outer loop
      vertex 4.2 -78.3 5
      vertex 5.2182455 -75.20131 5
      vertex 5.164173 -75.16933 5
    endloop
  endfacet
  facet normal 0 0 1
    outer loop
      vertex 4.2 -78.3 5
      vertex 5.164173 -75.16933 5
      vertex 5.112214 -75.13402 5
    endloop
  endfacet
  facet normal 0 0 1
    outer loop
      vertex 4.2 -78.3 5
      vertex 5.112214 -75.13402 5
      vertex 5.0625753 -75.09551 5
    endloop
  endfacet
  facet normal 0 0 1
    outer loop
      vertex 4.2 -78.3 5
      vertex 5.0625753 -75.09551 5
      vertex 5.0154524 -75.05397 5
    endloop
  endfacet
  facet normal 0 0 1
    outer loop
      vertex 4.2 -78.3 5
      vertex 5.0154524 -75.05397 5
      vertex 4.971031 -75.009544 5
    endloop
  endfacet
  facet normal 0 0 1
    outer loop
      vertex 4.2 -78.3 5
      vertex 4.971031 -75.009544 5
      vertex 4.9294863 -74.962425 5
    endloop
  endfacet
  facet normal 0 0 1
    outer loop
      vertex 4.2 -78.3 5
      vertex 4.9294863 -74.962425 5
      vertex 4.8909826 -74.91278 5
    endloop
  endfacet
  facet normal 0 0 1
    outer loop
      vertex 4.2 -72.4 5
      vertex 4.701973 -74.38779 5
      vertex 4.7 -74.325 5
    endloop
  endfacet
  facet normal 0 0 1
    outer loop
      vertex 4.2 -72.4 5
      vertex 4.707885 -74.45033 5
      vertex 4.701973 -74.38779 5
    endloop
  endfacet
  facet normal 0 0 1
    outer loop
      vertex 4.2 -78.3 5
      vertex 4.707885 -74.45033 5
      vertex 4.2 -72.4 5
    endloop
  endfacet
  facet normal 0 0 1
    outer loop
      vertex 4.707885 -74.45033 5
      vertex 4.2 -78.3 5
      vertex 4.7177124 -74.51238 5
    endloop
  endfacet
  facet normal 0 0 1
    outer loop
      vertex 5.7 -75.325 5
      vertex 4.2 -78.3 5
      vertex 7.2 -78.3 5
    endloop
  endfacet
  facet normal 0 0 1
    outer loop
      vertex 4.855672 -74.860825 5
      vertex 4.2 -78.3 5
      vertex 4.8909826 -74.91278 5
    endloop
  endfacet
  facet normal 0 0 1
    outer loop
      vertex 4.8236933 -74.806755 5
      vertex 4.2 -78.3 5
      vertex 4.855672 -74.860825 5
    endloop
  endfacet
  facet normal 0 0 1
    outer loop
      vertex 4.7951727 -74.75078 5
      vertex 4.2 -78.3 5
      vertex 4.8236933 -74.806755 5
    endloop
  endfacet
  facet normal 0 0 1
    outer loop
      vertex 4.7702227 -74.69312 5
      vertex 4.2 -78.3 5
      vertex 4.7951727 -74.75078 5
    endloop
  endfacet
  facet normal 0 0 1
    outer loop
      vertex 4.7489433 -74.63402 5
      vertex 4.2 -78.3 5
      vertex 4.7702227 -74.69312 5
    endloop
  endfacet
  facet normal 0 0 1
    outer loop
      vertex 4.7314167 -74.57369 5
      vertex 4.2 -78.3 5
      vertex 4.7489433 -74.63402 5
    endloop
  endfacet
  facet normal 0 0 1
    outer loop
      vertex 4.7177124 -74.51238 5
      vertex 4.2 -78.3 5
      vertex 4.7314167 -74.57369 5
    endloop
  endfacet
  facet normal -1 0 0
    outer loop
      vertex 4.2 -78.3 0
      vertex 4.2 -72.4 5
      vertex 4.2 -72.4 0
    endloop
  endfacet
  facet normal -1 0 0
    outer loop
      vertex 4.2 -72.4 5
      vertex 4.2 -78.3 0
      vertex 4.2 -78.3 5
    endloop
  endfacet
  facet normal 0 1 0
    outer loop
      vertex 4.2 -78.3 0
      vertex -4.2 -78.3 5
      vertex 4.2 -78.3 5
    endloop
  endfacet
  facet normal 0 1 0
    outer loop
      vertex -4.2 -78.3 5
      vertex 4.2 -78.3 0
      vertex -4.2 -78.3 0
    endloop
  endfacet
  facet normal 0 1 0
    outer loop
      vertex 4.2 -78.3 5
      vertex 12 -78.3 8
      vertex 7.2 -78.3 5
    endloop
  endfacet
  facet normal 0 1 0
    outer loop
      vertex 12 -78.3 0
      vertex 7.2 -78.3 5
      vertex 12 -78.3 8
    endloop
  endfacet
  facet normal 0 1 0
    outer loop
      vertex 7.2 -78.3 5
      vertex 12 -78.3 0
      vertex 7.2 -78.3 0
    endloop
  endfacet
  facet normal 0 1 0
    outer loop
      vertex 12 -78.3 8
      vertex 4.2 -78.3 5
      vertex -12 -78.3 8
    endloop
  endfacet
  facet normal 0 1 0
    outer loop
      vertex -4.2 -78.3 5
      vertex -12 -78.3 8
      vertex 4.2 -78.3 5
    endloop
  endfacet
  facet normal 0 1 0
    outer loop
      vertex -7.2 -78.3 5
      vertex -12 -78.3 8
      vertex -4.2 -78.3 5
    endloop
  endfacet
  facet normal 0 1 0
    outer loop
      vertex -12 -78.3 0
      vertex -7.2 -78.3 5
      vertex -7.2 -78.3 0
    endloop
  endfacet
  facet normal 0 1 0
    outer loop
      vertex -7.2 -78.3 5
      vertex -12 -78.3 0
      vertex -12 -78.3 8
    endloop
  endfacet
  facet normal 0 1 0
    outer loop
      vertex 7.2 -72.4 0
      vertex 4.2 -72.4 5
      vertex 7.2 -72.4 5
    endloop
  endfacet
  facet normal 0 1 0
    outer loop
      vertex 4.2 -72.4 5
      vertex 7.2 -72.4 0
      vertex 4.2 -72.4 0
    endloop
  endfacet
  facet normal -0.750081 -0.66134596 0
    outer loop
      vertex 4.971031 -75.009544 5
      vertex 4.9294863 -74.962425 8
      vertex 4.9294863 -74.962425 5
    endloop
  endfacet
  facet normal -0.750081 -0.66134596 0
    outer loop
      vertex 4.9294863 -74.962425 8
      vertex 4.971031 -75.009544 5
      vertex 4.971031 -75.009544 8
    endloop
  endfacet
  facet normal 0.4539715 -0.8910162 0
    outer loop
      vertex 6.125779 -75.22983 5
      vertex 6.181753 -75.20131 8
      vertex 6.125779 -75.22983 8
    endloop
  endfacet
  facet normal 0.4539715 -0.8910162 0
    outer loop
      vertex 6.181753 -75.20131 8
      vertex 6.125779 -75.22983 5
      vertex 6.181753 -75.20131 5
    endloop
  endfacet
  facet normal 0.9995066 -0.031409163 0
    outer loop
      vertex 6.6980267 -74.38779 8
      vertex 6.7 -74.325 5
      vertex 6.7 -74.325 8
    endloop
  endfacet
  facet normal 0.9995066 -0.031409163 0
    outer loop
      vertex 6.7 -74.325 5
      vertex 6.6980267 -74.38779 8
      vertex 6.6980267 -74.38779 5
    endloop
  endfacet
  facet normal 0.8607282 -0.5090648 0
    outer loop
      vertex 6.5443277 -74.860825 8
      vertex 6.5763063 -74.806755 5
      vertex 6.5763063 -74.806755 8
    endloop
  endfacet
  facet normal 0.8607282 -0.5090648 0
    outer loop
      vertex 6.5763063 -74.806755 5
      vertex 6.5443277 -74.860825 8
      vertex 6.5443277 -74.860825 5
    endloop
  endfacet
  facet normal -0.39713237 -0.9177613 0
    outer loop
      vertex 5.2742205 -75.22983 5
      vertex 5.331875 -75.254776 8
      vertex 5.2742205 -75.22983 8
    endloop
  endfacet
  facet normal -0.39713237 -0.9177613 0
    outer loop
      vertex 5.331875 -75.254776 8
      vertex 5.2742205 -75.22983 5
      vertex 5.331875 -75.254776 5
    endloop
  endfacet
  facet normal -0.39713237 0.9177613 0
    outer loop
      vertex 5.331875 -73.395226 5
      vertex 5.2742205 -73.42017 8
      vertex 5.331875 -73.395226 8
    endloop
  endfacet
  facet normal -0.39713237 0.9177613 0
    outer loop
      vertex 5.2742205 -73.42017 8
      vertex 5.331875 -73.395226 5
      vertex 5.2742205 -73.42017 5
    endloop
  endfacet
  facet normal 0.91773903 0.3971839 0
    outer loop
      vertex 6.629776 -73.95687 8
      vertex 6.604827 -73.89922 5
      vertex 6.604827 -73.89922 8
    endloop
  endfacet
  facet normal 0.91773903 0.3971839 0
    outer loop
      vertex 6.604827 -73.89922 5
      vertex 6.629776 -73.95687 8
      vertex 6.629776 -73.95687 5
    endloop
  endfacet
  facet normal -0.031332858 -0.999509 0
    outer loop
      vertex 5.637209 -75.32303 5
      vertex 5.7 -75.325 8
      vertex 5.637209 -75.32303 8
    endloop
  endfacet
  facet normal -0.031332858 -0.999509 0
    outer loop
      vertex 5.7 -75.325 8
      vertex 5.637209 -75.32303 5
      vertex 5.7 -75.325 5
    endloop
  endfacet
  facet normal -0.94087946 -0.3387415 0
    outer loop
      vertex 4.7702227 -74.69312 5
      vertex 4.7489433 -74.63402 8
      vertex 4.7489433 -74.63402 5
    endloop
  endfacet
  facet normal -0.94087946 -0.3387415 0
    outer loop
      vertex 4.7489433 -74.63402 8
      vertex 4.7702227 -74.69312 5
      vertex 4.7702227 -74.69312 8
    endloop
  endfacet
  facet normal 0.39712682 0.91776377 0
    outer loop
      vertex 6.125779 -73.42017 5
      vertex 6.068124 -73.395226 8
      vertex 6.125779 -73.42017 8
    endloop
  endfacet
  facet normal 0.39712682 0.91776377 0
    outer loop
      vertex 6.068124 -73.395226 8
      vertex 6.125779 -73.42017 5
      vertex 6.068124 -73.395226 5
    endloop
  endfacet
  facet normal -0.975917 -0.21814223 0
    outer loop
      vertex 4.7314167 -74.57369 5
      vertex 4.7177124 -74.51238 8
      vertex 4.7177124 -74.51238 5
    endloop
  endfacet
  facet normal -0.975917 -0.21814223 0
    outer loop
      vertex 4.7177124 -74.51238 8
      vertex 4.7314167 -74.57369 5
      vertex 4.7314167 -74.57369 8
    endloop
  endfacet
  facet normal 0.2182322 -0.9758969 0
    outer loop
      vertex 5.8873806 -75.30729 5
      vertex 5.9486895 -75.29358 8
      vertex 5.8873806 -75.30729 8
    endloop
  endfacet
  facet normal 0.2182322 -0.9758969 0
    outer loop
      vertex 5.9486895 -75.29358 8
      vertex 5.8873806 -75.30729 5
      vertex 5.9486895 -75.29358 5
    endloop
  endfacet
  facet normal 0.7500886 -0.6613374 0
    outer loop
      vertex 6.4289684 -75.009544 8
      vertex 6.4705124 -74.962425 5
      vertex 6.4705124 -74.962425 8
    endloop
  endfacet
  facet normal 0.7500886 -0.6613374 0
    outer loop
      vertex 6.4705124 -74.962425 5
      vertex 6.4289684 -75.009544 8
      vertex 6.4289684 -75.009544 5
    endloop
  endfacet
  facet normal -0.9177335 0.39719668 0
    outer loop
      vertex 4.7702227 -73.95687 5
      vertex 4.7951727 -73.89922 8
      vertex 4.7951727 -73.89922 5
    endloop
  endfacet
  facet normal -0.9177335 0.39719668 0
    outer loop
      vertex 4.7951727 -73.89922 8
      vertex 4.7702227 -73.95687 5
      vertex 4.7702227 -73.95687 8
    endloop
  endfacet
  facet normal -0.2182322 -0.9758969 0
    outer loop
      vertex 5.451309 -75.29358 5
      vertex 5.512618 -75.30729 8
      vertex 5.451309 -75.29358 8
    endloop
  endfacet
  facet normal -0.2182322 -0.9758969 0
    outer loop
      vertex 5.512618 -75.30729 8
      vertex 5.451309 -75.29358 5
      vertex 5.512618 -75.30729 5
    endloop
  endfacet
  facet normal 0.9602919 -0.27899718 0
    outer loop
      vertex 6.6510563 -74.63402 8
      vertex 6.668583 -74.57369 5
      vertex 6.668583 -74.57369 8
    endloop
  endfacet
  facet normal 0.9602919 -0.27899718 0
    outer loop
      vertex 6.668583 -74.57369 5
      vertex 6.6510563 -74.63402 8
      vertex 6.6510563 -74.63402 5
    endloop
  endfacet
  facet normal -0.6129249 0.79014117 0
    outer loop
      vertex 5.112214 -73.51598 5
      vertex 5.0625753 -73.55449 8
      vertex 5.112214 -73.51598 8
    endloop
  endfacet
  facet normal -0.6129249 0.79014117 0
    outer loop
      vertex 5.0625753 -73.55449 8
      vertex 5.112214 -73.51598 5
      vertex 5.0625753 -73.55449 5
    endloop
  endfacet
  facet normal -0.8910133 0.45397717 0
    outer loop
      vertex 4.7951727 -73.89922 5
      vertex 4.8236933 -73.84325 8
      vertex 4.8236933 -73.84325 5
    endloop
  endfacet
  facet normal -0.8910133 0.45397717 0
    outer loop
      vertex 4.8236933 -73.84325 8
      vertex 4.7951727 -73.89922 5
      vertex 4.7951727 -73.89922 8
    endloop
  endfacet
  facet normal -0.7901445 0.61292064 0
    outer loop
      vertex 4.8909826 -73.73721 5
      vertex 4.9294863 -73.68758 8
      vertex 4.9294863 -73.68758 5
    endloop
  endfacet
  facet normal -0.7901445 0.61292064 0
    outer loop
      vertex 4.9294863 -73.68758 8
      vertex 4.8909826 -73.73721 5
      vertex 4.8909826 -73.73721 8
    endloop
  endfacet
  facet normal -0.9602919 0.27899718 0
    outer loop
      vertex 4.7314167 -74.07631 5
      vertex 4.7489433 -74.01598 8
      vertex 4.7489433 -74.01598 5
    endloop
  endfacet
  facet normal -0.9602919 0.27899718 0
    outer loop
      vertex 4.7489433 -74.01598 8
      vertex 4.7314167 -74.07631 5
      vertex 4.7314167 -74.07631 8
    endloop
  endfacet
  facet normal -0.707084 0.70712954 0
    outer loop
      vertex 5.0154524 -73.59603 5
      vertex 4.971031 -73.64045 8
      vertex 5.0154524 -73.59603 8
    endloop
  endfacet
  facet normal -0.707084 0.70712954 0
    outer loop
      vertex 4.971031 -73.64045 8
      vertex 5.0154524 -73.59603 5
      vertex 4.971031 -73.64045 5
    endloop
  endfacet
  facet normal 0.56206334 0.8270942 0
    outer loop
      vertex 6.2877846 -73.51598 5
      vertex 6.2358265 -73.480675 8
      vertex 6.2877846 -73.51598 8
    endloop
  endfacet
  facet normal 0.56206334 0.8270942 0
    outer loop
      vertex 6.2358265 -73.480675 8
      vertex 6.2877846 -73.51598 5
      vertex 6.2358265 -73.480675 5
    endloop
  endfacet
  facet normal 0.6129249 -0.79014117 0
    outer loop
      vertex 6.2877846 -75.13402 5
      vertex 6.3374233 -75.09551 8
      vertex 6.2877846 -75.13402 8
    endloop
  endfacet
  facet normal 0.6129249 -0.79014117 0
    outer loop
      vertex 6.3374233 -75.09551 8
      vertex 6.2877846 -75.13402 5
      vertex 6.3374233 -75.09551 5
    endloop
  endfacet
  facet normal 0.1564225 0.9876902 0
    outer loop
      vertex 5.8873806 -73.34271 5
      vertex 5.8253326 -73.332886 8
      vertex 5.8873806 -73.34271 8
    endloop
  endfacet
  facet normal 0.1564225 0.9876902 0
    outer loop
      vertex 5.8253326 -73.332886 8
      vertex 5.8873806 -73.34271 5
      vertex 5.8253326 -73.332886 5
    endloop
  endfacet
  facet normal -0.09411991 -0.9955609 0
    outer loop
      vertex 5.574666 -75.317116 5
      vertex 5.637209 -75.32303 8
      vertex 5.574666 -75.317116 8
    endloop
  endfacet
  facet normal -0.09411991 -0.9955609 0
    outer loop
      vertex 5.637209 -75.32303 8
      vertex 5.574666 -75.317116 5
      vertex 5.637209 -75.32303 5
    endloop
  endfacet
  facet normal 0.09411991 0.9955609 0
    outer loop
      vertex 5.8253326 -73.332886 5
      vertex 5.7627897 -73.32697 8
      vertex 5.8253326 -73.332886 8
    endloop
  endfacet
  facet normal 0.09411991 0.9955609 0
    outer loop
      vertex 5.7627897 -73.32697 8
      vertex 5.8253326 -73.332886 5
      vertex 5.7627897 -73.32697 5
    endloop
  endfacet
  facet normal 0.9995066 0.031409163 0
    outer loop
      vertex 6.7 -74.325 8
      vertex 6.6980267 -74.26221 5
      vertex 6.6980267 -74.26221 8
    endloop
  endfacet
  facet normal 0.9995066 0.031409163 0
    outer loop
      vertex 6.6980267 -74.26221 5
      vertex 6.7 -74.325 8
      vertex 6.7 -74.325 5
    endloop
  endfacet
  facet normal -0.75013417 0.6612857 0
    outer loop
      vertex 4.9294863 -73.68758 5
      vertex 4.971031 -73.64045 8
      vertex 4.971031 -73.64045 5
    endloop
  endfacet
  facet normal -0.75013417 0.6612857 0
    outer loop
      vertex 4.971031 -73.64045 8
      vertex 4.9294863 -73.68758 5
      vertex 4.9294863 -73.68758 8
    endloop
  endfacet
  facet normal 0.1564225 -0.9876902 0
    outer loop
      vertex 5.8253326 -75.317116 5
      vertex 5.8873806 -75.30729 8
      vertex 5.8253326 -75.317116 8
    endloop
  endfacet
  facet normal 0.1564225 -0.9876902 0
    outer loop
      vertex 5.8873806 -75.30729 8
      vertex 5.8253326 -75.317116 5
      vertex 5.8873806 -75.30729 5
    endloop
  endfacet
  facet normal -0.66129017 -0.7501302 0
    outer loop
      vertex 5.0154524 -75.05397 5
      vertex 5.0625753 -75.09551 8
      vertex 5.0154524 -75.05397 8
    endloop
  endfacet
  facet normal -0.66129017 -0.7501302 0
    outer loop
      vertex 5.0625753 -75.09551 8
      vertex 5.0154524 -75.05397 5
      vertex 5.0625753 -75.09551 5
    endloop
  endfacet
  facet normal -0.5090898 -0.86071336 0
    outer loop
      vertex 5.164173 -75.16933 5
      vertex 5.2182455 -75.20131 8
      vertex 5.164173 -75.16933 8
    endloop
  endfacet
  facet normal -0.5090898 -0.86071336 0
    outer loop
      vertex 5.2182455 -75.20131 8
      vertex 5.164173 -75.16933 5
      vertex 5.2182455 -75.20131 5
    endloop
  endfacet
  facet normal -0.9995066 0.031409163 0
    outer loop
      vertex 4.7 -74.325 5
      vertex 4.701973 -74.26221 8
      vertex 4.701973 -74.26221 5
    endloop
  endfacet
  facet normal -0.9995066 0.031409163 0
    outer loop
      vertex 4.701973 -74.26221 8
      vertex 4.7 -74.325 5
      vertex 4.7 -74.325 8
    endloop
  endfacet
  facet normal 0.9955613 -0.09411564 0
    outer loop
      vertex 6.692114 -74.45033 8
      vertex 6.6980267 -74.38779 5
      vertex 6.6980267 -74.38779 8
    endloop
  endfacet
  facet normal 0.9955613 -0.09411564 0
    outer loop
      vertex 6.6980267 -74.38779 5
      vertex 6.692114 -74.45033 8
      vertex 6.692114 -74.45033 5
    endloop
  endfacet
  facet normal -0.45396534 -0.89101934 0
    outer loop
      vertex 5.2182455 -75.20131 5
      vertex 5.2742205 -75.22983 8
      vertex 5.2182455 -75.20131 8
    endloop
  endfacet
  facet normal -0.45396534 -0.89101934 0
    outer loop
      vertex 5.2742205 -75.22983 8
      vertex 5.2182455 -75.20131 5
      vertex 5.2742205 -75.22983 5
    endloop
  endfacet
  facet normal 0.99556017 0.094127014 0
    outer loop
      vertex 6.6980267 -74.26221 8
      vertex 6.692114 -74.19967 5
      vertex 6.692114 -74.19967 8
    endloop
  endfacet
  facet normal 0.99556017 0.094127014 0
    outer loop
      vertex 6.692114 -74.19967 5
      vertex 6.6980267 -74.26221 8
      vertex 6.6980267 -74.26221 5
    endloop
  endfacet
  facet normal 0.56206334 -0.8270942 0
    outer loop
      vertex 6.2358265 -75.16933 5
      vertex 6.2877846 -75.13402 8
      vertex 6.2358265 -75.16933 8
    endloop
  endfacet
  facet normal 0.56206334 -0.8270942 0
    outer loop
      vertex 6.2877846 -75.13402 8
      vertex 6.2358265 -75.16933 5
      vertex 6.2877846 -75.13402 5
    endloop
  endfacet
  facet normal 0.8910133 -0.45397717 0
    outer loop
      vertex 6.5763063 -74.806755 8
      vertex 6.604827 -74.75078 5
      vertex 6.604827 -74.75078 8
    endloop
  endfacet
  facet normal 0.8910133 -0.45397717 0
    outer loop
      vertex 6.604827 -74.75078 5
      vertex 6.5763063 -74.806755 8
      vertex 6.5763063 -74.806755 5
    endloop
  endfacet
  facet normal 0.6129249 0.79014117 0
    outer loop
      vertex 6.3374233 -73.55449 5
      vertex 6.2877846 -73.51598 8
      vertex 6.3374233 -73.55449 8
    endloop
  endfacet
  facet normal 0.6129249 0.79014117 0
    outer loop
      vertex 6.2877846 -73.51598 8
      vertex 6.3374233 -73.55449 5
      vertex 6.2877846 -73.51598 5
    endloop
  endfacet
  facet normal 0.9177582 -0.3971396 0
    outer loop
      vertex 6.604827 -74.75078 8
      vertex 6.629776 -74.69312 5
      vertex 6.629776 -74.69312 8
    endloop
  endfacet
  facet normal 0.9177582 -0.3971396 0
    outer loop
      vertex 6.629776 -74.69312 5
      vertex 6.604827 -74.75078 8
      vertex 6.604827 -74.75078 5
    endloop
  endfacet
  facet normal 0.9408886 0.33871624 0
    outer loop
      vertex 6.6510563 -74.01598 8
      vertex 6.629776 -73.95687 5
      vertex 6.629776 -73.95687 8
    endloop
  endfacet
  facet normal 0.9408886 0.33871624 0
    outer loop
      vertex 6.629776 -73.95687 5
      vertex 6.6510563 -74.01598 8
      vertex 6.6510563 -74.01598 5
    endloop
  endfacet
  facet normal 0.975917 -0.21814223 0
    outer loop
      vertex 6.668583 -74.57369 8
      vertex 6.682287 -74.51238 5
      vertex 6.682287 -74.51238 8
    endloop
  endfacet
  facet normal 0.975917 -0.21814223 0
    outer loop
      vertex 6.682287 -74.51238 5
      vertex 6.668583 -74.57369 8
      vertex 6.668583 -74.57369 5
    endloop
  endfacet
  facet normal -0.9955627 -0.09410059 0
    outer loop
      vertex 4.707885 -74.45033 5
      vertex 4.701973 -74.38779 8
      vertex 4.701973 -74.38779 5
    endloop
  endfacet
  facet normal -0.9955627 -0.09410059 0
    outer loop
      vertex 4.701973 -74.38779 8
      vertex 4.707885 -74.45033 5
      vertex 4.707885 -74.45033 8
    endloop
  endfacet
  facet normal 0.50908315 -0.86071736 0
    outer loop
      vertex 6.181753 -75.20131 5
      vertex 6.2358265 -75.16933 8
      vertex 6.181753 -75.20131 8
    endloop
  endfacet
  facet normal 0.50908315 -0.86071736 0
    outer loop
      vertex 6.2358265 -75.16933 8
      vertex 6.181753 -75.20131 5
      vertex 6.2358265 -75.16933 5
    endloop
  endfacet
  facet normal 0.975917 0.21814223 0
    outer loop
      vertex 6.682287 -74.13762 8
      vertex 6.668583 -74.07631 5
      vertex 6.668583 -74.07631 8
    endloop
  endfacet
  facet normal 0.975917 0.21814223 0
    outer loop
      vertex 6.668583 -74.07631 5
      vertex 6.682287 -74.13762 8
      vertex 6.682287 -74.13762 5
    endloop
  endfacet
  facet normal -0.21811654 0.9759227 0
    outer loop
      vertex 5.512618 -73.34271 5
      vertex 5.451309 -73.356415 8
      vertex 5.512618 -73.34271 8
    endloop
  endfacet
  facet normal -0.21811654 0.9759227 0
    outer loop
      vertex 5.451309 -73.356415 8
      vertex 5.512618 -73.34271 5
      vertex 5.451309 -73.356415 5
    endloop
  endfacet
  facet normal -0.6129249 -0.79014117 0
    outer loop
      vertex 5.0625753 -75.09551 5
      vertex 5.112214 -75.13402 8
      vertex 5.0625753 -75.09551 8
    endloop
  endfacet
  facet normal -0.6129249 -0.79014117 0
    outer loop
      vertex 5.112214 -75.13402 8
      vertex 5.0625753 -75.09551 5
      vertex 5.112214 -75.13402 5
    endloop
  endfacet
  facet normal 0.8270705 -0.5620982 0
    outer loop
      vertex 6.509017 -74.91278 8
      vertex 6.5443277 -74.860825 5
      vertex 6.5443277 -74.860825 8
    endloop
  endfacet
  facet normal 0.8270705 -0.5620982 0
    outer loop
      vertex 6.5443277 -74.860825 5
      vertex 6.509017 -74.91278 8
      vertex 6.509017 -74.91278 5
    endloop
  endfacet
  facet normal 0.8910133 0.45397717 0
    outer loop
      vertex 6.604827 -73.89922 8
      vertex 6.5763063 -73.84325 5
      vertex 6.5763063 -73.84325 8
    endloop
  endfacet
  facet normal 0.8910133 0.45397717 0
    outer loop
      vertex 6.5763063 -73.84325 5
      vertex 6.604827 -73.89922 8
      vertex 6.604827 -73.89922 5
    endloop
  endfacet
  facet normal -0.5620563 -0.82709897 0
    outer loop
      vertex 5.112214 -75.13402 5
      vertex 5.164173 -75.16933 8
      vertex 5.112214 -75.13402 8
    endloop
  endfacet
  facet normal -0.5620563 -0.82709897 0
    outer loop
      vertex 5.164173 -75.16933 8
      vertex 5.112214 -75.13402 5
      vertex 5.164173 -75.16933 5
    endloop
  endfacet
  facet normal 0.987691 0.1564178 0
    outer loop
      vertex 6.692114 -74.19967 8
      vertex 6.682287 -74.13762 5
      vertex 6.682287 -74.13762 8
    endloop
  endfacet
  facet normal 0.987691 0.1564178 0
    outer loop
      vertex 6.682287 -74.13762 5
      vertex 6.692114 -74.19967 8
      vertex 6.692114 -74.19967 5
    endloop
  endfacet
  facet normal -0.98768866 -0.15643261 0
    outer loop
      vertex 4.7177124 -74.51238 5
      vertex 4.707885 -74.45033 8
      vertex 4.707885 -74.45033 5
    endloop
  endfacet
  facet normal -0.98768866 -0.15643261 0
    outer loop
      vertex 4.707885 -74.45033 8
      vertex 4.7177124 -74.51238 5
      vertex 4.7177124 -74.51238 8
    endloop
  endfacet
  facet normal 0.94087464 -0.33875495 0
    outer loop
      vertex 6.629776 -74.69312 8
      vertex 6.6510563 -74.63402 5
      vertex 6.6510563 -74.63402 8
    endloop
  endfacet
  facet normal 0.94087464 -0.33875495 0
    outer loop
      vertex 6.6510563 -74.63402 5
      vertex 6.629776 -74.69312 8
      vertex 6.629776 -74.69312 5
    endloop
  endfacet
  facet normal 0.987691 -0.1564178 0
    outer loop
      vertex 6.682287 -74.51238 8
      vertex 6.692114 -74.45033 5
      vertex 6.692114 -74.45033 8
    endloop
  endfacet
  facet normal 0.987691 -0.1564178 0
    outer loop
      vertex 6.692114 -74.45033 5
      vertex 6.682287 -74.51238 8
      vertex 6.682287 -74.51238 5
    endloop
  endfacet
  facet normal -0.27896512 -0.9603012 0
    outer loop
      vertex 5.3909826 -75.276054 5
      vertex 5.451309 -75.29358 8
      vertex 5.3909826 -75.276054 8
    endloop
  endfacet
  facet normal -0.27896512 -0.9603012 0
    outer loop
      vertex 5.451309 -75.29358 8
      vertex 5.3909826 -75.276054 5
      vertex 5.451309 -75.29358 5
    endloop
  endfacet
  facet normal 0.70713717 -0.70707643 0
    outer loop
      vertex 6.3845463 -75.05397 8
      vertex 6.4289684 -75.009544 5
      vertex 6.4289684 -75.009544 8
    endloop
  endfacet
  facet normal 0.70713717 -0.70707643 0
    outer loop
      vertex 6.4289684 -75.009544 5
      vertex 6.3845463 -75.05397 8
      vertex 6.3845463 -75.05397 5
    endloop
  endfacet
  facet normal 0.03133333 -0.999509 0
    outer loop
      vertex 5.7 -75.325 5
      vertex 5.7627897 -75.32303 8
      vertex 5.7 -75.325 8
    endloop
  endfacet
  facet normal 0.03133333 -0.999509 0
    outer loop
      vertex 5.7627897 -75.32303 8
      vertex 5.7 -75.325 5
      vertex 5.7627897 -75.32303 5
    endloop
  endfacet
  facet normal 0.03145466 0.99950516 0
    outer loop
      vertex 5.7627897 -73.32697 5
      vertex 5.7 -73.325 8
      vertex 5.7627897 -73.32697 8
    endloop
  endfacet
  facet normal 0.03145466 0.99950516 0
    outer loop
      vertex 5.7 -73.325 8
      vertex 5.7627897 -73.32697 5
      vertex 5.7 -73.325 5
    endloop
  endfacet
  facet normal 0.66129017 -0.7501302 0
    outer loop
      vertex 6.3374233 -75.09551 5
      vertex 6.3845463 -75.05397 8
      vertex 6.3374233 -75.09551 8
    endloop
  endfacet
  facet normal 0.66129017 -0.7501302 0
    outer loop
      vertex 6.3845463 -75.05397 8
      vertex 6.3374233 -75.09551 5
      vertex 6.3845463 -75.05397 5
    endloop
  endfacet
  facet normal -0.98768866 0.15643261 0
    outer loop
      vertex 4.707885 -74.19967 5
      vertex 4.7177124 -74.13762 8
      vertex 4.7177124 -74.13762 5
    endloop
  endfacet
  facet normal -0.98768866 0.15643261 0
    outer loop
      vertex 4.7177124 -74.13762 8
      vertex 4.707885 -74.19967 5
      vertex 4.707885 -74.19967 8
    endloop
  endfacet
  facet normal 0.79018277 -0.6128713 0
    outer loop
      vertex 6.4705124 -74.962425 8
      vertex 6.509017 -74.91278 5
      vertex 6.509017 -74.91278 8
    endloop
  endfacet
  facet normal 0.79018277 -0.6128713 0
    outer loop
      vertex 6.509017 -74.91278 5
      vertex 6.4705124 -74.962425 8
      vertex 6.4705124 -74.962425 5
    endloop
  endfacet
  facet normal 0.70707643 0.70713717 0
    outer loop
      vertex 6.4289684 -73.64045 5
      vertex 6.3845463 -73.59603 8
      vertex 6.4289684 -73.64045 8
    endloop
  endfacet
  facet normal 0.70707643 0.70713717 0
    outer loop
      vertex 6.3845463 -73.59603 8
      vertex 6.4289684 -73.64045 5
      vertex 6.3845463 -73.59603 5
    endloop
  endfacet
  facet normal -0.8607282 -0.5090648 0
    outer loop
      vertex 4.855672 -74.860825 5
      vertex 4.8236933 -74.806755 8
      vertex 4.8236933 -74.806755 5
    endloop
  endfacet
  facet normal -0.8607282 -0.5090648 0
    outer loop
      vertex 4.8236933 -74.806755 8
      vertex 4.855672 -74.860825 5
      vertex 4.855672 -74.860825 8
    endloop
  endfacet
  facet normal -0.7901901 -0.6128618 0
    outer loop
      vertex 4.9294863 -74.962425 5
      vertex 4.8909826 -74.91278 8
      vertex 4.8909826 -74.91278 5
    endloop
  endfacet
  facet normal -0.7901901 -0.6128618 0
    outer loop
      vertex 4.8909826 -74.91278 8
      vertex 4.9294863 -74.962425 5
      vertex 4.9294863 -74.962425 8
    endloop
  endfacet
  facet normal 0.09411991 -0.9955609 0
    outer loop
      vertex 5.7627897 -75.32303 5
      vertex 5.8253326 -75.317116 8
      vertex 5.7627897 -75.32303 8
    endloop
  endfacet
  facet normal 0.09411991 -0.9955609 0
    outer loop
      vertex 5.8253326 -75.317116 8
      vertex 5.7627897 -75.32303 5
      vertex 5.8253326 -75.317116 5
    endloop
  endfacet
  facet normal -0.9955616 0.09411197 0
    outer loop
      vertex 4.701973 -74.26221 5
      vertex 4.707885 -74.19967 8
      vertex 4.707885 -74.19967 5
    endloop
  endfacet
  facet normal -0.9955616 0.09411197 0
    outer loop
      vertex 4.707885 -74.19967 8
      vertex 4.701973 -74.26221 5
      vertex 4.701973 -74.26221 8
    endloop
  endfacet
  facet normal 0.50908315 0.86071736 0
    outer loop
      vertex 6.2358265 -73.480675 5
      vertex 6.181753 -73.44869 8
      vertex 6.2358265 -73.480675 8
    endloop
  endfacet
  facet normal 0.50908315 0.86071736 0
    outer loop
      vertex 6.181753 -73.44869 8
      vertex 6.2358265 -73.480675 5
      vertex 6.181753 -73.44869 5
    endloop
  endfacet
  facet normal -0.9177527 -0.3971524 0
    outer loop
      vertex 4.7951727 -74.75078 5
      vertex 4.7702227 -74.69312 8
      vertex 4.7702227 -74.69312 5
    endloop
  endfacet
  facet normal -0.9177527 -0.3971524 0
    outer loop
      vertex 4.7702227 -74.69312 8
      vertex 4.7951727 -74.75078 5
      vertex 4.7951727 -74.75078 8
    endloop
  endfacet
  facet normal 0.8607597 0.50901157 0
    outer loop
      vertex 6.5763063 -73.84325 8
      vertex 6.5443277 -73.78917 5
      vertex 6.5443277 -73.78917 8
    endloop
  endfacet
  facet normal 0.8607597 0.50901157 0
    outer loop
      vertex 6.5443277 -73.78917 5
      vertex 6.5763063 -73.84325 8
      vertex 6.5763063 -73.84325 5
    endloop
  endfacet
  facet normal 0.39712682 -0.91776377 0
    outer loop
      vertex 6.068124 -75.254776 5
      vertex 6.125779 -75.22983 8
      vertex 6.068124 -75.254776 8
    endloop
  endfacet
  facet normal 0.39712682 -0.91776377 0
    outer loop
      vertex 6.125779 -75.22983 8
      vertex 6.068124 -75.254776 5
      vertex 6.125779 -75.22983 5
    endloop
  endfacet
  facet normal -0.1564225 0.9876902 0
    outer loop
      vertex 5.574666 -73.332886 5
      vertex 5.512618 -73.34271 8
      vertex 5.574666 -73.332886 8
    endloop
  endfacet
  facet normal -0.1564225 0.9876902 0
    outer loop
      vertex 5.512618 -73.34271 8
      vertex 5.574666 -73.332886 5
      vertex 5.512618 -73.34271 5
    endloop
  endfacet
  facet normal -0.5620563 0.82709897 0
    outer loop
      vertex 5.164173 -73.480675 5
      vertex 5.112214 -73.51598 8
      vertex 5.164173 -73.480675 8
    endloop
  endfacet
  facet normal -0.5620563 0.82709897 0
    outer loop
      vertex 5.112214 -73.51598 8
      vertex 5.164173 -73.480675 5
      vertex 5.112214 -73.51598 5
    endloop
  endfacet
  facet normal -0.66129017 0.7501302 0
    outer loop
      vertex 5.0625753 -73.55449 5
      vertex 5.0154524 -73.59603 8
      vertex 5.0625753 -73.55449 8
    endloop
  endfacet
  facet normal -0.66129017 0.7501302 0
    outer loop
      vertex 5.0154524 -73.59603 8
      vertex 5.0625753 -73.55449 5
      vertex 5.0154524 -73.59603 5
    endloop
  endfacet
  facet normal 0.27896103 -0.9603024 0
    outer loop
      vertex 5.9486895 -75.29358 5
      vertex 6.009017 -75.276054 8
      vertex 5.9486895 -75.29358 8
    endloop
  endfacet
  facet normal 0.27896103 -0.9603024 0
    outer loop
      vertex 6.009017 -75.276054 8
      vertex 5.9486895 -75.29358 5
      vertex 6.009017 -75.276054 5
    endloop
  endfacet
  facet normal -0.9995066 -0.031409163 0
    outer loop
      vertex 4.701973 -74.38779 5
      vertex 4.7 -74.325 8
      vertex 4.7 -74.325 5
    endloop
  endfacet
  facet normal -0.9995066 -0.031409163 0
    outer loop
      vertex 4.7 -74.325 8
      vertex 4.701973 -74.38779 5
      vertex 4.701973 -74.38779 8
    endloop
  endfacet
  facet normal -0.8910133 -0.45397717 0
    outer loop
      vertex 4.8236933 -74.806755 5
      vertex 4.7951727 -74.75078 8
      vertex 4.7951727 -74.75078 5
    endloop
  endfacet
  facet normal -0.8910133 -0.45397717 0
    outer loop
      vertex 4.7951727 -74.75078 8
      vertex 4.8236933 -74.806755 5
      vertex 4.8236933 -74.806755 8
    endloop
  endfacet
  facet normal 0.9602919 0.27899718 0
    outer loop
      vertex 6.668583 -74.07631 8
      vertex 6.6510563 -74.01598 5
      vertex 6.6510563 -74.01598 8
    endloop
  endfacet
  facet normal 0.9602919 0.27899718 0
    outer loop
      vertex 6.6510563 -74.01598 5
      vertex 6.668583 -74.07631 8
      vertex 6.668583 -74.07631 5
    endloop
  endfacet
  facet normal -0.70714474 -0.7070688 0
    outer loop
      vertex 5.0154524 -75.05397 5
      vertex 4.971031 -75.009544 8
      vertex 4.971031 -75.009544 5
    endloop
  endfacet
  facet normal -0.70714474 -0.7070688 0
    outer loop
      vertex 4.971031 -75.009544 8
      vertex 5.0154524 -75.05397 5
      vertex 5.0154524 -75.05397 8
    endloop
  endfacet
  facet normal 0.66129017 0.7501302 0
    outer loop
      vertex 6.3845463 -73.59603 5
      vertex 6.3374233 -73.55449 8
      vertex 6.3845463 -73.59603 8
    endloop
  endfacet
  facet normal 0.66129017 0.7501302 0
    outer loop
      vertex 6.3374233 -73.55449 8
      vertex 6.3845463 -73.59603 5
      vertex 6.3374233 -73.55449 5
    endloop
  endfacet
  facet normal -0.33882105 0.94085085 0
    outer loop
      vertex 5.3909826 -73.37394 5
      vertex 5.331875 -73.395226 8
      vertex 5.3909826 -73.37394 8
    endloop
  endfacet
  facet normal -0.33882105 0.94085085 0
    outer loop
      vertex 5.331875 -73.395226 8
      vertex 5.3909826 -73.37394 5
      vertex 5.331875 -73.395226 5
    endloop
  endfacet
  facet normal 0.4539715 0.8910162 0
    outer loop
      vertex 6.181753 -73.44869 5
      vertex 6.125779 -73.42017 8
      vertex 6.181753 -73.44869 8
    endloop
  endfacet
  facet normal 0.4539715 0.8910162 0
    outer loop
      vertex 6.125779 -73.42017 8
      vertex 6.181753 -73.44869 5
      vertex 6.125779 -73.42017 5
    endloop
  endfacet
  facet normal 0.8270705 0.5620982 0
    outer loop
      vertex 6.5443277 -73.78917 8
      vertex 6.509017 -73.73721 5
      vertex 6.509017 -73.73721 8
    endloop
  endfacet
  facet normal 0.8270705 0.5620982 0
    outer loop
      vertex 6.509017 -73.73721 5
      vertex 6.5443277 -73.78917 8
      vertex 6.5443277 -73.78917 5
    endloop
  endfacet
  facet normal -0.1564225 -0.9876902 0
    outer loop
      vertex 5.512618 -75.30729 5
      vertex 5.574666 -75.317116 8
      vertex 5.512618 -75.30729 8
    endloop
  endfacet
  facet normal -0.1564225 -0.9876902 0
    outer loop
      vertex 5.574666 -75.317116 8
      vertex 5.512618 -75.30729 5
      vertex 5.574666 -75.317116 5
    endloop
  endfacet
  facet normal -0.9602919 -0.27899718 0
    outer loop
      vertex 4.7489433 -74.63402 5
      vertex 4.7314167 -74.57369 8
      vertex 4.7314167 -74.57369 5
    endloop
  endfacet
  facet normal -0.9602919 -0.27899718 0
    outer loop
      vertex 4.7314167 -74.57369 8
      vertex 4.7489433 -74.63402 5
      vertex 4.7489433 -74.63402 8
    endloop
  endfacet
  facet normal 0.7901371 0.6129301 0
    outer loop
      vertex 6.509017 -73.73721 8
      vertex 6.4705124 -73.68758 5
      vertex 6.4705124 -73.68758 8
    endloop
  endfacet
  facet normal 0.7901371 0.6129301 0
    outer loop
      vertex 6.4705124 -73.68758 5
      vertex 6.509017 -73.73721 8
      vertex 6.509017 -73.73721 5
    endloop
  endfacet
  facet normal 0.3388259 0.94084907 0
    outer loop
      vertex 6.068124 -73.395226 5
      vertex 6.009017 -73.37394 8
      vertex 6.068124 -73.395226 8
    endloop
  endfacet
  facet normal 0.3388259 0.94084907 0
    outer loop
      vertex 6.009017 -73.37394 8
      vertex 6.068124 -73.395226 5
      vertex 6.009017 -73.37394 5
    endloop
  endfacet
  facet normal -0.8270705 -0.5620982 0
    outer loop
      vertex 4.8909826 -74.91278 5
      vertex 4.855672 -74.860825 8
      vertex 4.855672 -74.860825 5
    endloop
  endfacet
  facet normal -0.8270705 -0.5620982 0
    outer loop
      vertex 4.855672 -74.860825 8
      vertex 4.8909826 -74.91278 5
      vertex 4.8909826 -74.91278 8
    endloop
  endfacet
  facet normal -0.45396534 0.89101934 0
    outer loop
      vertex 5.2742205 -73.42017 5
      vertex 5.2182455 -73.44869 8
      vertex 5.2742205 -73.42017 8
    endloop
  endfacet
  facet normal -0.45396534 0.89101934 0
    outer loop
      vertex 5.2182455 -73.44869 8
      vertex 5.2742205 -73.42017 5
      vertex 5.2182455 -73.44869 5
    endloop
  endfacet
  facet normal -0.8270705 0.5620982 0
    outer loop
      vertex 4.855672 -73.78917 5
      vertex 4.8909826 -73.73721 8
      vertex 4.8909826 -73.73721 5
    endloop
  endfacet
  facet normal -0.8270705 0.5620982 0
    outer loop
      vertex 4.8909826 -73.73721 8
      vertex 4.855672 -73.78917 5
      vertex 4.855672 -73.78917 8
    endloop
  endfacet
  facet normal -0.975917 0.21814223 0
    outer loop
      vertex 4.7177124 -74.13762 5
      vertex 4.7314167 -74.07631 8
      vertex 4.7314167 -74.07631 5
    endloop
  endfacet
  facet normal -0.975917 0.21814223 0
    outer loop
      vertex 4.7314167 -74.07631 8
      vertex 4.7177124 -74.13762 5
      vertex 4.7177124 -74.13762 8
    endloop
  endfacet
  facet normal 0.33871838 -0.9408878 0
    outer loop
      vertex 6.009017 -75.276054 5
      vertex 6.068124 -75.254776 8
      vertex 6.009017 -75.276054 8
    endloop
  endfacet
  facet normal 0.33871838 -0.9408878 0
    outer loop
      vertex 6.068124 -75.254776 8
      vertex 6.009017 -75.276054 5
      vertex 6.068124 -75.254776 5
    endloop
  endfacet
  facet normal 0.7501417 0.6612772 0
    outer loop
      vertex 6.4705124 -73.68758 8
      vertex 6.4289684 -73.64045 5
      vertex 6.4289684 -73.64045 8
    endloop
  endfacet
  facet normal 0.7501417 0.6612772 0
    outer loop
      vertex 6.4289684 -73.64045 5
      vertex 6.4705124 -73.68758 8
      vertex 6.4705124 -73.68758 5
    endloop
  endfacet
  facet normal -0.8607597 0.50901157 0
    outer loop
      vertex 4.8236933 -73.84325 5
      vertex 4.855672 -73.78917 8
      vertex 4.855672 -73.78917 5
    endloop
  endfacet
  facet normal -0.8607597 0.50901157 0
    outer loop
      vertex 4.855672 -73.78917 8
      vertex 4.8236933 -73.84325 5
      vertex 4.8236933 -73.84325 8
    endloop
  endfacet
  facet normal -0.33871356 -0.94088954 0
    outer loop
      vertex 5.331875 -75.254776 5
      vertex 5.3909826 -75.276054 8
      vertex 5.331875 -75.254776 8
    endloop
  endfacet
  facet normal -0.33871356 -0.94088954 0
    outer loop
      vertex 5.3909826 -75.276054 8
      vertex 5.331875 -75.254776 5
      vertex 5.3909826 -75.276054 5
    endloop
  endfacet
  facet normal -0.031454183 0.9995052 0
    outer loop
      vertex 5.7 -73.325 5
      vertex 5.637209 -73.32697 8
      vertex 5.7 -73.325 8
    endloop
  endfacet
  facet normal -0.031454183 0.9995052 0
    outer loop
      vertex 5.637209 -73.32697 8
      vertex 5.7 -73.325 5
      vertex 5.637209 -73.32697 5
    endloop
  endfacet
  facet normal -0.09411991 0.9955609 0
    outer loop
      vertex 5.637209 -73.32697 5
      vertex 5.574666 -73.332886 8
      vertex 5.637209 -73.32697 8
    endloop
  endfacet
  facet normal -0.09411991 0.9955609 0
    outer loop
      vertex 5.574666 -73.332886 8
      vertex 5.637209 -73.32697 5
      vertex 5.574666 -73.332886 5
    endloop
  endfacet
  facet normal 0.21811654 0.9759227 0
    outer loop
      vertex 5.9486895 -73.356415 5
      vertex 5.8873806 -73.34271 8
      vertex 5.9486895 -73.356415 8
    endloop
  endfacet
  facet normal 0.21811654 0.9759227 0
    outer loop
      vertex 5.8873806 -73.34271 8
      vertex 5.9486895 -73.356415 5
      vertex 5.8873806 -73.34271 5
    endloop
  endfacet
  facet normal -0.27896512 0.9603012 0
    outer loop
      vertex 5.451309 -73.356415 5
      vertex 5.3909826 -73.37394 8
      vertex 5.451309 -73.356415 8
    endloop
  endfacet
  facet normal -0.27896512 0.9603012 0
    outer loop
      vertex 5.3909826 -73.37394 8
      vertex 5.451309 -73.356415 5
      vertex 5.3909826 -73.37394 5
    endloop
  endfacet
  facet normal 0.27896103 0.9603024 0
    outer loop
      vertex 6.009017 -73.37394 5
      vertex 5.9486895 -73.356415 8
      vertex 6.009017 -73.37394 8
    endloop
  endfacet
  facet normal 0.27896103 0.9603024 0
    outer loop
      vertex 5.9486895 -73.356415 8
      vertex 6.009017 -73.37394 5
      vertex 5.9486895 -73.356415 5
    endloop
  endfacet
  facet normal -0.5090898 0.86071336 0
    outer loop
      vertex 5.2182455 -73.44869 5
      vertex 5.164173 -73.480675 8
      vertex 5.2182455 -73.44869 8
    endloop
  endfacet
  facet normal -0.5090898 0.86071336 0
    outer loop
      vertex 5.164173 -73.480675 8
      vertex 5.2182455 -73.44869 5
      vertex 5.164173 -73.480675 5
    endloop
  endfacet
  facet normal -0.9408934 0.3387028 0
    outer loop
      vertex 4.7489433 -74.01598 5
      vertex 4.7702227 -73.95687 8
      vertex 4.7702227 -73.95687 5
    endloop
  endfacet
  facet normal -0.9408934 0.3387028 0
    outer loop
      vertex 4.7702227 -73.95687 8
      vertex 4.7489433 -74.01598 5
      vertex 4.7489433 -74.01598 8
    endloop
  endfacet
  facet normal -1 0 0
    outer loop
      vertex -7.2 -29.2 0
      vertex -7.2 -23.3 5
      vertex -7.2 -23.3 0
    endloop
  endfacet
  facet normal -1 0 0
    outer loop
      vertex -7.2 -23.3 5
      vertex -7.2 -29.2 0
      vertex -7.2 -29.2 5
    endloop
  endfacet
  facet normal 0 0 1
    outer loop
      vertex -4.707885 -27.149668 5
      vertex -4.2 -29.2 5
      vertex -4.2 -23.3 5
    endloop
  endfacet
  facet normal 0 0 1
    outer loop
      vertex -4.2 -29.2 5
      vertex -4.701973 -27.21221 5
      vertex -4.7 -27.275 5
    endloop
  endfacet
  facet normal 0 0 1
    outer loop
      vertex -4.2 -29.2 5
      vertex -4.707885 -27.149668 5
      vertex -4.701973 -27.21221 5
    endloop
  endfacet
  facet normal 0 0 1
    outer loop
      vertex -4.2 -23.3 5
      vertex -4.7177124 -27.08762 5
      vertex -4.707885 -27.149668 5
    endloop
  endfacet
  facet normal 0 0 1
    outer loop
      vertex -4.2 -23.3 5
      vertex -4.7314167 -27.02631 5
      vertex -4.7177124 -27.08762 5
    endloop
  endfacet
  facet normal 0 0 1
    outer loop
      vertex -4.2 -23.3 5
      vertex -4.7489433 -26.965982 5
      vertex -4.7314167 -27.02631 5
    endloop
  endfacet
  facet normal 0 0 1
    outer loop
      vertex -4.2 -23.3 5
      vertex -4.7702227 -26.906876 5
      vertex -4.7489433 -26.965982 5
    endloop
  endfacet
  facet normal 0 0 1
    outer loop
      vertex -4.2 -23.3 5
      vertex -4.7951727 -26.84922 5
      vertex -4.7702227 -26.906876 5
    endloop
  endfacet
  facet normal 0 0 1
    outer loop
      vertex -4.2 -23.3 5
      vertex -4.8236933 -26.793247 5
      vertex -4.7951727 -26.84922 5
    endloop
  endfacet
  facet normal 0 0 1
    outer loop
      vertex -4.2 -23.3 5
      vertex -4.855672 -26.739174 5
      vertex -4.8236933 -26.793247 5
    endloop
  endfacet
  facet normal 0 0 1
    outer loop
      vertex -4.2 -23.3 5
      vertex -4.8909826 -26.687216 5
      vertex -4.855672 -26.739174 5
    endloop
  endfacet
  facet normal 0 0 1
    outer loop
      vertex -4.2 -23.3 5
      vertex -4.9294863 -26.637577 5
      vertex -4.8909826 -26.687216 5
    endloop
  endfacet
  facet normal 0 0 1
    outer loop
      vertex -4.2 -23.3 5
      vertex -4.971031 -26.590452 5
      vertex -4.9294863 -26.637577 5
    endloop
  endfacet
  facet normal 0 0 1
    outer loop
      vertex -4.2 -23.3 5
      vertex -5.0154524 -26.546032 5
      vertex -4.971031 -26.590452 5
    endloop
  endfacet
  facet normal 0 0 1
    outer loop
      vertex -4.2 -23.3 5
      vertex -5.0625753 -26.504486 5
      vertex -5.0154524 -26.546032 5
    endloop
  endfacet
  facet normal 0 0 1
    outer loop
      vertex -4.2 -23.3 5
      vertex -5.112214 -26.465982 5
      vertex -5.0625753 -26.504486 5
    endloop
  endfacet
  facet normal 0 0 1
    outer loop
      vertex -4.2 -23.3 5
      vertex -5.164173 -26.430672 5
      vertex -5.112214 -26.465982 5
    endloop
  endfacet
  facet normal 0 0 1
    outer loop
      vertex -4.2 -23.3 5
      vertex -5.2182455 -26.398693 5
      vertex -5.164173 -26.430672 5
    endloop
  endfacet
  facet normal 0 0 1
    outer loop
      vertex -4.2 -23.3 5
      vertex -5.2742205 -26.370173 5
      vertex -5.2182455 -26.398693 5
    endloop
  endfacet
  facet normal 0 0 1
    outer loop
      vertex -4.2 -23.3 5
      vertex -5.331875 -26.345224 5
      vertex -5.2742205 -26.370173 5
    endloop
  endfacet
  facet normal 0 0 1
    outer loop
      vertex -4.2 -23.3 5
      vertex -5.3909826 -26.323944 5
      vertex -5.331875 -26.345224 5
    endloop
  endfacet
  facet normal 0 0 1
    outer loop
      vertex -4.2 -23.3 5
      vertex -5.451309 -26.306417 5
      vertex -5.3909826 -26.323944 5
    endloop
  endfacet
  facet normal 0 0 1
    outer loop
      vertex -4.2 -23.3 5
      vertex -5.512618 -26.292713 5
      vertex -5.451309 -26.306417 5
    endloop
  endfacet
  facet normal 0 0 1
    outer loop
      vertex -4.2 -23.3 5
      vertex -5.574666 -26.282885 5
      vertex -5.512618 -26.292713 5
    endloop
  endfacet
  facet normal 0 0 1
    outer loop
      vertex -4.2 -23.3 5
      vertex -5.637209 -26.276974 5
      vertex -5.574666 -26.282885 5
    endloop
  endfacet
  facet normal 0 0 1
    outer loop
      vertex -4.2 -23.3 5
      vertex -5.7 -26.275 5
      vertex -5.637209 -26.276974 5
    endloop
  endfacet
  facet normal 0 0 1
    outer loop
      vertex -7.2 -23.3 5
      vertex -5.7 -26.275 5
      vertex -4.2 -23.3 5
    endloop
  endfacet
  facet normal 0 0 1
    outer loop
      vertex -5.7 -26.275 5
      vertex -7.2 -23.3 5
      vertex -5.7627897 -26.276974 5
    endloop
  endfacet
  facet normal 0 0 1
    outer loop
      vertex -5.7627897 -26.276974 5
      vertex -7.2 -23.3 5
      vertex -5.8253326 -26.282885 5
    endloop
  endfacet
  facet normal 0 0 1
    outer loop
      vertex -5.8253326 -26.282885 5
      vertex -7.2 -23.3 5
      vertex -5.8873806 -26.292713 5
    endloop
  endfacet
  facet normal 0 0 1
    outer loop
      vertex -5.8873806 -26.292713 5
      vertex -7.2 -23.3 5
      vertex -5.9486895 -26.306417 5
    endloop
  endfacet
  facet normal 0 0 1
    outer loop
      vertex -5.9486895 -26.306417 5
      vertex -7.2 -23.3 5
      vertex -6.009017 -26.323944 5
    endloop
  endfacet
  facet normal 0 0 1
    outer loop
      vertex -6.009017 -26.323944 5
      vertex -7.2 -23.3 5
      vertex -6.068124 -26.345224 5
    endloop
  endfacet
  facet normal 0 0 1
    outer loop
      vertex -6.068124 -26.345224 5
      vertex -7.2 -23.3 5
      vertex -6.125779 -26.370173 5
    endloop
  endfacet
  facet normal 0 0 1
    outer loop
      vertex -6.125779 -26.370173 5
      vertex -7.2 -23.3 5
      vertex -6.181753 -26.398693 5
    endloop
  endfacet
  facet normal 0 0 1
    outer loop
      vertex -6.181753 -26.398693 5
      vertex -7.2 -23.3 5
      vertex -6.2358265 -26.430672 5
    endloop
  endfacet
  facet normal 0 0 1
    outer loop
      vertex -6.2358265 -26.430672 5
      vertex -7.2 -23.3 5
      vertex -6.2877846 -26.465982 5
    endloop
  endfacet
  facet normal 0 0 1
    outer loop
      vertex -6.2877846 -26.465982 5
      vertex -7.2 -23.3 5
      vertex -6.3374233 -26.504486 5
    endloop
  endfacet
  facet normal 0 0 1
    outer loop
      vertex -6.3374233 -26.504486 5
      vertex -7.2 -23.3 5
      vertex -6.3845463 -26.546032 5
    endloop
  endfacet
  facet normal 0 0 1
    outer loop
      vertex -6.3845463 -26.546032 5
      vertex -7.2 -23.3 5
      vertex -6.4289684 -26.590452 5
    endloop
  endfacet
  facet normal 0 0 1
    outer loop
      vertex -6.4289684 -26.590452 5
      vertex -7.2 -23.3 5
      vertex -6.4705124 -26.637577 5
    endloop
  endfacet
  facet normal 0 0 1
    outer loop
      vertex -6.692114 -27.149668 5
      vertex -7.2 -29.2 5
      vertex -6.6980267 -27.21221 5
    endloop
  endfacet
  facet normal 0 0 1
    outer loop
      vertex -7.2 -29.2 5
      vertex -6.692114 -27.149668 5
      vertex -7.2 -23.3 5
    endloop
  endfacet
  facet normal 0 0 1
    outer loop
      vertex -6.682287 -27.08762 5
      vertex -7.2 -23.3 5
      vertex -6.692114 -27.149668 5
    endloop
  endfacet
  facet normal 0 0 1
    outer loop
      vertex -6.668583 -27.02631 5
      vertex -7.2 -23.3 5
      vertex -6.682287 -27.08762 5
    endloop
  endfacet
  facet normal 0 0 1
    outer loop
      vertex -6.6510563 -26.965982 5
      vertex -7.2 -23.3 5
      vertex -6.668583 -27.02631 5
    endloop
  endfacet
  facet normal 0 0 1
    outer loop
      vertex -6.629776 -26.906876 5
      vertex -7.2 -23.3 5
      vertex -6.6510563 -26.965982 5
    endloop
  endfacet
  facet normal 0 0 1
    outer loop
      vertex -6.604827 -26.84922 5
      vertex -7.2 -23.3 5
      vertex -6.629776 -26.906876 5
    endloop
  endfacet
  facet normal 0 0 1
    outer loop
      vertex -6.5763063 -26.793247 5
      vertex -7.2 -23.3 5
      vertex -6.604827 -26.84922 5
    endloop
  endfacet
  facet normal 0 0 1
    outer loop
      vertex -6.5443277 -26.739174 5
      vertex -7.2 -23.3 5
      vertex -6.5763063 -26.793247 5
    endloop
  endfacet
  facet normal 0 0 1
    outer loop
      vertex -6.509017 -26.687216 5
      vertex -7.2 -23.3 5
      vertex -6.5443277 -26.739174 5
    endloop
  endfacet
  facet normal 0 0 1
    outer loop
      vertex -6.4705124 -26.637577 5
      vertex -7.2 -23.3 5
      vertex -6.509017 -26.687216 5
    endloop
  endfacet
  facet normal 0 0 1
    outer loop
      vertex -4.701973 -27.337791 5
      vertex -4.2 -29.2 5
      vertex -4.7 -27.275 5
    endloop
  endfacet
  facet normal 0 0 1
    outer loop
      vertex -4.707885 -27.400333 5
      vertex -4.2 -29.2 5
      vertex -4.701973 -27.337791 5
    endloop
  endfacet
  facet normal 0 0 1
    outer loop
      vertex -4.7177124 -27.462381 5
      vertex -4.2 -29.2 5
      vertex -4.707885 -27.400333 5
    endloop
  endfacet
  facet normal 0 0 1
    outer loop
      vertex -4.7314167 -27.52369 5
      vertex -4.2 -29.2 5
      vertex -4.7177124 -27.462381 5
    endloop
  endfacet
  facet normal 0 0 1
    outer loop
      vertex -4.7489433 -27.584017 5
      vertex -4.2 -29.2 5
      vertex -4.7314167 -27.52369 5
    endloop
  endfacet
  facet normal 0 0 1
    outer loop
      vertex -4.7702227 -27.643126 5
      vertex -4.2 -29.2 5
      vertex -4.7489433 -27.584017 5
    endloop
  endfacet
  facet normal 0 0 1
    outer loop
      vertex -4.7951727 -27.700779 5
      vertex -4.2 -29.2 5
      vertex -4.7702227 -27.643126 5
    endloop
  endfacet
  facet normal 0 0 1
    outer loop
      vertex -4.8236933 -27.756754 5
      vertex -4.2 -29.2 5
      vertex -4.7951727 -27.700779 5
    endloop
  endfacet
  facet normal 0 0 1
    outer loop
      vertex -4.855672 -27.810827 5
      vertex -4.2 -29.2 5
      vertex -4.8236933 -27.756754 5
    endloop
  endfacet
  facet normal 0 0 1
    outer loop
      vertex -4.8909826 -27.862785 5
      vertex -4.2 -29.2 5
      vertex -4.855672 -27.810827 5
    endloop
  endfacet
  facet normal 0 0 1
    outer loop
      vertex -4.9294863 -27.912424 5
      vertex -4.2 -29.2 5
      vertex -4.8909826 -27.862785 5
    endloop
  endfacet
  facet normal 0 0 1
    outer loop
      vertex -4.971031 -27.959547 5
      vertex -4.2 -29.2 5
      vertex -4.9294863 -27.912424 5
    endloop
  endfacet
  facet normal 0 0 1
    outer loop
      vertex -5.0154524 -28.00397 5
      vertex -4.2 -29.2 5
      vertex -4.971031 -27.959547 5
    endloop
  endfacet
  facet normal 0 0 1
    outer loop
      vertex -5.0625753 -28.045513 5
      vertex -4.2 -29.2 5
      vertex -5.0154524 -28.00397 5
    endloop
  endfacet
  facet normal 0 0 1
    outer loop
      vertex -5.112214 -28.084017 5
      vertex -4.2 -29.2 5
      vertex -5.0625753 -28.045513 5
    endloop
  endfacet
  facet normal 0 0 1
    outer loop
      vertex -5.164173 -28.119328 5
      vertex -4.2 -29.2 5
      vertex -5.112214 -28.084017 5
    endloop
  endfacet
  facet normal 0 0 1
    outer loop
      vertex -5.2182455 -28.151306 5
      vertex -4.2 -29.2 5
      vertex -5.164173 -28.119328 5
    endloop
  endfacet
  facet normal 0 0 1
    outer loop
      vertex -5.2742205 -28.179827 5
      vertex -4.2 -29.2 5
      vertex -5.2182455 -28.151306 5
    endloop
  endfacet
  facet normal 0 0 1
    outer loop
      vertex -5.331875 -28.204777 5
      vertex -4.2 -29.2 5
      vertex -5.2742205 -28.179827 5
    endloop
  endfacet
  facet normal 0 0 1
    outer loop
      vertex -5.3909826 -28.226057 5
      vertex -4.2 -29.2 5
      vertex -5.331875 -28.204777 5
    endloop
  endfacet
  facet normal 0 0 1
    outer loop
      vertex -5.451309 -28.243584 5
      vertex -4.2 -29.2 5
      vertex -5.3909826 -28.226057 5
    endloop
  endfacet
  facet normal 0 0 1
    outer loop
      vertex -5.512618 -28.257288 5
      vertex -4.2 -29.2 5
      vertex -5.451309 -28.243584 5
    endloop
  endfacet
  facet normal 0 0 1
    outer loop
      vertex -5.574666 -28.267115 5
      vertex -4.2 -29.2 5
      vertex -5.512618 -28.257288 5
    endloop
  endfacet
  facet normal 0 0 1
    outer loop
      vertex -5.637209 -28.273027 5
      vertex -4.2 -29.2 5
      vertex -5.574666 -28.267115 5
    endloop
  endfacet
  facet normal 0 0 1
    outer loop
      vertex -5.7 -28.275 5
      vertex -4.2 -29.2 5
      vertex -5.637209 -28.273027 5
    endloop
  endfacet
  facet normal 0 0 1
    outer loop
      vertex -7.2 -29.2 5
      vertex -5.7 -28.275 5
      vertex -5.7627897 -28.273027 5
    endloop
  endfacet
  facet normal 0 0 1
    outer loop
      vertex -7.2 -29.2 5
      vertex -5.7627897 -28.273027 5
      vertex -5.8253326 -28.267115 5
    endloop
  endfacet
  facet normal 0 0 1
    outer loop
      vertex -7.2 -29.2 5
      vertex -5.8253326 -28.267115 5
      vertex -5.8873806 -28.257288 5
    endloop
  endfacet
  facet normal 0 0 1
    outer loop
      vertex -7.2 -29.2 5
      vertex -5.8873806 -28.257288 5
      vertex -5.9486895 -28.243584 5
    endloop
  endfacet
  facet normal 0 0 1
    outer loop
      vertex -7.2 -29.2 5
      vertex -5.9486895 -28.243584 5
      vertex -6.009017 -28.226057 5
    endloop
  endfacet
  facet normal 0 0 1
    outer loop
      vertex -7.2 -29.2 5
      vertex -6.009017 -28.226057 5
      vertex -6.068124 -28.204777 5
    endloop
  endfacet
  facet normal 0 0 1
    outer loop
      vertex -7.2 -29.2 5
      vertex -6.068124 -28.204777 5
      vertex -6.125779 -28.179827 5
    endloop
  endfacet
  facet normal 0 0 1
    outer loop
      vertex -7.2 -29.2 5
      vertex -6.125779 -28.179827 5
      vertex -6.181753 -28.151306 5
    endloop
  endfacet
  facet normal 0 0 1
    outer loop
      vertex -6.6980267 -27.21221 5
      vertex -7.2 -29.2 5
      vertex -6.7 -27.275 5
    endloop
  endfacet
  facet normal 0 0 1
    outer loop
      vertex -6.7 -27.275 5
      vertex -7.2 -29.2 5
      vertex -6.6980267 -27.337791 5
    endloop
  endfacet
  facet normal 0 0 1
    outer loop
      vertex -5.7 -28.275 5
      vertex -7.2 -29.2 5
      vertex -4.2 -29.2 5
    endloop
  endfacet
  facet normal 0 0 1
    outer loop
      vertex -6.2358265 -28.119328 5
      vertex -7.2 -29.2 5
      vertex -6.181753 -28.151306 5
    endloop
  endfacet
  facet normal 0 0 1
    outer loop
      vertex -6.2877846 -28.084017 5
      vertex -7.2 -29.2 5
      vertex -6.2358265 -28.119328 5
    endloop
  endfacet
  facet normal 0 0 1
    outer loop
      vertex -6.3374233 -28.045513 5
      vertex -7.2 -29.2 5
      vertex -6.2877846 -28.084017 5
    endloop
  endfacet
  facet normal 0 0 1
    outer loop
      vertex -6.3845463 -28.00397 5
      vertex -7.2 -29.2 5
      vertex -6.3374233 -28.045513 5
    endloop
  endfacet
  facet normal 0 0 1
    outer loop
      vertex -6.4289684 -27.959547 5
      vertex -7.2 -29.2 5
      vertex -6.3845463 -28.00397 5
    endloop
  endfacet
  facet normal 0 0 1
    outer loop
      vertex -6.4705124 -27.912424 5
      vertex -7.2 -29.2 5
      vertex -6.4289684 -27.959547 5
    endloop
  endfacet
  facet normal 0 0 1
    outer loop
      vertex -6.509017 -27.862785 5
      vertex -7.2 -29.2 5
      vertex -6.4705124 -27.912424 5
    endloop
  endfacet
  facet normal 0 0 1
    outer loop
      vertex -6.5443277 -27.810827 5
      vertex -7.2 -29.2 5
      vertex -6.509017 -27.862785 5
    endloop
  endfacet
  facet normal 0 0 1
    outer loop
      vertex -6.5763063 -27.756754 5
      vertex -7.2 -29.2 5
      vertex -6.5443277 -27.810827 5
    endloop
  endfacet
  facet normal 0 0 1
    outer loop
      vertex -6.604827 -27.700779 5
      vertex -7.2 -29.2 5
      vertex -6.5763063 -27.756754 5
    endloop
  endfacet
  facet normal 0 0 1
    outer loop
      vertex -6.629776 -27.643126 5
      vertex -7.2 -29.2 5
      vertex -6.604827 -27.700779 5
    endloop
  endfacet
  facet normal 0 0 1
    outer loop
      vertex -6.6510563 -27.584017 5
      vertex -7.2 -29.2 5
      vertex -6.629776 -27.643126 5
    endloop
  endfacet
  facet normal 0 0 1
    outer loop
      vertex -6.668583 -27.52369 5
      vertex -7.2 -29.2 5
      vertex -6.6510563 -27.584017 5
    endloop
  endfacet
  facet normal 0 0 1
    outer loop
      vertex -6.682287 -27.462381 5
      vertex -7.2 -29.2 5
      vertex -6.668583 -27.52369 5
    endloop
  endfacet
  facet normal 0 0 1
    outer loop
      vertex -6.692114 -27.400333 5
      vertex -7.2 -29.2 5
      vertex -6.682287 -27.462381 5
    endloop
  endfacet
  facet normal 0 0 1
    outer loop
      vertex -6.6980267 -27.337791 5
      vertex -7.2 -29.2 5
      vertex -6.692114 -27.400333 5
    endloop
  endfacet
  facet normal 1 0 0
    outer loop
      vertex -4.2 -29.2 5
      vertex -4.2 -23.3 0
      vertex -4.2 -23.3 5
    endloop
  endfacet
  facet normal 1 0 0
    outer loop
      vertex -4.2 -23.3 0
      vertex -4.2 -29.2 5
      vertex -4.2 -29.2 0
    endloop
  endfacet
  facet normal 0 -1 0
    outer loop
      vertex -7.2 -29.2 0
      vertex -4.2 -29.2 5
      vertex -7.2 -29.2 5
    endloop
  endfacet
  facet normal 0 -1 0
    outer loop
      vertex -4.2 -29.2 5
      vertex -7.2 -29.2 0
      vertex -4.2 -29.2 0
    endloop
  endfacet
  facet normal 0.7501209 0.6613008 0
    outer loop
      vertex -4.9294863 -26.637577 8
      vertex -4.971031 -26.590452 5
      vertex -4.971031 -26.590452 8
    endloop
  endfacet
  facet normal 0.7501209 0.6613008 0
    outer loop
      vertex -4.971031 -26.590452 5
      vertex -4.9294863 -26.637577 8
      vertex -4.9294863 -26.637577 5
    endloop
  endfacet
  facet normal -0.4539956 0.8910039 0
    outer loop
      vertex -6.125779 -26.370173 5
      vertex -6.181753 -26.398693 8
      vertex -6.125779 -26.370173 8
    endloop
  endfacet
  facet normal -0.4539956 0.8910039 0
    outer loop
      vertex -6.181753 -26.398693 8
      vertex -6.125779 -26.370173 5
      vertex -6.181753 -26.398693 5
    endloop
  endfacet
  facet normal -0.9995066 0.031409163 0
    outer loop
      vertex -6.7 -27.275 5
      vertex -6.6980267 -27.21221 8
      vertex -6.6980267 -27.21221 5
    endloop
  endfacet
  facet normal -0.9995066 0.031409163 0
    outer loop
      vertex -6.6980267 -27.21221 8
      vertex -6.7 -27.275 5
      vertex -6.7 -27.275 8
    endloop
  endfacet
  facet normal -0.86074394 0.5090382 0
    outer loop
      vertex -6.5763063 -26.793247 5
      vertex -6.5443277 -26.739174 8
      vertex -6.5443277 -26.739174 5
    endloop
  endfacet
  facet normal -0.86074394 0.5090382 0
    outer loop
      vertex -6.5443277 -26.739174 8
      vertex -6.5763063 -26.793247 5
      vertex -6.5763063 -26.793247 8
    endloop
  endfacet
  facet normal 0.39713237 0.9177613 0
    outer loop
      vertex -5.2742205 -26.370173 5
      vertex -5.331875 -26.345224 8
      vertex -5.2742205 -26.370173 8
    endloop
  endfacet
  facet normal 0.39713237 0.9177613 0
    outer loop
      vertex -5.331875 -26.345224 8
      vertex -5.2742205 -26.370173 5
      vertex -5.331875 -26.345224 5
    endloop
  endfacet
  facet normal 0.39715794 -0.9177503 0
    outer loop
      vertex -5.331875 -28.204777 5
      vertex -5.2742205 -28.179827 8
      vertex -5.331875 -28.204777 8
    endloop
  endfacet
  facet normal 0.39715794 -0.9177503 0
    outer loop
      vertex -5.2742205 -28.179827 8
      vertex -5.331875 -28.204777 5
      vertex -5.2742205 -28.179827 5
    endloop
  endfacet
  facet normal -0.9177534 -0.39715067 0
    outer loop
      vertex -6.604827 -27.700779 5
      vertex -6.629776 -27.643126 8
      vertex -6.629776 -27.643126 5
    endloop
  endfacet
  facet normal -0.9177534 -0.39715067 0
    outer loop
      vertex -6.629776 -27.643126 8
      vertex -6.604827 -27.700779 5
      vertex -6.604827 -27.700779 8
    endloop
  endfacet
  facet normal 0.03142385 0.9995062 0
    outer loop
      vertex -5.637209 -26.276974 5
      vertex -5.7 -26.275 8
      vertex -5.637209 -26.276974 8
    endloop
  endfacet
  facet normal 0.03142385 0.9995062 0
    outer loop
      vertex -5.7 -26.275 8
      vertex -5.637209 -26.276974 5
      vertex -5.7 -26.275 5
    endloop
  endfacet
  facet normal 0.940883 0.33873183 0
    outer loop
      vertex -4.7489433 -26.965982 8
      vertex -4.7702227 -26.906876 5
      vertex -4.7702227 -26.906876 8
    endloop
  endfacet
  facet normal 0.940883 0.33873183 0
    outer loop
      vertex -4.7702227 -26.906876 5
      vertex -4.7489433 -26.965982 8
      vertex -4.7489433 -26.965982 5
    endloop
  endfacet
  facet normal -0.3971524 -0.9177527 0
    outer loop
      vertex -6.125779 -28.179827 5
      vertex -6.068124 -28.204777 8
      vertex -6.125779 -28.179827 8
    endloop
  endfacet
  facet normal -0.3971524 -0.9177527 0
    outer loop
      vertex -6.068124 -28.204777 8
      vertex -6.125779 -28.179827 5
      vertex -6.068124 -28.204777 5
    endloop
  endfacet
  facet normal 0.975917 0.21814223 0
    outer loop
      vertex -4.7177124 -27.08762 8
      vertex -4.7314167 -27.02631 5
      vertex -4.7314167 -27.02631 8
    endloop
  endfacet
  facet normal 0.975917 0.21814223 0
    outer loop
      vertex -4.7314167 -27.02631 5
      vertex -4.7177124 -27.08762 8
      vertex -4.7177124 -27.08762 5
    endloop
  endfacet
  facet normal -0.21814546 0.97591627 0
    outer loop
      vertex -5.8873806 -26.292713 5
      vertex -5.9486895 -26.306417 8
      vertex -5.8873806 -26.292713 8
    endloop
  endfacet
  facet normal -0.21814546 0.97591627 0
    outer loop
      vertex -5.9486895 -26.306417 8
      vertex -5.8873806 -26.292713 5
      vertex -5.9486895 -26.306417 5
    endloop
  endfacet
  facet normal -0.7501284 0.6612922 0
    outer loop
      vertex -6.4705124 -26.637577 5
      vertex -6.4289684 -26.590452 8
      vertex -6.4289684 -26.590452 5
    endloop
  endfacet
  facet normal -0.7501284 0.6612922 0
    outer loop
      vertex -6.4289684 -26.590452 8
      vertex -6.4705124 -26.637577 5
      vertex -6.4705124 -26.637577 8
    endloop
  endfacet
  facet normal 0.9177479 -0.39716348 0
    outer loop
      vertex -4.7951727 -27.700779 8
      vertex -4.7702227 -27.643126 5
      vertex -4.7702227 -27.643126 8
    endloop
  endfacet
  facet normal 0.9177479 -0.39716348 0
    outer loop
      vertex -4.7702227 -27.643126 5
      vertex -4.7951727 -27.700779 8
      vertex -4.7951727 -27.700779 5
    endloop
  endfacet
  facet normal 0.21814546 0.97591627 0
    outer loop
      vertex -5.451309 -26.306417 5
      vertex -5.512618 -26.292713 8
      vertex -5.451309 -26.306417 8
    endloop
  endfacet
  facet normal 0.21814546 0.97591627 0
    outer loop
      vertex -5.512618 -26.292713 8
      vertex -5.451309 -26.306417 5
      vertex -5.512618 -26.292713 5
    endloop
  endfacet
  facet normal -0.9602943 0.27898905 0
    outer loop
      vertex -6.668583 -27.02631 5
      vertex -6.6510563 -26.965982 8
      vertex -6.6510563 -26.965982 5
    endloop
  endfacet
  facet normal -0.9602943 0.27898905 0
    outer loop
      vertex -6.6510563 -26.965982 8
      vertex -6.668583 -27.02631 5
      vertex -6.668583 -27.02631 8
    endloop
  endfacet
  facet normal 0.6129059 -0.7901559 0
    outer loop
      vertex -5.112214 -28.084017 5
      vertex -5.0625753 -28.045513 8
      vertex -5.112214 -28.084017 8
    endloop
  endfacet
  facet normal 0.6129059 -0.7901559 0
    outer loop
      vertex -5.0625753 -28.045513 8
      vertex -5.112214 -28.084017 5
      vertex -5.0625753 -28.045513 5
    endloop
  endfacet
  facet normal 0.89100707 -0.45398945 0
    outer loop
      vertex -4.8236933 -27.756754 8
      vertex -4.7951727 -27.700779 5
      vertex -4.7951727 -27.700779 8
    endloop
  endfacet
  facet normal 0.89100707 -0.45398945 0
    outer loop
      vertex -4.7951727 -27.700779 5
      vertex -4.8236933 -27.756754 8
      vertex -4.8236933 -27.756754 5
    endloop
  endfacet
  facet normal 0.7901559 -0.6129059 0
    outer loop
      vertex -4.9294863 -27.912424 8
      vertex -4.8909826 -27.862785 5
      vertex -4.8909826 -27.862785 8
    endloop
  endfacet
  facet normal 0.7901559 -0.6129059 0
    outer loop
      vertex -4.8909826 -27.862785 5
      vertex -4.9294863 -27.912424 8
      vertex -4.9294863 -27.912424 5
    endloop
  endfacet
  facet normal 0.9602943 -0.27898905 0
    outer loop
      vertex -4.7489433 -27.584017 8
      vertex -4.7314167 -27.52369 5
      vertex -4.7314167 -27.52369 8
    endloop
  endfacet
  facet normal 0.9602943 -0.27898905 0
    outer loop
      vertex -4.7314167 -27.52369 5
      vertex -4.7489433 -27.584017 8
      vertex -4.7489433 -27.584017 5
    endloop
  endfacet
  facet normal 0.7071144 -0.7070992 0
    outer loop
      vertex -5.0154524 -28.00397 8
      vertex -4.971031 -27.959547 5
      vertex -4.971031 -27.959547 8
    endloop
  endfacet
  facet normal 0.7071144 -0.7070992 0
    outer loop
      vertex -4.971031 -27.959547 5
      vertex -5.0154524 -28.00397 8
      vertex -5.0154524 -28.00397 5
    endloop
  endfacet
  facet normal -0.56208414 -0.8270801 0
    outer loop
      vertex -6.2877846 -28.084017 5
      vertex -6.2358265 -28.119328 8
      vertex -6.2877846 -28.084017 8
    endloop
  endfacet
  facet normal -0.56208414 -0.8270801 0
    outer loop
      vertex -6.2358265 -28.119328 8
      vertex -6.2877846 -28.084017 5
      vertex -6.2358265 -28.119328 5
    endloop
  endfacet
  facet normal -0.6129059 0.7901559 0
    outer loop
      vertex -6.2877846 -26.465982 5
      vertex -6.3374233 -26.504486 8
      vertex -6.2877846 -26.465982 8
    endloop
  endfacet
  facet normal -0.6129059 0.7901559 0
    outer loop
      vertex -6.3374233 -26.504486 8
      vertex -6.2877846 -26.465982 5
      vertex -6.3374233 -26.504486 5
    endloop
  endfacet
  facet normal -0.1564225 -0.9876902 0
    outer loop
      vertex -5.8873806 -28.257288 5
      vertex -5.8253326 -28.267115 8
      vertex -5.8873806 -28.257288 8
    endloop
  endfacet
  facet normal -0.1564225 -0.9876902 0
    outer loop
      vertex -5.8253326 -28.267115 8
      vertex -5.8873806 -28.257288 5
      vertex -5.8253326 -28.267115 5
    endloop
  endfacet
  facet normal 0.09408981 0.9955637 0
    outer loop
      vertex -5.574666 -26.282885 5
      vertex -5.637209 -26.276974 8
      vertex -5.574666 -26.282885 8
    endloop
  endfacet
  facet normal 0.09408981 0.9955637 0
    outer loop
      vertex -5.637209 -26.276974 8
      vertex -5.574666 -26.282885 5
      vertex -5.637209 -26.276974 5
    endloop
  endfacet
  facet normal -0.09411991 -0.9955609 0
    outer loop
      vertex -5.8253326 -28.267115 5
      vertex -5.7627897 -28.273027 8
      vertex -5.8253326 -28.267115 8
    endloop
  endfacet
  facet normal -0.09411991 -0.9955609 0
    outer loop
      vertex -5.7627897 -28.273027 8
      vertex -5.8253326 -28.267115 5
      vertex -5.7627897 -28.273027 5
    endloop
  endfacet
  facet normal -0.99950665 -0.03140821 0
    outer loop
      vertex -6.6980267 -27.337791 5
      vertex -6.7 -27.275 8
      vertex -6.7 -27.275 5
    endloop
  endfacet
  facet normal -0.99950665 -0.03140821 0
    outer loop
      vertex -6.7 -27.275 8
      vertex -6.6980267 -27.337791 5
      vertex -6.6980267 -27.337791 8
    endloop
  endfacet
  facet normal 0.7501076 -0.6613158 0
    outer loop
      vertex -4.971031 -27.959547 8
      vertex -4.9294863 -27.912424 5
      vertex -4.9294863 -27.912424 8
    endloop
  endfacet
  facet normal 0.7501076 -0.6613158 0
    outer loop
      vertex -4.9294863 -27.912424 5
      vertex -4.971031 -27.959547 8
      vertex -4.971031 -27.959547 5
    endloop
  endfacet
  facet normal -0.1564521 0.98768556 0
    outer loop
      vertex -5.8253326 -26.282885 5
      vertex -5.8873806 -26.292713 8
      vertex -5.8253326 -26.282885 8
    endloop
  endfacet
  facet normal -0.1564521 0.98768556 0
    outer loop
      vertex -5.8873806 -26.292713 8
      vertex -5.8253326 -26.282885 5
      vertex -5.8873806 -26.292713 5
    endloop
  endfacet
  facet normal 0.6613244 0.7501001 0
    outer loop
      vertex -5.0154524 -26.546032 5
      vertex -5.0625753 -26.504486 8
      vertex -5.0154524 -26.546032 8
    endloop
  endfacet
  facet normal 0.6613244 0.7501001 0
    outer loop
      vertex -5.0625753 -26.504486 8
      vertex -5.0154524 -26.546032 5
      vertex -5.0625753 -26.504486 5
    endloop
  endfacet
  facet normal 0.5090448 0.86074 0
    outer loop
      vertex -5.164173 -26.430672 5
      vertex -5.2182455 -26.398693 8
      vertex -5.164173 -26.430672 8
    endloop
  endfacet
  facet normal 0.5090448 0.86074 0
    outer loop
      vertex -5.2182455 -26.398693 8
      vertex -5.164173 -26.430672 5
      vertex -5.2182455 -26.398693 5
    endloop
  endfacet
  facet normal 0.99950665 -0.03140821 0
    outer loop
      vertex -4.701973 -27.337791 8
      vertex -4.7 -27.275 5
      vertex -4.7 -27.275 8
    endloop
  endfacet
  facet normal 0.99950665 -0.03140821 0
    outer loop
      vertex -4.7 -27.275 5
      vertex -4.701973 -27.337791 8
      vertex -4.701973 -27.337791 5
    endloop
  endfacet
  facet normal -0.9955607 0.09412133 0
    outer loop
      vertex -6.6980267 -27.21221 5
      vertex -6.692114 -27.149668 8
      vertex -6.692114 -27.149668 5
    endloop
  endfacet
  facet normal -0.9955607 0.09412133 0
    outer loop
      vertex -6.692114 -27.149668 8
      vertex -6.6980267 -27.21221 5
      vertex -6.6980267 -27.21221 8
    endloop
  endfacet
  facet normal 0.45398945 0.89100707 0
    outer loop
      vertex -5.2182455 -26.398693 5
      vertex -5.2742205 -26.370173 8
      vertex -5.2182455 -26.398693 8
    endloop
  endfacet
  facet normal 0.45398945 0.89100707 0
    outer loop
      vertex -5.2742205 -26.370173 8
      vertex -5.2182455 -26.398693 5
      vertex -5.2742205 -26.370173 5
    endloop
  endfacet
  facet normal -0.9955607 -0.09412133 0
    outer loop
      vertex -6.692114 -27.400333 5
      vertex -6.6980267 -27.337791 8
      vertex -6.6980267 -27.337791 5
    endloop
  endfacet
  facet normal -0.9955607 -0.09412133 0
    outer loop
      vertex -6.6980267 -27.337791 8
      vertex -6.692114 -27.400333 5
      vertex -6.692114 -27.400333 8
    endloop
  endfacet
  facet normal -0.56208414 0.8270801 0
    outer loop
      vertex -6.2358265 -26.430672 5
      vertex -6.2877846 -26.465982 8
      vertex -6.2358265 -26.430672 8
    endloop
  endfacet
  facet normal -0.56208414 0.8270801 0
    outer loop
      vertex -6.2877846 -26.465982 8
      vertex -6.2358265 -26.430672 5
      vertex -6.2877846 -26.465982 5
    endloop
  endfacet
  facet normal -0.8910008 0.45400172 0
    outer loop
      vertex -6.604827 -26.84922 5
      vertex -6.5763063 -26.793247 8
      vertex -6.5763063 -26.793247 5
    endloop
  endfacet
  facet normal -0.8910008 0.45400172 0
    outer loop
      vertex -6.5763063 -26.793247 8
      vertex -6.604827 -26.84922 5
      vertex -6.604827 -26.84922 8
    endloop
  endfacet
  facet normal -0.6129059 -0.7901559 0
    outer loop
      vertex -6.3374233 -28.045513 5
      vertex -6.2877846 -28.084017 8
      vertex -6.3374233 -28.045513 8
    endloop
  endfacet
  facet normal -0.6129059 -0.7901559 0
    outer loop
      vertex -6.2877846 -28.084017 8
      vertex -6.3374233 -28.045513 5
      vertex -6.2877846 -28.084017 5
    endloop
  endfacet
  facet normal -0.9177582 0.3971396 0
    outer loop
      vertex -6.629776 -26.906876 5
      vertex -6.604827 -26.84922 8
      vertex -6.604827 -26.84922 5
    endloop
  endfacet
  facet normal -0.9177582 0.3971396 0
    outer loop
      vertex -6.604827 -26.84922 8
      vertex -6.629776 -26.906876 5
      vertex -6.629776 -26.906876 8
    endloop
  endfacet
  facet normal -0.9408816 -0.33873558 0
    outer loop
      vertex -6.629776 -27.643126 5
      vertex -6.6510563 -27.584017 8
      vertex -6.6510563 -27.584017 5
    endloop
  endfacet
  facet normal -0.9408816 -0.33873558 0
    outer loop
      vertex -6.6510563 -27.584017 8
      vertex -6.629776 -27.643126 5
      vertex -6.629776 -27.643126 8
    endloop
  endfacet
  facet normal -0.975917 0.21814223 0
    outer loop
      vertex -6.682287 -27.08762 5
      vertex -6.668583 -27.02631 8
      vertex -6.668583 -27.02631 5
    endloop
  endfacet
  facet normal -0.975917 0.21814223 0
    outer loop
      vertex -6.668583 -27.02631 8
      vertex -6.682287 -27.08762 5
      vertex -6.682287 -27.08762 8
    endloop
  endfacet
  facet normal 0.99556214 0.09410628 0
    outer loop
      vertex -4.701973 -27.21221 8
      vertex -4.707885 -27.149668 5
      vertex -4.707885 -27.149668 8
    endloop
  endfacet
  facet normal 0.99556214 0.09410628 0
    outer loop
      vertex -4.707885 -27.149668 5
      vertex -4.701973 -27.21221 8
      vertex -4.701973 -27.21221 5
    endloop
  endfacet
  facet normal -0.5090382 0.86074394 0
    outer loop
      vertex -6.181753 -26.398693 5
      vertex -6.2358265 -26.430672 8
      vertex -6.181753 -26.398693 8
    endloop
  endfacet
  facet normal -0.5090382 0.86074394 0
    outer loop
      vertex -6.2358265 -26.430672 8
      vertex -6.181753 -26.398693 5
      vertex -6.2358265 -26.430672 5
    endloop
  endfacet
  facet normal -0.97591555 -0.21814868 0
    outer loop
      vertex -6.668583 -27.52369 5
      vertex -6.682287 -27.462381 8
      vertex -6.682287 -27.462381 5
    endloop
  endfacet
  facet normal -0.97591555 -0.21814868 0
    outer loop
      vertex -6.682287 -27.462381 8
      vertex -6.668583 -27.52369 5
      vertex -6.668583 -27.52369 8
    endloop
  endfacet
  facet normal 0.21814546 -0.97591627 0
    outer loop
      vertex -5.512618 -28.257288 5
      vertex -5.451309 -28.243584 8
      vertex -5.512618 -28.257288 8
    endloop
  endfacet
  facet normal 0.21814546 -0.97591627 0
    outer loop
      vertex -5.451309 -28.243584 8
      vertex -5.512618 -28.257288 5
      vertex -5.451309 -28.243584 5
    endloop
  endfacet
  facet normal 0.6129059 0.7901559 0
    outer loop
      vertex -5.0625753 -26.504486 5
      vertex -5.112214 -26.465982 8
      vertex -5.0625753 -26.504486 8
    endloop
  endfacet
  facet normal 0.6129059 0.7901559 0
    outer loop
      vertex -5.112214 -26.465982 8
      vertex -5.0625753 -26.504486 5
      vertex -5.112214 -26.465982 5
    endloop
  endfacet
  facet normal -0.8270801 0.56208414 0
    outer loop
      vertex -6.5443277 -26.739174 5
      vertex -6.509017 -26.687216 8
      vertex -6.509017 -26.687216 5
    endloop
  endfacet
  facet normal -0.8270801 0.56208414 0
    outer loop
      vertex -6.509017 -26.687216 8
      vertex -6.5443277 -26.739174 5
      vertex -6.5443277 -26.739174 8
    endloop
  endfacet
  facet normal -0.89100707 -0.45398945 0
    outer loop
      vertex -6.5763063 -27.756754 5
      vertex -6.604827 -27.700779 8
      vertex -6.604827 -27.700779 5
    endloop
  endfacet
  facet normal -0.89100707 -0.45398945 0
    outer loop
      vertex -6.604827 -27.700779 8
      vertex -6.5763063 -27.756754 5
      vertex -6.5763063 -27.756754 8
    endloop
  endfacet
  facet normal 0.56207705 0.82708484 0
    outer loop
      vertex -5.112214 -26.465982 5
      vertex -5.164173 -26.430672 8
      vertex -5.112214 -26.465982 8
    endloop
  endfacet
  facet normal 0.56207705 0.82708484 0
    outer loop
      vertex -5.164173 -26.430672 8
      vertex -5.112214 -26.465982 5
      vertex -5.164173 -26.430672 5
    endloop
  endfacet
  facet normal -0.9876902 -0.1564225 0
    outer loop
      vertex -6.682287 -27.462381 5
      vertex -6.692114 -27.400333 8
      vertex -6.692114 -27.400333 5
    endloop
  endfacet
  facet normal -0.9876902 -0.1564225 0
    outer loop
      vertex -6.692114 -27.400333 8
      vertex -6.682287 -27.462381 5
      vertex -6.682287 -27.462381 8
    endloop
  endfacet
  facet normal 0.9876879 0.15643731 0
    outer loop
      vertex -4.707885 -27.149668 8
      vertex -4.7177124 -27.08762 5
      vertex -4.7177124 -27.08762 8
    endloop
  endfacet
  facet normal 0.9876879 0.15643731 0
    outer loop
      vertex -4.7177124 -27.08762 5
      vertex -4.707885 -27.149668 8
      vertex -4.707885 -27.149668 5
    endloop
  endfacet
  facet normal -0.9408781 0.33874527 0
    outer loop
      vertex -6.6510563 -26.965982 5
      vertex -6.629776 -26.906876 8
      vertex -6.629776 -26.906876 5
    endloop
  endfacet
  facet normal -0.9408781 0.33874527 0
    outer loop
      vertex -6.629776 -26.906876 8
      vertex -6.6510563 -26.965982 5
      vertex -6.6510563 -26.965982 8
    endloop
  endfacet
  facet normal -0.9876902 0.1564225 0
    outer loop
      vertex -6.692114 -27.149668 5
      vertex -6.682287 -27.08762 8
      vertex -6.682287 -27.08762 5
    endloop
  endfacet
  facet normal -0.9876902 0.1564225 0
    outer loop
      vertex -6.682287 -27.08762 8
      vertex -6.692114 -27.149668 5
      vertex -6.692114 -27.149668 8
    endloop
  endfacet
  facet normal 0.2789931 0.9602931 0
    outer loop
      vertex -5.3909826 -26.323944 5
      vertex -5.451309 -26.306417 8
      vertex -5.3909826 -26.323944 8
    endloop
  endfacet
  facet normal 0.2789931 0.9602931 0
    outer loop
      vertex -5.451309 -26.306417 8
      vertex -5.3909826 -26.323944 5
      vertex -5.451309 -26.306417 5
    endloop
  endfacet
  facet normal -0.7070916 0.70712197 0
    outer loop
      vertex -6.3845463 -26.546032 5
      vertex -6.4289684 -26.590452 8
      vertex -6.3845463 -26.546032 8
    endloop
  endfacet
  facet normal -0.7070916 0.70712197 0
    outer loop
      vertex -6.4289684 -26.590452 8
      vertex -6.3845463 -26.546032 5
      vertex -6.4289684 -26.590452 5
    endloop
  endfacet
  facet normal -0.03142433 0.9995061 0
    outer loop
      vertex -5.7 -26.275 5
      vertex -5.7627897 -26.276974 8
      vertex -5.7 -26.275 8
    endloop
  endfacet
  facet normal -0.03142433 0.9995061 0
    outer loop
      vertex -5.7627897 -26.276974 8
      vertex -5.7 -26.275 5
      vertex -5.7627897 -26.276974 5
    endloop
  endfacet
  facet normal -0.031393994 -0.99950707 0
    outer loop
      vertex -5.7627897 -28.273027 5
      vertex -5.7 -28.275 8
      vertex -5.7627897 -28.273027 8
    endloop
  endfacet
  facet normal -0.031393994 -0.99950707 0
    outer loop
      vertex -5.7 -28.275 8
      vertex -5.7627897 -28.273027 5
      vertex -5.7 -28.275 5
    endloop
  endfacet
  facet normal -0.6613244 0.7501001 0
    outer loop
      vertex -6.3374233 -26.504486 5
      vertex -6.3845463 -26.546032 8
      vertex -6.3374233 -26.504486 8
    endloop
  endfacet
  facet normal -0.6613244 0.7501001 0
    outer loop
      vertex -6.3845463 -26.546032 8
      vertex -6.3374233 -26.504486 5
      vertex -6.3845463 -26.546032 5
    endloop
  endfacet
  facet normal 0.9876879 -0.15643731 0
    outer loop
      vertex -4.7177124 -27.462381 8
      vertex -4.707885 -27.400333 5
      vertex -4.707885 -27.400333 8
    endloop
  endfacet
  facet normal 0.9876879 -0.15643731 0
    outer loop
      vertex -4.707885 -27.400333 5
      vertex -4.7177124 -27.462381 8
      vertex -4.7177124 -27.462381 5
    endloop
  endfacet
  facet normal -0.79014856 0.6129154 0
    outer loop
      vertex -6.509017 -26.687216 5
      vertex -6.4705124 -26.637577 8
      vertex -6.4705124 -26.637577 5
    endloop
  endfacet
  facet normal -0.79014856 0.6129154 0
    outer loop
      vertex -6.4705124 -26.637577 8
      vertex -6.509017 -26.687216 5
      vertex -6.509017 -26.687216 8
    endloop
  endfacet
  facet normal -0.70710677 -0.70710677 0
    outer loop
      vertex -6.3845463 -28.00397 5
      vertex -6.4289684 -27.959547 8
      vertex -6.4289684 -27.959547 5
    endloop
  endfacet
  facet normal -0.70710677 -0.70710677 0
    outer loop
      vertex -6.4289684 -27.959547 8
      vertex -6.3845463 -28.00397 5
      vertex -6.3845463 -28.00397 8
    endloop
  endfacet
  facet normal 0.86074394 0.5090382 0
    outer loop
      vertex -4.8236933 -26.793247 8
      vertex -4.855672 -26.739174 5
      vertex -4.855672 -26.739174 8
    endloop
  endfacet
  facet normal 0.86074394 0.5090382 0
    outer loop
      vertex -4.855672 -26.739174 5
      vertex -4.8236933 -26.793247 8
      vertex -4.8236933 -26.793247 5
    endloop
  endfacet
  facet normal 0.7901559 0.6129059 0
    outer loop
      vertex -4.8909826 -26.687216 8
      vertex -4.9294863 -26.637577 5
      vertex -4.9294863 -26.637577 8
    endloop
  endfacet
  facet normal 0.7901559 0.6129059 0
    outer loop
      vertex -4.9294863 -26.637577 5
      vertex -4.8909826 -26.687216 8
      vertex -4.8909826 -26.687216 5
    endloop
  endfacet
  facet normal -0.09408981 0.9955637 0
    outer loop
      vertex -5.7627897 -26.276974 5
      vertex -5.8253326 -26.282885 8
      vertex -5.7627897 -26.276974 8
    endloop
  endfacet
  facet normal -0.09408981 0.9955637 0
    outer loop
      vertex -5.8253326 -26.282885 8
      vertex -5.7627897 -26.276974 5
      vertex -5.8253326 -26.282885 5
    endloop
  endfacet
  facet normal 0.99556214 -0.09410628 0
    outer loop
      vertex -4.707885 -27.400333 8
      vertex -4.701973 -27.337791 5
      vertex -4.701973 -27.337791 8
    endloop
  endfacet
  facet normal 0.99556214 -0.09410628 0
    outer loop
      vertex -4.701973 -27.337791 5
      vertex -4.707885 -27.400333 8
      vertex -4.707885 -27.400333 5
    endloop
  endfacet
  facet normal -0.5090382 -0.86074394 0
    outer loop
      vertex -6.2358265 -28.119328 5
      vertex -6.181753 -28.151306 8
      vertex -6.2358265 -28.119328 8
    endloop
  endfacet
  facet normal -0.5090382 -0.86074394 0
    outer loop
      vertex -6.181753 -28.151306 8
      vertex -6.2358265 -28.119328 5
      vertex -6.181753 -28.151306 5
    endloop
  endfacet
  facet normal 0.9177527 0.3971524 0
    outer loop
      vertex -4.7702227 -26.906876 8
      vertex -4.7951727 -26.84922 5
      vertex -4.7951727 -26.84922 8
    endloop
  endfacet
  facet normal 0.9177527 0.3971524 0
    outer loop
      vertex -4.7951727 -26.84922 5
      vertex -4.7702227 -26.906876 8
      vertex -4.7702227 -26.906876 5
    endloop
  endfacet
  facet normal -0.86074394 -0.5090382 0
    outer loop
      vertex -6.5443277 -27.810827 5
      vertex -6.5763063 -27.756754 8
      vertex -6.5763063 -27.756754 5
    endloop
  endfacet
  facet normal -0.86074394 -0.5090382 0
    outer loop
      vertex -6.5763063 -27.756754 8
      vertex -6.5443277 -27.810827 5
      vertex -6.5443277 -27.810827 8
    endloop
  endfacet
  facet normal -0.39712682 0.91776377 0
    outer loop
      vertex -6.068124 -26.345224 5
      vertex -6.125779 -26.370173 8
      vertex -6.068124 -26.345224 8
    endloop
  endfacet
  facet normal -0.39712682 0.91776377 0
    outer loop
      vertex -6.125779 -26.370173 8
      vertex -6.068124 -26.345224 5
      vertex -6.125779 -26.370173 5
    endloop
  endfacet
  facet normal 0.1564225 -0.9876902 0
    outer loop
      vertex -5.574666 -28.267115 5
      vertex -5.512618 -28.257288 8
      vertex -5.574666 -28.267115 8
    endloop
  endfacet
  facet normal 0.1564225 -0.9876902 0
    outer loop
      vertex -5.512618 -28.257288 8
      vertex -5.574666 -28.267115 5
      vertex -5.512618 -28.257288 5
    endloop
  endfacet
  facet normal 0.56207705 -0.82708484 0
    outer loop
      vertex -5.164173 -28.119328 5
      vertex -5.112214 -28.084017 8
      vertex -5.164173 -28.119328 8
    endloop
  endfacet
  facet normal 0.56207705 -0.82708484 0
    outer loop
      vertex -5.112214 -28.084017 8
      vertex -5.164173 -28.119328 5
      vertex -5.112214 -28.084017 5
    endloop
  endfacet
  facet normal 0.6613073 -0.7501151 0
    outer loop
      vertex -5.0625753 -28.045513 5
      vertex -5.0154524 -28.00397 8
      vertex -5.0625753 -28.045513 8
    endloop
  endfacet
  facet normal 0.6613073 -0.7501151 0
    outer loop
      vertex -5.0154524 -28.00397 8
      vertex -5.0625753 -28.045513 5
      vertex -5.0154524 -28.00397 5
    endloop
  endfacet
  facet normal -0.27898905 0.9602943 0
    outer loop
      vertex -5.9486895 -26.306417 5
      vertex -6.009017 -26.323944 8
      vertex -5.9486895 -26.306417 8
    endloop
  endfacet
  facet normal -0.27898905 0.9602943 0
    outer loop
      vertex -6.009017 -26.323944 8
      vertex -5.9486895 -26.306417 5
      vertex -6.009017 -26.323944 5
    endloop
  endfacet
  facet normal 0.9995066 0.031409163 0
    outer loop
      vertex -4.7 -27.275 8
      vertex -4.701973 -27.21221 5
      vertex -4.701973 -27.21221 8
    endloop
  endfacet
  facet normal 0.9995066 0.031409163 0
    outer loop
      vertex -4.701973 -27.21221 5
      vertex -4.7 -27.275 8
      vertex -4.7 -27.275 5
    endloop
  endfacet
  facet normal 0.8910008 0.45400172 0
    outer loop
      vertex -4.7951727 -26.84922 8
      vertex -4.8236933 -26.793247 5
      vertex -4.8236933 -26.793247 8
    endloop
  endfacet
  facet normal 0.8910008 0.45400172 0
    outer loop
      vertex -4.8236933 -26.793247 5
      vertex -4.7951727 -26.84922 8
      vertex -4.7951727 -26.84922 5
    endloop
  endfacet
  facet normal -0.9602943 -0.27898905 0
    outer loop
      vertex -6.6510563 -27.584017 5
      vertex -6.668583 -27.52369 8
      vertex -6.668583 -27.52369 5
    endloop
  endfacet
  facet normal -0.9602943 -0.27898905 0
    outer loop
      vertex -6.668583 -27.52369 8
      vertex -6.6510563 -27.584017 5
      vertex -6.6510563 -27.584017 8
    endloop
  endfacet
  facet normal 0.7070992 0.7071144 0
    outer loop
      vertex -4.971031 -26.590452 5
      vertex -5.0154524 -26.546032 8
      vertex -4.971031 -26.590452 8
    endloop
  endfacet
  facet normal 0.7070992 0.7071144 0
    outer loop
      vertex -5.0154524 -26.546032 8
      vertex -4.971031 -26.590452 5
      vertex -5.0154524 -26.546032 5
    endloop
  endfacet
  facet normal -0.6613073 -0.7501151 0
    outer loop
      vertex -6.3845463 -28.00397 5
      vertex -6.3374233 -28.045513 8
      vertex -6.3845463 -28.00397 8
    endloop
  endfacet
  facet normal -0.6613073 -0.7501151 0
    outer loop
      vertex -6.3374233 -28.045513 8
      vertex -6.3845463 -28.00397 5
      vertex -6.3374233 -28.045513 5
    endloop
  endfacet
  facet normal 0.33874044 -0.9408799 0
    outer loop
      vertex -5.3909826 -28.226057 5
      vertex -5.331875 -28.204777 8
      vertex -5.3909826 -28.226057 8
    endloop
  endfacet
  facet normal 0.33874044 -0.9408799 0
    outer loop
      vertex -5.331875 -28.204777 8
      vertex -5.3909826 -28.226057 5
      vertex -5.331875 -28.204777 5
    endloop
  endfacet
  facet normal -0.4539956 -0.8910039 0
    outer loop
      vertex -6.181753 -28.151306 5
      vertex -6.125779 -28.179827 8
      vertex -6.181753 -28.151306 8
    endloop
  endfacet
  facet normal -0.4539956 -0.8910039 0
    outer loop
      vertex -6.125779 -28.179827 8
      vertex -6.181753 -28.151306 5
      vertex -6.125779 -28.179827 5
    endloop
  endfacet
  facet normal -0.8270801 -0.56208414 0
    outer loop
      vertex -6.509017 -27.862785 5
      vertex -6.5443277 -27.810827 8
      vertex -6.5443277 -27.810827 5
    endloop
  endfacet
  facet normal -0.8270801 -0.56208414 0
    outer loop
      vertex -6.5443277 -27.810827 8
      vertex -6.509017 -27.862785 5
      vertex -6.509017 -27.862785 8
    endloop
  endfacet
  facet normal 0.1564521 0.98768556 0
    outer loop
      vertex -5.512618 -26.292713 5
      vertex -5.574666 -26.282885 8
      vertex -5.512618 -26.292713 8
    endloop
  endfacet
  facet normal 0.1564521 0.98768556 0
    outer loop
      vertex -5.574666 -26.282885 8
      vertex -5.512618 -26.292713 5
      vertex -5.574666 -26.282885 5
    endloop
  endfacet
  facet normal 0.9602943 0.27898905 0
    outer loop
      vertex -4.7314167 -27.02631 8
      vertex -4.7489433 -26.965982 5
      vertex -4.7489433 -26.965982 8
    endloop
  endfacet
  facet normal 0.9602943 0.27898905 0
    outer loop
      vertex -4.7489433 -26.965982 5
      vertex -4.7314167 -27.02631 8
      vertex -4.7314167 -27.02631 5
    endloop
  endfacet
  facet normal -0.79014856 -0.6129154 0
    outer loop
      vertex -6.4705124 -27.912424 5
      vertex -6.509017 -27.862785 8
      vertex -6.509017 -27.862785 5
    endloop
  endfacet
  facet normal -0.79014856 -0.6129154 0
    outer loop
      vertex -6.509017 -27.862785 8
      vertex -6.4705124 -27.912424 5
      vertex -6.4705124 -27.912424 8
    endloop
  endfacet
  facet normal -0.33874527 -0.9408781 0
    outer loop
      vertex -6.068124 -28.204777 5
      vertex -6.009017 -28.226057 8
      vertex -6.068124 -28.204777 8
    endloop
  endfacet
  facet normal -0.33874527 -0.9408781 0
    outer loop
      vertex -6.009017 -28.226057 8
      vertex -6.068124 -28.204777 5
      vertex -6.009017 -28.226057 5
    endloop
  endfacet
  facet normal 0.8270801 0.56208414 0
    outer loop
      vertex -4.855672 -26.739174 8
      vertex -4.8909826 -26.687216 5
      vertex -4.8909826 -26.687216 8
    endloop
  endfacet
  facet normal 0.8270801 0.56208414 0
    outer loop
      vertex -4.8909826 -26.687216 5
      vertex -4.855672 -26.739174 8
      vertex -4.855672 -26.739174 5
    endloop
  endfacet
  facet normal 0.45398945 -0.89100707 0
    outer loop
      vertex -5.2742205 -28.179827 5
      vertex -5.2182455 -28.151306 8
      vertex -5.2742205 -28.179827 8
    endloop
  endfacet
  facet normal 0.45398945 -0.89100707 0
    outer loop
      vertex -5.2182455 -28.151306 8
      vertex -5.2742205 -28.179827 5
      vertex -5.2182455 -28.151306 5
    endloop
  endfacet
  facet normal 0.8270801 -0.56208414 0
    outer loop
      vertex -4.8909826 -27.862785 8
      vertex -4.855672 -27.810827 5
      vertex -4.855672 -27.810827 8
    endloop
  endfacet
  facet normal 0.8270801 -0.56208414 0
    outer loop
      vertex -4.855672 -27.810827 5
      vertex -4.8909826 -27.862785 8
      vertex -4.8909826 -27.862785 5
    endloop
  endfacet
  facet normal 0.97591555 -0.21814868 0
    outer loop
      vertex -4.7314167 -27.52369 8
      vertex -4.7177124 -27.462381 5
      vertex -4.7177124 -27.462381 8
    endloop
  endfacet
  facet normal 0.97591555 -0.21814868 0
    outer loop
      vertex -4.7177124 -27.462381 5
      vertex -4.7314167 -27.52369 8
      vertex -4.7314167 -27.52369 5
    endloop
  endfacet
  facet normal -0.33874527 0.9408781 0
    outer loop
      vertex -6.009017 -26.323944 5
      vertex -6.068124 -26.345224 8
      vertex -6.009017 -26.323944 8
    endloop
  endfacet
  facet normal -0.33874527 0.9408781 0
    outer loop
      vertex -6.068124 -26.345224 8
      vertex -6.009017 -26.323944 5
      vertex -6.068124 -26.345224 5
    endloop
  endfacet
  facet normal -0.7501151 -0.6613073 0
    outer loop
      vertex -6.4289684 -27.959547 5
      vertex -6.4705124 -27.912424 8
      vertex -6.4705124 -27.912424 5
    endloop
  endfacet
  facet normal -0.7501151 -0.6613073 0
    outer loop
      vertex -6.4705124 -27.912424 8
      vertex -6.4289684 -27.959547 5
      vertex -6.4289684 -27.959547 8
    endloop
  endfacet
  facet normal 0.86074394 -0.5090382 0
    outer loop
      vertex -4.855672 -27.810827 8
      vertex -4.8236933 -27.756754 5
      vertex -4.8236933 -27.756754 8
    endloop
  endfacet
  facet normal 0.86074394 -0.5090382 0
    outer loop
      vertex -4.8236933 -27.756754 5
      vertex -4.855672 -27.810827 8
      vertex -4.855672 -27.810827 5
    endloop
  endfacet
  facet normal 0.33874044 0.9408799 0
    outer loop
      vertex -5.331875 -26.345224 5
      vertex -5.3909826 -26.323944 8
      vertex -5.331875 -26.345224 8
    endloop
  endfacet
  facet normal 0.33874044 0.9408799 0
    outer loop
      vertex -5.3909826 -26.323944 8
      vertex -5.331875 -26.345224 5
      vertex -5.3909826 -26.323944 5
    endloop
  endfacet
  facet normal 0.03139352 -0.9995071 0
    outer loop
      vertex -5.7 -28.275 5
      vertex -5.637209 -28.273027 8
      vertex -5.7 -28.275 8
    endloop
  endfacet
  facet normal 0.03139352 -0.9995071 0
    outer loop
      vertex -5.637209 -28.273027 8
      vertex -5.7 -28.275 5
      vertex -5.637209 -28.273027 5
    endloop
  endfacet
  facet normal 0.09411991 -0.9955609 0
    outer loop
      vertex -5.637209 -28.273027 5
      vertex -5.574666 -28.267115 8
      vertex -5.637209 -28.273027 8
    endloop
  endfacet
  facet normal 0.09411991 -0.9955609 0
    outer loop
      vertex -5.574666 -28.267115 8
      vertex -5.637209 -28.273027 5
      vertex -5.574666 -28.267115 5
    endloop
  endfacet
  facet normal -0.21814546 -0.97591627 0
    outer loop
      vertex -5.9486895 -28.243584 5
      vertex -5.8873806 -28.257288 8
      vertex -5.9486895 -28.243584 8
    endloop
  endfacet
  facet normal -0.21814546 -0.97591627 0
    outer loop
      vertex -5.8873806 -28.257288 8
      vertex -5.9486895 -28.243584 5
      vertex -5.8873806 -28.257288 5
    endloop
  endfacet
  facet normal 0.2789931 -0.9602931 0
    outer loop
      vertex -5.451309 -28.243584 5
      vertex -5.3909826 -28.226057 8
      vertex -5.451309 -28.243584 8
    endloop
  endfacet
  facet normal 0.2789931 -0.9602931 0
    outer loop
      vertex -5.3909826 -28.226057 8
      vertex -5.451309 -28.243584 5
      vertex -5.3909826 -28.226057 5
    endloop
  endfacet
  facet normal -0.27898905 -0.9602943 0
    outer loop
      vertex -6.009017 -28.226057 5
      vertex -5.9486895 -28.243584 8
      vertex -6.009017 -28.226057 8
    endloop
  endfacet
  facet normal -0.27898905 -0.9602943 0
    outer loop
      vertex -5.9486895 -28.243584 8
      vertex -6.009017 -28.226057 5
      vertex -5.9486895 -28.243584 5
    endloop
  endfacet
  facet normal 0.5090448 -0.86074 0
    outer loop
      vertex -5.2182455 -28.151306 5
      vertex -5.164173 -28.119328 8
      vertex -5.2182455 -28.151306 8
    endloop
  endfacet
  facet normal 0.5090448 -0.86074 0
    outer loop
      vertex -5.164173 -28.119328 8
      vertex -5.2182455 -28.151306 5
      vertex -5.164173 -28.119328 5
    endloop
  endfacet
  facet normal 0.94088644 -0.33872217 0
    outer loop
      vertex -4.7702227 -27.643126 8
      vertex -4.7489433 -27.584017 5
      vertex -4.7489433 -27.584017 8
    endloop
  endfacet
  facet normal 0.94088644 -0.33872217 0
    outer loop
      vertex -4.7489433 -27.584017 5
      vertex -4.7702227 -27.643126 8
      vertex -4.7702227 -27.643126 5
    endloop
  endfacet
  facet normal -1 0 0
    outer loop
      vertex -7.2 -78.3 0
      vertex -7.2 -72.4 5
      vertex -7.2 -72.4 0
    endloop
  endfacet
  facet normal -1 0 0
    outer loop
      vertex -7.2 -72.4 5
      vertex -7.2 -78.3 0
      vertex -7.2 -78.3 5
    endloop
  endfacet
  facet normal 0 0 1
    outer loop
      vertex -4.701973 -74.38779 5
      vertex -4.2 -72.4 5
      vertex -4.7 -74.325 5
    endloop
  endfacet
  facet normal 0 0 1
    outer loop
      vertex -4.2 -72.4 5
      vertex -4.701973 -74.26221 5
      vertex -4.7 -74.325 5
    endloop
  endfacet
  facet normal 0 0 1
    outer loop
      vertex -4.2 -72.4 5
      vertex -4.707885 -74.19967 5
      vertex -4.701973 -74.26221 5
    endloop
  endfacet
  facet normal 0 0 1
    outer loop
      vertex -4.2 -72.4 5
      vertex -4.7177124 -74.13762 5
      vertex -4.707885 -74.19967 5
    endloop
  endfacet
  facet normal 0 0 1
    outer loop
      vertex -4.2 -72.4 5
      vertex -4.7314167 -74.07631 5
      vertex -4.7177124 -74.13762 5
    endloop
  endfacet
  facet normal 0 0 1
    outer loop
      vertex -4.2 -72.4 5
      vertex -4.7489433 -74.01598 5
      vertex -4.7314167 -74.07631 5
    endloop
  endfacet
  facet normal 0 0 1
    outer loop
      vertex -4.2 -72.4 5
      vertex -4.7702227 -73.95687 5
      vertex -4.7489433 -74.01598 5
    endloop
  endfacet
  facet normal 0 0 1
    outer loop
      vertex -4.2 -72.4 5
      vertex -4.7951727 -73.89922 5
      vertex -4.7702227 -73.95687 5
    endloop
  endfacet
  facet normal 0 0 1
    outer loop
      vertex -4.2 -72.4 5
      vertex -4.8236933 -73.84325 5
      vertex -4.7951727 -73.89922 5
    endloop
  endfacet
  facet normal 0 0 1
    outer loop
      vertex -4.2 -72.4 5
      vertex -4.855672 -73.78917 5
      vertex -4.8236933 -73.84325 5
    endloop
  endfacet
  facet normal 0 0 1
    outer loop
      vertex -4.2 -72.4 5
      vertex -4.8909826 -73.73721 5
      vertex -4.855672 -73.78917 5
    endloop
  endfacet
  facet normal 0 0 1
    outer loop
      vertex -4.2 -72.4 5
      vertex -4.9294863 -73.68758 5
      vertex -4.8909826 -73.73721 5
    endloop
  endfacet
  facet normal 0 0 1
    outer loop
      vertex -4.2 -72.4 5
      vertex -4.971031 -73.64045 5
      vertex -4.9294863 -73.68758 5
    endloop
  endfacet
  facet normal 0 0 1
    outer loop
      vertex -4.2 -72.4 5
      vertex -5.0154524 -73.59603 5
      vertex -4.971031 -73.64045 5
    endloop
  endfacet
  facet normal 0 0 1
    outer loop
      vertex -4.2 -72.4 5
      vertex -5.0625753 -73.55449 5
      vertex -5.0154524 -73.59603 5
    endloop
  endfacet
  facet normal 0 0 1
    outer loop
      vertex -4.2 -72.4 5
      vertex -5.112214 -73.51598 5
      vertex -5.0625753 -73.55449 5
    endloop
  endfacet
  facet normal 0 0 1
    outer loop
      vertex -4.2 -72.4 5
      vertex -5.164173 -73.480675 5
      vertex -5.112214 -73.51598 5
    endloop
  endfacet
  facet normal 0 0 1
    outer loop
      vertex -4.2 -72.4 5
      vertex -5.2182455 -73.44869 5
      vertex -5.164173 -73.480675 5
    endloop
  endfacet
  facet normal 0 0 1
    outer loop
      vertex -4.2 -72.4 5
      vertex -5.2742205 -73.42017 5
      vertex -5.2182455 -73.44869 5
    endloop
  endfacet
  facet normal 0 0 1
    outer loop
      vertex -4.2 -72.4 5
      vertex -5.331875 -73.395226 5
      vertex -5.2742205 -73.42017 5
    endloop
  endfacet
  facet normal 0 0 1
    outer loop
      vertex -4.2 -72.4 5
      vertex -5.3909826 -73.37394 5
      vertex -5.331875 -73.395226 5
    endloop
  endfacet
  facet normal 0 0 1
    outer loop
      vertex -4.2 -72.4 5
      vertex -5.451309 -73.356415 5
      vertex -5.3909826 -73.37394 5
    endloop
  endfacet
  facet normal 0 0 1
    outer loop
      vertex -4.2 -72.4 5
      vertex -5.512618 -73.34271 5
      vertex -5.451309 -73.356415 5
    endloop
  endfacet
  facet normal 0 0 1
    outer loop
      vertex -4.2 -72.4 5
      vertex -5.574666 -73.332886 5
      vertex -5.512618 -73.34271 5
    endloop
  endfacet
  facet normal 0 0 1
    outer loop
      vertex -4.2 -72.4 5
      vertex -5.637209 -73.32697 5
      vertex -5.574666 -73.332886 5
    endloop
  endfacet
  facet normal 0 0 1
    outer loop
      vertex -4.2 -72.4 5
      vertex -5.7 -73.325 5
      vertex -5.637209 -73.32697 5
    endloop
  endfacet
  facet normal 0 0 1
    outer loop
      vertex -7.2 -72.4 5
      vertex -5.7 -73.325 5
      vertex -4.2 -72.4 5
    endloop
  endfacet
  facet normal 0 0 1
    outer loop
      vertex -5.7 -73.325 5
      vertex -7.2 -72.4 5
      vertex -5.7627897 -73.32697 5
    endloop
  endfacet
  facet normal 0 0 1
    outer loop
      vertex -5.7627897 -73.32697 5
      vertex -7.2 -72.4 5
      vertex -5.8253326 -73.332886 5
    endloop
  endfacet
  facet normal 0 0 1
    outer loop
      vertex -5.8253326 -73.332886 5
      vertex -7.2 -72.4 5
      vertex -5.8873806 -73.34271 5
    endloop
  endfacet
  facet normal 0 0 1
    outer loop
      vertex -5.8873806 -73.34271 5
      vertex -7.2 -72.4 5
      vertex -5.9486895 -73.356415 5
    endloop
  endfacet
  facet normal 0 0 1
    outer loop
      vertex -5.9486895 -73.356415 5
      vertex -7.2 -72.4 5
      vertex -6.009017 -73.37394 5
    endloop
  endfacet
  facet normal 0 0 1
    outer loop
      vertex -6.009017 -73.37394 5
      vertex -7.2 -72.4 5
      vertex -6.068124 -73.395226 5
    endloop
  endfacet
  facet normal 0 0 1
    outer loop
      vertex -6.068124 -73.395226 5
      vertex -7.2 -72.4 5
      vertex -6.125779 -73.42017 5
    endloop
  endfacet
  facet normal 0 0 1
    outer loop
      vertex -6.6980267 -74.26221 5
      vertex -7.2 -72.4 5
      vertex -6.7 -74.325 5
    endloop
  endfacet
  facet normal 0 0 1
    outer loop
      vertex -6.692114 -74.19967 5
      vertex -7.2 -72.4 5
      vertex -6.6980267 -74.26221 5
    endloop
  endfacet
  facet normal 0 0 1
    outer loop
      vertex -6.682287 -74.13762 5
      vertex -7.2 -72.4 5
      vertex -6.692114 -74.19967 5
    endloop
  endfacet
  facet normal 0 0 1
    outer loop
      vertex -6.668583 -74.07631 5
      vertex -7.2 -72.4 5
      vertex -6.682287 -74.13762 5
    endloop
  endfacet
  facet normal 0 0 1
    outer loop
      vertex -6.6510563 -74.01598 5
      vertex -7.2 -72.4 5
      vertex -6.668583 -74.07631 5
    endloop
  endfacet
  facet normal 0 0 1
    outer loop
      vertex -6.629776 -73.95687 5
      vertex -7.2 -72.4 5
      vertex -6.6510563 -74.01598 5
    endloop
  endfacet
  facet normal 0 0 1
    outer loop
      vertex -6.604827 -73.89922 5
      vertex -7.2 -72.4 5
      vertex -6.629776 -73.95687 5
    endloop
  endfacet
  facet normal 0 0 1
    outer loop
      vertex -6.5763063 -73.84325 5
      vertex -7.2 -72.4 5
      vertex -6.604827 -73.89922 5
    endloop
  endfacet
  facet normal 0 0 1
    outer loop
      vertex -6.5443277 -73.78917 5
      vertex -7.2 -72.4 5
      vertex -6.5763063 -73.84325 5
    endloop
  endfacet
  facet normal 0 0 1
    outer loop
      vertex -6.509017 -73.73721 5
      vertex -7.2 -72.4 5
      vertex -6.5443277 -73.78917 5
    endloop
  endfacet
  facet normal 0 0 1
    outer loop
      vertex -6.4705124 -73.68758 5
      vertex -7.2 -72.4 5
      vertex -6.509017 -73.73721 5
    endloop
  endfacet
  facet normal 0 0 1
    outer loop
      vertex -6.4289684 -73.64045 5
      vertex -7.2 -72.4 5
      vertex -6.4705124 -73.68758 5
    endloop
  endfacet
  facet normal 0 0 1
    outer loop
      vertex -6.3845463 -73.59603 5
      vertex -7.2 -72.4 5
      vertex -6.4289684 -73.64045 5
    endloop
  endfacet
  facet normal 0 0 1
    outer loop
      vertex -6.3374233 -73.55449 5
      vertex -7.2 -72.4 5
      vertex -6.3845463 -73.59603 5
    endloop
  endfacet
  facet normal 0 0 1
    outer loop
      vertex -6.2877846 -73.51598 5
      vertex -7.2 -72.4 5
      vertex -6.3374233 -73.55449 5
    endloop
  endfacet
  facet normal 0 0 1
    outer loop
      vertex -6.2358265 -73.480675 5
      vertex -7.2 -72.4 5
      vertex -6.2877846 -73.51598 5
    endloop
  endfacet
  facet normal 0 0 1
    outer loop
      vertex -6.181753 -73.44869 5
      vertex -7.2 -72.4 5
      vertex -6.2358265 -73.480675 5
    endloop
  endfacet
  facet normal 0 0 1
    outer loop
      vertex -6.125779 -73.42017 5
      vertex -7.2 -72.4 5
      vertex -6.181753 -73.44869 5
    endloop
  endfacet
  facet normal 0 0 1
    outer loop
      vertex -4.707885 -74.45033 5
      vertex -4.2 -72.4 5
      vertex -4.701973 -74.38779 5
    endloop
  endfacet
  facet normal 0 0 1
    outer loop
      vertex -4.2 -72.4 5
      vertex -4.707885 -74.45033 5
      vertex -4.2 -78.3 5
    endloop
  endfacet
  facet normal 0 0 1
    outer loop
      vertex -4.7177124 -74.51238 5
      vertex -4.2 -78.3 5
      vertex -4.707885 -74.45033 5
    endloop
  endfacet
  facet normal 0 0 1
    outer loop
      vertex -4.7314167 -74.57369 5
      vertex -4.2 -78.3 5
      vertex -4.7177124 -74.51238 5
    endloop
  endfacet
  facet normal 0 0 1
    outer loop
      vertex -4.7489433 -74.63402 5
      vertex -4.2 -78.3 5
      vertex -4.7314167 -74.57369 5
    endloop
  endfacet
  facet normal 0 0 1
    outer loop
      vertex -4.7702227 -74.69312 5
      vertex -4.2 -78.3 5
      vertex -4.7489433 -74.63402 5
    endloop
  endfacet
  facet normal 0 0 1
    outer loop
      vertex -4.7951727 -74.75078 5
      vertex -4.2 -78.3 5
      vertex -4.7702227 -74.69312 5
    endloop
  endfacet
  facet normal 0 0 1
    outer loop
      vertex -4.8236933 -74.806755 5
      vertex -4.2 -78.3 5
      vertex -4.7951727 -74.75078 5
    endloop
  endfacet
  facet normal 0 0 1
    outer loop
      vertex -4.855672 -74.860825 5
      vertex -4.2 -78.3 5
      vertex -4.8236933 -74.806755 5
    endloop
  endfacet
  facet normal 0 0 1
    outer loop
      vertex -4.8909826 -74.91278 5
      vertex -4.2 -78.3 5
      vertex -4.855672 -74.860825 5
    endloop
  endfacet
  facet normal 0 0 1
    outer loop
      vertex -4.9294863 -74.962425 5
      vertex -4.2 -78.3 5
      vertex -4.8909826 -74.91278 5
    endloop
  endfacet
  facet normal 0 0 1
    outer loop
      vertex -4.971031 -75.009544 5
      vertex -4.2 -78.3 5
      vertex -4.9294863 -74.962425 5
    endloop
  endfacet
  facet normal 0 0 1
    outer loop
      vertex -5.0154524 -75.05397 5
      vertex -4.2 -78.3 5
      vertex -4.971031 -75.009544 5
    endloop
  endfacet
  facet normal 0 0 1
    outer loop
      vertex -5.0625753 -75.09551 5
      vertex -4.2 -78.3 5
      vertex -5.0154524 -75.05397 5
    endloop
  endfacet
  facet normal 0 0 1
    outer loop
      vertex -5.112214 -75.13402 5
      vertex -4.2 -78.3 5
      vertex -5.0625753 -75.09551 5
    endloop
  endfacet
  facet normal 0 0 1
    outer loop
      vertex -5.164173 -75.16933 5
      vertex -4.2 -78.3 5
      vertex -5.112214 -75.13402 5
    endloop
  endfacet
  facet normal 0 0 1
    outer loop
      vertex -5.2182455 -75.20131 5
      vertex -4.2 -78.3 5
      vertex -5.164173 -75.16933 5
    endloop
  endfacet
  facet normal 0 0 1
    outer loop
      vertex -5.2742205 -75.22983 5
      vertex -4.2 -78.3 5
      vertex -5.2182455 -75.20131 5
    endloop
  endfacet
  facet normal 0 0 1
    outer loop
      vertex -5.331875 -75.254776 5
      vertex -4.2 -78.3 5
      vertex -5.2742205 -75.22983 5
    endloop
  endfacet
  facet normal 0 0 1
    outer loop
      vertex -5.3909826 -75.276054 5
      vertex -4.2 -78.3 5
      vertex -5.331875 -75.254776 5
    endloop
  endfacet
  facet normal 0 0 1
    outer loop
      vertex -5.451309 -75.29358 5
      vertex -4.2 -78.3 5
      vertex -5.3909826 -75.276054 5
    endloop
  endfacet
  facet normal 0 0 1
    outer loop
      vertex -5.512618 -75.30729 5
      vertex -4.2 -78.3 5
      vertex -5.451309 -75.29358 5
    endloop
  endfacet
  facet normal 0 0 1
    outer loop
      vertex -5.574666 -75.317116 5
      vertex -4.2 -78.3 5
      vertex -5.512618 -75.30729 5
    endloop
  endfacet
  facet normal 0 0 1
    outer loop
      vertex -5.637209 -75.32303 5
      vertex -4.2 -78.3 5
      vertex -5.574666 -75.317116 5
    endloop
  endfacet
  facet normal 0 0 1
    outer loop
      vertex -5.7 -75.325 5
      vertex -4.2 -78.3 5
      vertex -5.637209 -75.32303 5
    endloop
  endfacet
  facet normal 0 0 1
    outer loop
      vertex -7.2 -78.3 5
      vertex -5.7 -75.325 5
      vertex -5.7627897 -75.32303 5
    endloop
  endfacet
  facet normal 0 0 1
    outer loop
      vertex -7.2 -78.3 5
      vertex -5.7627897 -75.32303 5
      vertex -5.8253326 -75.317116 5
    endloop
  endfacet
  facet normal 0 0 1
    outer loop
      vertex -7.2 -78.3 5
      vertex -5.8253326 -75.317116 5
      vertex -5.8873806 -75.30729 5
    endloop
  endfacet
  facet normal 0 0 1
    outer loop
      vertex -7.2 -78.3 5
      vertex -5.8873806 -75.30729 5
      vertex -5.9486895 -75.29358 5
    endloop
  endfacet
  facet normal 0 0 1
    outer loop
      vertex -7.2 -78.3 5
      vertex -5.9486895 -75.29358 5
      vertex -6.009017 -75.276054 5
    endloop
  endfacet
  facet normal 0 0 1
    outer loop
      vertex -7.2 -78.3 5
      vertex -6.009017 -75.276054 5
      vertex -6.068124 -75.254776 5
    endloop
  endfacet
  facet normal 0 0 1
    outer loop
      vertex -7.2 -78.3 5
      vertex -6.068124 -75.254776 5
      vertex -6.125779 -75.22983 5
    endloop
  endfacet
  facet normal 0 0 1
    outer loop
      vertex -7.2 -78.3 5
      vertex -6.125779 -75.22983 5
      vertex -6.181753 -75.20131 5
    endloop
  endfacet
  facet normal 0 0 1
    outer loop
      vertex -7.2 -78.3 5
      vertex -6.181753 -75.20131 5
      vertex -6.2358265 -75.16933 5
    endloop
  endfacet
  facet normal 0 0 1
    outer loop
      vertex -7.2 -78.3 5
      vertex -6.2358265 -75.16933 5
      vertex -6.2877846 -75.13402 5
    endloop
  endfacet
  facet normal 0 0 1
    outer loop
      vertex -7.2 -78.3 5
      vertex -6.2877846 -75.13402 5
      vertex -6.3374233 -75.09551 5
    endloop
  endfacet
  facet normal 0 0 1
    outer loop
      vertex -7.2 -78.3 5
      vertex -6.3374233 -75.09551 5
      vertex -6.3845463 -75.05397 5
    endloop
  endfacet
  facet normal 0 0 1
    outer loop
      vertex -7.2 -78.3 5
      vertex -6.3845463 -75.05397 5
      vertex -6.4289684 -75.009544 5
    endloop
  endfacet
  facet normal 0 0 1
    outer loop
      vertex -7.2 -78.3 5
      vertex -6.4289684 -75.009544 5
      vertex -6.4705124 -74.962425 5
    endloop
  endfacet
  facet normal 0 0 1
    outer loop
      vertex -7.2 -78.3 5
      vertex -6.4705124 -74.962425 5
      vertex -6.509017 -74.91278 5
    endloop
  endfacet
  facet normal 0 0 1
    outer loop
      vertex -7.2 -72.4 5
      vertex -6.6980267 -74.38779 5
      vertex -6.7 -74.325 5
    endloop
  endfacet
  facet normal 0 0 1
    outer loop
      vertex -7.2 -72.4 5
      vertex -6.692114 -74.45033 5
      vertex -6.6980267 -74.38779 5
    endloop
  endfacet
  facet normal 0 0 1
    outer loop
      vertex -7.2 -78.3 5
      vertex -6.692114 -74.45033 5
      vertex -7.2 -72.4 5
    endloop
  endfacet
  facet normal 0 0 1
    outer loop
      vertex -6.692114 -74.45033 5
      vertex -7.2 -78.3 5
      vertex -6.682287 -74.51238 5
    endloop
  endfacet
  facet normal 0 0 1
    outer loop
      vertex -5.7 -75.325 5
      vertex -7.2 -78.3 5
      vertex -4.2 -78.3 5
    endloop
  endfacet
  facet normal 0 0 1
    outer loop
      vertex -6.5443277 -74.860825 5
      vertex -7.2 -78.3 5
      vertex -6.509017 -74.91278 5
    endloop
  endfacet
  facet normal 0 0 1
    outer loop
      vertex -6.5763063 -74.806755 5
      vertex -7.2 -78.3 5
      vertex -6.5443277 -74.860825 5
    endloop
  endfacet
  facet normal 0 0 1
    outer loop
      vertex -6.604827 -74.75078 5
      vertex -7.2 -78.3 5
      vertex -6.5763063 -74.806755 5
    endloop
  endfacet
  facet normal 0 0 1
    outer loop
      vertex -6.629776 -74.69312 5
      vertex -7.2 -78.3 5
      vertex -6.604827 -74.75078 5
    endloop
  endfacet
  facet normal 0 0 1
    outer loop
      vertex -6.6510563 -74.63402 5
      vertex -7.2 -78.3 5
      vertex -6.629776 -74.69312 5
    endloop
  endfacet
  facet normal 0 0 1
    outer loop
      vertex -6.668583 -74.57369 5
      vertex -7.2 -78.3 5
      vertex -6.6510563 -74.63402 5
    endloop
  endfacet
  facet normal 0 0 1
    outer loop
      vertex -6.682287 -74.51238 5
      vertex -7.2 -78.3 5
      vertex -6.668583 -74.57369 5
    endloop
  endfacet
  facet normal 1 0 0
    outer loop
      vertex -4.2 -78.3 5
      vertex -4.2 -72.4 0
      vertex -4.2 -72.4 5
    endloop
  endfacet
  facet normal 1 0 0
    outer loop
      vertex -4.2 -72.4 0
      vertex -4.2 -78.3 5
      vertex -4.2 -78.3 0
    endloop
  endfacet
  facet normal 0 1 0
    outer loop
      vertex -4.2 -72.4 0
      vertex -7.2 -72.4 5
      vertex -4.2 -72.4 5
    endloop
  endfacet
  facet normal 0 1 0
    outer loop
      vertex -7.2 -72.4 5
      vertex -4.2 -72.4 0
      vertex -7.2 -72.4 0
    endloop
  endfacet
  facet normal 0.750081 -0.66134596 0
    outer loop
      vertex -4.971031 -75.009544 8
      vertex -4.9294863 -74.962425 5
      vertex -4.9294863 -74.962425 8
    endloop
  endfacet
  facet normal 0.750081 -0.66134596 0
    outer loop
      vertex -4.9294863 -74.962425 5
      vertex -4.971031 -75.009544 8
      vertex -4.971031 -75.009544 5
    endloop
  endfacet
  facet normal -0.4539715 -0.8910162 0
    outer loop
      vertex -6.181753 -75.20131 5
      vertex -6.125779 -75.22983 8
      vertex -6.181753 -75.20131 8
    endloop
  endfacet
  facet normal -0.4539715 -0.8910162 0
    outer loop
      vertex -6.125779 -75.22983 8
      vertex -6.181753 -75.20131 5
      vertex -6.125779 -75.22983 5
    endloop
  endfacet
  facet normal -0.9995066 -0.031409163 0
    outer loop
      vertex -6.6980267 -74.38779 5
      vertex -6.7 -74.325 8
      vertex -6.7 -74.325 5
    endloop
  endfacet
  facet normal -0.9995066 -0.031409163 0
    outer loop
      vertex -6.7 -74.325 8
      vertex -6.6980267 -74.38779 5
      vertex -6.6980267 -74.38779 8
    endloop
  endfacet
  facet normal -0.8607282 -0.5090648 0
    outer loop
      vertex -6.5443277 -74.860825 5
      vertex -6.5763063 -74.806755 8
      vertex -6.5763063 -74.806755 5
    endloop
  endfacet
  facet normal -0.8607282 -0.5090648 0
    outer loop
      vertex -6.5763063 -74.806755 8
      vertex -6.5443277 -74.860825 5
      vertex -6.5443277 -74.860825 8
    endloop
  endfacet
  facet normal 0.39713237 -0.9177613 0
    outer loop
      vertex -5.331875 -75.254776 5
      vertex -5.2742205 -75.22983 8
      vertex -5.331875 -75.254776 8
    endloop
  endfacet
  facet normal 0.39713237 -0.9177613 0
    outer loop
      vertex -5.2742205 -75.22983 8
      vertex -5.331875 -75.254776 5
      vertex -5.2742205 -75.22983 5
    endloop
  endfacet
  facet normal 0.39713237 0.9177613 0
    outer loop
      vertex -5.2742205 -73.42017 5
      vertex -5.331875 -73.395226 8
      vertex -5.2742205 -73.42017 8
    endloop
  endfacet
  facet normal 0.39713237 0.9177613 0
    outer loop
      vertex -5.331875 -73.395226 8
      vertex -5.2742205 -73.42017 5
      vertex -5.331875 -73.395226 5
    endloop
  endfacet
  facet normal -0.91773903 0.3971839 0
    outer loop
      vertex -6.629776 -73.95687 5
      vertex -6.604827 -73.89922 8
      vertex -6.604827 -73.89922 5
    endloop
  endfacet
  facet normal -0.91773903 0.3971839 0
    outer loop
      vertex -6.604827 -73.89922 8
      vertex -6.629776 -73.95687 5
      vertex -6.629776 -73.95687 8
    endloop
  endfacet
  facet normal 0.031332858 -0.999509 0
    outer loop
      vertex -5.7 -75.325 5
      vertex -5.637209 -75.32303 8
      vertex -5.7 -75.325 8
    endloop
  endfacet
  facet normal 0.031332858 -0.999509 0
    outer loop
      vertex -5.637209 -75.32303 8
      vertex -5.7 -75.325 5
      vertex -5.637209 -75.32303 5
    endloop
  endfacet
  facet normal 0.94087946 -0.3387415 0
    outer loop
      vertex -4.7702227 -74.69312 8
      vertex -4.7489433 -74.63402 5
      vertex -4.7489433 -74.63402 8
    endloop
  endfacet
  facet normal 0.94087946 -0.3387415 0
    outer loop
      vertex -4.7489433 -74.63402 5
      vertex -4.7702227 -74.69312 8
      vertex -4.7702227 -74.69312 5
    endloop
  endfacet
  facet normal -0.39712682 0.91776377 0
    outer loop
      vertex -6.068124 -73.395226 5
      vertex -6.125779 -73.42017 8
      vertex -6.068124 -73.395226 8
    endloop
  endfacet
  facet normal -0.39712682 0.91776377 0
    outer loop
      vertex -6.125779 -73.42017 8
      vertex -6.068124 -73.395226 5
      vertex -6.125779 -73.42017 5
    endloop
  endfacet
  facet normal 0.975917 -0.21814223 0
    outer loop
      vertex -4.7314167 -74.57369 8
      vertex -4.7177124 -74.51238 5
      vertex -4.7177124 -74.51238 8
    endloop
  endfacet
  facet normal 0.975917 -0.21814223 0
    outer loop
      vertex -4.7177124 -74.51238 5
      vertex -4.7314167 -74.57369 8
      vertex -4.7314167 -74.57369 5
    endloop
  endfacet
  facet normal -0.2182322 -0.9758969 0
    outer loop
      vertex -5.9486895 -75.29358 5
      vertex -5.8873806 -75.30729 8
      vertex -5.9486895 -75.29358 8
    endloop
  endfacet
  facet normal -0.2182322 -0.9758969 0
    outer loop
      vertex -5.8873806 -75.30729 8
      vertex -5.9486895 -75.29358 5
      vertex -5.8873806 -75.30729 5
    endloop
  endfacet
  facet normal -0.7500886 -0.6613374 0
    outer loop
      vertex -6.4289684 -75.009544 5
      vertex -6.4705124 -74.962425 8
      vertex -6.4705124 -74.962425 5
    endloop
  endfacet
  facet normal -0.7500886 -0.6613374 0
    outer loop
      vertex -6.4705124 -74.962425 8
      vertex -6.4289684 -75.009544 5
      vertex -6.4289684 -75.009544 8
    endloop
  endfacet
  facet normal 0.9177335 0.39719668 0
    outer loop
      vertex -4.7702227 -73.95687 8
      vertex -4.7951727 -73.89922 5
      vertex -4.7951727 -73.89922 8
    endloop
  endfacet
  facet normal 0.9177335 0.39719668 0
    outer loop
      vertex -4.7951727 -73.89922 5
      vertex -4.7702227 -73.95687 8
      vertex -4.7702227 -73.95687 5
    endloop
  endfacet
  facet normal 0.2182322 -0.9758969 0
    outer loop
      vertex -5.512618 -75.30729 5
      vertex -5.451309 -75.29358 8
      vertex -5.512618 -75.30729 8
    endloop
  endfacet
  facet normal 0.2182322 -0.9758969 0
    outer loop
      vertex -5.451309 -75.29358 8
      vertex -5.512618 -75.30729 5
      vertex -5.451309 -75.29358 5
    endloop
  endfacet
  facet normal -0.9602919 -0.27899718 0
    outer loop
      vertex -6.6510563 -74.63402 5
      vertex -6.668583 -74.57369 8
      vertex -6.668583 -74.57369 5
    endloop
  endfacet
  facet normal -0.9602919 -0.27899718 0
    outer loop
      vertex -6.668583 -74.57369 8
      vertex -6.6510563 -74.63402 5
      vertex -6.6510563 -74.63402 8
    endloop
  endfacet
  facet normal 0.6129249 0.79014117 0
    outer loop
      vertex -5.0625753 -73.55449 5
      vertex -5.112214 -73.51598 8
      vertex -5.0625753 -73.55449 8
    endloop
  endfacet
  facet normal 0.6129249 0.79014117 0
    outer loop
      vertex -5.112214 -73.51598 8
      vertex -5.0625753 -73.55449 5
      vertex -5.112214 -73.51598 5
    endloop
  endfacet
  facet normal 0.8910133 0.45397717 0
    outer loop
      vertex -4.7951727 -73.89922 8
      vertex -4.8236933 -73.84325 5
      vertex -4.8236933 -73.84325 8
    endloop
  endfacet
  facet normal 0.8910133 0.45397717 0
    outer loop
      vertex -4.8236933 -73.84325 5
      vertex -4.7951727 -73.89922 8
      vertex -4.7951727 -73.89922 5
    endloop
  endfacet
  facet normal 0.7901445 0.61292064 0
    outer loop
      vertex -4.8909826 -73.73721 8
      vertex -4.9294863 -73.68758 5
      vertex -4.9294863 -73.68758 8
    endloop
  endfacet
  facet normal 0.7901445 0.61292064 0
    outer loop
      vertex -4.9294863 -73.68758 5
      vertex -4.8909826 -73.73721 8
      vertex -4.8909826 -73.73721 5
    endloop
  endfacet
  facet normal 0.9602919 0.27899718 0
    outer loop
      vertex -4.7314167 -74.07631 8
      vertex -4.7489433 -74.01598 5
      vertex -4.7489433 -74.01598 8
    endloop
  endfacet
  facet normal 0.9602919 0.27899718 0
    outer loop
      vertex -4.7489433 -74.01598 5
      vertex -4.7314167 -74.07631 8
      vertex -4.7314167 -74.07631 5
    endloop
  endfacet
  facet normal 0.707084 0.70712954 0
    outer loop
      vertex -4.971031 -73.64045 5
      vertex -5.0154524 -73.59603 8
      vertex -4.971031 -73.64045 8
    endloop
  endfacet
  facet normal 0.707084 0.70712954 0
    outer loop
      vertex -5.0154524 -73.59603 8
      vertex -4.971031 -73.64045 5
      vertex -5.0154524 -73.59603 5
    endloop
  endfacet
  facet normal -0.56206334 0.8270942 0
    outer loop
      vertex -6.2358265 -73.480675 5
      vertex -6.2877846 -73.51598 8
      vertex -6.2358265 -73.480675 8
    endloop
  endfacet
  facet normal -0.56206334 0.8270942 0
    outer loop
      vertex -6.2877846 -73.51598 8
      vertex -6.2358265 -73.480675 5
      vertex -6.2877846 -73.51598 5
    endloop
  endfacet
  facet normal -0.6129249 -0.79014117 0
    outer loop
      vertex -6.3374233 -75.09551 5
      vertex -6.2877846 -75.13402 8
      vertex -6.3374233 -75.09551 8
    endloop
  endfacet
  facet normal -0.6129249 -0.79014117 0
    outer loop
      vertex -6.2877846 -75.13402 8
      vertex -6.3374233 -75.09551 5
      vertex -6.2877846 -75.13402 5
    endloop
  endfacet
  facet normal -0.1564225 0.9876902 0
    outer loop
      vertex -5.8253326 -73.332886 5
      vertex -5.8873806 -73.34271 8
      vertex -5.8253326 -73.332886 8
    endloop
  endfacet
  facet normal -0.1564225 0.9876902 0
    outer loop
      vertex -5.8873806 -73.34271 8
      vertex -5.8253326 -73.332886 5
      vertex -5.8873806 -73.34271 5
    endloop
  endfacet
  facet normal 0.09411991 -0.9955609 0
    outer loop
      vertex -5.637209 -75.32303 5
      vertex -5.574666 -75.317116 8
      vertex -5.637209 -75.32303 8
    endloop
  endfacet
  facet normal 0.09411991 -0.9955609 0
    outer loop
      vertex -5.574666 -75.317116 8
      vertex -5.637209 -75.32303 5
      vertex -5.574666 -75.317116 5
    endloop
  endfacet
  facet normal -0.09411991 0.9955609 0
    outer loop
      vertex -5.7627897 -73.32697 5
      vertex -5.8253326 -73.332886 8
      vertex -5.7627897 -73.32697 8
    endloop
  endfacet
  facet normal -0.09411991 0.9955609 0
    outer loop
      vertex -5.8253326 -73.332886 8
      vertex -5.7627897 -73.32697 5
      vertex -5.8253326 -73.332886 5
    endloop
  endfacet
  facet normal -0.9995066 0.031409163 0
    outer loop
      vertex -6.7 -74.325 5
      vertex -6.6980267 -74.26221 8
      vertex -6.6980267 -74.26221 5
    endloop
  endfacet
  facet normal -0.9995066 0.031409163 0
    outer loop
      vertex -6.6980267 -74.26221 8
      vertex -6.7 -74.325 5
      vertex -6.7 -74.325 8
    endloop
  endfacet
  facet normal 0.75013417 0.6612857 0
    outer loop
      vertex -4.9294863 -73.68758 8
      vertex -4.971031 -73.64045 5
      vertex -4.971031 -73.64045 8
    endloop
  endfacet
  facet normal 0.75013417 0.6612857 0
    outer loop
      vertex -4.971031 -73.64045 5
      vertex -4.9294863 -73.68758 8
      vertex -4.9294863 -73.68758 5
    endloop
  endfacet
  facet normal -0.1564225 -0.9876902 0
    outer loop
      vertex -5.8873806 -75.30729 5
      vertex -5.8253326 -75.317116 8
      vertex -5.8873806 -75.30729 8
    endloop
  endfacet
  facet normal -0.1564225 -0.9876902 0
    outer loop
      vertex -5.8253326 -75.317116 8
      vertex -5.8873806 -75.30729 5
      vertex -5.8253326 -75.317116 5
    endloop
  endfacet
  facet normal 0.66129017 -0.7501302 0
    outer loop
      vertex -5.0625753 -75.09551 5
      vertex -5.0154524 -75.05397 8
      vertex -5.0625753 -75.09551 8
    endloop
  endfacet
  facet normal 0.66129017 -0.7501302 0
    outer loop
      vertex -5.0154524 -75.05397 8
      vertex -5.0625753 -75.09551 5
      vertex -5.0154524 -75.05397 5
    endloop
  endfacet
  facet normal 0.5090898 -0.86071336 0
    outer loop
      vertex -5.2182455 -75.20131 5
      vertex -5.164173 -75.16933 8
      vertex -5.2182455 -75.20131 8
    endloop
  endfacet
  facet normal 0.5090898 -0.86071336 0
    outer loop
      vertex -5.164173 -75.16933 8
      vertex -5.2182455 -75.20131 5
      vertex -5.164173 -75.16933 5
    endloop
  endfacet
  facet normal 0.9995066 0.031409163 0
    outer loop
      vertex -4.7 -74.325 8
      vertex -4.701973 -74.26221 5
      vertex -4.701973 -74.26221 8
    endloop
  endfacet
  facet normal 0.9995066 0.031409163 0
    outer loop
      vertex -4.701973 -74.26221 5
      vertex -4.7 -74.325 8
      vertex -4.7 -74.325 5
    endloop
  endfacet
  facet normal -0.9955613 -0.09411564 0
    outer loop
      vertex -6.692114 -74.45033 5
      vertex -6.6980267 -74.38779 8
      vertex -6.6980267 -74.38779 5
    endloop
  endfacet
  facet normal -0.9955613 -0.09411564 0
    outer loop
      vertex -6.6980267 -74.38779 8
      vertex -6.692114 -74.45033 5
      vertex -6.692114 -74.45033 8
    endloop
  endfacet
  facet normal 0.45396534 -0.89101934 0
    outer loop
      vertex -5.2742205 -75.22983 5
      vertex -5.2182455 -75.20131 8
      vertex -5.2742205 -75.22983 8
    endloop
  endfacet
  facet normal 0.45396534 -0.89101934 0
    outer loop
      vertex -5.2182455 -75.20131 8
      vertex -5.2742205 -75.22983 5
      vertex -5.2182455 -75.20131 5
    endloop
  endfacet
  facet normal -0.99556017 0.094127014 0
    outer loop
      vertex -6.6980267 -74.26221 5
      vertex -6.692114 -74.19967 8
      vertex -6.692114 -74.19967 5
    endloop
  endfacet
  facet normal -0.99556017 0.094127014 0
    outer loop
      vertex -6.692114 -74.19967 8
      vertex -6.6980267 -74.26221 5
      vertex -6.6980267 -74.26221 8
    endloop
  endfacet
  facet normal -0.56206334 -0.8270942 0
    outer loop
      vertex -6.2877846 -75.13402 5
      vertex -6.2358265 -75.16933 8
      vertex -6.2877846 -75.13402 8
    endloop
  endfacet
  facet normal -0.56206334 -0.8270942 0
    outer loop
      vertex -6.2358265 -75.16933 8
      vertex -6.2877846 -75.13402 5
      vertex -6.2358265 -75.16933 5
    endloop
  endfacet
  facet normal -0.8910133 -0.45397717 0
    outer loop
      vertex -6.5763063 -74.806755 5
      vertex -6.604827 -74.75078 8
      vertex -6.604827 -74.75078 5
    endloop
  endfacet
  facet normal -0.8910133 -0.45397717 0
    outer loop
      vertex -6.604827 -74.75078 8
      vertex -6.5763063 -74.806755 5
      vertex -6.5763063 -74.806755 8
    endloop
  endfacet
  facet normal -0.6129249 0.79014117 0
    outer loop
      vertex -6.2877846 -73.51598 5
      vertex -6.3374233 -73.55449 8
      vertex -6.2877846 -73.51598 8
    endloop
  endfacet
  facet normal -0.6129249 0.79014117 0
    outer loop
      vertex -6.3374233 -73.55449 8
      vertex -6.2877846 -73.51598 5
      vertex -6.3374233 -73.55449 5
    endloop
  endfacet
  facet normal -0.9177582 -0.3971396 0
    outer loop
      vertex -6.604827 -74.75078 5
      vertex -6.629776 -74.69312 8
      vertex -6.629776 -74.69312 5
    endloop
  endfacet
  facet normal -0.9177582 -0.3971396 0
    outer loop
      vertex -6.629776 -74.69312 8
      vertex -6.604827 -74.75078 5
      vertex -6.604827 -74.75078 8
    endloop
  endfacet
  facet normal -0.9408886 0.33871624 0
    outer loop
      vertex -6.6510563 -74.01598 5
      vertex -6.629776 -73.95687 8
      vertex -6.629776 -73.95687 5
    endloop
  endfacet
  facet normal -0.9408886 0.33871624 0
    outer loop
      vertex -6.629776 -73.95687 8
      vertex -6.6510563 -74.01598 5
      vertex -6.6510563 -74.01598 8
    endloop
  endfacet
  facet normal -0.975917 -0.21814223 0
    outer loop
      vertex -6.668583 -74.57369 5
      vertex -6.682287 -74.51238 8
      vertex -6.682287 -74.51238 5
    endloop
  endfacet
  facet normal -0.975917 -0.21814223 0
    outer loop
      vertex -6.682287 -74.51238 8
      vertex -6.668583 -74.57369 5
      vertex -6.668583 -74.57369 8
    endloop
  endfacet
  facet normal 0.9955627 -0.09410059 0
    outer loop
      vertex -4.707885 -74.45033 8
      vertex -4.701973 -74.38779 5
      vertex -4.701973 -74.38779 8
    endloop
  endfacet
  facet normal 0.9955627 -0.09410059 0
    outer loop
      vertex -4.701973 -74.38779 5
      vertex -4.707885 -74.45033 8
      vertex -4.707885 -74.45033 5
    endloop
  endfacet
  facet normal -0.50908315 -0.86071736 0
    outer loop
      vertex -6.2358265 -75.16933 5
      vertex -6.181753 -75.20131 8
      vertex -6.2358265 -75.16933 8
    endloop
  endfacet
  facet normal -0.50908315 -0.86071736 0
    outer loop
      vertex -6.181753 -75.20131 8
      vertex -6.2358265 -75.16933 5
      vertex -6.181753 -75.20131 5
    endloop
  endfacet
  facet normal -0.975917 0.21814223 0
    outer loop
      vertex -6.682287 -74.13762 5
      vertex -6.668583 -74.07631 8
      vertex -6.668583 -74.07631 5
    endloop
  endfacet
  facet normal -0.975917 0.21814223 0
    outer loop
      vertex -6.668583 -74.07631 8
      vertex -6.682287 -74.13762 5
      vertex -6.682287 -74.13762 8
    endloop
  endfacet
  facet normal 0.21811654 0.9759227 0
    outer loop
      vertex -5.451309 -73.356415 5
      vertex -5.512618 -73.34271 8
      vertex -5.451309 -73.356415 8
    endloop
  endfacet
  facet normal 0.21811654 0.9759227 0
    outer loop
      vertex -5.512618 -73.34271 8
      vertex -5.451309 -73.356415 5
      vertex -5.512618 -73.34271 5
    endloop
  endfacet
  facet normal 0.6129249 -0.79014117 0
    outer loop
      vertex -5.112214 -75.13402 5
      vertex -5.0625753 -75.09551 8
      vertex -5.112214 -75.13402 8
    endloop
  endfacet
  facet normal 0.6129249 -0.79014117 0
    outer loop
      vertex -5.0625753 -75.09551 8
      vertex -5.112214 -75.13402 5
      vertex -5.0625753 -75.09551 5
    endloop
  endfacet
  facet normal -0.8270705 -0.5620982 0
    outer loop
      vertex -6.509017 -74.91278 5
      vertex -6.5443277 -74.860825 8
      vertex -6.5443277 -74.860825 5
    endloop
  endfacet
  facet normal -0.8270705 -0.5620982 0
    outer loop
      vertex -6.5443277 -74.860825 8
      vertex -6.509017 -74.91278 5
      vertex -6.509017 -74.91278 8
    endloop
  endfacet
  facet normal -0.8910133 0.45397717 0
    outer loop
      vertex -6.604827 -73.89922 5
      vertex -6.5763063 -73.84325 8
      vertex -6.5763063 -73.84325 5
    endloop
  endfacet
  facet normal -0.8910133 0.45397717 0
    outer loop
      vertex -6.5763063 -73.84325 8
      vertex -6.604827 -73.89922 5
      vertex -6.604827 -73.89922 8
    endloop
  endfacet
  facet normal 0.5620563 -0.82709897 0
    outer loop
      vertex -5.164173 -75.16933 5
      vertex -5.112214 -75.13402 8
      vertex -5.164173 -75.16933 8
    endloop
  endfacet
  facet normal 0.5620563 -0.82709897 0
    outer loop
      vertex -5.112214 -75.13402 8
      vertex -5.164173 -75.16933 5
      vertex -5.112214 -75.13402 5
    endloop
  endfacet
  facet normal -0.987691 0.1564178 0
    outer loop
      vertex -6.692114 -74.19967 5
      vertex -6.682287 -74.13762 8
      vertex -6.682287 -74.13762 5
    endloop
  endfacet
  facet normal -0.987691 0.1564178 0
    outer loop
      vertex -6.682287 -74.13762 8
      vertex -6.692114 -74.19967 5
      vertex -6.692114 -74.19967 8
    endloop
  endfacet
  facet normal 0.98768866 -0.15643261 0
    outer loop
      vertex -4.7177124 -74.51238 8
      vertex -4.707885 -74.45033 5
      vertex -4.707885 -74.45033 8
    endloop
  endfacet
  facet normal 0.98768866 -0.15643261 0
    outer loop
      vertex -4.707885 -74.45033 5
      vertex -4.7177124 -74.51238 8
      vertex -4.7177124 -74.51238 5
    endloop
  endfacet
  facet normal -0.94087464 -0.33875495 0
    outer loop
      vertex -6.629776 -74.69312 5
      vertex -6.6510563 -74.63402 8
      vertex -6.6510563 -74.63402 5
    endloop
  endfacet
  facet normal -0.94087464 -0.33875495 0
    outer loop
      vertex -6.6510563 -74.63402 8
      vertex -6.629776 -74.69312 5
      vertex -6.629776 -74.69312 8
    endloop
  endfacet
  facet normal -0.987691 -0.1564178 0
    outer loop
      vertex -6.682287 -74.51238 5
      vertex -6.692114 -74.45033 8
      vertex -6.692114 -74.45033 5
    endloop
  endfacet
  facet normal -0.987691 -0.1564178 0
    outer loop
      vertex -6.692114 -74.45033 8
      vertex -6.682287 -74.51238 5
      vertex -6.682287 -74.51238 8
    endloop
  endfacet
  facet normal 0.27896512 -0.9603012 0
    outer loop
      vertex -5.451309 -75.29358 5
      vertex -5.3909826 -75.276054 8
      vertex -5.451309 -75.29358 8
    endloop
  endfacet
  facet normal 0.27896512 -0.9603012 0
    outer loop
      vertex -5.3909826 -75.276054 8
      vertex -5.451309 -75.29358 5
      vertex -5.3909826 -75.276054 5
    endloop
  endfacet
  facet normal -0.70713717 -0.70707643 0
    outer loop
      vertex -6.3845463 -75.05397 5
      vertex -6.4289684 -75.009544 8
      vertex -6.4289684 -75.009544 5
    endloop
  endfacet
  facet normal -0.70713717 -0.70707643 0
    outer loop
      vertex -6.4289684 -75.009544 8
      vertex -6.3845463 -75.05397 5
      vertex -6.3845463 -75.05397 8
    endloop
  endfacet
  facet normal -0.03133333 -0.999509 0
    outer loop
      vertex -5.7627897 -75.32303 5
      vertex -5.7 -75.325 8
      vertex -5.7627897 -75.32303 8
    endloop
  endfacet
  facet normal -0.03133333 -0.999509 0
    outer loop
      vertex -5.7 -75.325 8
      vertex -5.7627897 -75.32303 5
      vertex -5.7 -75.325 5
    endloop
  endfacet
  facet normal -0.03145466 0.99950516 0
    outer loop
      vertex -5.7 -73.325 5
      vertex -5.7627897 -73.32697 8
      vertex -5.7 -73.325 8
    endloop
  endfacet
  facet normal -0.03145466 0.99950516 0
    outer loop
      vertex -5.7627897 -73.32697 8
      vertex -5.7 -73.325 5
      vertex -5.7627897 -73.32697 5
    endloop
  endfacet
  facet normal -0.66129017 -0.7501302 0
    outer loop
      vertex -6.3845463 -75.05397 5
      vertex -6.3374233 -75.09551 8
      vertex -6.3845463 -75.05397 8
    endloop
  endfacet
  facet normal -0.66129017 -0.7501302 0
    outer loop
      vertex -6.3374233 -75.09551 8
      vertex -6.3845463 -75.05397 5
      vertex -6.3374233 -75.09551 5
    endloop
  endfacet
  facet normal 0.98768866 0.15643261 0
    outer loop
      vertex -4.707885 -74.19967 8
      vertex -4.7177124 -74.13762 5
      vertex -4.7177124 -74.13762 8
    endloop
  endfacet
  facet normal 0.98768866 0.15643261 0
    outer loop
      vertex -4.7177124 -74.13762 5
      vertex -4.707885 -74.19967 8
      vertex -4.707885 -74.19967 5
    endloop
  endfacet
  facet normal -0.79018277 -0.6128713 0
    outer loop
      vertex -6.4705124 -74.962425 5
      vertex -6.509017 -74.91278 8
      vertex -6.509017 -74.91278 5
    endloop
  endfacet
  facet normal -0.79018277 -0.6128713 0
    outer loop
      vertex -6.509017 -74.91278 8
      vertex -6.4705124 -74.962425 5
      vertex -6.4705124 -74.962425 8
    endloop
  endfacet
  facet normal -0.70707643 0.70713717 0
    outer loop
      vertex -6.3845463 -73.59603 5
      vertex -6.4289684 -73.64045 8
      vertex -6.3845463 -73.59603 8
    endloop
  endfacet
  facet normal -0.70707643 0.70713717 0
    outer loop
      vertex -6.4289684 -73.64045 8
      vertex -6.3845463 -73.59603 5
      vertex -6.4289684 -73.64045 5
    endloop
  endfacet
  facet normal 0.8607282 -0.5090648 0
    outer loop
      vertex -4.855672 -74.860825 8
      vertex -4.8236933 -74.806755 5
      vertex -4.8236933 -74.806755 8
    endloop
  endfacet
  facet normal 0.8607282 -0.5090648 0
    outer loop
      vertex -4.8236933 -74.806755 5
      vertex -4.855672 -74.860825 8
      vertex -4.855672 -74.860825 5
    endloop
  endfacet
  facet normal 0.7901901 -0.6128618 0
    outer loop
      vertex -4.9294863 -74.962425 8
      vertex -4.8909826 -74.91278 5
      vertex -4.8909826 -74.91278 8
    endloop
  endfacet
  facet normal 0.7901901 -0.6128618 0
    outer loop
      vertex -4.8909826 -74.91278 5
      vertex -4.9294863 -74.962425 8
      vertex -4.9294863 -74.962425 5
    endloop
  endfacet
  facet normal -0.09411991 -0.9955609 0
    outer loop
      vertex -5.8253326 -75.317116 5
      vertex -5.7627897 -75.32303 8
      vertex -5.8253326 -75.317116 8
    endloop
  endfacet
  facet normal -0.09411991 -0.9955609 0
    outer loop
      vertex -5.7627897 -75.32303 8
      vertex -5.8253326 -75.317116 5
      vertex -5.7627897 -75.32303 5
    endloop
  endfacet
  facet normal 0.9955616 0.09411197 0
    outer loop
      vertex -4.701973 -74.26221 8
      vertex -4.707885 -74.19967 5
      vertex -4.707885 -74.19967 8
    endloop
  endfacet
  facet normal 0.9955616 0.09411197 0
    outer loop
      vertex -4.707885 -74.19967 5
      vertex -4.701973 -74.26221 8
      vertex -4.701973 -74.26221 5
    endloop
  endfacet
  facet normal -0.50908315 0.86071736 0
    outer loop
      vertex -6.181753 -73.44869 5
      vertex -6.2358265 -73.480675 8
      vertex -6.181753 -73.44869 8
    endloop
  endfacet
  facet normal -0.50908315 0.86071736 0
    outer loop
      vertex -6.2358265 -73.480675 8
      vertex -6.181753 -73.44869 5
      vertex -6.2358265 -73.480675 5
    endloop
  endfacet
  facet normal 0.9177527 -0.3971524 0
    outer loop
      vertex -4.7951727 -74.75078 8
      vertex -4.7702227 -74.69312 5
      vertex -4.7702227 -74.69312 8
    endloop
  endfacet
  facet normal 0.9177527 -0.3971524 0
    outer loop
      vertex -4.7702227 -74.69312 5
      vertex -4.7951727 -74.75078 8
      vertex -4.7951727 -74.75078 5
    endloop
  endfacet
  facet normal -0.8607597 0.50901157 0
    outer loop
      vertex -6.5763063 -73.84325 5
      vertex -6.5443277 -73.78917 8
      vertex -6.5443277 -73.78917 5
    endloop
  endfacet
  facet normal -0.8607597 0.50901157 0
    outer loop
      vertex -6.5443277 -73.78917 8
      vertex -6.5763063 -73.84325 5
      vertex -6.5763063 -73.84325 8
    endloop
  endfacet
  facet normal -0.39712682 -0.91776377 0
    outer loop
      vertex -6.125779 -75.22983 5
      vertex -6.068124 -75.254776 8
      vertex -6.125779 -75.22983 8
    endloop
  endfacet
  facet normal -0.39712682 -0.91776377 0
    outer loop
      vertex -6.068124 -75.254776 8
      vertex -6.125779 -75.22983 5
      vertex -6.068124 -75.254776 5
    endloop
  endfacet
  facet normal 0.1564225 0.9876902 0
    outer loop
      vertex -5.512618 -73.34271 5
      vertex -5.574666 -73.332886 8
      vertex -5.512618 -73.34271 8
    endloop
  endfacet
  facet normal 0.1564225 0.9876902 0
    outer loop
      vertex -5.574666 -73.332886 8
      vertex -5.512618 -73.34271 5
      vertex -5.574666 -73.332886 5
    endloop
  endfacet
  facet normal 0.5620563 0.82709897 0
    outer loop
      vertex -5.112214 -73.51598 5
      vertex -5.164173 -73.480675 8
      vertex -5.112214 -73.51598 8
    endloop
  endfacet
  facet normal 0.5620563 0.82709897 0
    outer loop
      vertex -5.164173 -73.480675 8
      vertex -5.112214 -73.51598 5
      vertex -5.164173 -73.480675 5
    endloop
  endfacet
  facet normal 0.66129017 0.7501302 0
    outer loop
      vertex -5.0154524 -73.59603 5
      vertex -5.0625753 -73.55449 8
      vertex -5.0154524 -73.59603 8
    endloop
  endfacet
  facet normal 0.66129017 0.7501302 0
    outer loop
      vertex -5.0625753 -73.55449 8
      vertex -5.0154524 -73.59603 5
      vertex -5.0625753 -73.55449 5
    endloop
  endfacet
  facet normal -0.27896103 -0.9603024 0
    outer loop
      vertex -6.009017 -75.276054 5
      vertex -5.9486895 -75.29358 8
      vertex -6.009017 -75.276054 8
    endloop
  endfacet
  facet normal -0.27896103 -0.9603024 0
    outer loop
      vertex -5.9486895 -75.29358 8
      vertex -6.009017 -75.276054 5
      vertex -5.9486895 -75.29358 5
    endloop
  endfacet
  facet normal 0.9995066 -0.031409163 0
    outer loop
      vertex -4.701973 -74.38779 8
      vertex -4.7 -74.325 5
      vertex -4.7 -74.325 8
    endloop
  endfacet
  facet normal 0.9995066 -0.031409163 0
    outer loop
      vertex -4.7 -74.325 5
      vertex -4.701973 -74.38779 8
      vertex -4.701973 -74.38779 5
    endloop
  endfacet
  facet normal 0.8910133 -0.45397717 0
    outer loop
      vertex -4.8236933 -74.806755 8
      vertex -4.7951727 -74.75078 5
      vertex -4.7951727 -74.75078 8
    endloop
  endfacet
  facet normal 0.8910133 -0.45397717 0
    outer loop
      vertex -4.7951727 -74.75078 5
      vertex -4.8236933 -74.806755 8
      vertex -4.8236933 -74.806755 5
    endloop
  endfacet
  facet normal -0.9602919 0.27899718 0
    outer loop
      vertex -6.668583 -74.07631 5
      vertex -6.6510563 -74.01598 8
      vertex -6.6510563 -74.01598 5
    endloop
  endfacet
  facet normal -0.9602919 0.27899718 0
    outer loop
      vertex -6.6510563 -74.01598 8
      vertex -6.668583 -74.07631 5
      vertex -6.668583 -74.07631 8
    endloop
  endfacet
  facet normal 0.70714474 -0.7070688 0
    outer loop
      vertex -5.0154524 -75.05397 8
      vertex -4.971031 -75.009544 5
      vertex -4.971031 -75.009544 8
    endloop
  endfacet
  facet normal 0.70714474 -0.7070688 0
    outer loop
      vertex -4.971031 -75.009544 5
      vertex -5.0154524 -75.05397 8
      vertex -5.0154524 -75.05397 5
    endloop
  endfacet
  facet normal -0.66129017 0.7501302 0
    outer loop
      vertex -6.3374233 -73.55449 5
      vertex -6.3845463 -73.59603 8
      vertex -6.3374233 -73.55449 8
    endloop
  endfacet
  facet normal -0.66129017 0.7501302 0
    outer loop
      vertex -6.3845463 -73.59603 8
      vertex -6.3374233 -73.55449 5
      vertex -6.3845463 -73.59603 5
    endloop
  endfacet
  facet normal 0.33882105 0.94085085 0
    outer loop
      vertex -5.331875 -73.395226 5
      vertex -5.3909826 -73.37394 8
      vertex -5.331875 -73.395226 8
    endloop
  endfacet
  facet normal 0.33882105 0.94085085 0
    outer loop
      vertex -5.3909826 -73.37394 8
      vertex -5.331875 -73.395226 5
      vertex -5.3909826 -73.37394 5
    endloop
  endfacet
  facet normal -0.4539715 0.8910162 0
    outer loop
      vertex -6.125779 -73.42017 5
      vertex -6.181753 -73.44869 8
      vertex -6.125779 -73.42017 8
    endloop
  endfacet
  facet normal -0.4539715 0.8910162 0
    outer loop
      vertex -6.181753 -73.44869 8
      vertex -6.125779 -73.42017 5
      vertex -6.181753 -73.44869 5
    endloop
  endfacet
  facet normal -0.8270705 0.5620982 0
    outer loop
      vertex -6.5443277 -73.78917 5
      vertex -6.509017 -73.73721 8
      vertex -6.509017 -73.73721 5
    endloop
  endfacet
  facet normal -0.8270705 0.5620982 0
    outer loop
      vertex -6.509017 -73.73721 8
      vertex -6.5443277 -73.78917 5
      vertex -6.5443277 -73.78917 8
    endloop
  endfacet
  facet normal 0.1564225 -0.9876902 0
    outer loop
      vertex -5.574666 -75.317116 5
      vertex -5.512618 -75.30729 8
      vertex -5.574666 -75.317116 8
    endloop
  endfacet
  facet normal 0.1564225 -0.9876902 0
    outer loop
      vertex -5.512618 -75.30729 8
      vertex -5.574666 -75.317116 5
      vertex -5.512618 -75.30729 5
    endloop
  endfacet
  facet normal 0.9602919 -0.27899718 0
    outer loop
      vertex -4.7489433 -74.63402 8
      vertex -4.7314167 -74.57369 5
      vertex -4.7314167 -74.57369 8
    endloop
  endfacet
  facet normal 0.9602919 -0.27899718 0
    outer loop
      vertex -4.7314167 -74.57369 5
      vertex -4.7489433 -74.63402 8
      vertex -4.7489433 -74.63402 5
    endloop
  endfacet
  facet normal -0.7901371 0.6129301 0
    outer loop
      vertex -6.509017 -73.73721 5
      vertex -6.4705124 -73.68758 8
      vertex -6.4705124 -73.68758 5
    endloop
  endfacet
  facet normal -0.7901371 0.6129301 0
    outer loop
      vertex -6.4705124 -73.68758 8
      vertex -6.509017 -73.73721 5
      vertex -6.509017 -73.73721 8
    endloop
  endfacet
  facet normal -0.3388259 0.94084907 0
    outer loop
      vertex -6.009017 -73.37394 5
      vertex -6.068124 -73.395226 8
      vertex -6.009017 -73.37394 8
    endloop
  endfacet
  facet normal -0.3388259 0.94084907 0
    outer loop
      vertex -6.068124 -73.395226 8
      vertex -6.009017 -73.37394 5
      vertex -6.068124 -73.395226 5
    endloop
  endfacet
  facet normal 0.8270705 -0.5620982 0
    outer loop
      vertex -4.8909826 -74.91278 8
      vertex -4.855672 -74.860825 5
      vertex -4.855672 -74.860825 8
    endloop
  endfacet
  facet normal 0.8270705 -0.5620982 0
    outer loop
      vertex -4.855672 -74.860825 5
      vertex -4.8909826 -74.91278 8
      vertex -4.8909826 -74.91278 5
    endloop
  endfacet
  facet normal 0.45396534 0.89101934 0
    outer loop
      vertex -5.2182455 -73.44869 5
      vertex -5.2742205 -73.42017 8
      vertex -5.2182455 -73.44869 8
    endloop
  endfacet
  facet normal 0.45396534 0.89101934 0
    outer loop
      vertex -5.2742205 -73.42017 8
      vertex -5.2182455 -73.44869 5
      vertex -5.2742205 -73.42017 5
    endloop
  endfacet
  facet normal 0.8270705 0.5620982 0
    outer loop
      vertex -4.855672 -73.78917 8
      vertex -4.8909826 -73.73721 5
      vertex -4.8909826 -73.73721 8
    endloop
  endfacet
  facet normal 0.8270705 0.5620982 0
    outer loop
      vertex -4.8909826 -73.73721 5
      vertex -4.855672 -73.78917 8
      vertex -4.855672 -73.78917 5
    endloop
  endfacet
  facet normal 0.975917 0.21814223 0
    outer loop
      vertex -4.7177124 -74.13762 8
      vertex -4.7314167 -74.07631 5
      vertex -4.7314167 -74.07631 8
    endloop
  endfacet
  facet normal 0.975917 0.21814223 0
    outer loop
      vertex -4.7314167 -74.07631 5
      vertex -4.7177124 -74.13762 8
      vertex -4.7177124 -74.13762 5
    endloop
  endfacet
  facet normal -0.33871838 -0.9408878 0
    outer loop
      vertex -6.068124 -75.254776 5
      vertex -6.009017 -75.276054 8
      vertex -6.068124 -75.254776 8
    endloop
  endfacet
  facet normal -0.33871838 -0.9408878 0
    outer loop
      vertex -6.009017 -75.276054 8
      vertex -6.068124 -75.254776 5
      vertex -6.009017 -75.276054 5
    endloop
  endfacet
  facet normal -0.7501417 0.6612772 0
    outer loop
      vertex -6.4705124 -73.68758 5
      vertex -6.4289684 -73.64045 8
      vertex -6.4289684 -73.64045 5
    endloop
  endfacet
  facet normal -0.7501417 0.6612772 0
    outer loop
      vertex -6.4289684 -73.64045 8
      vertex -6.4705124 -73.68758 5
      vertex -6.4705124 -73.68758 8
    endloop
  endfacet
  facet normal 0.8607597 0.50901157 0
    outer loop
      vertex -4.8236933 -73.84325 8
      vertex -4.855672 -73.78917 5
      vertex -4.855672 -73.78917 8
    endloop
  endfacet
  facet normal 0.8607597 0.50901157 0
    outer loop
      vertex -4.855672 -73.78917 5
      vertex -4.8236933 -73.84325 8
      vertex -4.8236933 -73.84325 5
    endloop
  endfacet
  facet normal 0.33871356 -0.94088954 0
    outer loop
      vertex -5.3909826 -75.276054 5
      vertex -5.331875 -75.254776 8
      vertex -5.3909826 -75.276054 8
    endloop
  endfacet
  facet normal 0.33871356 -0.94088954 0
    outer loop
      vertex -5.331875 -75.254776 8
      vertex -5.3909826 -75.276054 5
      vertex -5.331875 -75.254776 5
    endloop
  endfacet
  facet normal 0.031454183 0.9995052 0
    outer loop
      vertex -5.637209 -73.32697 5
      vertex -5.7 -73.325 8
      vertex -5.637209 -73.32697 8
    endloop
  endfacet
  facet normal 0.031454183 0.9995052 0
    outer loop
      vertex -5.7 -73.325 8
      vertex -5.637209 -73.32697 5
      vertex -5.7 -73.325 5
    endloop
  endfacet
  facet normal 0.09411991 0.9955609 0
    outer loop
      vertex -5.574666 -73.332886 5
      vertex -5.637209 -73.32697 8
      vertex -5.574666 -73.332886 8
    endloop
  endfacet
  facet normal 0.09411991 0.9955609 0
    outer loop
      vertex -5.637209 -73.32697 8
      vertex -5.574666 -73.332886 5
      vertex -5.637209 -73.32697 5
    endloop
  endfacet
  facet normal -0.21811654 0.9759227 0
    outer loop
      vertex -5.8873806 -73.34271 5
      vertex -5.9486895 -73.356415 8
      vertex -5.8873806 -73.34271 8
    endloop
  endfacet
  facet normal -0.21811654 0.9759227 0
    outer loop
      vertex -5.9486895 -73.356415 8
      vertex -5.8873806 -73.34271 5
      vertex -5.9486895 -73.356415 5
    endloop
  endfacet
  facet normal 0.27896512 0.9603012 0
    outer loop
      vertex -5.3909826 -73.37394 5
      vertex -5.451309 -73.356415 8
      vertex -5.3909826 -73.37394 8
    endloop
  endfacet
  facet normal 0.27896512 0.9603012 0
    outer loop
      vertex -5.451309 -73.356415 8
      vertex -5.3909826 -73.37394 5
      vertex -5.451309 -73.356415 5
    endloop
  endfacet
  facet normal -0.27896103 0.9603024 0
    outer loop
      vertex -5.9486895 -73.356415 5
      vertex -6.009017 -73.37394 8
      vertex -5.9486895 -73.356415 8
    endloop
  endfacet
  facet normal -0.27896103 0.9603024 0
    outer loop
      vertex -6.009017 -73.37394 8
      vertex -5.9486895 -73.356415 5
      vertex -6.009017 -73.37394 5
    endloop
  endfacet
  facet normal 0.5090898 0.86071336 0
    outer loop
      vertex -5.164173 -73.480675 5
      vertex -5.2182455 -73.44869 8
      vertex -5.164173 -73.480675 8
    endloop
  endfacet
  facet normal 0.5090898 0.86071336 0
    outer loop
      vertex -5.2182455 -73.44869 8
      vertex -5.164173 -73.480675 5
      vertex -5.2182455 -73.44869 5
    endloop
  endfacet
  facet normal 0.9408934 0.3387028 0
    outer loop
      vertex -4.7489433 -74.01598 8
      vertex -4.7702227 -73.95687 5
      vertex -4.7702227 -73.95687 8
    endloop
  endfacet
  facet normal 0.9408934 0.3387028 0
    outer loop
      vertex -4.7702227 -73.95687 5
      vertex -4.7489433 -74.01598 8
      vertex -4.7489433 -74.01598 5
    endloop
  endfacet
  facet normal -1 0 0
    outer loop
      vertex 12 -78.3 0
      vertex 12 -23.3 8
      vertex 12 -23.3 0
    endloop
  endfacet
  facet normal -1 0 0
    outer loop
      vertex 12 -23.3 8
      vertex 12 -78.3 0
      vertex 12 -78.3 8
    endloop
  endfacet
  facet normal 1 0 0
    outer loop
      vertex -12 -78.3 8
      vertex -12 -23.3 0
      vertex -12 -23.3 8
    endloop
  endfacet
  facet normal 1 0 0
    outer loop
      vertex -12 -23.3 0
      vertex -12 -78.3 8
      vertex -12 -78.3 0
    endloop
  endfacet
endsolid OpenSCAD_Model
