solid OpenSCAD_Model
  facet normal -0.019055502 0.99981844 0
    outer loop
      vertex 60.09689 -147.15057 9.927346
      vertex 59.955982 -147.15326 4.9464183
      vertex 59.955982 -147.15326 9.946419
    endloop
  endfacet
  facet normal -0.019055502 0.99981844 0
    outer loop
      vertex 59.955982 -147.15326 4.9464183
      vertex 60.09689 -147.15057 9.927346
      vertex 60.09689 -147.15057 4.9273458
    endloop
  endfacet
  facet normal -0.082199596 0.9966159 0
    outer loop
      vertex 60.23712 -147.139 9.910763
      vertex 60.09689 -147.15057 4.9273458
      vertex 60.09689 -147.15057 9.927346
    endloop
  endfacet
  facet normal -0.082199596 0.9966159 0
    outer loop
      vertex 60.09689 -147.15057 4.9273458
      vertex 60.23712 -147.139 9.910763
      vertex 60.23712 -147.139 4.9107633
    endloop
  endfacet
  facet normal -0.08194044 0.9966372 0
    outer loop
      vertex 60.278694 -147.13559 9.905848
      vertex 60.23712 -147.139 4.9107633
      vertex 60.23712 -147.139 9.910763
    endloop
  endfacet
  facet normal -0.08194044 0.9966372 0
    outer loop
      vertex 60.23712 -147.139 4.9107633
      vertex 60.278694 -147.13559 9.905848
      vertex 60.278694 -147.13559 4.905847
    endloop
  endfacet
  facet normal -0.14506383 0.9894223 0
    outer loop
      vertex 60.417633 -147.11522 9.891831
      vertex 60.278694 -147.13559 4.905847
      vertex 60.278694 -147.13559 9.905848
    endloop
  endfacet
  facet normal -0.14506383 0.9894223 0
    outer loop
      vertex 60.278694 -147.13559 4.905847
      vertex 60.417633 -147.11522 9.891831
      vertex 60.417633 -147.11522 4.8918314
    endloop
  endfacet
  facet normal -0.14479041 0.9894624 0
    outer loop
      vertex 60.458717 -147.1092 9.887687
      vertex 60.417633 -147.11522 4.8918314
      vertex 60.417633 -147.11522 9.891831
    endloop
  endfacet
  facet normal -0.14479041 0.9894624 0
    outer loop
      vertex 60.417633 -147.11522 4.8918314
      vertex 60.458717 -147.1092 9.887687
      vertex 60.458717 -147.1092 4.8876863
    endloop
  endfacet
  facet normal -0.20796129 0.9781371 0
    outer loop
      vertex 60.499195 -147.1006 9.884324
      vertex 60.458717 -147.1092 4.8876863
      vertex 60.458717 -147.1092 9.887687
    endloop
  endfacet
  facet normal -0.20796129 0.9781371 0
    outer loop
      vertex 60.458717 -147.1092 4.8876863
      vertex 60.499195 -147.1006 9.884324
      vertex 60.499195 -147.1006 4.884324
    endloop
  endfacet
  facet normal -0.20770635 0.9781912 0
    outer loop
      vertex 60.636234 -147.0715 9.872939
      vertex 60.499195 -147.1006 4.884324
      vertex 60.499195 -147.1006 9.884324
    endloop
  endfacet
  facet normal -0.20770635 0.9781912 0
    outer loop
      vertex 60.499195 -147.1006 4.884324
      vertex 60.636234 -147.0715 9.872939
      vertex 60.636234 -147.0715 4.872939
    endloop
  endfacet
  facet normal -0.26987708 0.9628948 0
    outer loop
      vertex 60.675922 -147.06038 9.870372
      vertex 60.636234 -147.0715 4.872939
      vertex 60.636234 -147.0715 9.872939
    endloop
  endfacet
  facet normal -0.26987708 0.9628948 0
    outer loop
      vertex 60.636234 -147.0715 4.872939
      vertex 60.675922 -147.06038 9.870372
      vertex 60.675922 -147.06038 4.8703723
    endloop
  endfacet
  facet normal -0.26991025 0.9628855 0
    outer loop
      vertex 60.81054 -147.02264 9.861664
      vertex 60.675922 -147.06038 4.8703723
      vertex 60.675922 -147.06038 9.870372
    endloop
  endfacet
  facet normal -0.26991025 0.9628855 0
    outer loop
      vertex 60.675922 -147.06038 4.8703723
      vertex 60.81054 -147.02264 9.861664
      vertex 60.81054 -147.02264 4.8616633
    endloop
  endfacet
  facet normal -0.3313183 0.94351906 0
    outer loop
      vertex 60.942204 -146.97641 9.855668
      vertex 60.81054 -147.02264 4.8616633
      vertex 60.81054 -147.02264 9.861664
    endloop
  endfacet
  facet normal -0.3313183 0.94351906 0
    outer loop
      vertex 60.81054 -147.02264 4.8616633
      vertex 60.942204 -146.97641 9.855668
      vertex 60.942204 -146.97641 4.8556685
    endloop
  endfacet
  facet normal -0.33145916 0.9434696 0
    outer loop
      vertex 60.980946 -146.9628 9.853905
      vertex 60.942204 -146.97641 4.8556685
      vertex 60.942204 -146.97641 9.855668
    endloop
  endfacet
  facet normal -0.33145916 0.9434696 0
    outer loop
      vertex 60.942204 -146.97641 4.8556685
      vertex 60.980946 -146.9628 9.853905
      vertex 60.980946 -146.9628 4.8539042
    endloop
  endfacet
  facet normal -0.39148805 0.9201832 0
    outer loop
      vertex 61.109093 -146.90828 9.850649
      vertex 60.980946 -146.9628 4.8539042
      vertex 60.980946 -146.9628 9.853905
    endloop
  endfacet
  facet normal -0.39148805 0.9201832 0
    outer loop
      vertex 60.980946 -146.9628 4.8539042
      vertex 61.109093 -146.90828 9.850649
      vertex 61.109093 -146.90828 4.8506484
    endloop
  endfacet
  facet normal -0.39160216 0.92013466 0
    outer loop
      vertex 61.146774 -146.89224 9.849692
      vertex 61.109093 -146.90828 4.8506484
      vertex 61.109093 -146.90828 9.850649
    endloop
  endfacet
  facet normal -0.39160216 0.92013466 0
    outer loop
      vertex 61.109093 -146.90828 4.8506484
      vertex 61.146774 -146.89224 9.849692
      vertex 61.146774 -146.89224 4.849692
    endloop
  endfacet
  facet normal -0.45031005 0.8928723 0
    outer loop
      vertex 61.18326 -146.87384 9.849545
      vertex 61.146774 -146.89224 4.849692
      vertex 61.146774 -146.89224 9.849692
    endloop
  endfacet
  facet normal -0.45031005 0.8928723 0
    outer loop
      vertex 61.146774 -146.89224 4.849692
      vertex 61.18326 -146.87384 9.849545
      vertex 61.18326 -146.87384 4.8495445
    endloop
  endfacet
  facet normal -0.45040518 0.8928243 0
    outer loop
      vertex 61.307365 -146.81123 9.849043
      vertex 61.18326 -146.87384 4.8495445
      vertex 61.18326 -146.87384 9.849545
    endloop
  endfacet
  facet normal -0.45040518 0.8928243 0
    outer loop
      vertex 61.18326 -146.87384 4.8495445
      vertex 61.307365 -146.81123 9.849043
      vertex 61.307365 -146.81123 4.849043
    endloop
  endfacet
  facet normal -0.5075349 0.8616312 0
    outer loop
      vertex 61.342518 -146.79053 4.8497066
      vertex 61.307365 -146.81123 9.849043
      vertex 61.342518 -146.79053 9.849707
    endloop
  endfacet
  facet normal -0.5075349 0.8616312 0
    outer loop
      vertex 61.307365 -146.81123 9.849043
      vertex 61.342518 -146.79053 4.8497066
      vertex 61.307365 -146.81123 4.849043
    endloop
  endfacet
  facet normal -0.50758225 0.8616033 0
    outer loop
      vertex 61.46208 -146.7201 4.8519616
      vertex 61.342518 -146.79053 9.849707
      vertex 61.46208 -146.7201 9.851962
    endloop
  endfacet
  facet normal -0.50758225 0.8616033 0
    outer loop
      vertex 61.342518 -146.79053 9.849707
      vertex 61.46208 -146.7201 4.8519616
      vertex 61.342518 -146.79053 4.8497066
    endloop
  endfacet
  facet normal -0.56280696 0.82658833 0
    outer loop
      vertex 61.576595 -146.64212 4.8569646
      vertex 61.46208 -146.7201 9.851962
      vertex 61.576595 -146.64212 9.856964
    endloop
  endfacet
  facet normal -0.56280696 0.82658833 0
    outer loop
      vertex 61.46208 -146.7201 9.851962
      vertex 61.576595 -146.64212 4.8569646
      vertex 61.46208 -146.7201 4.8519616
    endloop
  endfacet
  facet normal -0.5628345 0.8265696 0
    outer loop
      vertex 61.6103 -146.61917 4.8584366
      vertex 61.576595 -146.64212 9.856964
      vertex 61.6103 -146.61917 9.858437
    endloop
  endfacet
  facet normal -0.5628345 0.8265696 0
    outer loop
      vertex 61.576595 -146.64212 9.856964
      vertex 61.6103 -146.61917 4.8584366
      vertex 61.576595 -146.64212 4.8569646
    endloop
  endfacet
  facet normal -0.61565673 0.7880144 0
    outer loop
      vertex 61.642406 -146.59409 4.8607116
      vertex 61.6103 -146.61917 9.858437
      vertex 61.642406 -146.59409 9.860711
    endloop
  endfacet
  facet normal -0.61565673 0.7880144 0
    outer loop
      vertex 61.6103 -146.61917 9.858437
      vertex 61.642406 -146.59409 4.8607116
      vertex 61.6103 -146.61917 4.8584366
    endloop
  endfacet
  facet normal -0.61567026 0.7880039 0
    outer loop
      vertex 61.751442 -146.5089 4.8684397
      vertex 61.642406 -146.59409 9.860711
      vertex 61.751442 -146.5089 9.86844
    endloop
  endfacet
  facet normal -0.61567026 0.7880039 0
    outer loop
      vertex 61.642406 -146.59409 9.860711
      vertex 61.751442 -146.5089 4.8684397
      vertex 61.642406 -146.59409 4.8607116
    endloop
  endfacet
  facet normal -0.6660481 0.74590874 0
    outer loop
      vertex 61.85452 -146.41685 4.8788576
      vertex 61.751442 -146.5089 9.86844
      vertex 61.85452 -146.41685 9.878858
    endloop
  endfacet
  facet normal -0.6660481 0.74590874 0
    outer loop
      vertex 61.751442 -146.5089 9.86844
      vertex 61.85452 -146.41685 4.8788576
      vertex 61.751442 -146.5089 4.8684397
    endloop
  endfacet
  facet normal -0.66614956 0.7458182 0
    outer loop
      vertex 61.884945 -146.38968 4.881932
      vertex 61.85452 -146.41685 9.878858
      vertex 61.884945 -146.38968 9.881931
    endloop
  endfacet
  facet normal -0.66614956 0.7458182 0
    outer loop
      vertex 61.85452 -146.41685 9.878858
      vertex 61.884945 -146.38968 4.881932
      vertex 61.85452 -146.41685 4.8788576
    endloop
  endfacet
  facet normal -0.7135567 0.7005975 0
    outer loop
      vertex 61.884945 -146.38968 9.881931
      vertex 61.981667 -146.29117 4.8949957
      vertex 61.884945 -146.38968 4.881932
    endloop
  endfacet
  facet normal -0.7135567 0.7005975 0
    outer loop
      vertex 61.981667 -146.29117 4.8949957
      vertex 61.884945 -146.38968 9.881931
      vertex 61.981667 -146.29117 9.894996
    endloop
  endfacet
  facet normal -0.7136149 0.7005382 0
    outer loop
      vertex 61.981667 -146.29117 9.894996
      vertex 62.010277 -146.26202 4.89886
      vertex 61.981667 -146.29117 4.8949957
    endloop
  endfacet
  facet normal -0.7136149 0.7005382 0
    outer loop
      vertex 62.010277 -146.26202 4.89886
      vertex 61.981667 -146.29117 9.894996
      vertex 62.010277 -146.26202 9.89886
    endloop
  endfacet
  facet normal -0.7580452 0.652202 0
    outer loop
      vertex 62.010277 -146.26202 9.89886
      vertex 62.100258 -146.15744 4.914513
      vertex 62.010277 -146.26202 4.89886
    endloop
  endfacet
  facet normal -0.7580452 0.652202 0
    outer loop
      vertex 62.100258 -146.15744 4.914513
      vertex 62.010277 -146.26202 9.89886
      vertex 62.100258 -146.15744 9.914514
    endloop
  endfacet
  facet normal -0.75811696 0.65211856 0
    outer loop
      vertex 62.100258 -146.15744 9.914514
      vertex 62.12694 -146.12642 4.919156
      vertex 62.100258 -146.15744 4.914513
    endloop
  endfacet
  facet normal -0.75811696 0.65211856 0
    outer loop
      vertex 62.12694 -146.12642 4.919156
      vertex 62.100258 -146.15744 9.914514
      vertex 62.12694 -146.12642 9.919156
    endloop
  endfacet
  facet normal -0.7991949 0.601072 0
    outer loop
      vertex 62.12694 -146.12642 9.919156
      vertex 62.15157 -146.09367 4.924555
      vertex 62.12694 -146.12642 4.919156
    endloop
  endfacet
  facet normal -0.7991949 0.601072 0
    outer loop
      vertex 62.15157 -146.09367 4.924555
      vertex 62.12694 -146.12642 9.919156
      vertex 62.15157 -146.09367 9.924555
    endloop
  endfacet
  facet normal -0.7992428 0.60100824 0
    outer loop
      vertex 62.15157 -146.09367 9.924555
      vertex 62.23448 -145.98341 4.9427376
      vertex 62.15157 -146.09367 4.924555
    endloop
  endfacet
  facet normal -0.7992428 0.60100824 0
    outer loop
      vertex 62.23448 -145.98341 4.9427376
      vertex 62.15157 -146.09367 9.924555
      vertex 62.23448 -145.98341 9.942738
    endloop
  endfacet
  facet normal -0.83692575 0.54731643 0
    outer loop
      vertex 62.23448 -145.98341 9.942738
      vertex 62.30994 -145.86803 4.963356
      vertex 62.23448 -145.98341 4.9427376
    endloop
  endfacet
  facet normal -0.83692575 0.54731643 0
    outer loop
      vertex 62.30994 -145.86803 4.963356
      vertex 62.23448 -145.98341 9.942738
      vertex 62.30994 -145.86803 9.963356
    endloop
  endfacet
  facet normal -0.83699244 0.5472144 0
    outer loop
      vertex 62.30994 -145.86803 9.963356
      vertex 62.332466 -145.83357 4.9695115
      vertex 62.30994 -145.86803 4.963356
    endloop
  endfacet
  facet normal -0.83699244 0.5472144 0
    outer loop
      vertex 62.332466 -145.83357 4.9695115
      vertex 62.30994 -145.86803 9.963356
      vertex 62.332466 -145.83357 9.969512
    endloop
  endfacet
  facet normal -0.8709724 0.49133196 0
    outer loop
      vertex 62.332466 -145.83357 9.969512
      vertex 62.352737 -145.79764 4.976385
      vertex 62.332466 -145.83357 4.9695115
    endloop
  endfacet
  facet normal -0.8709724 0.49133196 0
    outer loop
      vertex 62.352737 -145.79764 4.976385
      vertex 62.332466 -145.83357 9.969512
      vertex 62.352737 -145.79764 9.976385
    endloop
  endfacet
  facet normal -0.87099 0.49130073 0
    outer loop
      vertex 62.352737 -145.79764 9.976385
      vertex 62.42051 -145.67749 4.999371
      vertex 62.352737 -145.79764 4.976385
    endloop
  endfacet
  facet normal -0.87099 0.49130073 0
    outer loop
      vertex 62.42051 -145.67749 4.999371
      vertex 62.352737 -145.79764 9.976385
      vertex 62.42051 -145.67749 9.999371
    endloop
  endfacet
  facet normal -0.90120816 0.43338647 0
    outer loop
      vertex 62.42051 -145.67749 9.999371
      vertex 62.438465 -145.64015 5.0069523
      vertex 62.42051 -145.67749 4.999371
    endloop
  endfacet
  facet normal -0.90120816 0.43338647 0
    outer loop
      vertex 62.438465 -145.64015 5.0069523
      vertex 62.42051 -145.67749 9.999371
      vertex 62.438465 -145.64015 10.006952
    endloop
  endfacet
  facet normal -0.90122086 0.43336007 0
    outer loop
      vertex 62.438465 -145.64015 10.006952
      vertex 62.498264 -145.5158 5.032196
      vertex 62.438465 -145.64015 5.0069523
    endloop
  endfacet
  facet normal -0.90122086 0.43336007 0
    outer loop
      vertex 62.498264 -145.5158 5.032196
      vertex 62.438465 -145.64015 10.006952
      vertex 62.498264 -145.5158 10.032196
    endloop
  endfacet
  facet normal -0.9275222 0.3737681 0
    outer loop
      vertex 62.498264 -145.5158 10.032196
      vertex 62.549835 -145.38782 5.0595775
      vertex 62.498264 -145.5158 5.032196
    endloop
  endfacet
  facet normal -0.9275222 0.3737681 0
    outer loop
      vertex 62.549835 -145.38782 5.0595775
      vertex 62.498264 -145.5158 10.032196
      vertex 62.549835 -145.38782 10.059577
    endloop
  endfacet
  facet normal -0.9275468 0.373707 0
    outer loop
      vertex 62.549835 -145.38782 10.059577
      vertex 62.565426 -145.34912 5.067857
      vertex 62.549835 -145.38782 5.0595775
    endloop
  endfacet
  facet normal -0.9275468 0.373707 0
    outer loop
      vertex 62.565426 -145.34912 5.067857
      vertex 62.549835 -145.38782 10.059577
      vertex 62.565426 -145.34912 10.067857
    endloop
  endfacet
  facet normal -0.94985175 0.31270054 0
    outer loop
      vertex 62.565426 -145.34912 10.067857
      vertex 62.57852 -145.30934 5.076778
      vertex 62.565426 -145.34912 5.067857
    endloop
  endfacet
  facet normal -0.94985175 0.31270054 0
    outer loop
      vertex 62.57852 -145.30934 5.076778
      vertex 62.565426 -145.34912 10.067857
      vertex 62.57852 -145.30934 10.076777
    endloop
  endfacet
  facet normal -0.9498231 0.3127877 0
    outer loop
      vertex 62.57852 -145.30934 10.076777
      vertex 62.62173 -145.17813 5.1062098
      vertex 62.57852 -145.30934 5.076778
    endloop
  endfacet
  facet normal -0.9498231 0.3127877 0
    outer loop
      vertex 62.62173 -145.17813 5.1062098
      vertex 62.57852 -145.30934 10.076777
      vertex 62.62173 -145.17813 10.10621
    endloop
  endfacet
  facet normal -0.9680629 0.25070763 0
    outer loop
      vertex 62.62173 -145.17813 10.10621
      vertex 62.632294 -145.13734 5.1157594
      vertex 62.62173 -145.17813 5.1062098
    endloop
  endfacet
  facet normal -0.9680629 0.25070763 0
    outer loop
      vertex 62.632294 -145.13734 5.1157594
      vertex 62.62173 -145.17813 10.10621
      vertex 62.632294 -145.13734 10.11576
    endloop
  endfacet
  facet normal -0.9680562 0.2507333 0
    outer loop
      vertex 62.632294 -145.13734 10.11576
      vertex 62.666958 -145.00351 5.1471033
      vertex 62.632294 -145.13734 5.1157594
    endloop
  endfacet
  facet normal -0.9680562 0.2507333 0
    outer loop
      vertex 62.666958 -145.00351 5.1471033
      vertex 62.632294 -145.13734 10.11576
      vertex 62.666958 -145.00351 10.147103
    endloop
  endfacet
  facet normal -0.98219335 0.18787283 0
    outer loop
      vertex 62.666958 -145.00351 10.147103
      vertex 62.674923 -144.96187 5.157251
      vertex 62.666958 -145.00351 5.1471033
    endloop
  endfacet
  facet normal -0.98219335 0.18787283 0
    outer loop
      vertex 62.674923 -144.96187 5.157251
      vertex 62.666958 -145.00351 10.147103
      vertex 62.674923 -144.96187 10.15725
    endloop
  endfacet
  facet normal -0.9821814 0.18793537 0
    outer loop
      vertex 62.674923 -144.96187 10.15725
      vertex 62.70093 -144.82594 5.190373
      vertex 62.674923 -144.96187 5.157251
    endloop
  endfacet
  facet normal -0.9821814 0.18793537 0
    outer loop
      vertex 62.70093 -144.82594 5.190373
      vertex 62.674923 -144.96187 10.15725
      vertex 62.70093 -144.82594 10.190372
    endloop
  endfacet
  facet normal -0.9922014 0.124645226 0
    outer loop
      vertex 62.70093 -144.82594 10.190372
      vertex 62.718185 -144.6886 5.225112
      vertex 62.70093 -144.82594 5.190373
    endloop
  endfacet
  facet normal -0.9922014 0.124645226 0
    outer loop
      vertex 62.718185 -144.6886 5.225112
      vertex 62.70093 -144.82594 10.190372
      vertex 62.718185 -144.6886 10.225112
    endloop
  endfacet
  facet normal -0.99220085 0.12464925 0
    outer loop
      vertex 62.718185 -144.6886 10.225112
      vertex 62.72352 -144.64615 5.235848
      vertex 62.718185 -144.6886 5.225112
    endloop
  endfacet
  facet normal -0.99220085 0.12464925 0
    outer loop
      vertex 62.72352 -144.64615 5.235848
      vertex 62.718185 -144.6886 10.225112
      vertex 62.72352 -144.64615 10.235847
    endloop
  endfacet
  facet normal -0.99812376 0.06122914 0
    outer loop
      vertex 62.72352 -144.64615 10.235847
      vertex 62.72615 -144.60324 5.247088
      vertex 62.72352 -144.64615 5.235848
    endloop
  endfacet
  facet normal -0.99812376 0.06122914 0
    outer loop
      vertex 62.72615 -144.60324 5.247088
      vertex 62.72352 -144.64615 10.235847
      vertex 62.72615 -144.60324 10.2470875
    endloop
  endfacet
  facet normal -0.9981247 0.061213546 0
    outer loop
      vertex 62.72615 -144.60324 10.2470875
      vertex 62.73464 -144.46484 5.283346
      vertex 62.72615 -144.60324 5.247088
    endloop
  endfacet
  facet normal -0.9981247 0.061213546 0
    outer loop
      vertex 62.73464 -144.46484 5.283346
      vertex 62.72615 -144.60324 10.2470875
      vertex 62.73464 -144.46484 10.283346
    endloop
  endfacet
  facet normal -0.9999977 -0.0021449737 0
    outer loop
      vertex 62.73464 -144.46484 10.283346
      vertex 62.73434 -144.32613 5.320921
      vertex 62.73464 -144.46484 5.283346
    endloop
  endfacet
  facet normal -0.9999977 -0.0021449737 0
    outer loop
      vertex 62.73434 -144.32613 5.320921
      vertex 62.73464 -144.46484 10.283346
      vertex 62.73434 -144.32613 10.320921
    endloop
  endfacet
  facet normal -0.9999976 -0.0021968312 0
    outer loop
      vertex 62.73434 -144.32613 10.320921
      vertex 62.734245 -144.28271 5.3326797
      vertex 62.73434 -144.32613 5.320921
    endloop
  endfacet
  facet normal -0.9999976 -0.0021968312 0
    outer loop
      vertex 62.734245 -144.28271 5.3326797
      vertex 62.73434 -144.32613 10.320921
      vertex 62.734245 -144.28271 10.33268
    endloop
  endfacet
  facet normal -0.9994317 -0.03370779 0
    outer loop
      vertex 62.734245 -144.28271 10.33268
      vertex 60.73435 -84.98602 21.658392
      vertex 62.734245 -144.28271 5.3326797
    endloop
  endfacet
  facet normal -0.9994317 -0.03370779 0
    outer loop
      vertex 60.73435 -84.98602 21.658392
      vertex 62.734245 -144.28271 10.33268
      vertex 60.73435 -84.98602 26.658392
    endloop
  endfacet
  facet normal -0.9977816 -0.06657304 0
    outer loop
      vertex 60.73435 -84.98602 26.658392
      vertex 60.727173 -84.87848 21.688501
      vertex 60.73435 -84.98602 21.658392
    endloop
  endfacet
  facet normal -0.9977816 -0.06657304 0
    outer loop
      vertex 60.727173 -84.87848 21.688501
      vertex 60.73435 -84.98602 26.658392
      vertex 60.727173 -84.87848 26.688501
    endloop
  endfacet
  facet normal -0.9977871 -0.06648934 0
    outer loop
      vertex 60.727173 -84.87848 26.688501
      vertex 60.7232 -84.818886 21.705183
      vertex 60.727173 -84.87848 21.688501
    endloop
  endfacet
  facet normal -0.9977871 -0.06648934 0
    outer loop
      vertex 60.7232 -84.818886 21.705183
      vertex 60.727173 -84.87848 26.688501
      vertex 60.7232 -84.818886 26.705183
    endloop
  endfacet
  facet normal -0.99127805 -0.13178694 0
    outer loop
      vertex 60.7232 -84.818886 26.705183
      vertex 60.715336 -84.75972 21.722298
      vertex 60.7232 -84.818886 21.705183
    endloop
  endfacet
  facet normal -0.99127805 -0.13178694 0
    outer loop
      vertex 60.715336 -84.75972 21.722298
      vertex 60.7232 -84.818886 26.705183
      vertex 60.715336 -84.75972 26.722298
    endloop
  endfacet
  facet normal -0.99127436 -0.13181464 0
    outer loop
      vertex 60.715336 -84.75972 26.722298
      vertex 60.701088 -84.65257 21.753294
      vertex 60.715336 -84.75972 21.722298
    endloop
  endfacet
  facet normal -0.99127436 -0.13181464 0
    outer loop
      vertex 60.701088 -84.65257 21.753294
      vertex 60.715336 -84.75972 26.722298
      vertex 60.701088 -84.65257 26.753294
    endloop
  endfacet
  facet normal -0.9805631 -0.19620396 0
    outer loop
      vertex 60.701088 -84.65257 26.753294
      vertex 60.679783 -84.5461 21.785099
      vertex 60.701088 -84.65257 21.753294
    endloop
  endfacet
  facet normal -0.9805631 -0.19620396 0
    outer loop
      vertex 60.679783 -84.5461 21.785099
      vertex 60.701088 -84.65257 26.753294
      vertex 60.679783 -84.5461 26.785099
    endloop
  endfacet
  facet normal -0.980556 -0.19623938 0
    outer loop
      vertex 60.679783 -84.5461 26.785099
      vertex 60.668102 -84.48773 21.802532
      vertex 60.679783 -84.5461 21.785099
    endloop
  endfacet
  facet normal -0.980556 -0.19623938 0
    outer loop
      vertex 60.668102 -84.48773 21.802532
      vertex 60.679783 -84.5461 26.785099
      vertex 60.668102 -84.48773 26.802532
    endloop
  endfacet
  facet normal -0.9657394 -0.25951362 0
    outer loop
      vertex 60.668102 -84.48773 26.802532
      vertex 60.65266 -84.43027 21.820251
      vertex 60.668102 -84.48773 21.802532
    endloop
  endfacet
  facet normal -0.9657394 -0.25951362 0
    outer loop
      vertex 60.65266 -84.43027 21.820251
      vertex 60.668102 -84.48773 26.802532
      vertex 60.65266 -84.43027 26.820251
    endloop
  endfacet
  facet normal -0.9657346 -0.25953156 0
    outer loop
      vertex 60.65266 -84.43027 26.820251
      vertex 60.62438 -84.32503 21.852703
      vertex 60.65266 -84.43027 21.820251
    endloop
  endfacet
  facet normal -0.9657346 -0.25953156 0
    outer loop
      vertex 60.62438 -84.32503 21.852703
      vertex 60.65266 -84.43027 26.820251
      vertex 60.62438 -84.32503 26.852703
    endloop
  endfacet
  facet normal -0.94693613 -0.32142174 0
    outer loop
      vertex 60.62438 -84.32503 26.852703
      vertex 60.605274 -84.268745 21.870617
      vertex 60.62438 -84.32503 21.852703
    endloop
  endfacet
  facet normal -0.94693613 -0.32142174 0
    outer loop
      vertex 60.605274 -84.268745 21.870617
      vertex 60.62438 -84.32503 26.852703
      vertex 60.605274 -84.268745 26.870617
    endloop
  endfacet
  facet normal -0.94694424 -0.3213979 0
    outer loop
      vertex 60.605274 -84.268745 26.870617
      vertex 60.57009 -84.165085 21.903608
      vertex 60.605274 -84.268745 21.870617
    endloop
  endfacet
  facet normal -0.94694424 -0.3213979 0
    outer loop
      vertex 60.57009 -84.165085 21.903608
      vertex 60.605274 -84.268745 26.870617
      vertex 60.57009 -84.165085 26.903608
    endloop
  endfacet
  facet normal -0.92430776 -0.381648 0
    outer loop
      vertex 60.57009 -84.165085 26.903608
      vertex 60.547432 -84.11021 21.921642
      vertex 60.57009 -84.165085 21.903608
    endloop
  endfacet
  facet normal -0.92430776 -0.381648 0
    outer loop
      vertex 60.547432 -84.11021 21.921642
      vertex 60.57009 -84.165085 26.903608
      vertex 60.547432 -84.11021 26.921642
    endloop
  endfacet
  facet normal -0.9243199 -0.38161844 0
    outer loop
      vertex 60.547432 -84.11021 26.921642
      vertex 60.505463 -84.00855 21.955048
      vertex 60.547432 -84.11021 21.921642
    endloop
  endfacet
  facet normal -0.9243199 -0.38161844 0
    outer loop
      vertex 60.505463 -84.00855 21.955048
      vertex 60.547432 -84.11021 26.921642
      vertex 60.505463 -84.00855 26.955048
    endloop
  endfacet
  facet normal -0.8980263 -0.43994182 0
    outer loop
      vertex 60.505463 -84.00855 26.955048
      vertex 60.456806 -83.90923 21.98876
      vertex 60.505463 -84.00855 21.955048
    endloop
  endfacet
  facet normal -0.8980263 -0.43994182 0
    outer loop
      vertex 60.456806 -83.90923 21.98876
      vertex 60.505463 -84.00855 26.955048
      vertex 60.456806 -83.90923 26.98876
    endloop
  endfacet
  facet normal -0.8980549 -0.43988335 0
    outer loop
      vertex 60.456806 -83.90923 26.98876
      vertex 60.430748 -83.85603 22.006817
      vertex 60.456806 -83.90923 21.98876
    endloop
  endfacet
  facet normal -0.8980549 -0.43988335 0
    outer loop
      vertex 60.430748 -83.85603 22.006817
      vertex 60.456806 -83.90923 26.98876
      vertex 60.430748 -83.85603 27.006817
    endloop
  endfacet
  facet normal -0.868255 -0.49611813 0
    outer loop
      vertex 60.430748 -83.85603 27.006817
      vertex 60.40135 -83.80458 22.02487
      vertex 60.430748 -83.85603 22.006817
    endloop
  endfacet
  facet normal -0.868255 -0.49611813 0
    outer loop
      vertex 60.40135 -83.80458 22.02487
      vertex 60.430748 -83.85603 27.006817
      vertex 60.40135 -83.80458 27.02487
    endloop
  endfacet
  facet normal -0.8682685 -0.49609455 0
    outer loop
      vertex 60.40135 -83.80458 27.02487
      vertex 60.34625 -83.708145 22.05871
      vertex 60.40135 -83.80458 22.02487
    endloop
  endfacet
  facet normal -0.8682685 -0.49609455 0
    outer loop
      vertex 60.34625 -83.708145 22.05871
      vertex 60.40135 -83.80458 27.02487
      vertex 60.34625 -83.708145 27.05871
    endloop
  endfacet
  facet normal -0.83527696 -0.5498295 0
    outer loop
      vertex 60.34625 -83.708145 27.05871
      vertex 60.31369 -83.65868 22.076668
      vertex 60.34625 -83.708145 22.05871
    endloop
  endfacet
  facet normal -0.83527696 -0.5498295 0
    outer loop
      vertex 60.31369 -83.65868 22.076668
      vertex 60.34625 -83.708145 27.05871
      vertex 60.31369 -83.65868 27.076668
    endloop
  endfacet
  facet normal -0.83523285 -0.54989636 0
    outer loop
      vertex 60.31369 -83.65868 27.076668
      vertex 60.252304 -83.565445 22.110523
      vertex 60.31369 -83.65868 22.076668
    endloop
  endfacet
  facet normal -0.83523285 -0.54989636 0
    outer loop
      vertex 60.252304 -83.565445 22.110523
      vertex 60.31369 -83.65868 27.076668
      vertex 60.252304 -83.565445 27.110523
    endloop
  endfacet
  facet normal -0.7991021 -0.6011953 0
    outer loop
      vertex 60.252304 -83.565445 27.110523
      vertex 60.184803 -83.47572 22.144287
      vertex 60.252304 -83.565445 22.110523
    endloop
  endfacet
  facet normal -0.7991021 -0.6011953 0
    outer loop
      vertex 60.184803 -83.47572 22.144287
      vertex 60.252304 -83.565445 27.110523
      vertex 60.184803 -83.47572 27.144287
    endloop
  endfacet
  facet normal -0.79913133 -0.6011565 0
    outer loop
      vertex 60.184803 -83.47572 27.144287
      vertex 60.14929 -83.42851 22.162054
      vertex 60.184803 -83.47572 22.144287
    endloop
  endfacet
  facet normal -0.79913133 -0.6011565 0
    outer loop
      vertex 60.14929 -83.42851 22.162054
      vertex 60.184803 -83.47572 27.144287
      vertex 60.14929 -83.42851 27.162054
    endloop
  endfacet
  facet normal -0.7600987 -0.64980763 0
    outer loop
      vertex 60.14929 -83.42851 27.162054
      vertex 60.110878 -83.38358 22.179607
      vertex 60.14929 -83.42851 22.162054
    endloop
  endfacet
  facet normal -0.7600987 -0.64980763 0
    outer loop
      vertex 60.110878 -83.38358 22.179607
      vertex 60.14929 -83.42851 27.162054
      vertex 60.110878 -83.38358 27.179607
    endloop
  endfacet
  facet normal -0.76009655 -0.64981014 0
    outer loop
      vertex 60.110878 -83.38358 27.179607
      vertex 60.037605 -83.297874 22.213097
      vertex 60.110878 -83.38358 22.179607
    endloop
  endfacet
  facet normal -0.76009655 -0.64981014 0
    outer loop
      vertex 60.037605 -83.297874 22.213097
      vertex 60.110878 -83.38358 27.179607
      vertex 60.037605 -83.297874 27.213097
    endloop
  endfacet
  facet normal -0.7183863 -0.69564444 0
    outer loop
      vertex 60.037605 -83.297874 27.213097
      vertex 59.958725 -83.216415 22.246225
      vertex 60.037605 -83.297874 22.213097
    endloop
  endfacet
  facet normal -0.7183863 -0.69564444 0
    outer loop
      vertex 59.958725 -83.216415 22.246225
      vertex 60.037605 -83.297874 27.213097
      vertex 59.958725 -83.216415 27.246225
    endloop
  endfacet
  facet normal -0.71836954 -0.6956617 0
    outer loop
      vertex 59.958725 -83.216415 27.246225
      vertex 59.917706 -83.17406 22.263453
      vertex 59.958725 -83.216415 22.246225
    endloop
  endfacet
  facet normal -0.71836954 -0.6956617 0
    outer loop
      vertex 59.917706 -83.17406 22.263453
      vertex 59.958725 -83.216415 27.246225
      vertex 59.917706 -83.17406 27.263453
    endloop
  endfacet
  facet normal -0.67423123 -0.73852026 0
    outer loop
      vertex 59.83357 -83.097244 22.29606
      vertex 59.917706 -83.17406 27.263453
      vertex 59.83357 -83.097244 27.29606
    endloop
  endfacet
  facet normal -0.67423123 -0.73852026 0
    outer loop
      vertex 59.917706 -83.17406 27.263453
      vertex 59.83357 -83.097244 22.29606
      vertex 59.917706 -83.17406 22.263453
    endloop
  endfacet
  facet normal -0.67422485 -0.73852617 0
    outer loop
      vertex 59.790062 -83.057526 22.312922
      vertex 59.83357 -83.097244 27.29606
      vertex 59.790062 -83.057526 27.312922
    endloop
  endfacet
  facet normal -0.67422485 -0.73852617 0
    outer loop
      vertex 59.83357 -83.097244 27.29606
      vertex 59.790062 -83.057526 22.312922
      vertex 59.83357 -83.097244 22.29606
    endloop
  endfacet
  facet normal -0.62774724 -0.7784172 0
    outer loop
      vertex 59.70098 -82.98569 22.34488
      vertex 59.790062 -83.057526 27.312922
      vertex 59.70098 -82.98569 27.34488
    endloop
  endfacet
  facet normal -0.62774724 -0.7784172 0
    outer loop
      vertex 59.790062 -83.057526 27.312922
      vertex 59.70098 -82.98569 22.34488
      vertex 59.790062 -83.057526 22.312922
    endloop
  endfacet
  facet normal -0.6277423 -0.7784212 0
    outer loop
      vertex 59.65518 -82.94875 22.36131
      vertex 59.70098 -82.98569 27.34488
      vertex 59.65518 -82.94875 27.36131
    endloop
  endfacet
  facet normal -0.6277423 -0.7784212 0
    outer loop
      vertex 59.70098 -82.98569 27.34488
      vertex 59.65518 -82.94875 22.36131
      vertex 59.70098 -82.98569 22.34488
    endloop
  endfacet
  facet normal -0.5792003 -0.81518525 0
    outer loop
      vertex 59.607216 -82.91467 22.377272
      vertex 59.65518 -82.94875 27.36131
      vertex 59.607216 -82.91467 27.377272
    endloop
  endfacet
  facet normal -0.5792003 -0.81518525 0
    outer loop
      vertex 59.65518 -82.94875 27.36131
      vertex 59.607216 -82.91467 22.377272
      vertex 59.65518 -82.94875 22.36131
    endloop
  endfacet
  facet normal -0.5791688 -0.81520766 0
    outer loop
      vertex 59.513596 -82.84816 22.408428
      vertex 59.607216 -82.91467 27.377272
      vertex 59.513596 -82.84816 27.408428
    endloop
  endfacet
  facet normal -0.5791688 -0.81520766 0
    outer loop
      vertex 59.607216 -82.91467 27.377272
      vertex 59.513596 -82.84816 22.408428
      vertex 59.607216 -82.91467 22.377272
    endloop
  endfacet
  facet normal -0.52876794 -0.84876645 0
    outer loop
      vertex 59.415672 -82.787155 22.438696
      vertex 59.513596 -82.84816 27.408428
      vertex 59.415672 -82.787155 27.438696
    endloop
  endfacet
  facet normal -0.52876794 -0.84876645 0
    outer loop
      vertex 59.513596 -82.84816 27.408428
      vertex 59.415672 -82.787155 22.438696
      vertex 59.513596 -82.84816 22.408428
    endloop
  endfacet
  facet normal -0.52868927 -0.84881544 0
    outer loop
      vertex 59.365868 -82.756134 22.45409
      vertex 59.415672 -82.787155 27.438696
      vertex 59.365868 -82.756134 27.45409
    endloop
  endfacet
  facet normal -0.52868927 -0.84881544 0
    outer loop
      vertex 59.415672 -82.787155 27.438696
      vertex 59.365868 -82.756134 22.45409
      vertex 59.415672 -82.787155 22.438696
    endloop
  endfacet
  facet normal -0.47657225 -0.8791353 0
    outer loop
      vertex 59.3143 -82.72818 22.4689
      vertex 59.365868 -82.756134 27.45409
      vertex 59.3143 -82.72818 27.4689
    endloop
  endfacet
  facet normal -0.47657225 -0.8791353 0
    outer loop
      vertex 59.365868 -82.756134 27.45409
      vertex 59.3143 -82.72818 22.4689
      vertex 59.365868 -82.756134 22.45409
    endloop
  endfacet
  facet normal -0.47658688 -0.8791274 0
    outer loop
      vertex 59.212578 -82.673035 22.498117
      vertex 59.3143 -82.72818 27.4689
      vertex 59.212578 -82.673035 27.498117
    endloop
  endfacet
  facet normal -0.47658688 -0.8791274 0
    outer loop
      vertex 59.3143 -82.72818 27.4689
      vertex 59.212578 -82.673035 22.498117
      vertex 59.3143 -82.72818 22.4689
    endloop
  endfacet
  facet normal -0.42286405 -0.90619314 0
    outer loop
      vertex 59.159523 -82.64828 22.512274
      vertex 59.212578 -82.673035 27.498117
      vertex 59.159523 -82.64828 27.512274
    endloop
  endfacet
  facet normal -0.42286405 -0.90619314 0
    outer loop
      vertex 59.212578 -82.673035 27.498117
      vertex 59.159523 -82.64828 22.512274
      vertex 59.212578 -82.673035 22.498117
    endloop
  endfacet
  facet normal -0.4228225 -0.9062125 0
    outer loop
      vertex 59.054333 -82.5992 22.540339
      vertex 59.159523 -82.64828 27.512274
      vertex 59.054333 -82.5992 27.540339
    endloop
  endfacet
  facet normal -0.4228225 -0.9062125 0
    outer loop
      vertex 59.159523 -82.64828 27.512274
      vertex 59.054333 -82.5992 22.540339
      vertex 59.159523 -82.64828 22.512274
    endloop
  endfacet
  facet normal -0.3678644 -0.9298794 0
    outer loop
      vertex 58.946026 -82.55635 22.567152
      vertex 59.054333 -82.5992 27.540339
      vertex 58.946026 -82.55635 27.567152
    endloop
  endfacet
  facet normal -0.3678644 -0.9298794 0
    outer loop
      vertex 59.054333 -82.5992 27.540339
      vertex 58.946026 -82.55635 22.567152
      vertex 59.054333 -82.5992 22.540339
    endloop
  endfacet
  facet normal -0.36773646 -0.92993003 0
    outer loop
      vertex 58.891754 -82.53489 22.580585
      vertex 58.946026 -82.55635 27.567152
      vertex 58.891754 -82.53489 27.580585
    endloop
  endfacet
  facet normal -0.36773646 -0.92993003 0
    outer loop
      vertex 58.946026 -82.55635 27.567152
      vertex 58.891754 -82.53489 22.580585
      vertex 58.946026 -82.55635 22.567152
    endloop
  endfacet
  facet normal -0.3115284 -0.95023686 0
    outer loop
      vertex 58.78082 -82.49852 22.60602
      vertex 58.891754 -82.53489 27.580585
      vertex 58.78082 -82.49852 27.60602
    endloop
  endfacet
  facet normal -0.3115284 -0.95023686 0
    outer loop
      vertex 58.891754 -82.53489 27.580585
      vertex 58.78082 -82.49852 22.60602
      vertex 58.891754 -82.53489 22.580585
    endloop
  endfacet
  facet normal -0.31156617 -0.95022446 0
    outer loop
      vertex 58.725487 -82.48038 22.618704
      vertex 58.78082 -82.49852 27.60602
      vertex 58.725487 -82.48038 27.618704
    endloop
  endfacet
  facet normal -0.31156617 -0.95022446 0
    outer loop
      vertex 58.78082 -82.49852 27.60602
      vertex 58.725487 -82.48038 22.618704
      vertex 58.78082 -82.49852 22.60602
    endloop
  endfacet
  facet normal -0.2542479 -0.96713907 0
    outer loop
      vertex 58.669243 -82.46559 22.63061
      vertex 58.725487 -82.48038 27.618704
      vertex 58.669243 -82.46559 27.63061
    endloop
  endfacet
  facet normal -0.2542479 -0.96713907 0
    outer loop
      vertex 58.725487 -82.48038 27.618704
      vertex 58.669243 -82.46559 22.63061
      vertex 58.725487 -82.48038 22.618704
    endloop
  endfacet
  facet normal -0.25425717 -0.9671366 0
    outer loop
      vertex 58.55618 -82.43587 22.654543
      vertex 58.669243 -82.46559 27.63061
      vertex 58.55618 -82.43587 27.654543
    endloop
  endfacet
  facet normal -0.25425717 -0.9671366 0
    outer loop
      vertex 58.669243 -82.46559 27.63061
      vertex 58.55618 -82.43587 22.654543
      vertex 58.669243 -82.46559 22.63061
    endloop
  endfacet
  facet normal -0.1962426 -0.98055536 0
    outer loop
      vertex 58.499302 -82.424484 22.665615
      vertex 58.55618 -82.43587 27.654543
      vertex 58.499302 -82.424484 27.665615
    endloop
  endfacet
  facet normal -0.1962426 -0.98055536 0
    outer loop
      vertex 58.55618 -82.43587 27.654543
      vertex 58.499302 -82.424484 22.665615
      vertex 58.55618 -82.43587 22.654543
    endloop
  endfacet
  facet normal -0.19614747 -0.9805744 0
    outer loop
      vertex 58.3845 -82.40152 22.687963
      vertex 58.499302 -82.424484 27.665615
      vertex 58.3845 -82.40152 27.687963
    endloop
  endfacet
  facet normal -0.19614747 -0.9805744 0
    outer loop
      vertex 58.499302 -82.424484 27.665615
      vertex 58.3845 -82.40152 22.687963
      vertex 58.499302 -82.424484 22.665615
    endloop
  endfacet
  facet normal -0.13729794 -0.9905298 0
    outer loop
      vertex 58.26836 -82.38542 22.708641
      vertex 58.3845 -82.40152 27.687963
      vertex 58.26836 -82.38542 27.708641
    endloop
  endfacet
  facet normal -0.13729794 -0.9905298 0
    outer loop
      vertex 58.3845 -82.40152 27.687963
      vertex 58.26836 -82.38542 22.708641
      vertex 58.3845 -82.40152 22.687963
    endloop
  endfacet
  facet normal -0.13730751 -0.99052846 0
    outer loop
      vertex 58.21112 -82.37749 22.718834
      vertex 58.26836 -82.38542 27.708641
      vertex 58.21112 -82.37749 27.718834
    endloop
  endfacet
  facet normal -0.13730751 -0.99052846 0
    outer loop
      vertex 58.26836 -82.38542 27.708641
      vertex 58.21112 -82.37749 22.718834
      vertex 58.26836 -82.38542 22.708641
    endloop
  endfacet
  facet normal -0.07791494 -0.99696 0
    outer loop
      vertex 58.09417 -82.36835 22.737745
      vertex 58.21112 -82.37749 27.718834
      vertex 58.09417 -82.36835 27.737745
    endloop
  endfacet
  facet normal -0.07791494 -0.99696 0
    outer loop
      vertex 58.21112 -82.37749 27.718834
      vertex 58.09417 -82.36835 22.737745
      vertex 58.21112 -82.37749 22.718834
    endloop
  endfacet
  facet normal -0.07812415 -0.99694365 0
    outer loop
      vertex 58.036728 -82.363846 22.747034
      vertex 58.09417 -82.36835 27.737745
      vertex 58.036728 -82.363846 27.747034
    endloop
  endfacet
  facet normal -0.07812415 -0.99694365 0
    outer loop
      vertex 58.09417 -82.36835 27.737745
      vertex 58.036728 -82.363846 22.747034
      vertex 58.09417 -82.36835 22.737745
    endloop
  endfacet
  facet normal -0.018182432 -0.99983466 0
    outer loop
      vertex 57.97925 -82.3628 22.755394
      vertex 58.036728 -82.363846 27.747034
      vertex 57.97925 -82.3628 27.755394
    endloop
  endfacet
  facet normal -0.018182432 -0.99983466 0
    outer loop
      vertex 58.036728 -82.363846 27.747034
      vertex 57.97925 -82.3628 22.755394
      vertex 58.036728 -82.363846 22.747034
    endloop
  endfacet
  facet normal -0.01828169 -0.99983287 0
    outer loop
      vertex 57.862003 -82.36066 22.772453
      vertex 57.97925 -82.3628 27.755394
      vertex 57.862003 -82.36066 27.772453
    endloop
  endfacet
  facet normal -0.01828169 -0.99983287 0
    outer loop
      vertex 57.97925 -82.3628 27.755394
      vertex 57.862003 -82.36066 22.772453
      vertex 57.97925 -82.3628 22.755394
    endloop
  endfacet
  facet normal 0.01167659 -0.9999318 0
    outer loop
      vertex -26.527016 -83.3461 34.365913
      vertex 57.862003 -82.36066 27.772453
      vertex -26.527016 -83.3461 39.365913
    endloop
  endfacet
  facet normal 0.01167659 -0.9999318 0
    outer loop
      vertex 57.862003 -82.36066 27.772453
      vertex -26.527016 -83.3461 34.365913
      vertex 57.862003 -82.36066 22.772453
    endloop
  endfacet
  facet normal 0.042556897 -0.99909407 0
    outer loop
      vertex -26.688217 -83.35297 34.38671
      vertex -26.527016 -83.3461 39.365913
      vertex -26.688217 -83.35297 39.38671
    endloop
  endfacet
  facet normal 0.042556897 -0.99909407 0
    outer loop
      vertex -26.527016 -83.3461 39.365913
      vertex -26.688217 -83.35297 34.38671
      vertex -26.527016 -83.3461 34.365913
    endloop
  endfacet
  facet normal 0.043733764 -0.9990432 0
    outer loop
      vertex -26.691006 -83.35309 34.38707
      vertex -26.688217 -83.35297 39.38671
      vertex -26.691006 -83.35309 39.38707
    endloop
  endfacet
  facet normal 0.043733764 -0.9990432 0
    outer loop
      vertex -26.688217 -83.35297 39.38671
      vertex -26.691006 -83.35309 34.38707
      vertex -26.688217 -83.35297 34.38671
    endloop
  endfacet
  facet normal 0.10369044 -0.9946096 0
    outer loop
      vertex -26.693787 -83.35338 34.387383
      vertex -26.691006 -83.35309 39.38707
      vertex -26.693787 -83.35338 39.387383
    endloop
  endfacet
  facet normal 0.10369044 -0.9946096 0
    outer loop
      vertex -26.691006 -83.35309 39.38707
      vertex -26.693787 -83.35338 34.387383
      vertex -26.691006 -83.35309 34.38707
    endloop
  endfacet
  facet normal 0.10387685 -0.99459016 0
    outer loop
      vertex -26.854641 -83.37018 34.40544
      vertex -26.693787 -83.35338 39.387383
      vertex -26.854641 -83.37018 39.40544
    endloop
  endfacet
  facet normal 0.10387685 -0.99459016 0
    outer loop
      vertex -26.693787 -83.35338 39.387383
      vertex -26.854641 -83.37018 34.40544
      vertex -26.693787 -83.35338 34.387383
    endloop
  endfacet
  facet normal 0.16553633 -0.9862037 0
    outer loop
      vertex -26.857323 -83.37063 34.405697
      vertex -26.854641 -83.37018 39.40544
      vertex -26.857323 -83.37063 39.405697
    endloop
  endfacet
  facet normal 0.16553633 -0.9862037 0
    outer loop
      vertex -26.854641 -83.37018 39.40544
      vertex -26.857323 -83.37063 34.405697
      vertex -26.854641 -83.37018 34.40544
    endloop
  endfacet
  facet normal 0.164563 -0.98636657 0
    outer loop
      vertex -27.017284 -83.397316 34.42096
      vertex -26.857323 -83.37063 39.405697
      vertex -27.017284 -83.397316 39.42096
    endloop
  endfacet
  facet normal 0.164563 -0.98636657 0
    outer loop
      vertex -26.857323 -83.37063 39.405697
      vertex -27.017284 -83.397316 34.42096
      vertex -26.857323 -83.37063 34.405697
    endloop
  endfacet
  facet normal 0.2243404 -0.97451085 0
    outer loop
      vertex -27.175766 -83.4338 34.433357
      vertex -27.017284 -83.397316 39.42096
      vertex -27.175766 -83.4338 39.433357
    endloop
  endfacet
  facet normal 0.2243404 -0.97451085 0
    outer loop
      vertex -27.017284 -83.397316 39.42096
      vertex -27.175766 -83.4338 34.433357
      vertex -27.017284 -83.397316 34.42096
    endloop
  endfacet
  facet normal 0.22625418 -0.9740683 0
    outer loop
      vertex -27.178295 -83.43439 34.433556
      vertex -27.175766 -83.4338 39.433357
      vertex -27.178295 -83.43439 39.433556
    endloop
  endfacet
  facet normal 0.22625418 -0.9740683 0
    outer loop
      vertex -27.175766 -83.4338 39.433357
      vertex -27.178295 -83.43439 34.433556
      vertex -27.175766 -83.4338 34.433357
    endloop
  endfacet
  facet normal 0.28306478 -0.9591008 0
    outer loop
      vertex -27.334587 -83.480515 34.44304
      vertex -27.178295 -83.43439 39.433556
      vertex -27.334587 -83.480515 39.44304
    endloop
  endfacet
  facet normal 0.28306478 -0.9591008 0
    outer loop
      vertex -27.178295 -83.43439 39.433556
      vertex -27.334587 -83.480515 34.44304
      vertex -27.178295 -83.43439 34.433556
    endloop
  endfacet
  facet normal 0.28337732 -0.9590085 0
    outer loop
      vertex -27.33704 -83.48124 34.443188
      vertex -27.334587 -83.480515 39.44304
      vertex -27.33704 -83.48124 39.443188
    endloop
  endfacet
  facet normal 0.28337732 -0.9590085 0
    outer loop
      vertex -27.334587 -83.480515 39.44304
      vertex -27.33704 -83.48124 34.443188
      vertex -27.334587 -83.480515 34.44304
    endloop
  endfacet
  facet normal 0.34246027 -0.93953234 0
    outer loop
      vertex -27.339447 -83.48212 34.44329
      vertex -27.33704 -83.48124 39.443188
      vertex -27.339447 -83.48212 39.44329
    endloop
  endfacet
  facet normal 0.34246027 -0.93953234 0
    outer loop
      vertex -27.33704 -83.48124 39.443188
      vertex -27.339447 -83.48212 34.44329
      vertex -27.33704 -83.48124 34.443188
    endloop
  endfacet
  facet normal 0.34058678 -0.9402131 0
    outer loop
      vertex -27.4929 -83.537704 34.449814
      vertex -27.339447 -83.48212 39.44329
      vertex -27.4929 -83.537704 39.449814
    endloop
  endfacet
  facet normal 0.34058678 -0.9402131 0
    outer loop
      vertex -27.339447 -83.48212 39.44329
      vertex -27.4929 -83.537704 34.449814
      vertex -27.339447 -83.48212 34.44329
    endloop
  endfacet
  facet normal 0.39773428 -0.9175007 0
    outer loop
      vertex -27.495224 -83.53871 34.44987
      vertex -27.4929 -83.537704 39.449814
      vertex -27.495224 -83.53871 39.44987
    endloop
  endfacet
  facet normal 0.39773428 -0.9175007 0
    outer loop
      vertex -27.4929 -83.537704 39.449814
      vertex -27.495224 -83.53871 34.44987
      vertex -27.4929 -83.537704 34.449814
    endloop
  endfacet
  facet normal 0.3966752 -0.91795903 0
    outer loop
      vertex -27.64526 -83.603546 34.45341
      vertex -27.495224 -83.53871 39.44987
      vertex -27.64526 -83.603546 39.45341
    endloop
  endfacet
  facet normal 0.3966752 -0.91795903 0
    outer loop
      vertex -27.495224 -83.53871 39.44987
      vertex -27.64526 -83.603546 34.45341
      vertex -27.495224 -83.53871 34.44987
    endloop
  endfacet
  facet normal 0.45120972 -0.89241797 0
    outer loop
      vertex -27.791283 -83.677376 34.453957
      vertex -27.64526 -83.603546 39.45341
      vertex -27.791283 -83.677376 39.453957
    endloop
  endfacet
  facet normal 0.45120972 -0.89241797 0
    outer loop
      vertex -27.64526 -83.603546 39.45341
      vertex -27.791283 -83.677376 34.453957
      vertex -27.64526 -83.603546 34.45341
    endloop
  endfacet
  facet normal 0.45145038 -0.8922962 0
    outer loop
      vertex -27.79353 -83.67851 34.453964
      vertex -27.791283 -83.677376 39.453957
      vertex -27.79353 -83.67851 39.453964
    endloop
  endfacet
  facet normal 0.45145038 -0.8922962 0
    outer loop
      vertex -27.791283 -83.677376 39.453957
      vertex -27.79353 -83.67851 34.453964
      vertex -27.791283 -83.677376 34.453957
    endloop
  endfacet
  facet normal 0.50401735 -0.86369354 0
    outer loop
      vertex -27.934937 -83.76103 39.45151
      vertex -27.79353 -83.67851 34.453964
      vertex -27.79353 -83.67851 39.453964
    endloop
  endfacet
  facet normal 0.50401735 -0.86369354 0
    outer loop
      vertex -27.79353 -83.67851 34.453964
      vertex -27.934937 -83.76103 39.45151
      vertex -27.934937 -83.76103 34.45151
    endloop
  endfacet
  facet normal 0.5013339 -0.8652539 0
    outer loop
      vertex -27.937122 -83.7623 39.451473
      vertex -27.934937 -83.76103 34.45151
      vertex -27.934937 -83.76103 39.45151
    endloop
  endfacet
  facet normal 0.5013339 -0.8652539 0
    outer loop
      vertex -27.934937 -83.76103 34.45151
      vertex -27.937122 -83.7623 39.451473
      vertex -27.937122 -83.7623 34.451473
    endloop
  endfacet
  facet normal 0.55747867 -0.83019125 0
    outer loop
      vertex -27.939224 -83.76371 39.45139
      vertex -27.937122 -83.7623 34.451473
      vertex -27.937122 -83.7623 39.451473
    endloop
  endfacet
  facet normal 0.55747867 -0.83019125 0
    outer loop
      vertex -27.937122 -83.7623 34.451473
      vertex -27.939224 -83.76371 39.45139
      vertex -27.939224 -83.76371 34.45139
    endloop
  endfacet
  facet normal 0.55493665 -0.8318926 0
    outer loop
      vertex -28.075474 -83.8546 39.445946
      vertex -27.939224 -83.76371 34.45139
      vertex -27.939224 -83.76371 39.45139
    endloop
  endfacet
  facet normal 0.55493665 -0.8318926 0
    outer loop
      vertex -27.939224 -83.76371 34.45139
      vertex -28.075474 -83.8546 39.445946
      vertex -28.075474 -83.8546 34.445946
    endloop
  endfacet
  facet normal 0.6038478 -0.79709965 0
    outer loop
      vertex -28.205975 -83.95346 39.437534
      vertex -28.075474 -83.8546 34.445946
      vertex -28.075474 -83.8546 39.445946
    endloop
  endfacet
  facet normal 0.6038478 -0.79709965 0
    outer loop
      vertex -28.075474 -83.8546 34.445946
      vertex -28.205975 -83.95346 39.437534
      vertex -28.205975 -83.95346 34.437534
    endloop
  endfacet
  facet normal 0.60515773 -0.79610556 0
    outer loop
      vertex -28.208042 -83.95503 39.4374
      vertex -28.205975 -83.95346 34.437534
      vertex -28.205975 -83.95346 39.437534
    endloop
  endfacet
  facet normal 0.60515773 -0.79610556 0
    outer loop
      vertex -28.205975 -83.95346 34.437534
      vertex -28.208042 -83.95503 39.4374
      vertex -28.208042 -83.95503 34.4374
    endloop
  endfacet
  facet normal 0.64982224 -0.7600862 0
    outer loop
      vertex -28.210014 -83.95672 39.43722
      vertex -28.208042 -83.95503 34.4374
      vertex -28.208042 -83.95503 39.4374
    endloop
  endfacet
  facet normal 0.64982224 -0.7600862 0
    outer loop
      vertex -28.208042 -83.95503 34.4374
      vertex -28.210014 -83.95672 39.43722
      vertex -28.210014 -83.95672 34.43722
    endloop
  endfacet
  facet normal 0.6506263 -0.75939804 0
    outer loop
      vertex -28.334309 -84.06321 39.425873
      vertex -28.210014 -83.95672 34.43722
      vertex -28.210014 -83.95672 39.43722
    endloop
  endfacet
  facet normal 0.6506263 -0.75939804 0
    outer loop
      vertex -28.210014 -83.95672 34.43722
      vertex -28.334309 -84.06321 39.425873
      vertex -28.334309 -84.06321 34.425873
    endloop
  endfacet
  facet normal 0.6947488 -0.7192524 0
    outer loop
      vertex -28.336212 -84.06505 39.425644
      vertex -28.334309 -84.06321 34.425873
      vertex -28.334309 -84.06321 39.425873
    endloop
  endfacet
  facet normal 0.6947488 -0.7192524 0
    outer loop
      vertex -28.334309 -84.06321 34.425873
      vertex -28.336212 -84.06505 39.425644
      vertex -28.336212 -84.06505 34.425644
    endloop
  endfacet
  facet normal 0.6950623 -0.7189495 0
    outer loop
      vertex -28.453781 -84.17871 39.41141
      vertex -28.336212 -84.06505 34.425644
      vertex -28.336212 -84.06505 39.425644
    endloop
  endfacet
  facet normal 0.6950623 -0.7189495 0
    outer loop
      vertex -28.336212 -84.06505 34.425644
      vertex -28.453781 -84.17871 39.41141
      vertex -28.453781 -84.17871 34.41141
    endloop
  endfacet
  facet normal 0.7373878 -0.6754697 0
    outer loop
      vertex -28.455612 -84.18071 39.41113
      vertex -28.453781 -84.17871 34.41141
      vertex -28.453781 -84.17871 39.41141
    endloop
  endfacet
  facet normal 0.7373878 -0.6754697 0
    outer loop
      vertex -28.453781 -84.17871 34.41141
      vertex -28.455612 -84.18071 39.41113
      vertex -28.455612 -84.18071 34.41113
    endloop
  endfacet
  facet normal 0.7370766 -0.67580926 0
    outer loop
      vertex -28.565983 -84.30109 39.39407
      vertex -28.455612 -84.18071 34.41113
      vertex -28.455612 -84.18071 39.41113
    endloop
  endfacet
  facet normal 0.7370766 -0.67580926 0
    outer loop
      vertex -28.455612 -84.18071 34.41113
      vertex -28.565983 -84.30109 39.39407
      vertex -28.565983 -84.30109 34.39407
    endloop
  endfacet
  facet normal 0.7764805 -0.63014126 0
    outer loop
      vertex -28.668663 -84.42761 39.374264
      vertex -28.565983 -84.30109 34.39407
      vertex -28.565983 -84.30109 39.39407
    endloop
  endfacet
  facet normal 0.7764805 -0.63014126 0
    outer loop
      vertex -28.565983 -84.30109 34.39407
      vertex -28.668663 -84.42761 39.374264
      vertex -28.668663 -84.42761 34.374264
    endloop
  endfacet
  facet normal 0.77578884 -0.63099265 0
    outer loop
      vertex -28.670475 -84.42984 39.373913
      vertex -28.668663 -84.42761 34.374264
      vertex -28.668663 -84.42761 39.374264
    endloop
  endfacet
  facet normal 0.77578884 -0.63099265 0
    outer loop
      vertex -28.668663 -84.42761 34.374264
      vertex -28.670475 -84.42984 39.373913
      vertex -28.670475 -84.42984 34.373913
    endloop
  endfacet
  facet normal 0.8134648 -0.5816141 0
    outer loop
      vertex -28.67215 -84.43218 39.373516
      vertex -28.670475 -84.42984 34.373913
      vertex -28.670475 -84.42984 39.373913
    endloop
  endfacet
  facet normal 0.8134648 -0.5816141 0
    outer loop
      vertex -28.670475 -84.42984 34.373913
      vertex -28.67215 -84.43218 39.373516
      vertex -28.67215 -84.43218 34.373516
    endloop
  endfacet
  facet normal 0.81317073 -0.58202523 0
    outer loop
      vertex -28.76685 -84.56449 39.351025
      vertex -28.67215 -84.43218 34.373516
      vertex -28.67215 -84.43218 39.373516
    endloop
  endfacet
  facet normal 0.81317073 -0.58202523 0
    outer loop
      vertex -28.67215 -84.43218 34.373516
      vertex -28.76685 -84.56449 39.351025
      vertex -28.76685 -84.56449 34.351025
    endloop
  endfacet
  facet normal 0.8470033 -0.53158766 0
    outer loop
      vertex -28.853077 -84.70188 39.32597
      vertex -28.76685 -84.56449 34.351025
      vertex -28.76685 -84.56449 39.351025
    endloop
  endfacet
  facet normal 0.8470033 -0.53158766 0
    outer loop
      vertex -28.76685 -84.56449 34.351025
      vertex -28.853077 -84.70188 39.32597
      vertex -28.853077 -84.70188 34.32597
    endloop
  endfacet
  facet normal 0.84674776 -0.5319946 0
    outer loop
      vertex -28.854721 -84.7045 39.325493
      vertex -28.853077 -84.70188 34.32597
      vertex -28.853077 -84.70188 39.32597
    endloop
  endfacet
  facet normal 0.84674776 -0.5319946 0
    outer loop
      vertex -28.853077 -84.70188 34.32597
      vertex -28.854721 -84.7045 39.325493
      vertex -28.854721 -84.7045 34.325493
    endloop
  endfacet
  facet normal 0.87780637 -0.47901568 0
    outer loop
      vertex -28.932209 -84.8465 39.29796
      vertex -28.854721 -84.7045 34.325493
      vertex -28.854721 -84.7045 39.325493
    endloop
  endfacet
  facet normal 0.87780637 -0.47901568 0
    outer loop
      vertex -28.854721 -84.7045 34.325493
      vertex -28.932209 -84.8465 39.29796
      vertex -28.932209 -84.8465 34.29796
    endloop
  endfacet
  facet normal 0.87821287 -0.47826996 0
    outer loop
      vertex -28.933746 -84.84932 39.297413
      vertex -28.932209 -84.8465 34.29796
      vertex -28.932209 -84.8465 39.29796
    endloop
  endfacet
  facet normal 0.87821287 -0.47826996 0
    outer loop
      vertex -28.932209 -84.8465 34.29796
      vertex -28.933746 -84.84932 39.297413
      vertex -28.933746 -84.84932 34.297413
    endloop
  endfacet
  facet normal 0.9055446 -0.4242512 0
    outer loop
      vertex -28.935108 -84.85223 39.296818
      vertex -28.933746 -84.84932 34.297413
      vertex -28.933746 -84.84932 39.297413
    endloop
  endfacet
  facet normal 0.9055446 -0.4242512 0
    outer loop
      vertex -28.933746 -84.84932 34.297413
      vertex -28.935108 -84.85223 39.296818
      vertex -28.935108 -84.85223 34.296818
    endloop
  endfacet
  facet normal 0.9054652 -0.42442057 0
    outer loop
      vertex -29.003616 -84.99838 39.2669
      vertex -28.935108 -84.85223 34.296818
      vertex -28.935108 -84.85223 39.296818
    endloop
  endfacet
  facet normal 0.9054652 -0.42442057 0
    outer loop
      vertex -28.935108 -84.85223 34.296818
      vertex -29.003616 -84.99838 39.2669
      vertex -29.003616 -84.99838 34.2669
    endloop
  endfacet
  facet normal 0.9298499 -0.36793903 0
    outer loop
      vertex -29.062763 -85.14786 39.234764
      vertex -29.003616 -84.99838 34.2669
      vertex -29.003616 -84.99838 39.2669
    endloop
  endfacet
  facet normal 0.9298499 -0.36793903 0
    outer loop
      vertex -29.003616 -84.99838 34.2669
      vertex -29.062763 -85.14786 39.234764
      vertex -29.062763 -85.14786 34.234764
    endloop
  endfacet
  facet normal 0.92997813 -0.36761487 0
    outer loop
      vertex -29.064045 -85.1511 39.234066
      vertex -29.062763 -85.14786 34.234764
      vertex -29.062763 -85.14786 39.234764
    endloop
  endfacet
  facet normal 0.92997813 -0.36761487 0
    outer loop
      vertex -29.062763 -85.14786 34.234764
      vertex -29.064045 -85.1511 39.234066
      vertex -29.064045 -85.1511 34.234066
    endloop
  endfacet
  facet normal 0.95080215 -0.3097988 0
    outer loop
      vertex -29.113678 -85.30343 39.199825
      vertex -29.064045 -85.1511 34.234066
      vertex -29.064045 -85.1511 39.234066
    endloop
  endfacet
  facet normal 0.95080215 -0.3097988 0
    outer loop
      vertex -29.064045 -85.1511 34.234066
      vertex -29.113678 -85.30343 39.199825
      vertex -29.113678 -85.30343 34.199825
    endloop
  endfacet
  facet normal 0.95086426 -0.3096081 0
    outer loop
      vertex -29.114803 -85.306885 39.19905
      vertex -29.113678 -85.30343 34.199825
      vertex -29.113678 -85.30343 39.199825
    endloop
  endfacet
  facet normal 0.95086426 -0.3096081 0
    outer loop
      vertex -29.113678 -85.30343 34.199825
      vertex -29.114803 -85.306885 39.19905
      vertex -29.114803 -85.306885 34.19905
    endloop
  endfacet
  facet normal 0.9682122 -0.25013024 0
    outer loop
      vertex -29.154732 -85.46144 39.162838
      vertex -29.114803 -85.306885 34.19905
      vertex -29.114803 -85.306885 39.19905
    endloop
  endfacet
  facet normal 0.9682122 -0.25013024 0
    outer loop
      vertex -29.114803 -85.306885 34.19905
      vertex -29.154732 -85.46144 39.162838
      vertex -29.154732 -85.46144 34.162838
    endloop
  endfacet
  facet normal 0.96809644 -0.250578 0
    outer loop
      vertex -29.155682 -85.46511 39.16198
      vertex -29.154732 -85.46144 34.162838
      vertex -29.154732 -85.46144 39.162838
    endloop
  endfacet
  facet normal 0.96809644 -0.250578 0
    outer loop
      vertex -29.154732 -85.46144 34.162838
      vertex -29.155682 -85.46511 39.16198
      vertex -29.155682 -85.46511 34.16198
    endloop
  endfacet
  facet normal 0.981949 -0.18914591 0
    outer loop
      vertex -29.156399 -85.468834 39.161076
      vertex -29.155682 -85.46511 34.16198
      vertex -29.155682 -85.46511 39.16198
    endloop
  endfacet
  facet normal 0.981949 -0.18914591 0
    outer loop
      vertex -29.155682 -85.46511 34.16198
      vertex -29.156399 -85.468834 39.161076
      vertex -29.156399 -85.468834 34.161076
    endloop
  endfacet
  facet normal 0.98194486 -0.1891673 0
    outer loop
      vertex -29.186516 -85.62517 39.123005
      vertex -29.156399 -85.468834 34.161076
      vertex -29.156399 -85.468834 39.161076
    endloop
  endfacet
  facet normal 0.98194486 -0.1891673 0
    outer loop
      vertex -29.156399 -85.468834 34.161076
      vertex -29.186516 -85.62517 39.123005
      vertex -29.186516 -85.62517 34.123005
    endloop
  endfacet
  facet normal 0.9918848 -0.12713942 0
    outer loop
      vertex -29.206661 -85.78233 39.083313
      vertex -29.186516 -85.62517 34.123005
      vertex -29.186516 -85.62517 39.123005
    endloop
  endfacet
  facet normal 0.9918848 -0.12713942 0
    outer loop
      vertex -29.186516 -85.62517 34.123005
      vertex -29.206661 -85.78233 39.083313
      vertex -29.206661 -85.78233 34.083313
    endloop
  endfacet
  facet normal 0.9918157 -0.12767777 0
    outer loop
      vertex -29.207188 -85.78642 39.082275
      vertex -29.206661 -85.78233 34.083313
      vertex -29.206661 -85.78233 39.083313
    endloop
  endfacet
  facet normal 0.9918157 -0.12767777 0
    outer loop
      vertex -29.206661 -85.78233 34.083313
      vertex -29.207188 -85.78642 39.082275
      vertex -29.207188 -85.78642 34.082275
    endloop
  endfacet
  facet normal 0.99796534 -0.063758895 0
    outer loop
      vertex -29.20745 -85.79054 39.0812
      vertex -29.207188 -85.78642 34.082275
      vertex -29.207188 -85.78642 39.082275
    endloop
  endfacet
  facet normal 0.99796534 -0.063758895 0
    outer loop
      vertex -29.207188 -85.78642 34.082275
      vertex -29.20745 -85.79054 39.0812
      vertex -29.20745 -85.79054 34.0812
    endloop
  endfacet
  facet normal 0.9979334 -0.06425666 0
    outer loop
      vertex -29.217606 -85.94825 39.039955
      vertex -29.20745 -85.79054 34.0812
      vertex -29.20745 -85.79054 39.0812
    endloop
  endfacet
  facet normal 0.9979334 -0.06425666 0
    outer loop
      vertex -29.20745 -85.79054 34.0812
      vertex -29.217606 -85.94825 39.039955
      vertex -29.217606 -85.94825 34.039955
    endloop
  endfacet
  facet normal 0.9994695 -0.03256805 0
    outer loop
      vertex -31.084347 -143.23602 23.80124
      vertex -29.217606 -85.94825 34.039955
      vertex -29.217606 -85.94825 39.039955
    endloop
  endfacet
  facet normal 0.9994695 -0.03256805 0
    outer loop
      vertex -29.217606 -85.94825 34.039955
      vertex -31.084347 -143.23602 23.80124
      vertex -31.084347 -143.23602 18.80124
    endloop
  endfacet
  facet normal 0.9999978 -0.0020985913 0
    outer loop
      vertex -31.084557 -143.336 23.774216
      vertex -31.084347 -143.23602 18.80124
      vertex -31.084347 -143.23602 23.80124
    endloop
  endfacet
  facet normal 0.9999978 -0.0020985913 0
    outer loop
      vertex -31.084347 -143.23602 18.80124
      vertex -31.084557 -143.336 23.774216
      vertex -31.084557 -143.336 18.774216
    endloop
  endfacet
  facet normal 0.99999785 -0.0020623698 0
    outer loop
      vertex -31.084713 -143.41183 23.75372
      vertex -31.084557 -143.336 18.774216
      vertex -31.084557 -143.336 23.774216
    endloop
  endfacet
  facet normal 0.99999785 -0.0020623698 0
    outer loop
      vertex -31.084557 -143.336 18.774216
      vertex -31.084713 -143.41183 23.75372
      vertex -31.084713 -143.41183 18.75372
    endloop
  endfacet
  facet normal 0.9982551 0.059049018 0
    outer loop
      vertex -31.08023 -143.48761 23.732586
      vertex -31.084713 -143.41183 18.75372
      vertex -31.084713 -143.41183 23.75372
    endloop
  endfacet
  facet normal 0.9982551 0.059049018 0
    outer loop
      vertex -31.084713 -143.41183 18.75372
      vertex -31.08023 -143.48761 23.732586
      vertex -31.08023 -143.48761 18.732586
    endloop
  endfacet
  facet normal 0.9982577 0.059004653 0
    outer loop
      vertex -31.074348 -143.58713 23.704834
      vertex -31.08023 -143.48761 18.732586
      vertex -31.08023 -143.48761 23.732586
    endloop
  endfacet
  facet normal 0.9982577 0.059004653 0
    outer loop
      vertex -31.08023 -143.48761 18.732586
      vertex -31.074348 -143.58713 23.704834
      vertex -31.074348 -143.58713 18.704834
    endloop
  endfacet
  facet normal 0.99276423 0.12008005 0
    outer loop
      vertex -31.062428 -143.68568 23.67649
      vertex -31.074348 -143.58713 18.704834
      vertex -31.074348 -143.58713 23.704834
    endloop
  endfacet
  facet normal 0.99276423 0.12008005 0
    outer loop
      vertex -31.074348 -143.58713 18.704834
      vertex -31.062428 -143.68568 23.67649
      vertex -31.062428 -143.68568 18.67649
    endloop
  endfacet
  facet normal 0.9927639 0.1200827 0
    outer loop
      vertex -31.053295 -143.76118 23.654776
      vertex -31.062428 -143.68568 18.67649
      vertex -31.062428 -143.68568 23.67649
    endloop
  endfacet
  facet normal 0.9927639 0.1200827 0
    outer loop
      vertex -31.062428 -143.68568 18.67649
      vertex -31.053295 -143.76118 23.654776
      vertex -31.053295 -143.76118 18.654776
    endloop
  endfacet
  facet normal 0.9835039 0.18088695 0
    outer loop
      vertex -31.039524 -143.83606 23.632582
      vertex -31.053295 -143.76118 18.654776
      vertex -31.053295 -143.76118 23.654776
    endloop
  endfacet
  facet normal 0.9835039 0.18088695 0
    outer loop
      vertex -31.053295 -143.76118 18.654776
      vertex -31.039524 -143.83606 23.632582
      vertex -31.039524 -143.83606 18.632582
    endloop
  endfacet
  facet normal 0.9834951 0.18093471 0
    outer loop
      vertex -31.021626 -143.93335 23.60374
      vertex -31.039524 -143.83606 18.632582
      vertex -31.039524 -143.83606 23.632582
    endloop
  endfacet
  facet normal 0.9834951 0.18093471 0
    outer loop
      vertex -31.039524 -143.83606 18.632582
      vertex -31.021626 -143.93335 23.60374
      vertex -31.021626 -143.93335 18.60374
    endloop
  endfacet
  facet normal 0.97045964 0.24126343 0
    outer loop
      vertex -31.003239 -144.00731 23.581142
      vertex -31.021626 -143.93335 18.60374
      vertex -31.021626 -143.93335 23.60374
    endloop
  endfacet
  facet normal 0.97045964 0.24126343 0
    outer loop
      vertex -31.021626 -143.93335 18.60374
      vertex -31.003239 -144.00731 23.581142
      vertex -31.003239 -144.00731 18.581142
    endloop
  endfacet
  facet normal 0.9704605 0.24126016 0
    outer loop
      vertex -30.979465 -144.10294 23.55193
      vertex -31.003239 -144.00731 18.581142
      vertex -31.003239 -144.00731 23.581142
    endloop
  endfacet
  facet normal 0.9704605 0.24126016 0
    outer loop
      vertex -31.003239 -144.00731 18.581142
      vertex -30.979465 -144.10294 23.55193
      vertex -30.979465 -144.10294 18.55193
    endloop
  endfacet
  facet normal 0.9536363 0.30096146 0
    outer loop
      vertex -30.956505 -144.17569 23.529015
      vertex -30.979465 -144.10294 18.55193
      vertex -30.979465 -144.10294 23.55193
    endloop
  endfacet
  facet normal 0.9536363 0.30096146 0
    outer loop
      vertex -30.979465 -144.10294 18.55193
      vertex -30.956505 -144.17569 23.529015
      vertex -30.956505 -144.17569 18.529015
    endloop
  endfacet
  facet normal 0.9536461 0.3009304 0
    outer loop
      vertex -30.92698 -144.26926 23.499548
      vertex -30.956505 -144.17569 18.529015
      vertex -30.956505 -144.17569 23.529015
    endloop
  endfacet
  facet normal 0.9536461 0.3009304 0
    outer loop
      vertex -30.956505 -144.17569 18.529015
      vertex -30.92698 -144.26926 23.499548
      vertex -30.92698 -144.26926 18.499548
    endloop
  endfacet
  facet normal 0.93305933 0.35972244 0
    outer loop
      vertex -30.891853 -144.36037 23.46996
      vertex -30.92698 -144.26926 18.499548
      vertex -30.92698 -144.26926 23.499548
    endloop
  endfacet
  facet normal 0.93305933 0.35972244 0
    outer loop
      vertex -30.92698 -144.26926 18.499548
      vertex -30.891853 -144.36037 23.46996
      vertex -30.891853 -144.36037 18.46996
    endloop
  endfacet
  facet normal 0.9330481 0.35975164 0
    outer loop
      vertex -30.86436 -144.43167 23.446802
      vertex -30.891853 -144.36037 18.46996
      vertex -30.891853 -144.36037 23.46996
    endloop
  endfacet
  facet normal 0.9330481 0.35975164 0
    outer loop
      vertex -30.891853 -144.36037 18.46996
      vertex -30.86436 -144.43167 23.446802
      vertex -30.86436 -144.43167 18.446802
    endloop
  endfacet
  facet normal 0.9087433 0.41735545 0
    outer loop
      vertex -30.832447 -144.50116 23.423515
      vertex -30.86436 -144.43167 18.446802
      vertex -30.86436 -144.43167 23.446802
    endloop
  endfacet
  facet normal 0.9087433 0.41735545 0
    outer loop
      vertex -30.86436 -144.43167 18.446802
      vertex -30.832447 -144.50116 23.423515
      vertex -30.832447 -144.50116 18.423515
    endloop
  endfacet
  facet normal 0.9087476 0.41734612 0
    outer loop
      vertex -30.791859 -144.58954 23.393898
      vertex -30.832447 -144.50116 18.423515
      vertex -30.832447 -144.50116 23.423515
    endloop
  endfacet
  facet normal 0.9087476 0.41734612 0
    outer loop
      vertex -30.832447 -144.50116 18.423515
      vertex -30.791859 -144.58954 23.393898
      vertex -30.791859 -144.58954 18.393898
    endloop
  endfacet
  facet normal 0.8806903 0.47369254 0
    outer loop
      vertex -30.755608 -144.65694 23.370564
      vertex -30.791859 -144.58954 18.393898
      vertex -30.791859 -144.58954 23.393898
    endloop
  endfacet
  facet normal 0.8806903 0.47369254 0
    outer loop
      vertex -30.791859 -144.58954 18.393898
      vertex -30.755608 -144.65694 23.370564
      vertex -30.755608 -144.65694 18.370564
    endloop
  endfacet
  facet normal 0.880748 0.47358525 0
    outer loop
      vertex -30.709751 -144.74222 23.341045
      vertex -30.755608 -144.65694 18.370564
      vertex -30.755608 -144.65694 23.370564
    endloop
  endfacet
  facet normal 0.880748 0.47358525 0
    outer loop
      vertex -30.755608 -144.65694 18.370564
      vertex -30.709751 -144.74222 23.341045
      vertex -30.709751 -144.74222 18.341045
    endloop
  endfacet
  facet normal 0.8490732 0.52827525 0
    outer loop
      vertex -30.658855 -144.82402 23.311754
      vertex -30.709751 -144.74222 18.341045
      vertex -30.709751 -144.74222 23.341045
    endloop
  endfacet
  facet normal 0.8490732 0.52827525 0
    outer loop
      vertex -30.709751 -144.74222 18.341045
      vertex -30.658855 -144.82402 23.311754
      vertex -30.658855 -144.82402 18.311754
    endloop
  endfacet
  facet normal 0.84913695 0.52817273 0
    outer loop
      vertex -30.618366 -144.88911 23.288454
      vertex -30.658855 -144.82402 18.311754
      vertex -30.658855 -144.82402 23.311754
    endloop
  endfacet
  facet normal 0.84913695 0.52817273 0
    outer loop
      vertex -30.658855 -144.82402 18.311754
      vertex -30.618366 -144.88911 23.288454
      vertex -30.618366 -144.88911 18.288454
    endloop
  endfacet
  facet normal 0.81393504 0.58095586 0
    outer loop
      vertex -30.57381 -144.95154 23.265303
      vertex -30.618366 -144.88911 18.288454
      vertex -30.618366 -144.88911 23.288454
    endloop
  endfacet
  facet normal 0.81393504 0.58095586 0
    outer loop
      vertex -30.618366 -144.88911 18.288454
      vertex -30.57381 -144.95154 23.265303
      vertex -30.57381 -144.95154 18.265303
    endloop
  endfacet
  facet normal 0.81389725 0.5810088 0
    outer loop
      vertex -30.518051 -145.02965 23.23633
      vertex -30.57381 -144.95154 18.265303
      vertex -30.57381 -144.95154 23.265303
    endloop
  endfacet
  facet normal 0.81389725 0.5810088 0
    outer loop
      vertex -30.57381 -144.95154 18.265303
      vertex -30.518051 -145.02965 23.23633
      vertex -30.518051 -145.02965 18.23633
    endloop
  endfacet
  facet normal 0.7752582 0.6316445 0
    outer loop
      vertex -30.457718 -145.1037 23.207811
      vertex -30.518051 -145.02965 18.23633
      vertex -30.518051 -145.02965 23.23633
    endloop
  endfacet
  facet normal 0.7752582 0.6316445 0
    outer loop
      vertex -30.518051 -145.02965 18.23633
      vertex -30.457718 -145.1037 23.207811
      vertex -30.457718 -145.1037 18.207811
    endloop
  endfacet
  facet normal 0.77532953 0.63155687 0
    outer loop
      vertex -30.409206 -145.16325 23.184881
      vertex -30.457718 -145.1037 18.207811
      vertex -30.457718 -145.1037 23.207811
    endloop
  endfacet
  facet normal 0.77532953 0.63155687 0
    outer loop
      vertex -30.457718 -145.1037 18.207811
      vertex -30.409206 -145.16325 23.184881
      vertex -30.409206 -145.16325 18.184881
    endloop
  endfacet
  facet normal 0.7333274 0.6798757 0
    outer loop
      vertex -30.344528 -145.23302 23.156914
      vertex -30.409206 -145.16325 18.184881
      vertex -30.409206 -145.16325 23.184881
    endloop
  endfacet
  facet normal 0.7333274 0.6798757 0
    outer loop
      vertex -30.409206 -145.16325 18.184881
      vertex -30.344528 -145.23302 23.156914
      vertex -30.344528 -145.23302 18.156914
    endloop
  endfacet
  facet normal 0.7333199 0.6798838 0
    outer loop
      vertex -30.292255 -145.2894 23.13431
      vertex -30.344528 -145.23302 18.156914
      vertex -30.344528 -145.23302 23.156914
    endloop
  endfacet
  facet normal 0.7333199 0.6798838 0
    outer loop
      vertex -30.344528 -145.23302 18.156914
      vertex -30.292255 -145.2894 23.13431
      vertex -30.292255 -145.2894 18.13431
    endloop
  endfacet
  facet normal 0.6882224 0.72549975 0
    outer loop
      vertex -30.223507 -145.35461 23.107002
      vertex -30.292255 -145.2894 18.13431
      vertex -30.292255 -145.2894 23.13431
    endloop
  endfacet
  facet normal 0.6882224 0.72549975 0
    outer loop
      vertex -30.292255 -145.2894 18.13431
      vertex -30.223507 -145.35461 23.107002
      vertex -30.223507 -145.35461 18.107002
    endloop
  endfacet
  facet normal 0.6882036 0.72551763 0
    outer loop
      vertex -30.167656 -145.4076 23.084818
      vertex -30.223507 -145.35461 18.107002
      vertex -30.223507 -145.35461 23.107002
    endloop
  endfacet
  facet normal 0.6882036 0.72551763 0
    outer loop
      vertex -30.223507 -145.35461 18.107002
      vertex -30.167656 -145.4076 23.084818
      vertex -30.167656 -145.4076 18.084818
    endloop
  endfacet
  facet normal 0.64007723 0.76831055 0
    outer loop
      vertex -30.10846 -145.45691 23.063154
      vertex -30.167656 -145.4076 18.084818
      vertex -30.167656 -145.4076 23.084818
    endloop
  endfacet
  facet normal 0.64007723 0.76831055 0
    outer loop
      vertex -30.167656 -145.4076 18.084818
      vertex -30.10846 -145.45691 23.063154
      vertex -30.10846 -145.45691 18.063154
    endloop
  endfacet
  facet normal 0.6401169 0.7682776 0
    outer loop
      vertex -30.0359 -145.51736 23.036598
      vertex -30.10846 -145.45691 18.063154
      vertex -30.10846 -145.45691 23.063154
    endloop
  endfacet
  facet normal 0.6401169 0.7682776 0
    outer loop
      vertex -30.10846 -145.45691 18.063154
      vertex -30.0359 -145.51736 23.036598
      vertex -30.0359 -145.51736 18.036598
    endloop
  endfacet
  facet normal 0.58909714 0.8080622 0
    outer loop
      vertex -29.95988 -145.57278 23.010918
      vertex -30.0359 -145.51736 18.036598
      vertex -30.0359 -145.51736 23.036598
    endloop
  endfacet
  facet normal 0.58909714 0.8080622 0
    outer loop
      vertex -30.0359 -145.51736 18.036598
      vertex -29.95988 -145.57278 23.010918
      vertex -29.95988 -145.57278 18.010918
    endloop
  endfacet
  facet normal 0.5892172 0.8079747 0
    outer loop
      vertex -29.897507 -145.61827 22.989847
      vertex -29.95988 -145.57278 18.010918
      vertex -29.95988 -145.57278 23.010918
    endloop
  endfacet
  facet normal 0.5892172 0.8079747 0
    outer loop
      vertex -29.95988 -145.57278 18.010918
      vertex -29.897507 -145.61827 22.989847
      vertex -29.897507 -145.61827 17.989847
    endloop
  endfacet
  facet normal 0.53553003 0.8445162 0
    outer loop
      vertex -29.832249 -145.65965 22.969477
      vertex -29.897507 -145.61827 17.989847
      vertex -29.897507 -145.61827 22.989847
    endloop
  endfacet
  facet normal 0.53553003 0.8445162 0
    outer loop
      vertex -29.897507 -145.61827 17.989847
      vertex -29.832249 -145.65965 22.969477
      vertex -29.832249 -145.65965 17.969477
    endloop
  endfacet
  facet normal 0.535583 0.84448254 0
    outer loop
      vertex -29.753021 -145.7099 22.944748
      vertex -29.832249 -145.65965 17.969477
      vertex -29.832249 -145.65965 22.969477
    endloop
  endfacet
  facet normal 0.535583 0.84448254 0
    outer loop
      vertex -29.832249 -145.65965 17.969477
      vertex -29.753021 -145.7099 22.944748
      vertex -29.753021 -145.7099 17.944748
    endloop
  endfacet
  facet normal 0.4796185 0.8774771 0
    outer loop
      vertex -29.6851 -145.74702 22.925156
      vertex -29.753021 -145.7099 17.944748
      vertex -29.753021 -145.7099 22.944748
    endloop
  endfacet
  facet normal 0.4796185 0.8774771 0
    outer loop
      vertex -29.753021 -145.7099 17.944748
      vertex -29.6851 -145.74702 22.925156
      vertex -29.6851 -145.74702 17.925156
    endloop
  endfacet
  facet normal 0.4796976 0.8774339 0
    outer loop
      vertex -29.603016 -145.7919 22.901478
      vertex -29.6851 -145.74702 17.925156
      vertex -29.6851 -145.74702 22.925156
    endloop
  endfacet
  facet normal 0.4796976 0.8774339 0
    outer loop
      vertex -29.6851 -145.74702 17.925156
      vertex -29.603016 -145.7919 22.901478
      vertex -29.603016 -145.7919 17.901478
    endloop
  endfacet
  facet normal 0.42153057 0.90681416 0
    outer loop
      vertex -29.518425 -145.83122 22.878948
      vertex -29.603016 -145.7919 17.901478
      vertex -29.603016 -145.7919 22.901478
    endloop
  endfacet
  facet normal 0.42153057 0.90681416 0
    outer loop
      vertex -29.603016 -145.7919 17.901478
      vertex -29.518425 -145.83122 22.878948
      vertex -29.518425 -145.83122 17.878948
    endloop
  endfacet
  facet normal 0.42152014 0.90681905 0
    outer loop
      vertex -29.448078 -145.86392 22.860212
      vertex -29.518425 -145.83122 17.878948
      vertex -29.518425 -145.83122 22.878948
    endloop
  endfacet
  facet normal 0.42152014 0.90681905 0
    outer loop
      vertex -29.518425 -145.83122 17.878948
      vertex -29.448078 -145.86392 22.860212
      vertex -29.448078 -145.86392 17.860212
    endloop
  endfacet
  facet normal 0.36174813 0.9322759 0
    outer loop
      vertex -29.36129 -145.8976 22.838905
      vertex -29.448078 -145.86392 17.860212
      vertex -29.448078 -145.86392 22.860212
    endloop
  endfacet
  facet normal 0.36174813 0.9322759 0
    outer loop
      vertex -29.448078 -145.86392 17.860212
      vertex -29.36129 -145.8976 22.838905
      vertex -29.36129 -145.8976 17.838905
    endloop
  endfacet
  facet normal 0.3616219 0.9323248 0
    outer loop
      vertex -29.288826 -145.9257 22.821114
      vertex -29.36129 -145.8976 17.838905
      vertex -29.36129 -145.8976 22.838905
    endloop
  endfacet
  facet normal 0.3616219 0.9323248 0
    outer loop
      vertex -29.36129 -145.8976 17.838905
      vertex -29.288826 -145.9257 22.821114
      vertex -29.288826 -145.9257 17.821114
    endloop
  endfacet
  facet normal 0.30019343 0.95387834 0
    outer loop
      vertex -29.214546 -145.94908 22.80435
      vertex -29.288826 -145.9257 17.821114
      vertex -29.288826 -145.9257 22.821114
    endloop
  endfacet
  facet normal 0.30019343 0.95387834 0
    outer loop
      vertex -29.288826 -145.9257 17.821114
      vertex -29.214546 -145.94908 22.80435
      vertex -29.214546 -145.94908 17.80435
    endloop
  endfacet
  facet normal 0.3002513 0.95386016 0
    outer loop
      vertex -29.125885 -145.97699 22.784338
      vertex -29.214546 -145.94908 17.80435
      vertex -29.214546 -145.94908 22.80435
    endloop
  endfacet
  facet normal 0.3002513 0.95386016 0
    outer loop
      vertex -29.214546 -145.94908 17.80435
      vertex -29.125885 -145.97699 22.784338
      vertex -29.125885 -145.97699 17.784338
    endloop
  endfacet
  facet normal 0.23735674 0.97142255 0
    outer loop
      vertex -29.050072 -145.99551 22.76867
      vertex -29.125885 -145.97699 17.784338
      vertex -29.125885 -145.97699 22.784338
    endloop
  endfacet
  facet normal 0.23735674 0.97142255 0
    outer loop
      vertex -29.125885 -145.97699 17.784338
      vertex -29.050072 -145.99551 22.76867
      vertex -29.050072 -145.99551 17.76867
    endloop
  endfacet
  facet normal 0.23752375 0.9713817 0
    outer loop
      vertex -28.9599 -146.01756 22.750032
      vertex -29.050072 -145.99551 17.76867
      vertex -29.050072 -145.99551 22.76867
    endloop
  endfacet
  facet normal 0.23752375 0.9713817 0
    outer loop
      vertex -29.050072 -145.99551 17.76867
      vertex -28.9599 -146.01756 22.750032
      vertex -28.9599 -146.01756 17.750032
    endloop
  endfacet
  facet normal 0.1736398 0.9848092 0
    outer loop
      vertex -28.868599 -146.03366 22.732843
      vertex -28.9599 -146.01756 17.750032
      vertex -28.9599 -146.01756 22.750032
    endloop
  endfacet
  facet normal 0.1736398 0.9848092 0
    outer loop
      vertex -28.9599 -146.01756 17.750032
      vertex -28.868599 -146.03366 22.732843
      vertex -28.868599 -146.03366 17.732843
    endloop
  endfacet
  facet normal 0.17392437 0.98475903 0
    outer loop
      vertex -28.791534 -146.04727 22.718332
      vertex -28.868599 -146.03366 17.732843
      vertex -28.868599 -146.03366 22.732843
    endloop
  endfacet
  facet normal 0.17392437 0.98475903 0
    outer loop
      vertex -28.868599 -146.03366 17.732843
      vertex -28.791534 -146.04727 22.718332
      vertex -28.791534 -146.04727 17.718332
    endloop
  endfacet
  facet normal 0.109342515 0.99400413 0
    outer loop
      vertex -28.699429 -146.0574 22.702646
      vertex -28.791534 -146.04727 17.718332
      vertex -28.791534 -146.04727 22.718332
    endloop
  endfacet
  facet normal 0.109342515 0.99400413 0
    outer loop
      vertex -28.791534 -146.04727 17.718332
      vertex -28.699429 -146.0574 22.702646
      vertex -28.699429 -146.0574 17.702646
    endloop
  endfacet
  facet normal 0.10931598 0.99400705 0
    outer loop
      vertex -28.621452 -146.06598 22.689365
      vertex -28.699429 -146.0574 17.702646
      vertex -28.699429 -146.0574 22.702646
    endloop
  endfacet
  facet normal 0.10931598 0.99400705 0
    outer loop
      vertex -28.699429 -146.0574 17.702646
      vertex -28.621452 -146.06598 22.689365
      vertex -28.621452 -146.06598 17.689365
    endloop
  endfacet
  facet normal 0.044628695 0.99900365 0
    outer loop
      vertex -28.542892 -146.06949 22.677376
      vertex -28.621452 -146.06598 17.689365
      vertex -28.621452 -146.06598 22.689365
    endloop
  endfacet
  facet normal 0.044628695 0.99900365 0
    outer loop
      vertex -28.621452 -146.06598 17.689365
      vertex -28.542892 -146.06949 22.677376
      vertex -28.542892 -146.06949 17.677376
    endloop
  endfacet
  facet normal 0.04462705 0.9990037 0
    outer loop
      vertex -28.450325 -146.07362 22.663248
      vertex -28.542892 -146.06949 17.677376
      vertex -28.542892 -146.06949 22.677376
    endloop
  endfacet
  facet normal 0.04462705 0.9990037 0
    outer loop
      vertex -28.542892 -146.06949 17.677376
      vertex -28.450325 -146.07362 22.663248
      vertex -28.450325 -146.07362 17.663248
    endloop
  endfacet
  facet normal 0.012226239 0.99992526 0
    outer loop
      vertex 59.914017 -147.15407 9.952099
      vertex -28.450325 -146.07362 17.663248
      vertex -28.450325 -146.07362 22.663248
    endloop
  endfacet
  facet normal 0.012226239 0.99992526 0
    outer loop
      vertex -28.450325 -146.07362 17.663248
      vertex 59.914017 -147.15407 9.952099
      vertex 59.914017 -147.15407 4.9520984
    endloop
  endfacet
  facet normal -0.019267399 0.9998144 0
    outer loop
      vertex 59.955982 -147.15326 9.946419
      vertex 59.914017 -147.15407 4.9520984
      vertex 59.914017 -147.15407 9.952099
    endloop
  endfacet
  facet normal -0.019267399 0.9998144 0
    outer loop
      vertex 59.914017 -147.15407 4.9520984
      vertex 59.955982 -147.15326 9.946419
      vertex 59.955982 -147.15326 4.9464183
    endloop
  endfacet
  facet normal 0.13441038 -0.25880086 0.9565333
    outer loop
      vertex 59.955982 -147.15326 4.9464183
      vertex 62.73434 -144.32613 5.320921
      vertex 62.734245 -144.28271 5.3326797
    endloop
  endfacet
  facet normal 0.13391382 -0.258828 0.9565956
    outer loop
      vertex 62.73434 -144.32613 5.320921
      vertex 62.72615 -144.60324 5.247088
      vertex 62.73464 -144.46484 5.283346
    endloop
  endfacet
  facet normal 0.13466708 -0.2588225 0.95649135
    outer loop
      vertex 62.73434 -144.32613 5.320921
      vertex 62.718185 -144.6886 5.225112
      vertex 62.72615 -144.60324 5.247088
    endloop
  endfacet
  facet normal 0.13463092 -0.25882056 0.95649695
    outer loop
      vertex 62.72615 -144.60324 5.247088
      vertex 62.718185 -144.6886 5.225112
      vertex 62.72352 -144.64615 5.235848
    endloop
  endfacet
  facet normal 0.13447036 -0.25882113 0.95651937
    outer loop
      vertex 62.73434 -144.32613 5.320921
      vertex 62.674923 -144.96187 5.157251
      vertex 62.718185 -144.6886 5.225112
    endloop
  endfacet
  facet normal 0.13470003 -0.25884768 0.9564799
    outer loop
      vertex 62.718185 -144.6886 5.225112
      vertex 62.674923 -144.96187 5.157251
      vertex 62.70093 -144.82594 5.190373
    endloop
  endfacet
  facet normal 0.13436267 -0.25881538 0.95653605
    outer loop
      vertex 62.73434 -144.32613 5.320921
      vertex 62.632294 -145.13734 5.1157594
      vertex 62.674923 -144.96187 5.157251
    endloop
  endfacet
  facet normal 0.13406277 -0.25875625 0.95659417
    outer loop
      vertex 62.674923 -144.96187 5.157251
      vertex 62.632294 -145.13734 5.1157594
      vertex 62.666958 -145.00351 5.1471033
    endloop
  endfacet
  facet normal 0.1344657 -0.25882408 0.95651925
    outer loop
      vertex 62.73434 -144.32613 5.320921
      vertex 62.57852 -145.30934 5.076778
      vertex 62.632294 -145.13734 5.1157594
    endloop
  endfacet
  facet normal 0.13364449 -0.25860673 0.9566931
    outer loop
      vertex 62.632294 -145.13734 5.1157594
      vertex 62.57852 -145.30934 5.076778
      vertex 62.62173 -145.17813 5.1062098
    endloop
  endfacet
  facet normal 0.1345577 -0.25883472 0.95650345
    outer loop
      vertex 62.73434 -144.32613 5.320921
      vertex 62.549835 -145.38782 5.0595775
      vertex 62.57852 -145.30934 5.076778
    endloop
  endfacet
  facet normal 0.13381821 -0.25860098 0.9566704
    outer loop
      vertex 62.57852 -145.30934 5.076778
      vertex 62.549835 -145.38782 5.0595775
      vertex 62.565426 -145.34912 5.067857
    endloop
  endfacet
  facet normal 0.13442887 -0.2588179 0.9565261
    outer loop
      vertex 62.73434 -144.32613 5.320921
      vertex 62.438465 -145.64015 5.0069523
      vertex 62.549835 -145.38782 5.0595775
    endloop
  endfacet
  facet normal 0.13468814 -0.25891903 0.95646226
    outer loop
      vertex 62.549835 -145.38782 5.0595775
      vertex 62.438465 -145.64015 5.0069523
      vertex 62.498264 -145.5158 5.032196
    endloop
  endfacet
  facet normal 0.13438267 -0.2588096 0.95653486
    outer loop
      vertex 62.73434 -144.32613 5.320921
      vertex 62.352737 -145.79764 4.976385
      vertex 62.438465 -145.64015 5.0069523
    endloop
  endfacet
  facet normal 0.13485442 -0.25904134 0.9564057
    outer loop
      vertex 62.438465 -145.64015 5.0069523
      vertex 62.352737 -145.79764 4.976385
      vertex 62.42051 -145.67749 4.999371
    endloop
  endfacet
  facet normal 0.13451433 -0.25883764 0.95650876
    outer loop
      vertex 62.73434 -144.32613 5.320921
      vertex 62.30994 -145.86803 4.963356
      vertex 62.352737 -145.79764 4.976385
    endloop
  endfacet
  facet normal 0.1346721 -0.25892505 0.95646286
    outer loop
      vertex 62.352737 -145.79764 4.976385
      vertex 62.30994 -145.86803 4.963356
      vertex 62.332466 -145.83357 4.9695115
    endloop
  endfacet
  facet normal 0.13440405 -0.25881246 0.95653105
    outer loop
      vertex 62.73434 -144.32613 5.320921
      vertex 62.15157 -146.09367 4.924555
      vertex 62.30994 -145.86803 4.963356
    endloop
  endfacet
  facet normal 0.13449514 -0.25887144 0.9565023
    outer loop
      vertex 62.30994 -145.86803 4.963356
      vertex 62.15157 -146.09367 4.924555
      vertex 62.23448 -145.98341 4.9427376
    endloop
  endfacet
  facet normal 0.13446413 -0.25882936 0.95651805
    outer loop
      vertex 62.73434 -144.32613 5.320921
      vertex 62.100258 -146.15744 4.914513
      vertex 62.15157 -146.09367 4.924555
    endloop
  endfacet
  facet normal 0.13450968 -0.25886354 0.9565024
    outer loop
      vertex 62.15157 -146.09367 4.924555
      vertex 62.100258 -146.15744 4.914513
      vertex 62.12694 -146.12642 4.919156
    endloop
  endfacet
  facet normal 0.1344332 -0.25882015 0.9565249
    outer loop
      vertex 62.73434 -144.32613 5.320921
      vertex 61.981667 -146.29117 4.8949957
      vertex 62.100258 -146.15744 4.914513
    endloop
  endfacet
  facet normal 0.13466579 -0.25901398 0.9564397
    outer loop
      vertex 62.100258 -146.15744 4.914513
      vertex 61.981667 -146.29117 4.8949957
      vertex 62.010277 -146.26202 4.89886
    endloop
  endfacet
  facet normal 0.13444418 -0.2588238 0.95652235
    outer loop
      vertex 62.73434 -144.32613 5.320921
      vertex 61.85452 -146.41685 4.8788576
      vertex 61.981667 -146.29117 4.8949957
    endloop
  endfacet
  facet normal 0.13530111 -0.25964653 0.9561785
    outer loop
      vertex 61.981667 -146.29117 4.8949957
      vertex 61.85452 -146.41685 4.8788576
      vertex 61.884945 -146.38968 4.881932
    endloop
  endfacet
  facet normal 0.13442439 -0.25881648 0.9565271
    outer loop
      vertex 62.73434 -144.32613 5.320921
      vertex 61.642406 -146.59409 4.8607116
      vertex 61.85452 -146.41685 4.8788576
    endloop
  endfacet
  facet normal 0.13433973 -0.2587191 0.9565654
    outer loop
      vertex 61.85452 -146.41685 4.8788576
      vertex 61.642406 -146.59409 4.8607116
      vertex 61.751442 -146.5089 4.8684397
    endloop
  endfacet
  facet normal 0.13445707 -0.25883052 0.9565187
    outer loop
      vertex 62.73434 -144.32613 5.320921
      vertex 61.576595 -146.64212 4.8569646
      vertex 61.642406 -146.59409 4.8607116
    endloop
  endfacet
  facet normal 0.13461395 -0.2590393 0.95644015
    outer loop
      vertex 61.642406 -146.59409 4.8607116
      vertex 61.576595 -146.64212 4.8569646
      vertex 61.6103 -146.61917 4.8584366
    endloop
  endfacet
  facet normal 0.13443616 -0.25882116 0.9565242
    outer loop
      vertex 62.73434 -144.32613 5.320921
      vertex 61.342518 -146.79053 4.8497066
      vertex 61.576595 -146.64212 4.8569646
    endloop
  endfacet
  facet normal 0.13441546 -0.2587891 0.95653576
    outer loop
      vertex 61.576595 -146.64212 4.8569646
      vertex 61.342518 -146.79053 4.8497066
      vertex 61.46208 -146.7201 4.8519616
    endloop
  endfacet
  facet normal 0.1344218 -0.25881383 0.9565282
    outer loop
      vertex 62.73434 -144.32613 5.320921
      vertex 61.18326 -146.87384 4.8495445
      vertex 61.342518 -146.79053 4.8497066
    endloop
  endfacet
  facet normal 0.13465154 -0.25925267 0.956377
    outer loop
      vertex 61.342518 -146.79053 4.8497066
      vertex 61.18326 -146.87384 4.8495445
      vertex 61.307365 -146.81123 4.849043
    endloop
  endfacet
  facet normal 0.13440825 -0.2588063 0.9565321
    outer loop
      vertex 62.73434 -144.32613 5.320921
      vertex 61.109093 -146.90828 4.8506484
      vertex 61.18326 -146.87384 4.8495445
    endloop
  endfacet
  facet normal 0.1346144 -0.25925508 0.9563816
    outer loop
      vertex 61.18326 -146.87384 4.8495445
      vertex 61.109093 -146.90828 4.8506484
      vertex 61.146774 -146.89224 4.849692
    endloop
  endfacet
  facet normal 0.13443336 -0.25882074 0.95652467
    outer loop
      vertex 62.73434 -144.32613 5.320921
      vertex 60.942204 -146.97641 4.8556685
      vertex 61.109093 -146.90828 4.8506484
    endloop
  endfacet
  facet normal 0.13478775 -0.25971028 0.9562337
    outer loop
      vertex 61.109093 -146.90828 4.8506484
      vertex 60.942204 -146.97641 4.8556685
      vertex 60.980946 -146.9628 4.8539042
    endloop
  endfacet
  facet normal 0.13443512 -0.25882185 0.95652413
    outer loop
      vertex 62.73434 -144.32613 5.320921
      vertex 60.675922 -147.06038 4.8703723
      vertex 60.942204 -146.97641 4.8556685
    endloop
  endfacet
  facet normal 0.13443062 -0.25881904 0.95652556
    outer loop
      vertex 59.914017 -147.15407 4.9520984
      vertex 62.734245 -144.28271 5.3326797
      vertex 60.73435 -84.98602 21.658392
    endloop
  endfacet
  facet normal 0.13441856 -0.25883228 0.95652366
    outer loop
      vertex 57.862003 -82.36066 22.772453
      vertex 60.73435 -84.98602 21.658392
      vertex 60.727173 -84.87848 21.688501
    endloop
  endfacet
  facet normal 0.13471593 -0.25877145 0.95649827
    outer loop
      vertex 60.715336 -84.75972 21.722298
      vertex 60.727173 -84.87848 21.688501
      vertex 60.7232 -84.818886 21.705183
    endloop
  endfacet
  facet normal 0.13444215 -0.25880697 0.9565272
    outer loop
      vertex 60.727173 -84.87848 21.688501
      vertex 60.715336 -84.75972 21.722298
      vertex 57.862003 -82.36066 22.772453
    endloop
  endfacet
  facet normal 0.13424137 -0.25886407 0.9565399
    outer loop
      vertex 60.679783 -84.5461 21.785099
      vertex 60.715336 -84.75972 21.722298
      vertex 60.701088 -84.65257 21.753294
    endloop
  endfacet
  facet normal 0.13442221 -0.25882927 0.95652395
    outer loop
      vertex 60.715336 -84.75972 21.722298
      vertex 60.679783 -84.5461 21.785099
      vertex 57.862003 -82.36066 22.772453
    endloop
  endfacet
  facet normal 0.13445388 -0.25884068 0.95651644
    outer loop
      vertex 59.955982 -147.15326 4.9464183
      vertex 62.734245 -144.28271 5.3326797
      vertex 59.914017 -147.15407 4.9520984
    endloop
  endfacet
  facet normal 0.13468811 -0.25874707 0.9565088
    outer loop
      vertex 60.65266 -84.43027 21.820251
      vertex 60.679783 -84.5461 21.785099
      vertex 60.668102 -84.48773 21.802532
    endloop
  endfacet
  facet normal 0.13443714 -0.2588113 0.9565267
    outer loop
      vertex 60.679783 -84.5461 21.785099
      vertex 60.65266 -84.43027 21.820251
      vertex 57.862003 -82.36066 22.772453
    endloop
  endfacet
  facet normal 0.13442633 -0.2588157 0.95652705
    outer loop
      vertex 62.73434 -144.32613 5.320921
      vertex 59.955982 -147.15326 4.9464183
      vertex 60.675922 -147.06038 4.8703723
    endloop
  endfacet
  facet normal 0.13433084 -0.2588543 0.95653003
    outer loop
      vertex 60.605274 -84.268745 21.870617
      vertex 60.65266 -84.43027 21.820251
      vertex 60.62438 -84.32503 21.852703
    endloop
  endfacet
  facet normal 0.13442661 -0.2588245 0.9565246
    outer loop
      vertex 60.65266 -84.43027 21.820251
      vertex 60.605274 -84.268745 21.870617
      vertex 57.862003 -82.36066 22.772453
    endloop
  endfacet
  facet normal 0.13475631 -0.2586872 0.9565154
    outer loop
      vertex 60.547432 -84.11021 21.921642
      vertex 60.605274 -84.268745 21.870617
      vertex 60.57009 -84.165085 21.903608
    endloop
  endfacet
  facet normal 0.13444012 -0.2588065 0.9565276
    outer loop
      vertex 60.605274 -84.268745 21.870617
      vertex 60.547432 -84.11021 21.921642
      vertex 57.862003 -82.36066 22.772453
    endloop
  endfacet
  facet normal 0.13430463 -0.25888175 0.9565263
    outer loop
      vertex 60.456806 -83.90923 21.98876
      vertex 60.547432 -84.11021 21.921642
      vertex 60.505463 -84.00855 21.955048
    endloop
  endfacet
  facet normal 0.13441944 -0.25876927 0.9565406
    outer loop
      vertex 60.942204 -146.97641 4.8556685
      vertex 60.675922 -147.06038 4.8703723
      vertex 60.81054 -147.02264 4.8616633
    endloop
  endfacet
  facet normal 0.1344338 -0.2588913 0.95650554
    outer loop
      vertex 60.499195 -147.1006 4.884324
      vertex 60.675922 -147.06038 4.8703723
      vertex 59.955982 -147.15326 4.9464183
    endloop
  endfacet
  facet normal 0.13442616 -0.25882626 0.9565242
    outer loop
      vertex 60.547432 -84.11021 21.921642
      vertex 60.456806 -83.90923 21.98876
      vertex 57.862003 -82.36066 22.772453
    endloop
  endfacet
  facet normal 0.13426647 -0.2588951 0.956528
    outer loop
      vertex 60.40135 -83.80458 22.02487
      vertex 60.456806 -83.90923 21.98876
      vertex 60.430748 -83.85603 22.006817
    endloop
  endfacet
  facet normal 0.1344729 -0.25908303 0.95644814
    outer loop
      vertex 60.675922 -147.06038 4.8703723
      vertex 60.499195 -147.1006 4.884324
      vertex 60.636234 -147.0715 4.872939
    endloop
  endfacet
  facet normal 0.13444169 -0.2588024 0.9565285
    outer loop
      vertex 60.456806 -83.90923 21.98876
      vertex 60.40135 -83.80458 22.02487
      vertex 57.862003 -82.36066 22.772453
    endloop
  endfacet
  facet normal 0.13379288 -0.2592049 0.9565105
    outer loop
      vertex 60.31369 -83.65868 22.076668
      vertex 60.40135 -83.80458 22.02487
      vertex 60.34625 -83.708145 22.05871
    endloop
  endfacet
  facet normal 0.13442451 -0.25883 0.9565234
    outer loop
      vertex 60.40135 -83.80458 22.02487
      vertex 60.31369 -83.65868 22.076668
      vertex 57.862003 -82.36066 22.772453
    endloop
  endfacet
  facet normal 0.13422115 -0.25745213 0.9569238
    outer loop
      vertex 60.499195 -147.1006 4.884324
      vertex 60.417633 -147.11522 4.8918314
      vertex 60.458717 -147.1092 4.8876863
    endloop
  endfacet
  facet normal 0.13451116 -0.2587615 0.9565298
    outer loop
      vertex 60.184803 -83.47572 22.144287
      vertex 60.31369 -83.65868 22.076668
      vertex 60.252304 -83.565445 22.110523
    endloop
  endfacet
  facet normal 0.13442883 -0.2588146 0.956527
    outer loop
      vertex 60.499195 -147.1006 4.884324
      vertex 59.955982 -147.15326 4.9464183
      vertex 60.417633 -147.11522 4.8918314
    endloop
  endfacet
  facet normal 0.13443321 -0.25881508 0.9565262
    outer loop
      vertex 60.31369 -83.65868 22.076668
      vertex 60.184803 -83.47572 22.144287
      vertex 57.862003 -82.36066 22.772453
    endloop
  endfacet
  facet normal 0.13375519 -0.25933626 0.95648015
    outer loop
      vertex 60.110878 -83.38358 22.179607
      vertex 60.184803 -83.47572 22.144287
      vertex 60.14929 -83.42851 22.162054
    endloop
  endfacet
  facet normal 0.13443744 -0.25880715 0.9565278
    outer loop
      vertex 60.184803 -83.47572 22.144287
      vertex 60.110878 -83.38358 22.179607
      vertex 57.862003 -82.36066 22.772453
    endloop
  endfacet
  facet normal 0.13436322 -0.25818747 0.9567057
    outer loop
      vertex 60.417633 -147.11522 4.8918314
      vertex 60.23712 -147.139 4.9107633
      vertex 60.278694 -147.13559 4.905847
    endloop
  endfacet
  facet normal 0.13456507 -0.25871035 0.95653605
    outer loop
      vertex 59.958725 -83.216415 22.246225
      vertex 60.110878 -83.38358 22.179607
      vertex 60.037605 -83.297874 22.213097
    endloop
  endfacet
  facet normal 0.13442422 -0.25883317 0.9565226
    outer loop
      vertex 60.110878 -83.38358 22.179607
      vertex 59.958725 -83.216415 22.246225
      vertex 57.862003 -82.36066 22.772453
    endloop
  endfacet
  facet normal 0.1344174 -0.25804067 0.9567377
    outer loop
      vertex 60.23712 -147.139 4.9107633
      vertex 59.955982 -147.15326 4.9464183
      vertex 60.09689 -147.15057 4.9273458
    endloop
  endfacet
  facet normal 0.13419838 -0.25905064 0.95649546
    outer loop
      vertex 59.83357 -83.097244 22.29606
      vertex 59.958725 -83.216415 22.246225
      vertex 59.917706 -83.17406 22.263453
    endloop
  endfacet
  facet normal 0.13443041 -0.25884652 0.9565181
    outer loop
      vertex 60.417633 -147.11522 4.8918314
      vertex 59.955982 -147.15326 4.9464183
      vertex 60.23712 -147.139 4.9107633
    endloop
  endfacet
  facet normal 0.13443062 -0.25881928 0.9565255
    outer loop
      vertex 59.958725 -83.216415 22.246225
      vertex 59.83357 -83.097244 22.29606
      vertex 57.862003 -82.36066 22.772453
    endloop
  endfacet
  facet normal 0.13453677 -0.2586951 0.95654416
    outer loop
      vertex 59.70098 -82.98569 22.34488
      vertex 59.83357 -83.097244 22.29606
      vertex 59.790062 -83.057526 22.312922
    endloop
  endfacet
  facet normal 0.1344351 -0.25880873 0.9565277
    outer loop
      vertex 59.83357 -83.097244 22.29606
      vertex 59.70098 -82.98569 22.34488
      vertex 57.862003 -82.36066 22.772453
    endloop
  endfacet
  facet normal 0.13447048 -0.25876307 0.9565351
    outer loop
      vertex 59.607216 -82.91467 22.377272
      vertex 59.70098 -82.98569 22.34488
      vertex 59.65518 -82.94875 22.36131
    endloop
  endfacet
  facet normal 0.13443665 -0.25880477 0.95652854
    outer loop
      vertex 59.70098 -82.98569 22.34488
      vertex 59.607216 -82.91467 22.377272
      vertex 57.862003 -82.36066 22.772453
    endloop
  endfacet
  facet normal 0.13418975 -0.25915724 0.9564678
    outer loop
      vertex 59.415672 -82.787155 22.438696
      vertex 59.607216 -82.91467 22.377272
      vertex 59.513596 -82.84816 22.408428
    endloop
  endfacet
  facet normal 0.13442944 -0.2588244 0.95652425
    outer loop
      vertex 59.607216 -82.91467 22.377272
      vertex 59.415672 -82.787155 22.438696
      vertex 57.862003 -82.36066 22.772453
    endloop
  endfacet
  facet normal 0.13422634 -0.25914416 0.9564662
    outer loop
      vertex 59.3143 -82.72818 22.4689
      vertex 59.415672 -82.787155 22.438696
      vertex 59.365868 -82.756134 22.45409
    endloop
  endfacet
  facet normal 0.13442923 -0.25882506 0.95652413
    outer loop
      vertex 59.415672 -82.787155 22.438696
      vertex 59.3143 -82.72818 22.4689
      vertex 57.862003 -82.36066 22.772453
    endloop
  endfacet
  facet normal 0.13462183 -0.25848684 0.9565885
    outer loop
      vertex 59.159523 -82.64828 22.512274
      vertex 59.3143 -82.72818 22.4689
      vertex 59.212578 -82.673035 22.498117
    endloop
  endfacet
  facet normal 0.13442929 -0.25882488 0.95652413
    outer loop
      vertex 59.3143 -82.72818 22.4689
      vertex 59.159523 -82.64828 22.512274
      vertex 57.862003 -82.36066 22.772453
    endloop
  endfacet
  facet normal 0.13427682 -0.25913325 0.9564621
    outer loop
      vertex 58.946026 -82.55635 22.567152
      vertex 59.159523 -82.64828 22.512274
      vertex 59.054333 -82.5992 22.540339
    endloop
  endfacet
  facet normal 0.1344338 -0.25880805 0.95652807
    outer loop
      vertex 59.159523 -82.64828 22.512274
      vertex 58.946026 -82.55635 22.567152
      vertex 57.862003 -82.36066 22.772453
    endloop
  endfacet
  facet normal 0.13467102 -0.2582421 0.95664763
    outer loop
      vertex 58.78082 -82.49852 22.60602
      vertex 58.946026 -82.55635 22.567152
      vertex 58.891754 -82.53489 22.580585
    endloop
  endfacet
  facet normal 0.13442007 -0.25886887 0.9565135
    outer loop
      vertex 58.946026 -82.55635 22.567152
      vertex 58.78082 -82.49852 22.60602
      vertex 57.862003 -82.36066 22.772453
    endloop
  endfacet
  facet normal 0.13459161 -0.25831988 0.9566378
    outer loop
      vertex 58.669243 -82.46559 22.63061
      vertex 58.78082 -82.49852 22.60602
      vertex 58.725487 -82.48038 22.618704
    endloop
  endfacet
  facet normal 0.1344425 -0.25875336 0.95654166
    outer loop
      vertex 58.78082 -82.49852 22.60602
      vertex 58.669243 -82.46559 22.63061
      vertex 57.862003 -82.36066 22.772453
    endloop
  endfacet
  facet normal 0.13430087 -0.25925037 0.956427
    outer loop
      vertex 58.499302 -82.424484 22.665615
      vertex 58.669243 -82.46559 22.63061
      vertex 58.55618 -82.43587 22.654543
    endloop
  endfacet
  facet normal 0.13443924 -0.2587721 0.956537
    outer loop
      vertex 58.669243 -82.46559 22.63061
      vertex 58.499302 -82.424484 22.665615
      vertex 57.862003 -82.36066 22.772453
    endloop
  endfacet
  facet normal 0.13441475 -0.2588868 0.9565094
    outer loop
      vertex 58.26836 -82.38542 22.708641
      vertex 58.499302 -82.424484 22.665615
      vertex 58.3845 -82.40152 22.687963
    endloop
  endfacet
  facet normal 0.13443914 -0.2587728 0.9565369
    outer loop
      vertex 58.499302 -82.424484 22.665615
      vertex 58.26836 -82.38542 22.708641
      vertex 57.862003 -82.36066 22.772453
    endloop
  endfacet
  facet normal 0.13442965 -0.25895324 0.9564893
    outer loop
      vertex 58.09417 -82.36835 22.737745
      vertex 58.26836 -82.38542 22.708641
      vertex 58.21112 -82.37749 22.718834
    endloop
  endfacet
  facet normal 0.13439798 -0.25917935 0.9564326
    outer loop
      vertex 58.26836 -82.38542 22.708641
      vertex 58.09417 -82.36835 22.737745
      vertex 57.862003 -82.36066 22.772453
    endloop
  endfacet
  facet normal 0.13444167 -0.25844193 0.95662594
    outer loop
      vertex 57.97925 -82.3628 22.755394
      vertex 58.09417 -82.36835 22.737745
      vertex 58.036728 -82.363846 22.747034
    endloop
  endfacet
  facet normal 0.13449404 -0.2578456 0.9567795
    outer loop
      vertex 57.862003 -82.36066 22.772453
      vertex 58.09417 -82.36835 22.737745
      vertex 57.97925 -82.3628 22.755394
    endloop
  endfacet
  facet normal 0.13443138 -0.25881904 0.95652544
    outer loop
      vertex 60.73435 -84.98602 21.658392
      vertex 57.862003 -82.36066 22.772453
      vertex 59.914017 -147.15407 4.9520984
    endloop
  endfacet
  facet normal 0.1344309 -0.25881907 0.9565255
    outer loop
      vertex -26.527016 -83.3461 34.365913
      vertex 59.914017 -147.15407 4.9520984
      vertex 57.862003 -82.36066 22.772453
    endloop
  endfacet
  facet normal 0.13443254 -0.2588206 0.95652485
    outer loop
      vertex -29.217606 -85.94825 34.039955
      vertex -26.527016 -83.3461 34.365913
      vertex -26.688217 -83.35297 34.38671
    endloop
  endfacet
  facet normal 0.13429801 -0.25504738 0.9575567
    outer loop
      vertex -26.693787 -83.35338 34.387383
      vertex -26.688217 -83.35297 34.38671
      vertex -26.691006 -83.35309 34.38707
    endloop
  endfacet
  facet normal 0.13445318 -0.25883964 0.9565168
    outer loop
      vertex -26.688217 -83.35297 34.38671
      vertex -26.693787 -83.35338 34.387383
      vertex -29.217606 -85.94825 34.039955
    endloop
  endfacet
  facet normal 0.13421817 -0.25607353 0.957294
    outer loop
      vertex -26.857323 -83.37063 34.405697
      vertex -26.693787 -83.35338 34.387383
      vertex -26.854641 -83.37018 34.40544
    endloop
  endfacet
  facet normal 0.1344212 -0.2588102 0.95652926
    outer loop
      vertex -26.693787 -83.35338 34.387383
      vertex -26.857323 -83.37063 34.405697
      vertex -29.217606 -85.94825 34.039955
    endloop
  endfacet
  facet normal 0.13444862 -0.25883386 0.956519
    outer loop
      vertex -29.217606 -85.94825 34.039955
      vertex -26.857323 -83.37063 34.405697
      vertex -27.017284 -83.397316 34.42096
    endloop
  endfacet
  facet normal 0.1344059 -0.25879928 0.9565344
    outer loop
      vertex -29.217606 -85.94825 34.039955
      vertex -27.017284 -83.397316 34.42096
      vertex -27.175766 -83.4338 34.433357
    endloop
  endfacet
  facet normal 0.13730238 -0.26924196 0.9532349
    outer loop
      vertex -27.334587 -83.480515 34.44304
      vertex -27.175766 -83.4338 34.433357
      vertex -27.178295 -83.43439 34.433556
    endloop
  endfacet
  facet normal 0.13443856 -0.25882405 0.95652306
    outer loop
      vertex -27.175766 -83.4338 34.433357
      vertex -27.334587 -83.480515 34.44304
      vertex -29.217606 -85.94825 34.039955
    endloop
  endfacet
  facet normal 0.13161193 -0.24841751 0.9596703
    outer loop
      vertex -27.339447 -83.48212 34.44329
      vertex -27.334587 -83.480515 34.44304
      vertex -27.33704 -83.48124 34.443188
    endloop
  endfacet
  facet normal 0.1350014 -0.25922295 0.9563358
    outer loop
      vertex -27.334587 -83.480515 34.44304
      vertex -27.339447 -83.48212 34.44329
      vertex -29.217606 -85.94825 34.039955
    endloop
  endfacet
  facet normal 0.12831935 -0.2413551 0.96191573
    outer loop
      vertex -27.495224 -83.53871 34.44987
      vertex -27.339447 -83.48212 34.44329
      vertex -27.4929 -83.537704 34.449814
    endloop
  endfacet
  facet normal 0.1344384 -0.25882477 0.9565229
    outer loop
      vertex -27.339447 -83.48212 34.44329
      vertex -27.495224 -83.53871 34.44987
      vertex -29.217606 -85.94825 34.039955
    endloop
  endfacet
  facet normal 0.13440469 -0.2588025 0.9565337
    outer loop
      vertex -29.217606 -85.94825 34.039955
      vertex -27.495224 -83.53871 34.44987
      vertex -27.64526 -83.603546 34.45341
    endloop
  endfacet
  facet normal 0.1344339 -0.2588205 0.95652467
    outer loop
      vertex -29.217606 -85.94825 34.039955
      vertex -27.64526 -83.603546 34.45341
      vertex -27.791283 -83.677376 34.453957
    endloop
  endfacet
  facet normal 0.13271394 -0.2558839 0.9575544
    outer loop
      vertex -27.934937 -83.76103 34.45151
      vertex -27.791283 -83.677376 34.453957
      vertex -27.79353 -83.67851 34.453964
    endloop
  endfacet
  facet normal 0.13444555 -0.2588272 0.9565212
    outer loop
      vertex -27.791283 -83.677376 34.453957
      vertex -27.934937 -83.76103 34.45151
      vertex -29.217606 -85.94825 34.039955
    endloop
  endfacet
  facet normal 0.11954554 -0.23537602 0.9645242
    outer loop
      vertex -27.939224 -83.76371 34.45139
      vertex -27.934937 -83.76103 34.45151
      vertex -27.937122 -83.7623 34.451473
    endloop
  endfacet
  facet normal 0.1344067 -0.2588065 0.9565323
    outer loop
      vertex -27.934937 -83.76103 34.45151
      vertex -27.939224 -83.76371 34.45139
      vertex -29.217606 -85.94825 34.039955
    endloop
  endfacet
  facet normal 0.13443972 -0.25882405 0.9565229
    outer loop
      vertex -29.217606 -85.94825 34.039955
      vertex -27.939224 -83.76371 34.45139
      vertex -28.075474 -83.8546 34.445946
    endloop
  endfacet
  facet normal 0.13440941 -0.25880912 0.9565312
    outer loop
      vertex -29.217606 -85.94825 34.039955
      vertex -28.075474 -83.8546 34.445946
      vertex -28.205975 -83.95346 34.437534
    endloop
  endfacet
  facet normal 0.13987242 -0.26505357 0.95403475
    outer loop
      vertex -28.210014 -83.95672 34.43722
      vertex -28.205975 -83.95346 34.437534
      vertex -28.208042 -83.95503 34.4374
    endloop
  endfacet
  facet normal 0.13479124 -0.2589827 0.9564305
    outer loop
      vertex -28.205975 -83.95346 34.437534
      vertex -28.210014 -83.95672 34.43722
      vertex -29.217606 -85.94825 34.039955
    endloop
  endfacet
  facet normal 0.13013768 -0.25403064 0.9584011
    outer loop
      vertex -28.336212 -84.06505 34.425644
      vertex -28.210014 -83.95672 34.43722
      vertex -28.334309 -84.06321 34.425873
    endloop
  endfacet
  facet normal 0.13441303 -0.25881124 0.95653015
    outer loop
      vertex -28.210014 -83.95672 34.43722
      vertex -28.336212 -84.06505 34.425644
      vertex -29.217606 -85.94825 34.039955
    endloop
  endfacet
  facet normal 0.13443096 -0.25881904 0.9565255
    outer loop
      vertex -26.527016 -83.3461 34.365913
      vertex -29.217606 -85.94825 34.039955
      vertex -28.450325 -146.07362 17.663248
    endloop
  endfacet
  facet normal 0.12961678 -0.25408748 0.9584566
    outer loop
      vertex -28.455612 -84.18071 34.41113
      vertex -28.336212 -84.06505 34.425644
      vertex -28.453781 -84.17871 34.41141
    endloop
  endfacet
  facet normal 0.13443737 -0.25882134 0.95652395
    outer loop
      vertex -28.336212 -84.06505 34.425644
      vertex -28.455612 -84.18071 34.41113
      vertex -29.217606 -85.94825 34.039955
    endloop
  endfacet
  facet normal 0.13443092 -0.25881904 0.9565255
    outer loop
      vertex -26.527016 -83.3461 34.365913
      vertex -28.450325 -146.07362 17.663248
      vertex 59.914017 -147.15407 4.9520984
    endloop
  endfacet
  facet normal 0.13444461 -0.2588241 0.9565222
    outer loop
      vertex -29.217606 -85.94825 34.039955
      vertex -28.455612 -84.18071 34.41113
      vertex -28.565983 -84.30109 34.39407
    endloop
  endfacet
  facet normal 0.13443096 -0.25881904 0.9565255
    outer loop
      vertex -31.084347 -143.23602 18.80124
      vertex -28.450325 -146.07362 17.663248
      vertex -29.217606 -85.94825 34.039955
    endloop
  endfacet
  facet normal 0.13441436 -0.25881365 0.95652926
    outer loop
      vertex -29.217606 -85.94825 34.039955
      vertex -28.565983 -84.30109 34.39407
      vertex -28.668663 -84.42761 34.374264
    endloop
  endfacet
  facet normal 0.11589454 -0.24586666 0.96235025
    outer loop
      vertex -28.67215 -84.43218 34.373516
      vertex -28.668663 -84.42761 34.374264
      vertex -28.670475 -84.42984 34.373913
    endloop
  endfacet
  facet normal 0.13385923 -0.25864065 0.9566539
    outer loop
      vertex -28.668663 -84.42761 34.374264
      vertex -28.67215 -84.43218 34.373516
      vertex -29.217606 -85.94825 34.039955
    endloop
  endfacet
  facet normal 0.13439897 -0.25884745 0.9565223
    outer loop
      vertex -31.084557 -143.336 18.774216
      vertex -28.450325 -146.07362 17.663248
      vertex -31.084347 -143.23602 18.80124
    endloop
  endfacet
  facet normal 0.13442503 -0.2588163 0.95652705
    outer loop
      vertex -29.217606 -85.94825 34.039955
      vertex -28.67215 -84.43218 34.373516
      vertex -28.76685 -84.56449 34.351025
    endloop
  endfacet
  facet normal 0.13442364 -0.2588248 0.95652497
    outer loop
      vertex -28.450325 -146.07362 17.663248
      vertex -31.084557 -143.336 18.774216
      vertex -28.542892 -146.06949 17.677376
    endloop
  endfacet
  facet normal 0.13447101 -0.25882906 0.95651716
    outer loop
      vertex -29.217606 -85.94825 34.039955
      vertex -28.76685 -84.56449 34.351025
      vertex -28.853077 -84.70188 34.32597
    endloop
  endfacet
  facet normal 0.13537857 -0.25930148 0.95626116
    outer loop
      vertex -28.932209 -84.8465 34.29796
      vertex -28.853077 -84.70188 34.32597
      vertex -28.854721 -84.7045 34.325493
    endloop
  endfacet
  facet normal 0.13443612 -0.2588137 0.9565262
    outer loop
      vertex -28.699429 -146.0574 17.702646
      vertex -28.542892 -146.06949 17.677376
      vertex -31.084557 -143.336 18.774216
    endloop
  endfacet
  facet normal 0.13437417 -0.25880533 0.9565372
    outer loop
      vertex -28.853077 -84.70188 34.32597
      vertex -28.932209 -84.8465 34.29796
      vertex -29.217606 -85.94825 34.039955
    endloop
  endfacet
  facet normal 0.1439563 -0.26276362 0.95406073
    outer loop
      vertex -28.935108 -84.85223 34.296818
      vertex -28.932209 -84.8465 34.29796
      vertex -28.933746 -84.84932 34.297413
    endloop
  endfacet
  facet normal 0.13593844 -0.2591377 0.9562261
    outer loop
      vertex -28.932209 -84.8465 34.29796
      vertex -28.935108 -84.85223 34.296818
      vertex -29.217606 -85.94825 34.039955
    endloop
  endfacet
  facet normal 0.13438259 -0.25926635 0.9564111
    outer loop
      vertex -28.542892 -146.06949 17.677376
      vertex -28.699429 -146.0574 17.702646
      vertex -28.621452 -146.06598 17.689365
    endloop
  endfacet
  facet normal 0.13444635 -0.25882256 0.9565224
    outer loop
      vertex -29.217606 -85.94825 34.039955
      vertex -28.935108 -84.85223 34.296818
      vertex -29.003616 -84.99838 34.2669
    endloop
  endfacet
  facet normal 0.13441442 -0.25883198 0.9565243
    outer loop
      vertex -28.868599 -146.03366 17.732843
      vertex -28.699429 -146.0574 17.702646
      vertex -31.084557 -143.336 18.774216
    endloop
  endfacet
  facet normal 0.13435408 -0.25880593 0.95653987
    outer loop
      vertex -29.217606 -85.94825 34.039955
      vertex -29.003616 -84.99838 34.2669
      vertex -29.062763 -85.14786 34.234764
    endloop
  endfacet
  facet normal 0.13075596 -0.25779077 0.9573123
    outer loop
      vertex -29.113678 -85.30343 34.199825
      vertex -29.062763 -85.14786 34.234764
      vertex -29.064045 -85.1511 34.234066
    endloop
  endfacet
  facet normal 0.13443471 -0.25881797 0.95652527
    outer loop
      vertex -29.062763 -85.14786 34.234764
      vertex -29.113678 -85.30343 34.199825
      vertex -29.217606 -85.94825 34.039955
    endloop
  endfacet
  facet normal 0.14528815 -0.26113063 0.95430714
    outer loop
      vertex -29.154732 -85.46144 34.162838
      vertex -29.113678 -85.30343 34.199825
      vertex -29.114803 -85.306885 34.19905
    endloop
  endfacet
  facet normal 0.13449311 -0.25840425 0.9566289
    outer loop
      vertex -28.699429 -146.0574 17.702646
      vertex -28.868599 -146.03366 17.732843
      vertex -28.791534 -146.04727 17.718332
    endloop
  endfacet
  facet normal 0.13431598 -0.25880393 0.9565457
    outer loop
      vertex -29.113678 -85.30343 34.199825
      vertex -29.154732 -85.46144 34.162838
      vertex -29.217606 -85.94825 34.039955
    endloop
  endfacet
  facet normal 0.12929702 -0.25743878 0.9576051
    outer loop
      vertex -29.156399 -85.468834 34.161076
      vertex -29.154732 -85.46144 34.162838
      vertex -29.155682 -85.46511 34.16198
    endloop
  endfacet
  facet normal 0.13924088 -0.25923282 0.955725
    outer loop
      vertex -29.154732 -85.46144 34.162838
      vertex -29.156399 -85.468834 34.161076
      vertex -29.217606 -85.94825 34.039955
    endloop
  endfacet
  facet normal 0.13426372 -0.25880644 0.9565524
    outer loop
      vertex -29.217606 -85.94825 34.039955
      vertex -29.156399 -85.468834 34.161076
      vertex -29.186516 -85.62517 34.123005
    endloop
  endfacet
  facet normal 0.13489585 -0.25884193 0.95645386
    outer loop
      vertex -29.217606 -85.94825 34.039955
      vertex -29.186516 -85.62517 34.123005
      vertex -29.206661 -85.78233 34.083313
    endloop
  endfacet
  facet normal 0.10926272 -0.25765744 0.9600387
    outer loop
      vertex -29.20745 -85.79054 34.0812
      vertex -29.206661 -85.78233 34.083313
      vertex -29.207188 -85.78642 34.082275
    endloop
  endfacet
  facet normal 0.123255655 -0.25850785 0.9581136
    outer loop
      vertex -29.217606 -85.94825 34.039955
      vertex -29.206661 -85.78233 34.083313
      vertex -29.20745 -85.79054 34.0812
    endloop
  endfacet
  facet normal 0.13442765 -0.2588215 0.9565253
    outer loop
      vertex -29.050072 -145.99551 17.76867
      vertex -28.868599 -146.03366 17.732843
      vertex -31.084557 -143.336 18.774216
    endloop
  endfacet
  facet normal 0.13457182 -0.25825936 0.95665693
    outer loop
      vertex -28.868599 -146.03366 17.732843
      vertex -29.050072 -145.99551 17.76867
      vertex -28.9599 -146.01756 17.750032
    endloop
  endfacet
  facet normal 0.13444261 -0.25881037 0.9565262
    outer loop
      vertex -29.214546 -145.94908 17.80435
      vertex -29.050072 -145.99551 17.76867
      vertex -31.084557 -143.336 18.774216
    endloop
  endfacet
  facet normal 0.13454002 -0.25851598 0.9565921
    outer loop
      vertex -29.050072 -145.99551 17.76867
      vertex -29.214546 -145.94908 17.80435
      vertex -29.125885 -145.97699 17.784338
    endloop
  endfacet
  facet normal 0.13444434 -0.25880918 0.9565263
    outer loop
      vertex -29.36129 -145.8976 17.838905
      vertex -29.214546 -145.94908 17.80435
      vertex -31.084557 -143.336 18.774216
    endloop
  endfacet
  facet normal 0.1342136 -0.2593841 0.95640296
    outer loop
      vertex -29.214546 -145.94908 17.80435
      vertex -29.36129 -145.8976 17.838905
      vertex -29.288826 -145.9257 17.821114
    endloop
  endfacet
  facet normal 0.13442203 -0.25882387 0.95652544
    outer loop
      vertex -29.518425 -145.83122 17.878948
      vertex -29.36129 -145.8976 17.838905
      vertex -31.084557 -143.336 18.774216
    endloop
  endfacet
  facet normal 0.13415776 -0.25938085 0.95641166
    outer loop
      vertex -29.36129 -145.8976 17.838905
      vertex -29.518425 -145.83122 17.878948
      vertex -29.448078 -145.86392 17.860212
    endloop
  endfacet
  facet normal 0.13443315 -0.25881702 0.95652574
    outer loop
      vertex -29.6851 -145.74702 17.925156
      vertex -29.518425 -145.83122 17.878948
      vertex -31.084557 -143.336 18.774216
    endloop
  endfacet
  facet normal 0.1346115 -0.25849757 0.956587
    outer loop
      vertex -29.518425 -145.83122 17.878948
      vertex -29.6851 -145.74702 17.925156
      vertex -29.603016 -145.7919 17.901478
    endloop
  endfacet
  facet normal 0.13442622 -0.25882098 0.9565256
    outer loop
      vertex -29.832249 -145.65965 17.969477
      vertex -29.6851 -145.74702 17.925156
      vertex -31.084557 -143.336 18.774216
    endloop
  endfacet
  facet normal 0.13472842 -0.25835446 0.95660925
    outer loop
      vertex -29.6851 -145.74702 17.925156
      vertex -29.832249 -145.65965 17.969477
      vertex -29.753021 -145.7099 17.944748
    endloop
  endfacet
  facet normal 0.13441263 -0.25882828 0.95652556
    outer loop
      vertex -29.95988 -145.57278 18.010918
      vertex -29.832249 -145.65965 17.969477
      vertex -31.084557 -143.336 18.774216
    endloop
  endfacet
  facet normal 0.13501422 -0.2580095 0.95666206
    outer loop
      vertex -29.832249 -145.65965 17.969477
      vertex -29.95988 -145.57278 18.010918
      vertex -29.897507 -145.61827 17.989847
    endloop
  endfacet
  facet normal 0.13444544 -0.25881174 0.95652544
    outer loop
      vertex -30.10846 -145.45691 18.063154
      vertex -29.95988 -145.57278 18.010918
      vertex -31.084557 -143.336 18.774216
    endloop
  endfacet
  facet normal 0.13451135 -0.2587327 0.95653754
    outer loop
      vertex -29.95988 -145.57278 18.010918
      vertex -30.10846 -145.45691 18.063154
      vertex -30.0359 -145.51736 18.036598
    endloop
  endfacet
  facet normal 0.13443315 -0.2588163 0.9565259
    outer loop
      vertex -30.10846 -145.45691 18.063154
      vertex -30.223507 -145.35461 18.107002
      vertex -30.167656 -145.4076 18.084818
    endloop
  endfacet
  facet normal 0.1344312 -0.25881836 0.9565256
    outer loop
      vertex -30.10846 -145.45691 18.063154
      vertex -31.084557 -143.336 18.774216
      vertex -30.223507 -145.35461 18.107002
    endloop
  endfacet
  facet normal 0.13410068 -0.25913882 0.9564853
    outer loop
      vertex -30.223507 -145.35461 18.107002
      vertex -30.344528 -145.23302 18.156914
      vertex -30.292255 -145.2894 18.13431
    endloop
  endfacet
  facet normal 0.13444535 -0.25881222 0.9565253
    outer loop
      vertex -30.223507 -145.35461 18.107002
      vertex -31.084557 -143.336 18.774216
      vertex -30.344528 -145.23302 18.156914
    endloop
  endfacet
  facet normal 0.13485968 -0.25844884 0.95656526
    outer loop
      vertex -30.344528 -145.23302 18.156914
      vertex -30.457718 -145.1037 18.207811
      vertex -30.409206 -145.16325 18.184881
    endloop
  endfacet
  facet normal 0.13441159 -0.25882575 0.9565264
    outer loop
      vertex -30.344528 -145.23302 18.156914
      vertex -31.084557 -143.336 18.774216
      vertex -30.457718 -145.1037 18.207811
    endloop
  endfacet
  facet normal 0.1346297 -0.258692 0.9565319
    outer loop
      vertex -30.457718 -145.1037 18.207811
      vertex -30.57381 -144.95154 18.265303
      vertex -30.518051 -145.02965 18.23633
    endloop
  endfacet
  facet normal 0.13448606 -0.25879836 0.95652336
    outer loop
      vertex -30.457718 -145.1037 18.207811
      vertex -31.084557 -143.336 18.774216
      vertex -30.57381 -144.95154 18.265303
    endloop
  endfacet
  facet normal 0.13478655 -0.258554 0.95654714
    outer loop
      vertex -30.57381 -144.95154 18.265303
      vertex -30.658855 -144.82402 18.311754
      vertex -30.618366 -144.88911 18.288454
    endloop
  endfacet
  facet normal 0.13433711 -0.25884783 0.95653087
    outer loop
      vertex -30.57381 -144.95154 18.265303
      vertex -31.084557 -143.336 18.774216
      vertex -30.658855 -144.82402 18.311754
    endloop
  endfacet
  facet normal 0.13527344 -0.25834435 0.95653504
    outer loop
      vertex -30.658855 -144.82402 18.311754
      vertex -30.755608 -144.65694 18.370564
      vertex -30.709751 -144.74222 18.341045
    endloop
  endfacet
  facet normal 0.13446322 -0.25880948 0.95652354
    outer loop
      vertex -30.658855 -144.82402 18.311754
      vertex -31.084557 -143.336 18.774216
      vertex -30.755608 -144.65694 18.370564
    endloop
  endfacet
  facet normal 0.13508326 -0.25850818 0.95651764
    outer loop
      vertex -30.755608 -144.65694 18.370564
      vertex -30.832447 -144.50116 18.423515
      vertex -30.791859 -144.58954 18.393898
    endloop
  endfacet
  facet normal 0.13448977 -0.2588023 0.95652175
    outer loop
      vertex -30.755608 -144.65694 18.370564
      vertex -31.084557 -143.336 18.774216
      vertex -30.832447 -144.50116 18.423515
    endloop
  endfacet
  facet normal 0.13436566 -0.25883994 0.956529
    outer loop
      vertex -30.832447 -144.50116 18.423515
      vertex -30.891853 -144.36037 18.46996
      vertex -30.86436 -144.43167 18.446802
    endloop
  endfacet
  facet normal 0.1344073 -0.25882202 0.956528
    outer loop
      vertex -30.832447 -144.50116 18.423515
      vertex -31.084557 -143.336 18.774216
      vertex -30.891853 -144.36037 18.46996
    endloop
  endfacet
  facet normal 0.13439566 -0.25882593 0.9565286
    outer loop
      vertex -30.891853 -144.36037 18.46996
      vertex -30.956505 -144.17569 18.529015
      vertex -30.92698 -144.26926 18.499548
    endloop
  endfacet
  facet normal 0.13440515 -0.2588225 0.9565282
    outer loop
      vertex -30.891853 -144.36037 18.46996
      vertex -31.084557 -143.336 18.774216
      vertex -30.956505 -144.17569 18.529015
    endloop
  endfacet
  facet normal 0.13528733 -0.25855967 0.9564749
    outer loop
      vertex -30.956505 -144.17569 18.529015
      vertex -31.003239 -144.00731 18.581142
      vertex -30.979465 -144.10294 18.55193
    endloop
  endfacet
  facet normal 0.1343936 -0.25882456 0.95652926
    outer loop
      vertex -30.956505 -144.17569 18.529015
      vertex -31.084557 -143.336 18.774216
      vertex -31.003239 -144.00731 18.581142
    endloop
  endfacet
  facet normal 0.13475388 -0.25875667 0.95649695
    outer loop
      vertex -31.003239 -144.00731 18.581142
      vertex -31.039524 -143.83606 18.632582
      vertex -31.021626 -143.93335 18.60374
    endloop
  endfacet
  facet normal 0.13459074 -0.25879502 0.95650953
    outer loop
      vertex -31.003239 -144.00731 18.581142
      vertex -31.084557 -143.336 18.774216
      vertex -31.039524 -143.83606 18.632582
    endloop
  endfacet
  facet normal 0.13365379 -0.25896564 0.9565947
    outer loop
      vertex -31.039524 -143.83606 18.632582
      vertex -31.062428 -143.68568 18.67649
      vertex -31.053295 -143.76118 18.654776
    endloop
  endfacet
  facet normal 0.13463923 -0.25878915 0.9565043
    outer loop
      vertex -31.039524 -143.83606 18.632582
      vertex -31.084557 -143.336 18.774216
      vertex -31.062428 -143.68568 18.67649
    endloop
  endfacet
  facet normal 0.1348465 -0.2587582 0.9564835
    outer loop
      vertex -31.062428 -143.68568 18.67649
      vertex -31.08023 -143.48761 18.732586
      vertex -31.074348 -143.58713 18.704834
    endloop
  endfacet
  facet normal 0.1344012 -0.25881186 0.95653164
    outer loop
      vertex -31.062428 -143.68568 18.67649
      vertex -31.084557 -143.336 18.774216
      vertex -31.08023 -143.48761 18.732586
    endloop
  endfacet
  facet normal 0.13476472 -0.25878912 0.95648664
    outer loop
      vertex -31.08023 -143.48761 18.732586
      vertex -31.084557 -143.336 18.774216
      vertex -31.084713 -143.41183 18.75372
    endloop
  endfacet
  facet normal -0.8270794 -0.5620851 0
    outer loop
      vertex 62.93272 -82.68691 0
      vertex 62.747337 -82.41413 1.5
      vertex 62.747337 -82.41413 0
    endloop
  endfacet
  facet normal -0.8270794 -0.5620851 0
    outer loop
      vertex 62.747337 -82.41413 1.5
      vertex 62.93272 -82.68691 0
      vertex 62.93272 -82.68691 1.5
    endloop
  endfacet
  facet normal -0.8270794 0.5620851 0
    outer loop
      vertex 62.747337 -88.58588 0
      vertex 62.93272 -88.313095 1.5
      vertex 62.93272 -88.313095 0
    endloop
  endfacet
  facet normal -0.8270794 0.5620851 0
    outer loop
      vertex 62.93272 -88.313095 1.5
      vertex 62.747337 -88.58588 0
      vertex 62.747337 -88.58588 1.5
    endloop
  endfacet
  facet normal 0.7501139 -0.66130865 0
    outer loop
      vertex 54.454803 -82.15353 1.5
      vertex 54.672913 -81.90613 0
      vertex 54.672913 -81.90613 1.5
    endloop
  endfacet
  facet normal 0.7501139 -0.66130865 0
    outer loop
      vertex 54.672913 -81.90613 0
      vertex 54.454803 -82.15353 1.5
      vertex 54.454803 -82.15353 0
    endloop
  endfacet
  facet normal -0.9408811 -0.33873707 0
    outer loop
      vertex 63.493046 -83.87766 0
      vertex 63.381325 -83.567345 1.5
      vertex 63.381325 -83.567345 0
    endloop
  endfacet
  facet normal -0.9408811 -0.33873707 0
    outer loop
      vertex 63.381325 -83.567345 1.5
      vertex 63.493046 -83.87766 0
      vertex 63.493046 -83.87766 1.5
    endloop
  endfacet
  facet normal 0.39713868 -0.9177586 0
    outer loop
      vertex 56.264656 -80.74966 0
      vertex 56.567345 -80.618675 1.5
      vertex 56.264656 -80.74966 1.5
    endloop
  endfacet
  facet normal 0.39713868 -0.9177586 0
    outer loop
      vertex 56.567345 -80.618675 1.5
      vertex 56.264656 -80.74966 0
      vertex 56.567345 -80.618675 0
    endloop
  endfacet
  facet normal 0.9177586 -0.39713868 0
    outer loop
      vertex 53.618675 -83.567345 1.5
      vertex 53.749657 -83.264656 0
      vertex 53.749657 -83.264656 1.5
    endloop
  endfacet
  facet normal 0.9177586 -0.39713868 0
    outer loop
      vertex 53.749657 -83.264656 0
      vertex 53.618675 -83.567345 1.5
      vertex 53.618675 -83.567345 0
    endloop
  endfacet
  facet normal -0.9995065 -0.031413853 0
    outer loop
      vertex 63.75 -85.5 0
      vertex 63.73964 -85.17035 1.5
      vertex 63.73964 -85.17035 0
    endloop
  endfacet
  facet normal -0.9995065 -0.031413853 0
    outer loop
      vertex 63.73964 -85.17035 1.5
      vertex 63.75 -85.5 0
      vertex 63.75 -85.5 1.5
    endloop
  endfacet
  facet normal -0.031413853 -0.9995065 0
    outer loop
      vertex 58.5 -80.25 0
      vertex 58.82965 -80.26036 1.5
      vertex 58.5 -80.25 1.5
    endloop
  endfacet
  facet normal -0.031413853 -0.9995065 0
    outer loop
      vertex 58.82965 -80.26036 1.5
      vertex 58.5 -80.25 0
      vertex 58.82965 -80.26036 0
    endloop
  endfacet
  facet normal -0.09410386 -0.9955624 0
    outer loop
      vertex 58.82965 -80.26036 0
      vertex 59.157997 -80.2914 1.5
      vertex 58.82965 -80.26036 1.5
    endloop
  endfacet
  facet normal -0.09410386 -0.9955624 0
    outer loop
      vertex 59.157997 -80.2914 1.5
      vertex 58.82965 -80.26036 0
      vertex 59.157997 -80.2914 0
    endloop
  endfacet
  facet normal 0.9955624 0.09410386 0
    outer loop
      vertex 53.291397 -86.158 1.5
      vertex 53.26036 -85.82965 0
      vertex 53.26036 -85.82965 1.5
    endloop
  endfacet
  facet normal 0.9955624 0.09410386 0
    outer loop
      vertex 53.26036 -85.82965 0
      vertex 53.291397 -86.158 1.5
      vertex 53.291397 -86.158 0
    endloop
  endfacet
  facet normal 0.79016244 -0.6128975 0
    outer loop
      vertex 54.252663 -82.41413 1.5
      vertex 54.454803 -82.15353 0
      vertex 54.454803 -82.15353 1.5
    endloop
  endfacet
  facet normal 0.79016244 -0.6128975 0
    outer loop
      vertex 54.454803 -82.15353 0
      vertex 54.252663 -82.41413 1.5
      vertex 54.252663 -82.41413 0
    endloop
  endfacet
  facet normal 0.8910008 0.45400167 0
    outer loop
      vertex 53.89939 -88.029205 1.5
      vertex 53.749657 -87.735344 0
      vertex 53.749657 -87.735344 1.5
    endloop
  endfacet
  facet normal 0.8910008 0.45400167 0
    outer loop
      vertex 53.749657 -87.735344 0
      vertex 53.89939 -88.029205 1.5
      vertex 53.89939 -88.029205 0
    endloop
  endfacet
  facet normal 0.9995065 -0.031413853 0
    outer loop
      vertex 53.25 -85.5 1.5
      vertex 53.26036 -85.17035 0
      vertex 53.26036 -85.17035 1.5
    endloop
  endfacet
  facet normal 0.9995065 -0.031413853 0
    outer loop
      vertex 53.26036 -85.17035 0
      vertex 53.25 -85.5 1.5
      vertex 53.25 -85.5 0
    endloop
  endfacet
  facet normal -0.27900186 -0.96029055 0
    outer loop
      vertex 59.805622 -80.41494 0
      vertex 60.122337 -80.50696 1.5
      vertex 59.805622 -80.41494 1.5
    endloop
  endfacet
  facet normal -0.27900186 -0.96029055 0
    outer loop
      vertex 60.122337 -80.50696 1.5
      vertex 59.805622 -80.41494 0
      vertex 60.122337 -80.50696 0
    endloop
  endfacet
  facet normal -0.66130865 -0.7501139 0
    outer loop
      vertex 61.846474 -81.4548 0
      vertex 62.093872 -81.67291 1.5
      vertex 61.846474 -81.4548 1.5
    endloop
  endfacet
  facet normal -0.66130865 -0.7501139 0
    outer loop
      vertex 62.093872 -81.67291 1.5
      vertex 61.846474 -81.4548 0
      vertex 62.093872 -81.67291 0
    endloop
  endfacet
  facet normal -0.2181378 0.975918 0
    outer loop
      vertex 59.805622 -90.58506 0
      vertex 59.48375 -90.657005 1.5
      vertex 59.805622 -90.58506 1.5
    endloop
  endfacet
  facet normal -0.2181378 0.975918 0
    outer loop
      vertex 59.48375 -90.657005 1.5
      vertex 59.805622 -90.58506 0
      vertex 59.48375 -90.657005 0
    endloop
  endfacet
  facet normal 0.70710677 -0.70710677 0
    outer loop
      vertex 54.672913 -81.90613 1.5
      vertex 54.906128 -81.67291 0
      vertex 54.906128 -81.67291 1.5
    endloop
  endfacet
  facet normal 0.70710677 -0.70710677 0
    outer loop
      vertex 54.906128 -81.67291 0
      vertex 54.672913 -81.90613 1.5
      vertex 54.672913 -81.90613 0
    endloop
  endfacet
  facet normal -0.453997 -0.8910032 0
    outer loop
      vertex 60.73534 -80.74966 0
      vertex 61.029205 -80.89939 1.5
      vertex 60.73534 -80.74966 1.5
    endloop
  endfacet
  facet normal -0.453997 -0.8910032 0
    outer loop
      vertex 61.029205 -80.89939 1.5
      vertex 60.73534 -80.74966 0
      vertex 61.029205 -80.89939 0
    endloop
  endfacet
  facet normal -0.9177586 0.39713868 0
    outer loop
      vertex 63.250343 -87.735344 0
      vertex 63.381325 -87.432655 1.5
      vertex 63.381325 -87.432655 0
    endloop
  endfacet
  facet normal -0.9177586 0.39713868 0
    outer loop
      vertex 63.381325 -87.432655 1.5
      vertex 63.250343 -87.735344 0
      vertex 63.250343 -87.735344 1.5
    endloop
  endfacet
  facet normal 0.031413853 -0.9995065 0
    outer loop
      vertex 58.17035 -80.26036 0
      vertex 58.5 -80.25 1.5
      vertex 58.17035 -80.26036 1.5
    endloop
  endfacet
  facet normal 0.031413853 -0.9995065 0
    outer loop
      vertex 58.5 -80.25 1.5
      vertex 58.17035 -80.26036 0
      vertex 58.5 -80.25 0
    endloop
  endfacet
  facet normal -0.8607464 0.509034 0
    outer loop
      vertex 62.93272 -88.313095 0
      vertex 63.10061 -88.029205 1.5
      vertex 63.10061 -88.029205 0
    endloop
  endfacet
  facet normal -0.8607464 0.509034 0
    outer loop
      vertex 63.10061 -88.029205 1.5
      vertex 62.93272 -88.313095 0
      vertex 62.93272 -88.313095 1.5
    endloop
  endfacet
  facet normal 0.8607455 -0.5090356 0
    outer loop
      vertex 53.89939 -82.970795 1.5
      vertex 54.067276 -82.68691 0
      vertex 54.067276 -82.68691 1.5
    endloop
  endfacet
  facet normal 0.8607455 -0.5090356 0
    outer loop
      vertex 54.067276 -82.68691 0
      vertex 53.89939 -82.970795 1.5
      vertex 53.89939 -82.970795 0
    endloop
  endfacet
  facet normal 0.86075145 0.50902545 0
    outer loop
      vertex 54.067276 -88.313095 1.5
      vertex 53.89939 -88.029205 0
      vertex 53.89939 -88.029205 1.5
    endloop
  endfacet
  facet normal 0.86075145 0.50902545 0
    outer loop
      vertex 53.89939 -88.029205 0
      vertex 54.067276 -88.313095 1.5
      vertex 54.067276 -88.313095 0
    endloop
  endfacet
  facet normal -0.9955624 0.09410386 0
    outer loop
      vertex 63.708603 -86.158 0
      vertex 63.73964 -85.82965 1.5
      vertex 63.73964 -85.82965 0
    endloop
  endfacet
  facet normal -0.9955624 0.09410386 0
    outer loop
      vertex 63.73964 -85.82965 1.5
      vertex 63.708603 -86.158 0
      vertex 63.708603 -86.158 1.5
    endloop
  endfacet
  facet normal -0.2181378 -0.975918 0
    outer loop
      vertex 59.48375 -80.342995 0
      vertex 59.805622 -80.41494 1.5
      vertex 59.48375 -80.342995 1.5
    endloop
  endfacet
  facet normal -0.2181378 -0.975918 0
    outer loop
      vertex 59.805622 -80.41494 1.5
      vertex 59.48375 -80.342995 0
      vertex 59.805622 -80.41494 0
    endloop
  endfacet
  facet normal 0.21814026 0.9759174 0
    outer loop
      vertex 57.516247 -90.657005 0
      vertex 57.194378 -90.58506 1.5
      vertex 57.516247 -90.657005 1.5
    endloop
  endfacet
  facet normal 0.21814026 0.9759174 0
    outer loop
      vertex 57.194378 -90.58506 1.5
      vertex 57.516247 -90.657005 0
      vertex 57.194378 -90.58506 0
    endloop
  endfacet
  facet normal 0.8910008 -0.45400167 0
    outer loop
      vertex 53.749657 -83.264656 1.5
      vertex 53.89939 -82.970795 0
      vertex 53.89939 -82.970795 1.5
    endloop
  endfacet
  facet normal 0.8910008 -0.45400167 0
    outer loop
      vertex 53.89939 -82.970795 0
      vertex 53.749657 -83.264656 1.5
      vertex 53.749657 -83.264656 0
    endloop
  endfacet
  facet normal -0.6129031 0.7901581 0
    outer loop
      vertex 61.846474 -89.5452 0
      vertex 61.585873 -89.74734 1.5
      vertex 61.846474 -89.5452 1.5
    endloop
  endfacet
  facet normal -0.6129031 0.7901581 0
    outer loop
      vertex 61.585873 -89.74734 1.5
      vertex 61.846474 -89.5452 0
      vertex 61.585873 -89.74734 0
    endloop
  endfacet
  facet normal -0.5090305 -0.86074847 0
    outer loop
      vertex 61.029205 -80.89939 0
      vertex 61.31309 -81.067276 1.5
      vertex 61.029205 -80.89939 1.5
    endloop
  endfacet
  facet normal -0.5090305 -0.86074847 0
    outer loop
      vertex 61.31309 -81.067276 1.5
      vertex 61.029205 -80.89939 0
      vertex 61.31309 -81.067276 0
    endloop
  endfacet
  facet normal -0.3971429 0.9177568 0
    outer loop
      vertex 60.73534 -90.25034 0
      vertex 60.432655 -90.381325 1.5
      vertex 60.73534 -90.25034 1.5
    endloop
  endfacet
  facet normal -0.3971429 0.9177568 0
    outer loop
      vertex 60.432655 -90.381325 1.5
      vertex 60.73534 -90.25034 0
      vertex 60.432655 -90.381325 0
    endloop
  endfacet
  facet normal 0.27900186 -0.96029055 0
    outer loop
      vertex 56.877663 -80.50696 0
      vertex 57.194378 -80.41494 1.5
      vertex 56.877663 -80.50696 1.5
    endloop
  endfacet
  facet normal 0.27900186 -0.96029055 0
    outer loop
      vertex 57.194378 -80.41494 1.5
      vertex 56.877663 -80.50696 0
      vertex 57.194378 -80.41494 0
    endloop
  endfacet
  facet normal 0.09410278 -0.9955625 0
    outer loop
      vertex 57.842 -80.2914 0
      vertex 58.17035 -80.26036 1.5
      vertex 57.842 -80.2914 1.5
    endloop
  endfacet
  facet normal 0.09410278 -0.9955625 0
    outer loop
      vertex 58.17035 -80.26036 1.5
      vertex 57.842 -80.2914 0
      vertex 58.17035 -80.26036 0
    endloop
  endfacet
  facet normal 0.45400167 0.8910008 0
    outer loop
      vertex 56.264656 -90.25034 0
      vertex 55.970795 -90.10061 1.5
      vertex 56.264656 -90.25034 1.5
    endloop
  endfacet
  facet normal 0.45400167 0.8910008 0
    outer loop
      vertex 55.970795 -90.10061 1.5
      vertex 56.264656 -90.25034 0
      vertex 55.970795 -90.10061 0
    endloop
  endfacet
  facet normal 0 0 -1
    outer loop
      vertex 63.73964 -85.82965 1.5
      vertex 63.73964 -85.17035 1.5
      vertex 63.75 -85.5 1.5
    endloop
  endfacet
  facet normal 0 0 -1
    outer loop
      vertex 63.708603 -86.158 1.5
      vertex 63.73964 -85.17035 1.5
      vertex 63.73964 -85.82965 1.5
    endloop
  endfacet
  facet normal 0 0 -1
    outer loop
      vertex 63.708603 -86.158 1.5
      vertex 63.708603 -84.842 1.5
      vertex 63.73964 -85.17035 1.5
    endloop
  endfacet
  facet normal 0 0 -1
    outer loop
      vertex 63.657005 -86.48375 1.5
      vertex 63.708603 -84.842 1.5
      vertex 63.708603 -86.158 1.5
    endloop
  endfacet
  facet normal 0 0 -1
    outer loop
      vertex 63.657005 -86.48375 1.5
      vertex 63.657005 -84.51625 1.5
      vertex 63.708603 -84.842 1.5
    endloop
  endfacet
  facet normal 0 0 -1
    outer loop
      vertex 63.58506 -86.80562 1.5
      vertex 63.657005 -84.51625 1.5
      vertex 63.657005 -86.48375 1.5
    endloop
  endfacet
  facet normal 0 0 -1
    outer loop
      vertex 63.58506 -86.80562 1.5
      vertex 63.58506 -84.19438 1.5
      vertex 63.657005 -84.51625 1.5
    endloop
  endfacet
  facet normal 0 0 -1
    outer loop
      vertex 63.493046 -87.12234 1.5
      vertex 63.58506 -84.19438 1.5
      vertex 63.58506 -86.80562 1.5
    endloop
  endfacet
  facet normal 0 0 -1
    outer loop
      vertex 63.493046 -87.12234 1.5
      vertex 63.493046 -83.87766 1.5
      vertex 63.58506 -84.19438 1.5
    endloop
  endfacet
  facet normal 0 0 -1
    outer loop
      vertex 63.381325 -87.432655 1.5
      vertex 63.493046 -83.87766 1.5
      vertex 63.493046 -87.12234 1.5
    endloop
  endfacet
  facet normal 0 0 -1
    outer loop
      vertex 63.381325 -87.432655 1.5
      vertex 63.381325 -83.567345 1.5
      vertex 63.493046 -83.87766 1.5
    endloop
  endfacet
  facet normal 0 0 -1
    outer loop
      vertex 63.250343 -87.735344 1.5
      vertex 63.381325 -83.567345 1.5
      vertex 63.381325 -87.432655 1.5
    endloop
  endfacet
  facet normal 0 0 -1
    outer loop
      vertex 63.250343 -87.735344 1.5
      vertex 63.250343 -83.264656 1.5
      vertex 63.381325 -83.567345 1.5
    endloop
  endfacet
  facet normal 0 0 -1
    outer loop
      vertex 63.10061 -88.029205 1.5
      vertex 63.250343 -83.264656 1.5
      vertex 63.250343 -87.735344 1.5
    endloop
  endfacet
  facet normal 0 0 -1
    outer loop
      vertex 63.10061 -88.029205 1.5
      vertex 63.10061 -82.970795 1.5
      vertex 63.250343 -83.264656 1.5
    endloop
  endfacet
  facet normal 0 0 -1
    outer loop
      vertex 62.93272 -88.313095 1.5
      vertex 63.10061 -82.970795 1.5
      vertex 63.10061 -88.029205 1.5
    endloop
  endfacet
  facet normal 0 0 -1
    outer loop
      vertex 62.93272 -88.313095 1.5
      vertex 62.93272 -82.68691 1.5
      vertex 63.10061 -82.970795 1.5
    endloop
  endfacet
  facet normal 0 0 -1
    outer loop
      vertex 62.747337 -88.58588 1.5
      vertex 62.93272 -82.68691 1.5
      vertex 62.93272 -88.313095 1.5
    endloop
  endfacet
  facet normal 0 0 -1
    outer loop
      vertex 62.747337 -88.58588 1.5
      vertex 62.747337 -82.41413 1.5
      vertex 62.93272 -82.68691 1.5
    endloop
  endfacet
  facet normal 0 0 -1
    outer loop
      vertex 62.545193 -88.84647 1.5
      vertex 62.747337 -82.41413 1.5
      vertex 62.747337 -88.58588 1.5
    endloop
  endfacet
  facet normal 0 0 -1
    outer loop
      vertex 62.545193 -88.84647 1.5
      vertex 62.545193 -82.15353 1.5
      vertex 62.747337 -82.41413 1.5
    endloop
  endfacet
  facet normal 0 0 -1
    outer loop
      vertex 62.327084 -89.09387 1.5
      vertex 62.545193 -82.15353 1.5
      vertex 62.545193 -88.84647 1.5
    endloop
  endfacet
  facet normal 0 0 -1
    outer loop
      vertex 62.327084 -89.09387 1.5
      vertex 62.327084 -81.90613 1.5
      vertex 62.545193 -82.15353 1.5
    endloop
  endfacet
  facet normal 0 0 -1
    outer loop
      vertex 62.093872 -89.32709 1.5
      vertex 62.327084 -81.90613 1.5
      vertex 62.327084 -89.09387 1.5
    endloop
  endfacet
  facet normal 0 0 -1
    outer loop
      vertex 62.093872 -89.32709 1.5
      vertex 62.093872 -81.67291 1.5
      vertex 62.327084 -81.90613 1.5
    endloop
  endfacet
  facet normal 0 0 -1
    outer loop
      vertex 61.846474 -89.5452 1.5
      vertex 62.093872 -81.67291 1.5
      vertex 62.093872 -89.32709 1.5
    endloop
  endfacet
  facet normal 0 0 -1
    outer loop
      vertex 61.846474 -89.5452 1.5
      vertex 61.846474 -81.4548 1.5
      vertex 62.093872 -81.67291 1.5
    endloop
  endfacet
  facet normal 0 0 -1
    outer loop
      vertex 61.585873 -89.74734 1.5
      vertex 61.846474 -81.4548 1.5
      vertex 61.846474 -89.5452 1.5
    endloop
  endfacet
  facet normal 0 0 -1
    outer loop
      vertex 61.585873 -89.74734 1.5
      vertex 61.585873 -81.25266 1.5
      vertex 61.846474 -81.4548 1.5
    endloop
  endfacet
  facet normal 0 0 -1
    outer loop
      vertex 61.31309 -89.932724 1.5
      vertex 61.585873 -81.25266 1.5
      vertex 61.585873 -89.74734 1.5
    endloop
  endfacet
  facet normal 0 0 -1
    outer loop
      vertex 61.31309 -89.932724 1.5
      vertex 61.31309 -81.067276 1.5
      vertex 61.585873 -81.25266 1.5
    endloop
  endfacet
  facet normal 0 0 -1
    outer loop
      vertex 61.029205 -90.10061 1.5
      vertex 61.31309 -81.067276 1.5
      vertex 61.31309 -89.932724 1.5
    endloop
  endfacet
  facet normal 0 0 -1
    outer loop
      vertex 61.029205 -90.10061 1.5
      vertex 61.029205 -80.89939 1.5
      vertex 61.31309 -81.067276 1.5
    endloop
  endfacet
  facet normal 0 0 -1
    outer loop
      vertex 60.73534 -90.25034 1.5
      vertex 61.029205 -80.89939 1.5
      vertex 61.029205 -90.10061 1.5
    endloop
  endfacet
  facet normal 0 0 -1
    outer loop
      vertex 60.73534 -90.25034 1.5
      vertex 60.73534 -80.74966 1.5
      vertex 61.029205 -80.89939 1.5
    endloop
  endfacet
  facet normal 0 0 -1
    outer loop
      vertex 60.432655 -90.381325 1.5
      vertex 60.73534 -80.74966 1.5
      vertex 60.73534 -90.25034 1.5
    endloop
  endfacet
  facet normal 0 0 -1
    outer loop
      vertex 60.432655 -90.381325 1.5
      vertex 60.432655 -80.618675 1.5
      vertex 60.73534 -80.74966 1.5
    endloop
  endfacet
  facet normal 0 0 -1
    outer loop
      vertex 60.122337 -90.49305 1.5
      vertex 60.432655 -80.618675 1.5
      vertex 60.432655 -90.381325 1.5
    endloop
  endfacet
  facet normal 0 0 -1
    outer loop
      vertex 60.122337 -90.49305 1.5
      vertex 60.122337 -80.50696 1.5
      vertex 60.432655 -80.618675 1.5
    endloop
  endfacet
  facet normal 0 0 -1
    outer loop
      vertex 59.805622 -90.58506 1.5
      vertex 60.122337 -80.50696 1.5
      vertex 60.122337 -90.49305 1.5
    endloop
  endfacet
  facet normal 0 0 -1
    outer loop
      vertex 59.805622 -90.58506 1.5
      vertex 59.805622 -80.41494 1.5
      vertex 60.122337 -80.50696 1.5
    endloop
  endfacet
  facet normal 0 0 -1
    outer loop
      vertex 59.48375 -90.657005 1.5
      vertex 59.805622 -80.41494 1.5
      vertex 59.805622 -90.58506 1.5
    endloop
  endfacet
  facet normal 0 0 -1
    outer loop
      vertex 59.48375 -90.657005 1.5
      vertex 59.48375 -80.342995 1.5
      vertex 59.805622 -80.41494 1.5
    endloop
  endfacet
  facet normal 0 0 -1
    outer loop
      vertex 59.157997 -90.7086 1.5
      vertex 59.48375 -80.342995 1.5
      vertex 59.48375 -90.657005 1.5
    endloop
  endfacet
  facet normal 0 0 -1
    outer loop
      vertex 59.157997 -90.7086 1.5
      vertex 59.157997 -80.2914 1.5
      vertex 59.48375 -80.342995 1.5
    endloop
  endfacet
  facet normal 0 0 -1
    outer loop
      vertex 58.82965 -90.73964 1.5
      vertex 59.157997 -80.2914 1.5
      vertex 59.157997 -90.7086 1.5
    endloop
  endfacet
  facet normal 0 0 -1
    outer loop
      vertex 58.82965 -90.73964 1.5
      vertex 58.82965 -80.26036 1.5
      vertex 59.157997 -80.2914 1.5
    endloop
  endfacet
  facet normal 0 0 -1
    outer loop
      vertex 58.5 -90.75 1.5
      vertex 58.82965 -80.26036 1.5
      vertex 58.82965 -90.73964 1.5
    endloop
  endfacet
  facet normal 0 0 -1
    outer loop
      vertex 58.5 -90.75 1.5
      vertex 58.5 -80.25 1.5
      vertex 58.82965 -80.26036 1.5
    endloop
  endfacet
  facet normal 0 0 -1
    outer loop
      vertex 58.17035 -90.73964 1.5
      vertex 58.5 -80.25 1.5
      vertex 58.5 -90.75 1.5
    endloop
  endfacet
  facet normal 0 0 -1
    outer loop
      vertex 58.17035 -90.73964 1.5
      vertex 58.17035 -80.26036 1.5
      vertex 58.5 -80.25 1.5
    endloop
  endfacet
  facet normal 0 0 -1
    outer loop
      vertex 57.842 -90.7086 1.5
      vertex 58.17035 -80.26036 1.5
      vertex 58.17035 -90.73964 1.5
    endloop
  endfacet
  facet normal 0 0 -1
    outer loop
      vertex 57.842 -90.7086 1.5
      vertex 57.842 -80.2914 1.5
      vertex 58.17035 -80.26036 1.5
    endloop
  endfacet
  facet normal 0 0 -1
    outer loop
      vertex 57.516247 -90.657005 1.5
      vertex 57.842 -80.2914 1.5
      vertex 57.842 -90.7086 1.5
    endloop
  endfacet
  facet normal 0 0 -1
    outer loop
      vertex 57.516247 -90.657005 1.5
      vertex 57.516247 -80.342995 1.5
      vertex 57.842 -80.2914 1.5
    endloop
  endfacet
  facet normal 0 0 -1
    outer loop
      vertex 57.194378 -90.58506 1.5
      vertex 57.516247 -80.342995 1.5
      vertex 57.516247 -90.657005 1.5
    endloop
  endfacet
  facet normal 0 0 -1
    outer loop
      vertex 57.194378 -90.58506 1.5
      vertex 57.194378 -80.41494 1.5
      vertex 57.516247 -80.342995 1.5
    endloop
  endfacet
  facet normal 0 0 -1
    outer loop
      vertex 56.877663 -90.49305 1.5
      vertex 57.194378 -80.41494 1.5
      vertex 57.194378 -90.58506 1.5
    endloop
  endfacet
  facet normal 0 0 -1
    outer loop
      vertex 56.877663 -90.49305 1.5
      vertex 56.877663 -80.50696 1.5
      vertex 57.194378 -80.41494 1.5
    endloop
  endfacet
  facet normal 0 0 -1
    outer loop
      vertex 56.567345 -90.381325 1.5
      vertex 56.877663 -80.50696 1.5
      vertex 56.877663 -90.49305 1.5
    endloop
  endfacet
  facet normal 0 0 -1
    outer loop
      vertex 56.567345 -90.381325 1.5
      vertex 56.567345 -80.618675 1.5
      vertex 56.877663 -80.50696 1.5
    endloop
  endfacet
  facet normal 0 0 -1
    outer loop
      vertex 56.264656 -90.25034 1.5
      vertex 56.567345 -80.618675 1.5
      vertex 56.567345 -90.381325 1.5
    endloop
  endfacet
  facet normal 0 0 -1
    outer loop
      vertex 56.264656 -90.25034 1.5
      vertex 56.264656 -80.74966 1.5
      vertex 56.567345 -80.618675 1.5
    endloop
  endfacet
  facet normal 0 0 -1
    outer loop
      vertex 55.970795 -90.10061 1.5
      vertex 56.264656 -80.74966 1.5
      vertex 56.264656 -90.25034 1.5
    endloop
  endfacet
  facet normal 0 0 -1
    outer loop
      vertex 55.970795 -90.10061 1.5
      vertex 55.970795 -80.89939 1.5
      vertex 56.264656 -80.74966 1.5
    endloop
  endfacet
  facet normal 0 0 -1
    outer loop
      vertex 55.68691 -89.932724 1.5
      vertex 55.970795 -80.89939 1.5
      vertex 55.970795 -90.10061 1.5
    endloop
  endfacet
  facet normal 0 0 -1
    outer loop
      vertex 55.68691 -89.932724 1.5
      vertex 55.68691 -81.067276 1.5
      vertex 55.970795 -80.89939 1.5
    endloop
  endfacet
  facet normal 0 0 -1
    outer loop
      vertex 55.414127 -89.74734 1.5
      vertex 55.68691 -81.067276 1.5
      vertex 55.68691 -89.932724 1.5
    endloop
  endfacet
  facet normal 0 0 -1
    outer loop
      vertex 55.414127 -89.74734 1.5
      vertex 55.414127 -81.25266 1.5
      vertex 55.68691 -81.067276 1.5
    endloop
  endfacet
  facet normal 0 0 -1
    outer loop
      vertex 55.153522 -89.5452 1.5
      vertex 55.414127 -81.25266 1.5
      vertex 55.414127 -89.74734 1.5
    endloop
  endfacet
  facet normal 0 0 -1
    outer loop
      vertex 55.153522 -89.5452 1.5
      vertex 55.153522 -81.4548 1.5
      vertex 55.414127 -81.25266 1.5
    endloop
  endfacet
  facet normal 0 0 -1
    outer loop
      vertex 54.906128 -89.32709 1.5
      vertex 55.153522 -81.4548 1.5
      vertex 55.153522 -89.5452 1.5
    endloop
  endfacet
  facet normal 0 0 -1
    outer loop
      vertex 54.906128 -89.32709 1.5
      vertex 54.906128 -81.67291 1.5
      vertex 55.153522 -81.4548 1.5
    endloop
  endfacet
  facet normal 0 0 -1
    outer loop
      vertex 54.672913 -89.09387 1.5
      vertex 54.906128 -81.67291 1.5
      vertex 54.906128 -89.32709 1.5
    endloop
  endfacet
  facet normal 0 0 -1
    outer loop
      vertex 54.672913 -89.09387 1.5
      vertex 54.672913 -81.90613 1.5
      vertex 54.906128 -81.67291 1.5
    endloop
  endfacet
  facet normal 0 0 -1
    outer loop
      vertex 54.454803 -88.84647 1.5
      vertex 54.672913 -81.90613 1.5
      vertex 54.672913 -89.09387 1.5
    endloop
  endfacet
  facet normal 0 0 -1
    outer loop
      vertex 54.454803 -88.84647 1.5
      vertex 54.454803 -82.15353 1.5
      vertex 54.672913 -81.90613 1.5
    endloop
  endfacet
  facet normal 0 0 -1
    outer loop
      vertex 54.252663 -88.58588 1.5
      vertex 54.454803 -82.15353 1.5
      vertex 54.454803 -88.84647 1.5
    endloop
  endfacet
  facet normal 0 0 -1
    outer loop
      vertex 54.252663 -88.58588 1.5
      vertex 54.252663 -82.41413 1.5
      vertex 54.454803 -82.15353 1.5
    endloop
  endfacet
  facet normal 0 0 -1
    outer loop
      vertex 54.067276 -88.313095 1.5
      vertex 54.252663 -82.41413 1.5
      vertex 54.252663 -88.58588 1.5
    endloop
  endfacet
  facet normal 0 0 -1
    outer loop
      vertex 54.067276 -88.313095 1.5
      vertex 54.067276 -82.68691 1.5
      vertex 54.252663 -82.41413 1.5
    endloop
  endfacet
  facet normal 0 0 -1
    outer loop
      vertex 53.89939 -88.029205 1.5
      vertex 54.067276 -82.68691 1.5
      vertex 54.067276 -88.313095 1.5
    endloop
  endfacet
  facet normal 0 0 -1
    outer loop
      vertex 53.89939 -88.029205 1.5
      vertex 53.89939 -82.970795 1.5
      vertex 54.067276 -82.68691 1.5
    endloop
  endfacet
  facet normal 0 0 -1
    outer loop
      vertex 53.749657 -87.735344 1.5
      vertex 53.89939 -82.970795 1.5
      vertex 53.89939 -88.029205 1.5
    endloop
  endfacet
  facet normal 0 0 -1
    outer loop
      vertex 53.749657 -87.735344 1.5
      vertex 53.749657 -83.264656 1.5
      vertex 53.89939 -82.970795 1.5
    endloop
  endfacet
  facet normal 0 0 -1
    outer loop
      vertex 53.618675 -87.432655 1.5
      vertex 53.749657 -83.264656 1.5
      vertex 53.749657 -87.735344 1.5
    endloop
  endfacet
  facet normal 0 0 -1
    outer loop
      vertex 53.618675 -87.432655 1.5
      vertex 53.618675 -83.567345 1.5
      vertex 53.749657 -83.264656 1.5
    endloop
  endfacet
  facet normal 0 0 -1
    outer loop
      vertex 53.506954 -87.12234 1.5
      vertex 53.618675 -83.567345 1.5
      vertex 53.618675 -87.432655 1.5
    endloop
  endfacet
  facet normal 0 0 -1
    outer loop
      vertex 53.506954 -87.12234 1.5
      vertex 53.506954 -83.87766 1.5
      vertex 53.618675 -83.567345 1.5
    endloop
  endfacet
  facet normal 0 0 -1
    outer loop
      vertex 53.41494 -86.80562 1.5
      vertex 53.506954 -83.87766 1.5
      vertex 53.506954 -87.12234 1.5
    endloop
  endfacet
  facet normal 0 0 -1
    outer loop
      vertex 53.41494 -86.80562 1.5
      vertex 53.41494 -84.19438 1.5
      vertex 53.506954 -83.87766 1.5
    endloop
  endfacet
  facet normal 0 0 -1
    outer loop
      vertex 53.34299 -86.48375 1.5
      vertex 53.41494 -84.19438 1.5
      vertex 53.41494 -86.80562 1.5
    endloop
  endfacet
  facet normal 0 0 -1
    outer loop
      vertex 53.34299 -86.48375 1.5
      vertex 53.34299 -84.51625 1.5
      vertex 53.41494 -84.19438 1.5
    endloop
  endfacet
  facet normal 0 0 -1
    outer loop
      vertex 53.291397 -86.158 1.5
      vertex 53.34299 -84.51625 1.5
      vertex 53.34299 -86.48375 1.5
    endloop
  endfacet
  facet normal 0 0 -1
    outer loop
      vertex 53.291397 -86.158 1.5
      vertex 53.291397 -84.842 1.5
      vertex 53.34299 -84.51625 1.5
    endloop
  endfacet
  facet normal 0 0 -1
    outer loop
      vertex 53.26036 -85.82965 1.5
      vertex 53.291397 -84.842 1.5
      vertex 53.291397 -86.158 1.5
    endloop
  endfacet
  facet normal 0 0 -1
    outer loop
      vertex 53.26036 -85.82965 1.5
      vertex 53.26036 -85.17035 1.5
      vertex 53.291397 -84.842 1.5
    endloop
  endfacet
  facet normal 0 0 -1
    outer loop
      vertex 53.26036 -85.17035 1.5
      vertex 53.26036 -85.82965 1.5
      vertex 53.25 -85.5 1.5
    endloop
  endfacet
  facet normal -0.70711255 0.707101 0
    outer loop
      vertex 62.093872 -89.32709 0
      vertex 62.327084 -89.09387 1.5
      vertex 62.327084 -89.09387 0
    endloop
  endfacet
  facet normal -0.70711255 0.707101 0
    outer loop
      vertex 62.327084 -89.09387 1.5
      vertex 62.093872 -89.32709 0
      vertex 62.093872 -89.32709 1.5
    endloop
  endfacet
  facet normal -0.56209296 -0.82707405 0
    outer loop
      vertex 61.31309 -81.067276 0
      vertex 61.585873 -81.25266 1.5
      vertex 61.31309 -81.067276 1.5
    endloop
  endfacet
  facet normal -0.56209296 -0.82707405 0
    outer loop
      vertex 61.585873 -81.25266 1.5
      vertex 61.31309 -81.067276 0
      vertex 61.585873 -81.25266 0
    endloop
  endfacet
  facet normal 0.56209296 -0.82707405 0
    outer loop
      vertex 55.414127 -81.25266 0
      vertex 55.68691 -81.067276 1.5
      vertex 55.414127 -81.25266 1.5
    endloop
  endfacet
  facet normal 0.56209296 -0.82707405 0
    outer loop
      vertex 55.68691 -81.067276 1.5
      vertex 55.414127 -81.25266 0
      vertex 55.68691 -81.067276 0
    endloop
  endfacet
  facet normal 0.70710677 0.70710677 0
    outer loop
      vertex 54.906128 -89.32709 1.5
      vertex 54.672913 -89.09387 0
      vertex 54.672913 -89.09387 1.5
    endloop
  endfacet
  facet normal 0.70710677 0.70710677 0
    outer loop
      vertex 54.672913 -89.09387 0
      vertex 54.906128 -89.32709 1.5
      vertex 54.906128 -89.32709 0
    endloop
  endfacet
  facet normal 0.45400167 -0.8910008 0
    outer loop
      vertex 55.970795 -80.89939 0
      vertex 56.264656 -80.74966 1.5
      vertex 55.970795 -80.89939 1.5
    endloop
  endfacet
  facet normal 0.45400167 -0.8910008 0
    outer loop
      vertex 56.264656 -80.74966 1.5
      vertex 55.970795 -80.89939 0
      vertex 56.264656 -80.74966 0
    endloop
  endfacet
  facet normal -0.79014814 0.61291593 0
    outer loop
      vertex 62.545193 -88.84647 0
      vertex 62.747337 -88.58588 1.5
      vertex 62.747337 -88.58588 0
    endloop
  endfacet
  facet normal -0.79014814 0.61291593 0
    outer loop
      vertex 62.747337 -88.58588 1.5
      vertex 62.545193 -88.84647 0
      vertex 62.545193 -88.84647 1.5
    endloop
  endfacet
  facet normal -0.8910008 -0.45400167 0
    outer loop
      vertex 63.250343 -83.264656 0
      vertex 63.10061 -82.970795 1.5
      vertex 63.10061 -82.970795 0
    endloop
  endfacet
  facet normal -0.8910008 -0.45400167 0
    outer loop
      vertex 63.10061 -82.970795 1.5
      vertex 63.250343 -83.264656 0
      vertex 63.250343 -83.264656 1.5
    endloop
  endfacet
  facet normal 0.39713868 0.9177586 0
    outer loop
      vertex 56.567345 -90.381325 0
      vertex 56.264656 -90.25034 1.5
      vertex 56.567345 -90.381325 1.5
    endloop
  endfacet
  facet normal 0.39713868 0.9177586 0
    outer loop
      vertex 56.264656 -90.25034 1.5
      vertex 56.567345 -90.381325 0
      vertex 56.264656 -90.25034 0
    endloop
  endfacet
  facet normal 0.9955624 -0.09410386 0
    outer loop
      vertex 53.26036 -85.17035 1.5
      vertex 53.291397 -84.842 0
      vertex 53.291397 -84.842 1.5
    endloop
  endfacet
  facet normal 0.9955624 -0.09410386 0
    outer loop
      vertex 53.291397 -84.842 0
      vertex 53.26036 -85.17035 1.5
      vertex 53.26036 -85.17035 0
    endloop
  endfacet
  facet normal -0.9995065 0.031413853 0
    outer loop
      vertex 63.73964 -85.82965 0
      vertex 63.75 -85.5 1.5
      vertex 63.75 -85.5 0
    endloop
  endfacet
  facet normal -0.9995065 0.031413853 0
    outer loop
      vertex 63.75 -85.5 1.5
      vertex 63.73964 -85.82965 0
      vertex 63.73964 -85.82965 1.5
    endloop
  endfacet
  facet normal -0.09410386 0.9955624 0
    outer loop
      vertex 59.157997 -90.7086 0
      vertex 58.82965 -90.73964 1.5
      vertex 59.157997 -90.7086 1.5
    endloop
  endfacet
  facet normal -0.09410386 0.9955624 0
    outer loop
      vertex 58.82965 -90.73964 1.5
      vertex 59.157997 -90.7086 0
      vertex 58.82965 -90.73964 0
    endloop
  endfacet
  facet normal -0.33874732 0.9408774 0
    outer loop
      vertex 60.432655 -90.381325 0
      vertex 60.122337 -90.49305 1.5
      vertex 60.432655 -90.381325 1.5
    endloop
  endfacet
  facet normal -0.33874732 0.9408774 0
    outer loop
      vertex 60.122337 -90.49305 1.5
      vertex 60.432655 -90.381325 0
      vertex 60.122337 -90.49305 0
    endloop
  endfacet
  facet normal 0.15644483 0.9876867 0
    outer loop
      vertex 57.842 -90.7086 0
      vertex 57.516247 -90.657005 1.5
      vertex 57.842 -90.7086 1.5
    endloop
  endfacet
  facet normal 0.15644483 0.9876867 0
    outer loop
      vertex 57.516247 -90.657005 1.5
      vertex 57.842 -90.7086 0
      vertex 57.516247 -90.657005 0
    endloop
  endfacet
  facet normal -0.33872685 -0.94088477 0
    outer loop
      vertex 60.122337 -80.50696 0
      vertex 60.432655 -80.618675 1.5
      vertex 60.122337 -80.50696 1.5
    endloop
  endfacet
  facet normal -0.33872685 -0.94088477 0
    outer loop
      vertex 60.432655 -80.618675 1.5
      vertex 60.122337 -80.50696 0
      vertex 60.432655 -80.618675 0
    endloop
  endfacet
  facet normal -0.9876867 0.15644483 0
    outer loop
      vertex 63.657005 -86.48375 0
      vertex 63.708603 -86.158 1.5
      vertex 63.708603 -86.158 0
    endloop
  endfacet
  facet normal -0.9876867 0.15644483 0
    outer loop
      vertex 63.708603 -86.158 1.5
      vertex 63.657005 -86.48375 0
      vertex 63.657005 -86.48375 1.5
    endloop
  endfacet
  facet normal 0.82707405 0.56209296 0
    outer loop
      vertex 54.252663 -88.58588 1.5
      vertex 54.067276 -88.313095 0
      vertex 54.067276 -88.313095 1.5
    endloop
  endfacet
  facet normal 0.82707405 0.56209296 0
    outer loop
      vertex 54.067276 -88.313095 0
      vertex 54.252663 -88.58588 1.5
      vertex 54.252663 -88.58588 0
    endloop
  endfacet
  facet normal 0.5090305 -0.86074847 0
    outer loop
      vertex 55.68691 -81.067276 0
      vertex 55.970795 -80.89939 1.5
      vertex 55.68691 -81.067276 1.5
    endloop
  endfacet
  facet normal 0.5090305 -0.86074847 0
    outer loop
      vertex 55.970795 -80.89939 1.5
      vertex 55.68691 -81.067276 0
      vertex 55.970795 -80.89939 0
    endloop
  endfacet
  facet normal 0.33874732 0.9408774 0
    outer loop
      vertex 56.877663 -90.49305 0
      vertex 56.567345 -90.381325 1.5
      vertex 56.877663 -90.49305 1.5
    endloop
  endfacet
  facet normal 0.33874732 0.9408774 0
    outer loop
      vertex 56.567345 -90.381325 1.5
      vertex 56.877663 -90.49305 0
      vertex 56.567345 -90.381325 0
    endloop
  endfacet
  facet normal -0.15644483 0.9876867 0
    outer loop
      vertex 59.48375 -90.657005 0
      vertex 59.157997 -90.7086 1.5
      vertex 59.48375 -90.657005 1.5
    endloop
  endfacet
  facet normal -0.15644483 0.9876867 0
    outer loop
      vertex 59.157997 -90.7086 1.5
      vertex 59.48375 -90.657005 0
      vertex 59.157997 -90.7086 0
    endloop
  endfacet
  facet normal -0.5090305 0.86074847 0
    outer loop
      vertex 61.31309 -89.932724 0
      vertex 61.029205 -90.10061 1.5
      vertex 61.31309 -89.932724 1.5
    endloop
  endfacet
  facet normal -0.5090305 0.86074847 0
    outer loop
      vertex 61.029205 -90.10061 1.5
      vertex 61.31309 -89.932724 0
      vertex 61.029205 -90.10061 0
    endloop
  endfacet
  facet normal -0.9876867 -0.15644483 0
    outer loop
      vertex 63.708603 -84.842 0
      vertex 63.657005 -84.51625 1.5
      vertex 63.657005 -84.51625 0
    endloop
  endfacet
  facet normal -0.9876867 -0.15644483 0
    outer loop
      vertex 63.657005 -84.51625 1.5
      vertex 63.708603 -84.842 0
      vertex 63.708603 -84.842 1.5
    endloop
  endfacet
  facet normal -0.56209296 0.82707405 0
    outer loop
      vertex 61.585873 -89.74734 0
      vertex 61.31309 -89.932724 1.5
      vertex 61.585873 -89.74734 1.5
    endloop
  endfacet
  facet normal -0.56209296 0.82707405 0
    outer loop
      vertex 61.31309 -89.932724 1.5
      vertex 61.585873 -89.74734 0
      vertex 61.31309 -89.932724 0
    endloop
  endfacet
  facet normal -0.9759174 -0.21814026 0
    outer loop
      vertex 63.657005 -84.51625 0
      vertex 63.58506 -84.19438 1.5
      vertex 63.58506 -84.19438 0
    endloop
  endfacet
  facet normal -0.9759174 -0.21814026 0
    outer loop
      vertex 63.58506 -84.19438 1.5
      vertex 63.657005 -84.51625 0
      vertex 63.657005 -84.51625 1.5
    endloop
  endfacet
  facet normal -0.9955624 -0.09410386 0
    outer loop
      vertex 63.73964 -85.17035 0
      vertex 63.708603 -84.842 1.5
      vertex 63.708603 -84.842 0
    endloop
  endfacet
  facet normal -0.9955624 -0.09410386 0
    outer loop
      vertex 63.708603 -84.842 1.5
      vertex 63.73964 -85.17035 0
      vertex 63.73964 -85.17035 1.5
    endloop
  endfacet
  facet normal 0.6613144 0.75010884 0
    outer loop
      vertex 55.153522 -89.5452 0
      vertex 54.906128 -89.32709 1.5
      vertex 55.153522 -89.5452 1.5
    endloop
  endfacet
  facet normal 0.6613144 0.75010884 0
    outer loop
      vertex 54.906128 -89.32709 1.5
      vertex 55.153522 -89.5452 0
      vertex 54.906128 -89.32709 0
    endloop
  endfacet
  facet normal 0.9408811 -0.33873707 0
    outer loop
      vertex 53.506954 -83.87766 1.5
      vertex 53.618675 -83.567345 0
      vertex 53.618675 -83.567345 1.5
    endloop
  endfacet
  facet normal 0.9408811 -0.33873707 0
    outer loop
      vertex 53.618675 -83.567345 0
      vertex 53.506954 -83.87766 1.5
      vertex 53.506954 -83.87766 0
    endloop
  endfacet
  facet normal -0.96029454 -0.2789881 0
    outer loop
      vertex 63.58506 -84.19438 0
      vertex 63.493046 -83.87766 1.5
      vertex 63.493046 -83.87766 0
    endloop
  endfacet
  facet normal -0.96029454 -0.2789881 0
    outer loop
      vertex 63.493046 -83.87766 1.5
      vertex 63.58506 -84.19438 0
      vertex 63.58506 -84.19438 1.5
    endloop
  endfacet
  facet normal 0.79015374 0.6129087 0
    outer loop
      vertex 54.454803 -88.84647 1.5
      vertex 54.252663 -88.58588 0
      vertex 54.252663 -88.58588 1.5
    endloop
  endfacet
  facet normal 0.79015374 0.6129087 0
    outer loop
      vertex 54.252663 -88.58588 0
      vertex 54.454803 -88.84647 1.5
      vertex 54.454803 -88.84647 0
    endloop
  endfacet
  facet normal -0.70711255 -0.707101 0
    outer loop
      vertex 62.327084 -81.90613 0
      vertex 62.093872 -81.67291 1.5
      vertex 62.093872 -81.67291 0
    endloop
  endfacet
  facet normal -0.70711255 -0.707101 0
    outer loop
      vertex 62.093872 -81.67291 1.5
      vertex 62.327084 -81.90613 0
      vertex 62.327084 -81.90613 1.5
    endloop
  endfacet
  facet normal -0.7501139 -0.66130865 0
    outer loop
      vertex 62.545193 -82.15353 0
      vertex 62.327084 -81.90613 1.5
      vertex 62.327084 -81.90613 0
    endloop
  endfacet
  facet normal -0.7501139 -0.66130865 0
    outer loop
      vertex 62.327084 -81.90613 1.5
      vertex 62.545193 -82.15353 0
      vertex 62.545193 -82.15353 1.5
    endloop
  endfacet
  facet normal 0.33872685 -0.94088477 0
    outer loop
      vertex 56.567345 -80.618675 0
      vertex 56.877663 -80.50696 1.5
      vertex 56.567345 -80.618675 1.5
    endloop
  endfacet
  facet normal 0.33872685 -0.94088477 0
    outer loop
      vertex 56.877663 -80.50696 1.5
      vertex 56.567345 -80.618675 0
      vertex 56.877663 -80.50696 0
    endloop
  endfacet
  facet normal 0.96029454 -0.2789881 0
    outer loop
      vertex 53.41494 -84.19438 1.5
      vertex 53.506954 -83.87766 0
      vertex 53.506954 -83.87766 1.5
    endloop
  endfacet
  facet normal 0.96029454 -0.2789881 0
    outer loop
      vertex 53.506954 -83.87766 0
      vertex 53.41494 -84.19438 1.5
      vertex 53.41494 -84.19438 0
    endloop
  endfacet
  facet normal 0.21814026 -0.9759174 0
    outer loop
      vertex 57.194378 -80.41494 0
      vertex 57.516247 -80.342995 1.5
      vertex 57.194378 -80.41494 1.5
    endloop
  endfacet
  facet normal 0.21814026 -0.9759174 0
    outer loop
      vertex 57.516247 -80.342995 1.5
      vertex 57.194378 -80.41494 0
      vertex 57.516247 -80.342995 0
    endloop
  endfacet
  facet normal -0.8607404 -0.5090441 0
    outer loop
      vertex 63.10061 -82.970795 0
      vertex 62.93272 -82.68691 1.5
      vertex 62.93272 -82.68691 0
    endloop
  endfacet
  facet normal -0.8607404 -0.5090441 0
    outer loop
      vertex 62.93272 -82.68691 1.5
      vertex 63.10061 -82.970795 0
      vertex 63.10061 -82.970795 1.5
    endloop
  endfacet
  facet normal 0.9995065 0.031413853 0
    outer loop
      vertex 53.26036 -85.82965 1.5
      vertex 53.25 -85.5 0
      vertex 53.25 -85.5 1.5
    endloop
  endfacet
  facet normal 0.9995065 0.031413853 0
    outer loop
      vertex 53.25 -85.5 0
      vertex 53.26036 -85.82965 1.5
      vertex 53.26036 -85.82965 0
    endloop
  endfacet
  facet normal -0.15644483 -0.9876867 0
    outer loop
      vertex 59.157997 -80.2914 0
      vertex 59.48375 -80.342995 1.5
      vertex 59.157997 -80.2914 1.5
    endloop
  endfacet
  facet normal -0.15644483 -0.9876867 0
    outer loop
      vertex 59.48375 -80.342995 1.5
      vertex 59.157997 -80.2914 0
      vertex 59.48375 -80.342995 0
    endloop
  endfacet
  facet normal -0.66130865 0.7501139 0
    outer loop
      vertex 62.093872 -89.32709 0
      vertex 61.846474 -89.5452 1.5
      vertex 62.093872 -89.32709 1.5
    endloop
  endfacet
  facet normal -0.66130865 0.7501139 0
    outer loop
      vertex 61.846474 -89.5452 1.5
      vertex 62.093872 -89.32709 0
      vertex 61.846474 -89.5452 0
    endloop
  endfacet
  facet normal 0.82707405 -0.56209296 0
    outer loop
      vertex 54.067276 -82.68691 1.5
      vertex 54.252663 -82.41413 0
      vertex 54.252663 -82.41413 1.5
    endloop
  endfacet
  facet normal 0.82707405 -0.56209296 0
    outer loop
      vertex 54.252663 -82.41413 0
      vertex 54.067276 -82.68691 1.5
      vertex 54.067276 -82.68691 0
    endloop
  endfacet
  facet normal -0.8910008 0.45400167 0
    outer loop
      vertex 63.10061 -88.029205 0
      vertex 63.250343 -87.735344 1.5
      vertex 63.250343 -87.735344 0
    endloop
  endfacet
  facet normal -0.8910008 0.45400167 0
    outer loop
      vertex 63.250343 -87.735344 1.5
      vertex 63.10061 -88.029205 0
      vertex 63.10061 -88.029205 1.5
    endloop
  endfacet
  facet normal -0.9177586 -0.39713868 0
    outer loop
      vertex 63.381325 -83.567345 0
      vertex 63.250343 -83.264656 1.5
      vertex 63.250343 -83.264656 0
    endloop
  endfacet
  facet normal -0.9177586 -0.39713868 0
    outer loop
      vertex 63.250343 -83.264656 1.5
      vertex 63.381325 -83.567345 0
      vertex 63.381325 -83.567345 1.5
    endloop
  endfacet
  facet normal -0.6129031 -0.7901581 0
    outer loop
      vertex 61.585873 -81.25266 0
      vertex 61.846474 -81.4548 1.5
      vertex 61.585873 -81.25266 1.5
    endloop
  endfacet
  facet normal -0.6129031 -0.7901581 0
    outer loop
      vertex 61.846474 -81.4548 1.5
      vertex 61.585873 -81.25266 0
      vertex 61.846474 -81.4548 0
    endloop
  endfacet
  facet normal 0.9408811 0.33873707 0
    outer loop
      vertex 53.618675 -87.432655 1.5
      vertex 53.506954 -87.12234 0
      vertex 53.506954 -87.12234 1.5
    endloop
  endfacet
  facet normal 0.9408811 0.33873707 0
    outer loop
      vertex 53.506954 -87.12234 0
      vertex 53.618675 -87.432655 1.5
      vertex 53.618675 -87.432655 0
    endloop
  endfacet
  facet normal -0.9759174 0.21814026 0
    outer loop
      vertex 63.58506 -86.80562 0
      vertex 63.657005 -86.48375 1.5
      vertex 63.657005 -86.48375 0
    endloop
  endfacet
  facet normal -0.9759174 0.21814026 0
    outer loop
      vertex 63.657005 -86.48375 1.5
      vertex 63.58506 -86.80562 0
      vertex 63.58506 -86.80562 1.5
    endloop
  endfacet
  facet normal 0.7501139 0.66130865 0
    outer loop
      vertex 54.672913 -89.09387 1.5
      vertex 54.454803 -88.84647 0
      vertex 54.454803 -88.84647 1.5
    endloop
  endfacet
  facet normal 0.7501139 0.66130865 0
    outer loop
      vertex 54.454803 -88.84647 0
      vertex 54.672913 -89.09387 1.5
      vertex 54.672913 -89.09387 0
    endloop
  endfacet
  facet normal 0.9177586 0.39713868 0
    outer loop
      vertex 53.749657 -87.735344 1.5
      vertex 53.618675 -87.432655 0
      vertex 53.618675 -87.432655 1.5
    endloop
  endfacet
  facet normal 0.9177586 0.39713868 0
    outer loop
      vertex 53.618675 -87.432655 0
      vertex 53.749657 -87.735344 1.5
      vertex 53.749657 -87.735344 0
    endloop
  endfacet
  facet normal -0.9408811 0.33873707 0
    outer loop
      vertex 63.381325 -87.432655 0
      vertex 63.493046 -87.12234 1.5
      vertex 63.493046 -87.12234 0
    endloop
  endfacet
  facet normal -0.9408811 0.33873707 0
    outer loop
      vertex 63.493046 -87.12234 1.5
      vertex 63.381325 -87.432655 0
      vertex 63.381325 -87.432655 1.5
    endloop
  endfacet
  facet normal -0.96029454 0.2789881 0
    outer loop
      vertex 63.493046 -87.12234 0
      vertex 63.58506 -86.80562 1.5
      vertex 63.58506 -86.80562 0
    endloop
  endfacet
  facet normal -0.96029454 0.2789881 0
    outer loop
      vertex 63.58506 -86.80562 1.5
      vertex 63.493046 -87.12234 0
      vertex 63.493046 -87.12234 1.5
    endloop
  endfacet
  facet normal -0.7501139 0.66130865 0
    outer loop
      vertex 62.327084 -89.09387 0
      vertex 62.545193 -88.84647 1.5
      vertex 62.545193 -88.84647 0
    endloop
  endfacet
  facet normal -0.7501139 0.66130865 0
    outer loop
      vertex 62.545193 -88.84647 1.5
      vertex 62.327084 -89.09387 0
      vertex 62.327084 -89.09387 1.5
    endloop
  endfacet
  facet normal -0.453997 0.8910032 0
    outer loop
      vertex 61.029205 -90.10061 0
      vertex 60.73534 -90.25034 1.5
      vertex 61.029205 -90.10061 1.5
    endloop
  endfacet
  facet normal -0.453997 0.8910032 0
    outer loop
      vertex 60.73534 -90.25034 1.5
      vertex 61.029205 -90.10061 0
      vertex 60.73534 -90.25034 0
    endloop
  endfacet
  facet normal 0.6128975 -0.79016244 0
    outer loop
      vertex 55.153522 -81.4548 0
      vertex 55.414127 -81.25266 1.5
      vertex 55.153522 -81.4548 1.5
    endloop
  endfacet
  facet normal 0.6128975 -0.79016244 0
    outer loop
      vertex 55.414127 -81.25266 1.5
      vertex 55.153522 -81.4548 0
      vertex 55.414127 -81.25266 0
    endloop
  endfacet
  facet normal 0.6128975 0.79016244 0
    outer loop
      vertex 55.414127 -89.74734 0
      vertex 55.153522 -89.5452 1.5
      vertex 55.414127 -89.74734 1.5
    endloop
  endfacet
  facet normal 0.6128975 0.79016244 0
    outer loop
      vertex 55.153522 -89.5452 1.5
      vertex 55.414127 -89.74734 0
      vertex 55.153522 -89.5452 0
    endloop
  endfacet
  facet normal 0.9876885 -0.15643355 0
    outer loop
      vertex 53.291397 -84.842 1.5
      vertex 53.34299 -84.51625 0
      vertex 53.34299 -84.51625 1.5
    endloop
  endfacet
  facet normal 0.9876885 -0.15643355 0
    outer loop
      vertex 53.34299 -84.51625 0
      vertex 53.291397 -84.842 1.5
      vertex 53.291397 -84.842 0
    endloop
  endfacet
  facet normal 0.9876885 0.15643355 0
    outer loop
      vertex 53.34299 -86.48375 1.5
      vertex 53.291397 -86.158 0
      vertex 53.291397 -86.158 1.5
    endloop
  endfacet
  facet normal 0.9876885 0.15643355 0
    outer loop
      vertex 53.291397 -86.158 0
      vertex 53.34299 -86.48375 1.5
      vertex 53.34299 -86.48375 0
    endloop
  endfacet
  facet normal 0.96029454 0.2789881 0
    outer loop
      vertex 53.506954 -87.12234 1.5
      vertex 53.41494 -86.80562 0
      vertex 53.41494 -86.80562 1.5
    endloop
  endfacet
  facet normal 0.96029454 0.2789881 0
    outer loop
      vertex 53.41494 -86.80562 0
      vertex 53.506954 -87.12234 1.5
      vertex 53.506954 -87.12234 0
    endloop
  endfacet
  facet normal -0.79015684 -0.6129047 0
    outer loop
      vertex 62.747337 -82.41413 0
      vertex 62.545193 -82.15353 1.5
      vertex 62.545193 -82.15353 0
    endloop
  endfacet
  facet normal -0.79015684 -0.6129047 0
    outer loop
      vertex 62.545193 -82.15353 1.5
      vertex 62.747337 -82.41413 0
      vertex 62.747337 -82.41413 1.5
    endloop
  endfacet
  facet normal 0.27898052 0.96029675 0
    outer loop
      vertex 57.194378 -90.58506 0
      vertex 56.877663 -90.49305 1.5
      vertex 57.194378 -90.58506 1.5
    endloop
  endfacet
  facet normal 0.27898052 0.96029675 0
    outer loop
      vertex 56.877663 -90.49305 1.5
      vertex 57.194378 -90.58506 0
      vertex 56.877663 -90.49305 0
    endloop
  endfacet
  facet normal 0.97591496 -0.21815127 0
    outer loop
      vertex 53.34299 -84.51625 1.5
      vertex 53.41494 -84.19438 0
      vertex 53.41494 -84.19438 1.5
    endloop
  endfacet
  facet normal 0.97591496 -0.21815127 0
    outer loop
      vertex 53.41494 -84.19438 0
      vertex 53.34299 -84.51625 1.5
      vertex 53.34299 -84.51625 0
    endloop
  endfacet
  facet normal 0.6613144 -0.75010884 0
    outer loop
      vertex 54.906128 -81.67291 0
      vertex 55.153522 -81.4548 1.5
      vertex 54.906128 -81.67291 1.5
    endloop
  endfacet
  facet normal 0.6613144 -0.75010884 0
    outer loop
      vertex 55.153522 -81.4548 1.5
      vertex 54.906128 -81.67291 0
      vertex 55.153522 -81.4548 0
    endloop
  endfacet
  facet normal 0 0 -1
    outer loop
      vertex -23.618673 -140.56735 0
      vertex 53.618675 -140.56735 0
      vertex -23.506954 -140.87766 0
    endloop
  endfacet
  facet normal 0 0 -1
    outer loop
      vertex 54.067276 -88.313095 0
      vertex -23.260359 -85.82965 0
      vertex -23.25 -85.5 0
    endloop
  endfacet
  facet normal 0 0 -1
    outer loop
      vertex 53.618675 -140.56735 0
      vertex -23.618673 -140.56735 0
      vertex 53.749657 -140.26466 0
    endloop
  endfacet
  facet normal 0 0 -1
    outer loop
      vertex 54.067276 -88.313095 0
      vertex -23.291397 -86.158 0
      vertex -23.260359 -85.82965 0
    endloop
  endfacet
  facet normal 0 0 -1
    outer loop
      vertex -23.749657 -140.26466 0
      vertex 53.749657 -140.26466 0
      vertex -23.618673 -140.56735 0
    endloop
  endfacet
  facet normal 0 0 -1
    outer loop
      vertex 54.067276 -88.313095 0
      vertex -23.34299 -86.48375 0
      vertex -23.291397 -86.158 0
    endloop
  endfacet
  facet normal 0 0 -1
    outer loop
      vertex 53.749657 -140.26466 0
      vertex -23.749657 -140.26466 0
      vertex 53.89939 -139.9708 0
    endloop
  endfacet
  facet normal 0 0 -1
    outer loop
      vertex 54.067276 -88.313095 0
      vertex -23.414938 -86.80562 0
      vertex -23.34299 -86.48375 0
    endloop
  endfacet
  facet normal 0 0 -1
    outer loop
      vertex -23.89939 -139.9708 0
      vertex 53.89939 -139.9708 0
      vertex -23.749657 -140.26466 0
    endloop
  endfacet
  facet normal 0 0 -1
    outer loop
      vertex 54.067276 -88.313095 0
      vertex -23.506954 -87.12234 0
      vertex -23.414938 -86.80562 0
    endloop
  endfacet
  facet normal 0 0 -1
    outer loop
      vertex 53.89939 -139.9708 0
      vertex -23.89939 -139.9708 0
      vertex 54.067276 -139.6869 0
    endloop
  endfacet
  facet normal 0 0 -1
    outer loop
      vertex 54.067276 -88.313095 0
      vertex -23.618673 -87.432655 0
      vertex -23.506954 -87.12234 0
    endloop
  endfacet
  facet normal 0 0 -1
    outer loop
      vertex -24.067278 -139.6869 0
      vertex 54.067276 -139.6869 0
      vertex -23.89939 -139.9708 0
    endloop
  endfacet
  facet normal 0 0 -1
    outer loop
      vertex 54.067276 -88.313095 0
      vertex -23.749657 -87.735344 0
      vertex -23.618673 -87.432655 0
    endloop
  endfacet
  facet normal 0 0 -1
    outer loop
      vertex 54.067276 -139.6869 0
      vertex -24.067278 -139.6869 0
      vertex 54.067276 -88.313095 0
    endloop
  endfacet
  facet normal 0 0 -1
    outer loop
      vertex 54.067276 -88.313095 0
      vertex -23.89939 -88.029205 0
      vertex -23.749657 -87.735344 0
    endloop
  endfacet
  facet normal 0 0 -1
    outer loop
      vertex -24.067278 -88.313095 0
      vertex 54.067276 -88.313095 0
      vertex -24.067278 -139.6869 0
    endloop
  endfacet
  facet normal 0 0 -1
    outer loop
      vertex 54.067276 -88.313095 0
      vertex -24.067278 -88.313095 0
      vertex -23.89939 -88.029205 0
    endloop
  endfacet
  facet normal 0 0 -1
    outer loop
      vertex -24.25266 -139.41412 0
      vertex -24.067278 -88.313095 0
      vertex -24.067278 -139.6869 0
    endloop
  endfacet
  facet normal 0 0 -1
    outer loop
      vertex -24.25266 -139.41412 0
      vertex -24.25266 -88.58588 0
      vertex -24.067278 -88.313095 0
    endloop
  endfacet
  facet normal 0 0 -1
    outer loop
      vertex -24.454805 -139.15352 0
      vertex -24.25266 -88.58588 0
      vertex -24.25266 -139.41412 0
    endloop
  endfacet
  facet normal 0 0 -1
    outer loop
      vertex -24.454805 -139.15352 0
      vertex -24.454805 -88.84647 0
      vertex -24.25266 -88.58588 0
    endloop
  endfacet
  facet normal 0 0 -1
    outer loop
      vertex -24.672915 -138.90613 0
      vertex -24.454805 -88.84647 0
      vertex -24.454805 -139.15352 0
    endloop
  endfacet
  facet normal 0 0 -1
    outer loop
      vertex -24.672915 -138.90613 0
      vertex -24.672915 -89.09387 0
      vertex -24.454805 -88.84647 0
    endloop
  endfacet
  facet normal 0 0 -1
    outer loop
      vertex -24.906128 -138.67291 0
      vertex -24.672915 -89.09387 0
      vertex -24.672915 -138.90613 0
    endloop
  endfacet
  facet normal 0 0 -1
    outer loop
      vertex -24.906128 -138.67291 0
      vertex -24.906128 -89.32709 0
      vertex -24.672915 -89.09387 0
    endloop
  endfacet
  facet normal 0 0 -1
    outer loop
      vertex -25.153522 -138.4548 0
      vertex -24.906128 -89.32709 0
      vertex -24.906128 -138.67291 0
    endloop
  endfacet
  facet normal 0 0 -1
    outer loop
      vertex -25.153522 -138.4548 0
      vertex -25.153522 -89.5452 0
      vertex -24.906128 -89.32709 0
    endloop
  endfacet
  facet normal 0 0 -1
    outer loop
      vertex -25.414127 -138.25266 0
      vertex -25.153522 -89.5452 0
      vertex -25.153522 -138.4548 0
    endloop
  endfacet
  facet normal 0 0 -1
    outer loop
      vertex -25.414127 -138.25266 0
      vertex -25.414127 -89.74734 0
      vertex -25.153522 -89.5452 0
    endloop
  endfacet
  facet normal 0 0 -1
    outer loop
      vertex -25.686909 -138.06728 0
      vertex -25.414127 -89.74734 0
      vertex -25.414127 -138.25266 0
    endloop
  endfacet
  facet normal 0 0 -1
    outer loop
      vertex -25.686909 -138.06728 0
      vertex -25.686909 -89.932724 0
      vertex -25.414127 -89.74734 0
    endloop
  endfacet
  facet normal 0 0 -1
    outer loop
      vertex -25.970793 -137.89938 0
      vertex -25.686909 -89.932724 0
      vertex -25.686909 -138.06728 0
    endloop
  endfacet
  facet normal 0 0 -1
    outer loop
      vertex -25.970793 -137.89938 0
      vertex -25.970793 -90.10061 0
      vertex -25.686909 -89.932724 0
    endloop
  endfacet
  facet normal 0 0 -1
    outer loop
      vertex -26.264658 -137.74966 0
      vertex -25.970793 -90.10061 0
      vertex -25.970793 -137.89938 0
    endloop
  endfacet
  facet normal 0 0 -1
    outer loop
      vertex -26.264658 -137.74966 0
      vertex -26.264658 -90.25034 0
      vertex -25.970793 -90.10061 0
    endloop
  endfacet
  facet normal 0 0 -1
    outer loop
      vertex -26.567345 -137.61867 0
      vertex -26.264658 -90.25034 0
      vertex -26.264658 -137.74966 0
    endloop
  endfacet
  facet normal 0 0 -1
    outer loop
      vertex -26.567345 -137.61867 0
      vertex -26.567345 -90.381325 0
      vertex -26.264658 -90.25034 0
    endloop
  endfacet
  facet normal 0 0 -1
    outer loop
      vertex -26.87766 -137.50696 0
      vertex -26.567345 -90.381325 0
      vertex -26.567345 -137.61867 0
    endloop
  endfacet
  facet normal 0 0 -1
    outer loop
      vertex -26.87766 -137.50696 0
      vertex -26.87766 -90.49305 0
      vertex -26.567345 -90.381325 0
    endloop
  endfacet
  facet normal 0 0 -1
    outer loop
      vertex -27.194378 -137.41493 0
      vertex -26.87766 -90.49305 0
      vertex -26.87766 -137.50696 0
    endloop
  endfacet
  facet normal 0 0 -1
    outer loop
      vertex -27.194378 -137.41493 0
      vertex -27.194378 -90.58506 0
      vertex -26.87766 -90.49305 0
    endloop
  endfacet
  facet normal 0 0 -1
    outer loop
      vertex -27.516247 -137.34299 0
      vertex -27.194378 -90.58506 0
      vertex -27.194378 -137.41493 0
    endloop
  endfacet
  facet normal 0 0 -1
    outer loop
      vertex -27.516247 -137.34299 0
      vertex -27.516247 -90.657005 0
      vertex -27.194378 -90.58506 0
    endloop
  endfacet
  facet normal 0 0 -1
    outer loop
      vertex -27.842 -137.2914 0
      vertex -27.516247 -90.657005 0
      vertex -27.516247 -137.34299 0
    endloop
  endfacet
  facet normal 0 0 -1
    outer loop
      vertex -27.842 -137.2914 0
      vertex -27.842 -90.7086 0
      vertex -27.516247 -90.657005 0
    endloop
  endfacet
  facet normal 0 0 -1
    outer loop
      vertex -28.17035 -137.26036 0
      vertex -27.842 -90.7086 0
      vertex -27.842 -137.2914 0
    endloop
  endfacet
  facet normal 0 0 -1
    outer loop
      vertex -28.17035 -137.26036 0
      vertex -28.17035 -90.73964 0
      vertex -27.842 -90.7086 0
    endloop
  endfacet
  facet normal 0 0 -1
    outer loop
      vertex -28.5 -137.25 0
      vertex -28.17035 -90.73964 0
      vertex -28.17035 -137.26036 0
    endloop
  endfacet
  facet normal 0 0 -1
    outer loop
      vertex -28.5 -137.25 0
      vertex -28.5 -90.75 0
      vertex -28.17035 -90.73964 0
    endloop
  endfacet
  facet normal 0 0 -1
    outer loop
      vertex -28.82965 -137.26036 0
      vertex -28.5 -90.75 0
      vertex -28.5 -137.25 0
    endloop
  endfacet
  facet normal 0 0 -1
    outer loop
      vertex -28.82965 -137.26036 0
      vertex -28.82965 -90.73964 0
      vertex -28.5 -90.75 0
    endloop
  endfacet
  facet normal 0 0 -1
    outer loop
      vertex -29.157999 -137.2914 0
      vertex -28.82965 -90.73964 0
      vertex -28.82965 -137.26036 0
    endloop
  endfacet
  facet normal 0 0 -1
    outer loop
      vertex -29.157999 -137.2914 0
      vertex -29.157999 -90.7086 0
      vertex -28.82965 -90.73964 0
    endloop
  endfacet
  facet normal 0 0 -1
    outer loop
      vertex -29.483751 -137.34299 0
      vertex -29.157999 -90.7086 0
      vertex -29.157999 -137.2914 0
    endloop
  endfacet
  facet normal 0 0 -1
    outer loop
      vertex -29.483751 -137.34299 0
      vertex -29.483751 -90.657005 0
      vertex -29.157999 -90.7086 0
    endloop
  endfacet
  facet normal 0 0 -1
    outer loop
      vertex -29.805622 -137.41493 0
      vertex -29.483751 -90.657005 0
      vertex -29.483751 -137.34299 0
    endloop
  endfacet
  facet normal 0 0 -1
    outer loop
      vertex -29.805622 -137.41493 0
      vertex -29.805622 -90.58506 0
      vertex -29.483751 -90.657005 0
    endloop
  endfacet
  facet normal 0 0 -1
    outer loop
      vertex -30.122337 -137.50696 0
      vertex -29.805622 -90.58506 0
      vertex -29.805622 -137.41493 0
    endloop
  endfacet
  facet normal 0 0 -1
    outer loop
      vertex -30.122337 -137.50696 0
      vertex -30.122337 -90.49305 0
      vertex -29.805622 -90.58506 0
    endloop
  endfacet
  facet normal 0 0 -1
    outer loop
      vertex -30.432653 -137.61867 0
      vertex -30.122337 -90.49305 0
      vertex -30.122337 -137.50696 0
    endloop
  endfacet
  facet normal 0 0 -1
    outer loop
      vertex -30.432653 -137.61867 0
      vertex -30.432653 -90.381325 0
      vertex -30.122337 -90.49305 0
    endloop
  endfacet
  facet normal 0 0 -1
    outer loop
      vertex -30.73534 -137.74966 0
      vertex -30.432653 -90.381325 0
      vertex -30.432653 -137.61867 0
    endloop
  endfacet
  facet normal 0 0 -1
    outer loop
      vertex -30.73534 -137.74966 0
      vertex -30.73534 -90.25034 0
      vertex -30.432653 -90.381325 0
    endloop
  endfacet
  facet normal 0 0 -1
    outer loop
      vertex -31.029205 -137.89938 0
      vertex -30.73534 -90.25034 0
      vertex -30.73534 -137.74966 0
    endloop
  endfacet
  facet normal 0 0 -1
    outer loop
      vertex -31.029205 -137.89938 0
      vertex -31.029205 -90.10061 0
      vertex -30.73534 -90.25034 0
    endloop
  endfacet
  facet normal 0 0 -1
    outer loop
      vertex -31.313091 -138.06728 0
      vertex -31.029205 -90.10061 0
      vertex -31.029205 -137.89938 0
    endloop
  endfacet
  facet normal 0 0 -1
    outer loop
      vertex -31.313091 -138.06728 0
      vertex -31.313091 -89.932724 0
      vertex -31.029205 -90.10061 0
    endloop
  endfacet
  facet normal 0 0 -1
    outer loop
      vertex -31.585873 -138.25266 0
      vertex -31.313091 -89.932724 0
      vertex -31.313091 -138.06728 0
    endloop
  endfacet
  facet normal 0 0 -1
    outer loop
      vertex -31.585873 -138.25266 0
      vertex -31.585873 -89.74734 0
      vertex -31.313091 -89.932724 0
    endloop
  endfacet
  facet normal 0 0 -1
    outer loop
      vertex -31.846476 -138.4548 0
      vertex -31.585873 -89.74734 0
      vertex -31.585873 -138.25266 0
    endloop
  endfacet
  facet normal 0 0 -1
    outer loop
      vertex -31.846476 -138.4548 0
      vertex -31.846476 -89.5452 0
      vertex -31.585873 -89.74734 0
    endloop
  endfacet
  facet normal 0 0 -1
    outer loop
      vertex -32.093872 -138.67291 0
      vertex -31.846476 -89.5452 0
      vertex -31.846476 -138.4548 0
    endloop
  endfacet
  facet normal 0 0 -1
    outer loop
      vertex -32.093872 -138.67291 0
      vertex -32.093872 -89.32709 0
      vertex -31.846476 -89.5452 0
    endloop
  endfacet
  facet normal 0 0 -1
    outer loop
      vertex -32.327084 -138.90613 0
      vertex -32.093872 -89.32709 0
      vertex -32.093872 -138.67291 0
    endloop
  endfacet
  facet normal 0 0 -1
    outer loop
      vertex -32.327084 -138.90613 0
      vertex -32.327084 -89.09387 0
      vertex -32.093872 -89.32709 0
    endloop
  endfacet
  facet normal 0 0 -1
    outer loop
      vertex -32.545193 -139.15352 0
      vertex -32.327084 -89.09387 0
      vertex -32.327084 -138.90613 0
    endloop
  endfacet
  facet normal 0 0 -1
    outer loop
      vertex -32.545193 -139.15352 0
      vertex -32.545193 -88.84647 0
      vertex -32.327084 -89.09387 0
    endloop
  endfacet
  facet normal 0 0 -1
    outer loop
      vertex -32.747337 -139.41412 0
      vertex -32.545193 -88.84647 0
      vertex -32.545193 -139.15352 0
    endloop
  endfacet
  facet normal 0 0 -1
    outer loop
      vertex -32.747337 -139.41412 0
      vertex -32.747337 -88.58588 0
      vertex -32.545193 -88.84647 0
    endloop
  endfacet
  facet normal 0 0 -1
    outer loop
      vertex -32.93272 -139.6869 0
      vertex -32.747337 -88.58588 0
      vertex -32.747337 -139.41412 0
    endloop
  endfacet
  facet normal 0 0 -1
    outer loop
      vertex -32.93272 -139.6869 0
      vertex -32.93272 -88.313095 0
      vertex -32.747337 -88.58588 0
    endloop
  endfacet
  facet normal 0 0 -1
    outer loop
      vertex -33.10061 -139.9708 0
      vertex -32.93272 -88.313095 0
      vertex -32.93272 -139.6869 0
    endloop
  endfacet
  facet normal 0 0 -1
    outer loop
      vertex -33.10061 -139.9708 0
      vertex -33.10061 -88.029205 0
      vertex -32.93272 -88.313095 0
    endloop
  endfacet
  facet normal 0 0 -1
    outer loop
      vertex -33.250343 -140.26466 0
      vertex -33.10061 -88.029205 0
      vertex -33.10061 -139.9708 0
    endloop
  endfacet
  facet normal 0 0 -1
    outer loop
      vertex -33.250343 -140.26466 0
      vertex -33.250343 -87.735344 0
      vertex -33.10061 -88.029205 0
    endloop
  endfacet
  facet normal 0 0 -1
    outer loop
      vertex -33.381325 -140.56735 0
      vertex -33.250343 -87.735344 0
      vertex -33.250343 -140.26466 0
    endloop
  endfacet
  facet normal 0 0 -1
    outer loop
      vertex -33.381325 -140.56735 0
      vertex -33.381325 -87.432655 0
      vertex -33.250343 -87.735344 0
    endloop
  endfacet
  facet normal 0 0 -1
    outer loop
      vertex -33.493046 -140.87766 0
      vertex -33.381325 -87.432655 0
      vertex -33.381325 -140.56735 0
    endloop
  endfacet
  facet normal 0 0 -1
    outer loop
      vertex -33.493046 -140.87766 0
      vertex -33.493046 -87.12234 0
      vertex -33.381325 -87.432655 0
    endloop
  endfacet
  facet normal 0 0 -1
    outer loop
      vertex -33.58506 -141.19438 0
      vertex -33.493046 -87.12234 0
      vertex -33.493046 -140.87766 0
    endloop
  endfacet
  facet normal 0 0 -1
    outer loop
      vertex -33.58506 -141.19438 0
      vertex -33.58506 -86.80562 0
      vertex -33.493046 -87.12234 0
    endloop
  endfacet
  facet normal 0 0 -1
    outer loop
      vertex -35 -146 0
      vertex -33.58506 -141.19438 0
      vertex -33.657005 -141.51625 0
    endloop
  endfacet
  facet normal 0 0 -1
    outer loop
      vertex -33.58506 -141.19438 0
      vertex -35 -146 0
      vertex -33.58506 -86.80562 0
    endloop
  endfacet
  facet normal 0 0 -1
    outer loop
      vertex -35 -146 0
      vertex -33.657005 -141.51625 0
      vertex -33.708603 -141.842 0
    endloop
  endfacet
  facet normal 0 0 -1
    outer loop
      vertex -35 -82 0
      vertex -33.58506 -86.80562 0
      vertex -35 -146 0
    endloop
  endfacet
  facet normal 0 0 -1
    outer loop
      vertex -35 -146 0
      vertex -33.708603 -141.842 0
      vertex -33.73964 -142.17035 0
    endloop
  endfacet
  facet normal 0 0 -1
    outer loop
      vertex -33.58506 -86.80562 0
      vertex -35 -82 0
      vertex -33.657005 -86.48375 0
    endloop
  endfacet
  facet normal 0 0 -1
    outer loop
      vertex -35 -146 0
      vertex -33.73964 -142.17035 0
      vertex -33.75 -142.5 0
    endloop
  endfacet
  facet normal 0 0 -1
    outer loop
      vertex -33.657005 -86.48375 0
      vertex -35 -82 0
      vertex -33.708603 -86.158 0
    endloop
  endfacet
  facet normal 0 0 -1
    outer loop
      vertex 63.657005 -141.51625 0
      vertex 65 -146 0
      vertex 63.708603 -141.842 0
    endloop
  endfacet
  facet normal 0 0 -1
    outer loop
      vertex 65 -82 0
      vertex 63.73964 -85.82965 0
      vertex 63.75 -85.5 0
    endloop
  endfacet
  facet normal 0 0 -1
    outer loop
      vertex 63.58506 -141.19438 0
      vertex 65 -146 0
      vertex 63.657005 -141.51625 0
    endloop
  endfacet
  facet normal 0 0 -1
    outer loop
      vertex 65 -82 0
      vertex 63.708603 -86.158 0
      vertex 63.73964 -85.82965 0
    endloop
  endfacet
  facet normal 0 0 -1
    outer loop
      vertex 65 -146 0
      vertex 63.58506 -141.19438 0
      vertex 65 -82 0
    endloop
  endfacet
  facet normal 0 0 -1
    outer loop
      vertex 65 -82 0
      vertex 63.657005 -86.48375 0
      vertex 63.708603 -86.158 0
    endloop
  endfacet
  facet normal 0 0 -1
    outer loop
      vertex 63.58506 -86.80562 0
      vertex 65 -82 0
      vertex 63.58506 -141.19438 0
    endloop
  endfacet
  facet normal 0 0 -1
    outer loop
      vertex 65 -82 0
      vertex 63.58506 -86.80562 0
      vertex 63.657005 -86.48375 0
    endloop
  endfacet
  facet normal 0 0 -1
    outer loop
      vertex 63.493046 -140.87766 0
      vertex 63.58506 -86.80562 0
      vertex 63.58506 -141.19438 0
    endloop
  endfacet
  facet normal 0 0 -1
    outer loop
      vertex 63.493046 -140.87766 0
      vertex 63.493046 -87.12234 0
      vertex 63.58506 -86.80562 0
    endloop
  endfacet
  facet normal 0 0 -1
    outer loop
      vertex 63.381325 -140.56735 0
      vertex 63.493046 -87.12234 0
      vertex 63.493046 -140.87766 0
    endloop
  endfacet
  facet normal 0 0 -1
    outer loop
      vertex 63.381325 -140.56735 0
      vertex 63.381325 -87.432655 0
      vertex 63.493046 -87.12234 0
    endloop
  endfacet
  facet normal 0 0 -1
    outer loop
      vertex 63.250343 -140.26466 0
      vertex 63.381325 -87.432655 0
      vertex 63.381325 -140.56735 0
    endloop
  endfacet
  facet normal 0 0 -1
    outer loop
      vertex 63.250343 -140.26466 0
      vertex 63.250343 -87.735344 0
      vertex 63.381325 -87.432655 0
    endloop
  endfacet
  facet normal 0 0 -1
    outer loop
      vertex 63.10061 -139.9708 0
      vertex 63.250343 -87.735344 0
      vertex 63.250343 -140.26466 0
    endloop
  endfacet
  facet normal 0 0 -1
    outer loop
      vertex 63.10061 -139.9708 0
      vertex 63.10061 -88.029205 0
      vertex 63.250343 -87.735344 0
    endloop
  endfacet
  facet normal 0 0 -1
    outer loop
      vertex 62.93272 -139.6869 0
      vertex 63.10061 -88.029205 0
      vertex 63.10061 -139.9708 0
    endloop
  endfacet
  facet normal 0 0 -1
    outer loop
      vertex 62.93272 -139.6869 0
      vertex 62.93272 -88.313095 0
      vertex 63.10061 -88.029205 0
    endloop
  endfacet
  facet normal 0 0 -1
    outer loop
      vertex 62.747337 -139.41412 0
      vertex 62.93272 -88.313095 0
      vertex 62.93272 -139.6869 0
    endloop
  endfacet
  facet normal 0 0 -1
    outer loop
      vertex 62.747337 -139.41412 0
      vertex 62.747337 -88.58588 0
      vertex 62.93272 -88.313095 0
    endloop
  endfacet
  facet normal 0 0 -1
    outer loop
      vertex 62.545193 -139.15352 0
      vertex 62.747337 -88.58588 0
      vertex 62.747337 -139.41412 0
    endloop
  endfacet
  facet normal 0 0 -1
    outer loop
      vertex 62.545193 -139.15352 0
      vertex 62.545193 -88.84647 0
      vertex 62.747337 -88.58588 0
    endloop
  endfacet
  facet normal 0 0 -1
    outer loop
      vertex 62.327084 -138.90613 0
      vertex 62.545193 -88.84647 0
      vertex 62.545193 -139.15352 0
    endloop
  endfacet
  facet normal 0 0 -1
    outer loop
      vertex 62.327084 -138.90613 0
      vertex 62.327084 -89.09387 0
      vertex 62.545193 -88.84647 0
    endloop
  endfacet
  facet normal 0 0 -1
    outer loop
      vertex 62.093872 -138.67291 0
      vertex 62.327084 -89.09387 0
      vertex 62.327084 -138.90613 0
    endloop
  endfacet
  facet normal 0 0 -1
    outer loop
      vertex 62.093872 -138.67291 0
      vertex 62.093872 -89.32709 0
      vertex 62.327084 -89.09387 0
    endloop
  endfacet
  facet normal 0 0 -1
    outer loop
      vertex 61.846474 -138.4548 0
      vertex 62.093872 -89.32709 0
      vertex 62.093872 -138.67291 0
    endloop
  endfacet
  facet normal 0 0 -1
    outer loop
      vertex 61.846474 -138.4548 0
      vertex 61.846474 -89.5452 0
      vertex 62.093872 -89.32709 0
    endloop
  endfacet
  facet normal 0 0 -1
    outer loop
      vertex 61.585873 -138.25266 0
      vertex 61.846474 -89.5452 0
      vertex 61.846474 -138.4548 0
    endloop
  endfacet
  facet normal 0 0 -1
    outer loop
      vertex 61.585873 -138.25266 0
      vertex 61.585873 -89.74734 0
      vertex 61.846474 -89.5452 0
    endloop
  endfacet
  facet normal 0 0 -1
    outer loop
      vertex 61.31309 -138.06728 0
      vertex 61.585873 -89.74734 0
      vertex 61.585873 -138.25266 0
    endloop
  endfacet
  facet normal 0 0 -1
    outer loop
      vertex 61.31309 -138.06728 0
      vertex 61.31309 -89.932724 0
      vertex 61.585873 -89.74734 0
    endloop
  endfacet
  facet normal 0 0 -1
    outer loop
      vertex 61.029205 -137.89938 0
      vertex 61.31309 -89.932724 0
      vertex 61.31309 -138.06728 0
    endloop
  endfacet
  facet normal 0 0 -1
    outer loop
      vertex 61.029205 -137.89938 0
      vertex 61.029205 -90.10061 0
      vertex 61.31309 -89.932724 0
    endloop
  endfacet
  facet normal 0 0 -1
    outer loop
      vertex 60.73534 -137.74966 0
      vertex 61.029205 -90.10061 0
      vertex 61.029205 -137.89938 0
    endloop
  endfacet
  facet normal 0 0 -1
    outer loop
      vertex 60.73534 -137.74966 0
      vertex 60.73534 -90.25034 0
      vertex 61.029205 -90.10061 0
    endloop
  endfacet
  facet normal 0 0 -1
    outer loop
      vertex 60.432655 -137.61867 0
      vertex 60.73534 -90.25034 0
      vertex 60.73534 -137.74966 0
    endloop
  endfacet
  facet normal 0 0 -1
    outer loop
      vertex 60.432655 -137.61867 0
      vertex 60.432655 -90.381325 0
      vertex 60.73534 -90.25034 0
    endloop
  endfacet
  facet normal 0 0 -1
    outer loop
      vertex 60.122337 -137.50696 0
      vertex 60.432655 -90.381325 0
      vertex 60.432655 -137.61867 0
    endloop
  endfacet
  facet normal 0 0 -1
    outer loop
      vertex 60.122337 -137.50696 0
      vertex 60.122337 -90.49305 0
      vertex 60.432655 -90.381325 0
    endloop
  endfacet
  facet normal 0 0 -1
    outer loop
      vertex 59.805622 -137.41493 0
      vertex 60.122337 -90.49305 0
      vertex 60.122337 -137.50696 0
    endloop
  endfacet
  facet normal 0 0 -1
    outer loop
      vertex 59.805622 -137.41493 0
      vertex 59.805622 -90.58506 0
      vertex 60.122337 -90.49305 0
    endloop
  endfacet
  facet normal 0 0 -1
    outer loop
      vertex 59.48375 -137.34299 0
      vertex 59.805622 -90.58506 0
      vertex 59.805622 -137.41493 0
    endloop
  endfacet
  facet normal 0 0 -1
    outer loop
      vertex 59.48375 -137.34299 0
      vertex 59.48375 -90.657005 0
      vertex 59.805622 -90.58506 0
    endloop
  endfacet
  facet normal 0 0 -1
    outer loop
      vertex 59.157997 -137.2914 0
      vertex 59.48375 -90.657005 0
      vertex 59.48375 -137.34299 0
    endloop
  endfacet
  facet normal 0 0 -1
    outer loop
      vertex 59.157997 -137.2914 0
      vertex 59.157997 -90.7086 0
      vertex 59.48375 -90.657005 0
    endloop
  endfacet
  facet normal 0 0 -1
    outer loop
      vertex 58.82965 -137.26036 0
      vertex 59.157997 -90.7086 0
      vertex 59.157997 -137.2914 0
    endloop
  endfacet
  facet normal 0 0 -1
    outer loop
      vertex 58.82965 -137.26036 0
      vertex 58.82965 -90.73964 0
      vertex 59.157997 -90.7086 0
    endloop
  endfacet
  facet normal 0 0 -1
    outer loop
      vertex 58.5 -137.25 0
      vertex 58.82965 -90.73964 0
      vertex 58.82965 -137.26036 0
    endloop
  endfacet
  facet normal 0 0 -1
    outer loop
      vertex 58.5 -137.25 0
      vertex 58.5 -90.75 0
      vertex 58.82965 -90.73964 0
    endloop
  endfacet
  facet normal 0 0 -1
    outer loop
      vertex 58.17035 -137.26036 0
      vertex 58.5 -90.75 0
      vertex 58.5 -137.25 0
    endloop
  endfacet
  facet normal 0 0 -1
    outer loop
      vertex 58.17035 -137.26036 0
      vertex 58.17035 -90.73964 0
      vertex 58.5 -90.75 0
    endloop
  endfacet
  facet normal 0 0 -1
    outer loop
      vertex 57.842 -137.2914 0
      vertex 58.17035 -90.73964 0
      vertex 58.17035 -137.26036 0
    endloop
  endfacet
  facet normal 0 0 -1
    outer loop
      vertex 57.842 -137.2914 0
      vertex 57.842 -90.7086 0
      vertex 58.17035 -90.73964 0
    endloop
  endfacet
  facet normal 0 0 -1
    outer loop
      vertex 57.516247 -137.34299 0
      vertex 57.842 -90.7086 0
      vertex 57.842 -137.2914 0
    endloop
  endfacet
  facet normal 0 0 -1
    outer loop
      vertex 57.516247 -137.34299 0
      vertex 57.516247 -90.657005 0
      vertex 57.842 -90.7086 0
    endloop
  endfacet
  facet normal 0 0 -1
    outer loop
      vertex 57.194378 -137.41493 0
      vertex 57.516247 -90.657005 0
      vertex 57.516247 -137.34299 0
    endloop
  endfacet
  facet normal 0 0 -1
    outer loop
      vertex 57.194378 -137.41493 0
      vertex 57.194378 -90.58506 0
      vertex 57.516247 -90.657005 0
    endloop
  endfacet
  facet normal 0 0 -1
    outer loop
      vertex 56.877663 -137.50696 0
      vertex 57.194378 -90.58506 0
      vertex 57.194378 -137.41493 0
    endloop
  endfacet
  facet normal 0 0 -1
    outer loop
      vertex 56.877663 -137.50696 0
      vertex 56.877663 -90.49305 0
      vertex 57.194378 -90.58506 0
    endloop
  endfacet
  facet normal 0 0 -1
    outer loop
      vertex 56.567345 -137.61867 0
      vertex 56.877663 -90.49305 0
      vertex 56.877663 -137.50696 0
    endloop
  endfacet
  facet normal 0 0 -1
    outer loop
      vertex 56.567345 -137.61867 0
      vertex 56.567345 -90.381325 0
      vertex 56.877663 -90.49305 0
    endloop
  endfacet
  facet normal 0 0 -1
    outer loop
      vertex 56.264656 -137.74966 0
      vertex 56.567345 -90.381325 0
      vertex 56.567345 -137.61867 0
    endloop
  endfacet
  facet normal 0 0 -1
    outer loop
      vertex 56.264656 -137.74966 0
      vertex 56.264656 -90.25034 0
      vertex 56.567345 -90.381325 0
    endloop
  endfacet
  facet normal 0 0 -1
    outer loop
      vertex 55.970795 -137.89938 0
      vertex 56.264656 -90.25034 0
      vertex 56.264656 -137.74966 0
    endloop
  endfacet
  facet normal 0 0 -1
    outer loop
      vertex 55.970795 -137.89938 0
      vertex 55.970795 -90.10061 0
      vertex 56.264656 -90.25034 0
    endloop
  endfacet
  facet normal 0 0 -1
    outer loop
      vertex 55.68691 -138.06728 0
      vertex 55.970795 -90.10061 0
      vertex 55.970795 -137.89938 0
    endloop
  endfacet
  facet normal 0 0 -1
    outer loop
      vertex 55.68691 -138.06728 0
      vertex 55.68691 -89.932724 0
      vertex 55.970795 -90.10061 0
    endloop
  endfacet
  facet normal 0 0 -1
    outer loop
      vertex 55.414127 -138.25266 0
      vertex 55.68691 -89.932724 0
      vertex 55.68691 -138.06728 0
    endloop
  endfacet
  facet normal 0 0 -1
    outer loop
      vertex 55.414127 -138.25266 0
      vertex 55.414127 -89.74734 0
      vertex 55.68691 -89.932724 0
    endloop
  endfacet
  facet normal 0 0 -1
    outer loop
      vertex 55.153522 -138.4548 0
      vertex 55.414127 -89.74734 0
      vertex 55.414127 -138.25266 0
    endloop
  endfacet
  facet normal 0 0 -1
    outer loop
      vertex 55.153522 -138.4548 0
      vertex 55.153522 -89.5452 0
      vertex 55.414127 -89.74734 0
    endloop
  endfacet
  facet normal 0 0 -1
    outer loop
      vertex 54.906128 -138.67291 0
      vertex 55.153522 -89.5452 0
      vertex 55.153522 -138.4548 0
    endloop
  endfacet
  facet normal 0 0 -1
    outer loop
      vertex 54.906128 -138.67291 0
      vertex 54.906128 -89.32709 0
      vertex 55.153522 -89.5452 0
    endloop
  endfacet
  facet normal 0 0 -1
    outer loop
      vertex 54.672913 -138.90613 0
      vertex 54.906128 -89.32709 0
      vertex 54.906128 -138.67291 0
    endloop
  endfacet
  facet normal 0 0 -1
    outer loop
      vertex 54.672913 -138.90613 0
      vertex 54.672913 -89.09387 0
      vertex 54.906128 -89.32709 0
    endloop
  endfacet
  facet normal 0 0 -1
    outer loop
      vertex 54.454803 -139.15352 0
      vertex 54.672913 -89.09387 0
      vertex 54.672913 -138.90613 0
    endloop
  endfacet
  facet normal 0 0 -1
    outer loop
      vertex 54.454803 -139.15352 0
      vertex 54.454803 -88.84647 0
      vertex 54.672913 -89.09387 0
    endloop
  endfacet
  facet normal 0 0 -1
    outer loop
      vertex 54.252663 -139.41412 0
      vertex 54.454803 -88.84647 0
      vertex 54.454803 -139.15352 0
    endloop
  endfacet
  facet normal 0 0 -1
    outer loop
      vertex 54.252663 -139.41412 0
      vertex 54.252663 -88.58588 0
      vertex 54.454803 -88.84647 0
    endloop
  endfacet
  facet normal 0 0 -1
    outer loop
      vertex 54.067276 -139.6869 0
      vertex 54.252663 -88.58588 0
      vertex 54.252663 -139.41412 0
    endloop
  endfacet
  facet normal 0 0 -1
    outer loop
      vertex 54.067276 -139.6869 0
      vertex 54.067276 -88.313095 0
      vertex 54.252663 -88.58588 0
    endloop
  endfacet
  facet normal 0 0 -1
    outer loop
      vertex 53.41494 -141.19438 0
      vertex -23.414938 -141.19438 0
      vertex 53.506954 -140.87766 0
    endloop
  endfacet
  facet normal 0 0 -1
    outer loop
      vertex -23.506954 -140.87766 0
      vertex 53.506954 -140.87766 0
      vertex -23.414938 -141.19438 0
    endloop
  endfacet
  facet normal 0 0 -1
    outer loop
      vertex -23.414938 -141.19438 0
      vertex 53.41494 -141.19438 0
      vertex -23.34299 -141.51625 0
    endloop
  endfacet
  facet normal 0 0 -1
    outer loop
      vertex 53.506954 -140.87766 0
      vertex -23.506954 -140.87766 0
      vertex 53.618675 -140.56735 0
    endloop
  endfacet
  facet normal 0 0 -1
    outer loop
      vertex 53.34299 -141.51625 0
      vertex -23.34299 -141.51625 0
      vertex 53.41494 -141.19438 0
    endloop
  endfacet
  facet normal 0 0 -1
    outer loop
      vertex 54.067276 -88.313095 0
      vertex -23.25 -85.5 0
      vertex 53.89939 -88.029205 0
    endloop
  endfacet
  facet normal 0 0 -1
    outer loop
      vertex -23.34299 -141.51625 0
      vertex 53.34299 -141.51625 0
      vertex -23.291397 -141.842 0
    endloop
  endfacet
  facet normal 0 0 -1
    outer loop
      vertex 53.89939 -88.029205 0
      vertex -23.25 -85.5 0
      vertex 53.749657 -87.735344 0
    endloop
  endfacet
  facet normal 0 0 -1
    outer loop
      vertex 53.291397 -141.842 0
      vertex -23.291397 -141.842 0
      vertex 53.34299 -141.51625 0
    endloop
  endfacet
  facet normal 0 0 -1
    outer loop
      vertex 53.749657 -87.735344 0
      vertex -23.25 -85.5 0
      vertex 53.618675 -87.432655 0
    endloop
  endfacet
  facet normal 0 0 -1
    outer loop
      vertex -23.291397 -141.842 0
      vertex 53.291397 -141.842 0
      vertex -23.260359 -142.17035 0
    endloop
  endfacet
  facet normal 0 0 -1
    outer loop
      vertex 53.618675 -87.432655 0
      vertex -23.25 -85.5 0
      vertex 53.506954 -87.12234 0
    endloop
  endfacet
  facet normal 0 0 -1
    outer loop
      vertex 53.26036 -142.17035 0
      vertex -23.260359 -142.17035 0
      vertex 53.291397 -141.842 0
    endloop
  endfacet
  facet normal 0 0 -1
    outer loop
      vertex 53.506954 -87.12234 0
      vertex -23.25 -85.5 0
      vertex 53.41494 -86.80562 0
    endloop
  endfacet
  facet normal 0 0 -1
    outer loop
      vertex -23.260359 -142.17035 0
      vertex 53.26036 -142.17035 0
      vertex -23.25 -142.5 0
    endloop
  endfacet
  facet normal 0 0 -1
    outer loop
      vertex 53.41494 -86.80562 0
      vertex -23.25 -85.5 0
      vertex 53.34299 -86.48375 0
    endloop
  endfacet
  facet normal 0 0 -1
    outer loop
      vertex -23.25 -142.5 0
      vertex 53.26036 -142.17035 0
      vertex 53.25 -142.5 0
    endloop
  endfacet
  facet normal 0 0 -1
    outer loop
      vertex 53.34299 -86.48375 0
      vertex -23.25 -85.5 0
      vertex 53.291397 -86.158 0
    endloop
  endfacet
  facet normal 0 0 -1
    outer loop
      vertex 62.93272 -145.3131 0
      vertex 65 -146 0
      vertex 64.99408 -146.18837 0
    endloop
  endfacet
  facet normal 0 0 -1
    outer loop
      vertex 63.73964 -142.17035 0
      vertex 65 -146 0
      vertex 63.75 -142.5 0
    endloop
  endfacet
  facet normal 0 0 -1
    outer loop
      vertex 62.747337 -145.58588 0
      vertex 64.99408 -146.18837 0
      vertex 64.97634 -146.376 0
    endloop
  endfacet
  facet normal 0 0 -1
    outer loop
      vertex 63.708603 -141.842 0
      vertex 65 -146 0
      vertex 63.73964 -142.17035 0
    endloop
  endfacet
  facet normal 0 0 -1
    outer loop
      vertex 62.747337 -145.58588 0
      vertex 64.97634 -146.376 0
      vertex 64.94686 -146.56215 0
    endloop
  endfacet
  facet normal 0 0 -1
    outer loop
      vertex 63.73964 -85.17035 0
      vertex 65 -82 0
      vertex 63.75 -85.5 0
    endloop
  endfacet
  facet normal 0 0 -1
    outer loop
      vertex 62.747337 -145.58588 0
      vertex 64.94686 -146.56215 0
      vertex 64.90575 -146.74606 0
    endloop
  endfacet
  facet normal 0 0 -1
    outer loop
      vertex 63.708603 -84.842 0
      vertex 65 -82 0
      vertex 63.73964 -85.17035 0
    endloop
  endfacet
  facet normal 0 0 -1
    outer loop
      vertex 62.747337 -145.58588 0
      vertex 64.90575 -146.74606 0
      vertex 64.85317 -146.92705 0
    endloop
  endfacet
  facet normal 0 0 -1
    outer loop
      vertex 63.657005 -84.51625 0
      vertex 65 -82 0
      vertex 63.708603 -84.842 0
    endloop
  endfacet
  facet normal 0 0 -1
    outer loop
      vertex 62.545193 -145.84648 0
      vertex 64.85317 -146.92705 0
      vertex 64.78933 -147.10437 0
    endloop
  endfacet
  facet normal 0 0 -1
    outer loop
      vertex 63.58506 -84.19438 0
      vertex 65 -82 0
      vertex 63.657005 -84.51625 0
    endloop
  endfacet
  facet normal 0 0 -1
    outer loop
      vertex 62.545193 -145.84648 0
      vertex 64.78933 -147.10437 0
      vertex 64.71448 -147.27734 0
    endloop
  endfacet
  facet normal 0 0 -1
    outer loop
      vertex 63.493046 -83.87766 0
      vertex 65 -82 0
      vertex 63.58506 -84.19438 0
    endloop
  endfacet
  facet normal 0 0 -1
    outer loop
      vertex 62.545193 -145.84648 0
      vertex 64.71448 -147.27734 0
      vertex 64.62892 -147.44527 0
    endloop
  endfacet
  facet normal 0 0 -1
    outer loop
      vertex 63.381325 -83.567345 0
      vertex 65 -82 0
      vertex 63.493046 -83.87766 0
    endloop
  endfacet
  facet normal 0 0 -1
    outer loop
      vertex 62.545193 -145.84648 0
      vertex 64.62892 -147.44527 0
      vertex 64.53298 -147.60748 0
    endloop
  endfacet
  facet normal 0 0 -1
    outer loop
      vertex 63.250343 -83.264656 0
      vertex 65 -82 0
      vertex 63.381325 -83.567345 0
    endloop
  endfacet
  facet normal 0 0 -1
    outer loop
      vertex 62.327084 -146.09387 0
      vertex 64.53298 -147.60748 0
      vertex 64.42705 -147.76335 0
    endloop
  endfacet
  facet normal 0 0 -1
    outer loop
      vertex 63.10061 -82.970795 0
      vertex 65 -82 0
      vertex 63.250343 -83.264656 0
    endloop
  endfacet
  facet normal 0 0 -1
    outer loop
      vertex 62.327084 -146.09387 0
      vertex 64.42705 -147.76335 0
      vertex 64.31154 -147.91228 0
    endloop
  endfacet
  facet normal 0 0 -1
    outer loop
      vertex 62.93272 -82.68691 0
      vertex 65 -82 0
      vertex 63.10061 -82.970795 0
    endloop
  endfacet
  facet normal 0 0 -1
    outer loop
      vertex 62.327084 -146.09387 0
      vertex 64.31154 -147.91228 0
      vertex 64.186905 -148.05363 0
    endloop
  endfacet
  facet normal 0 0 -1
    outer loop
      vertex 65 -82 0
      vertex 62.93272 -82.68691 0
      vertex 64.99408 -81.81163 0
    endloop
  endfacet
  facet normal 0 0 -1
    outer loop
      vertex 62.327084 -146.09387 0
      vertex 64.186905 -148.05363 0
      vertex 64.05364 -148.1869 0
    endloop
  endfacet
  facet normal 0 0 -1
    outer loop
      vertex 62.747337 -82.41413 0
      vertex 64.99408 -81.81163 0
      vertex 62.93272 -82.68691 0
    endloop
  endfacet
  facet normal 0 0 -1
    outer loop
      vertex 62.093872 -146.32709 0
      vertex 64.05364 -148.1869 0
      vertex 63.91227 -148.31154 0
    endloop
  endfacet
  facet normal 0 0 -1
    outer loop
      vertex 64.99408 -81.81163 0
      vertex 62.747337 -82.41413 0
      vertex 64.97634 -81.624 0
    endloop
  endfacet
  facet normal 0 0 -1
    outer loop
      vertex 62.093872 -146.32709 0
      vertex 63.91227 -148.31154 0
      vertex 63.763355 -148.42705 0
    endloop
  endfacet
  facet normal 0 0 -1
    outer loop
      vertex 64.97634 -81.624 0
      vertex 62.747337 -82.41413 0
      vertex 64.94686 -81.43786 0
    endloop
  endfacet
  facet normal 0 0 -1
    outer loop
      vertex 64.94686 -81.43786 0
      vertex 62.747337 -82.41413 0
      vertex 64.90575 -81.25393 0
    endloop
  endfacet
  facet normal 0 0 -1
    outer loop
      vertex 65 -146 0
      vertex 63.73964 -142.82965 0
      vertex 63.75 -142.5 0
    endloop
  endfacet
  facet normal 0 0 -1
    outer loop
      vertex 65 -146 0
      vertex 63.708603 -143.158 0
      vertex 63.73964 -142.82965 0
    endloop
  endfacet
  facet normal 0 0 -1
    outer loop
      vertex 65 -146 0
      vertex 63.657005 -143.48375 0
      vertex 63.708603 -143.158 0
    endloop
  endfacet
  facet normal 0 0 -1
    outer loop
      vertex 62.093872 -146.32709 0
      vertex 63.763355 -148.42705 0
      vertex 63.60748 -148.53299 0
    endloop
  endfacet
  facet normal 0 0 -1
    outer loop
      vertex 65 -146 0
      vertex 63.58506 -143.80562 0
      vertex 63.657005 -143.48375 0
    endloop
  endfacet
  facet normal 0 0 -1
    outer loop
      vertex 65 -146 0
      vertex 63.493046 -144.12234 0
      vertex 63.58506 -143.80562 0
    endloop
  endfacet
  facet normal 0 0 -1
    outer loop
      vertex 62.093872 -146.32709 0
      vertex 63.60748 -148.53299 0
      vertex 63.44526 -148.62892 0
    endloop
  endfacet
  facet normal 0 0 -1
    outer loop
      vertex 65 -146 0
      vertex 63.381325 -144.43265 0
      vertex 63.493046 -144.12234 0
    endloop
  endfacet
  facet normal 0 0 -1
    outer loop
      vertex 61.846474 -146.5452 0
      vertex 63.44526 -148.62892 0
      vertex 63.277336 -148.71448 0
    endloop
  endfacet
  facet normal 0 0 -1
    outer loop
      vertex 65 -146 0
      vertex 63.250343 -144.73534 0
      vertex 63.381325 -144.43265 0
    endloop
  endfacet
  facet normal 0 0 -1
    outer loop
      vertex 61.846474 -146.5452 0
      vertex 63.277336 -148.71448 0
      vertex 63.104374 -148.78932 0
    endloop
  endfacet
  facet normal 0 0 -1
    outer loop
      vertex 65 -146 0
      vertex 63.10061 -145.0292 0
      vertex 63.250343 -144.73534 0
    endloop
  endfacet
  facet normal 0 0 -1
    outer loop
      vertex 65 -146 0
      vertex 62.93272 -145.3131 0
      vertex 63.10061 -145.0292 0
    endloop
  endfacet
  facet normal 0 0 -1
    outer loop
      vertex 61.846474 -146.5452 0
      vertex 63.104374 -148.78932 0
      vertex 62.92705 -148.85316 0
    endloop
  endfacet
  facet normal 0 0 -1
    outer loop
      vertex 64.99408 -146.18837 0
      vertex 62.747337 -145.58588 0
      vertex 62.93272 -145.3131 0
    endloop
  endfacet
  facet normal 0 0 -1
    outer loop
      vertex 61.585873 -146.74734 0
      vertex 62.92705 -148.85316 0
      vertex 62.74607 -148.90575 0
    endloop
  endfacet
  facet normal 0 0 -1
    outer loop
      vertex 61.585873 -146.74734 0
      vertex 62.74607 -148.90575 0
      vertex 62.56214 -148.94687 0
    endloop
  endfacet
  facet normal 0 0 -1
    outer loop
      vertex 64.85317 -146.92705 0
      vertex 62.545193 -145.84648 0
      vertex 62.747337 -145.58588 0
    endloop
  endfacet
  facet normal 0 0 -1
    outer loop
      vertex 61.585873 -146.74734 0
      vertex 62.56214 -148.94687 0
      vertex 62.376 -148.97635 0
    endloop
  endfacet
  facet normal 0 0 -1
    outer loop
      vertex 64.53298 -147.60748 0
      vertex 62.327084 -146.09387 0
      vertex 62.545193 -145.84648 0
    endloop
  endfacet
  facet normal 0 0 -1
    outer loop
      vertex 61.585873 -146.74734 0
      vertex 62.376 -148.97635 0
      vertex 62.18837 -148.99408 0
    endloop
  endfacet
  facet normal 0 0 -1
    outer loop
      vertex 64.05364 -148.1869 0
      vertex 62.093872 -146.32709 0
      vertex 62.327084 -146.09387 0
    endloop
  endfacet
  facet normal 0 0 -1
    outer loop
      vertex 61.31309 -146.93272 0
      vertex 62.18837 -148.99408 0
      vertex 62 -149 0
    endloop
  endfacet
  facet normal 0 0 -1
    outer loop
      vertex 63.44526 -148.62892 0
      vertex 61.846474 -146.5452 0
      vertex 62.093872 -146.32709 0
    endloop
  endfacet
  facet normal 0 0 -1
    outer loop
      vertex 62.92705 -148.85316 0
      vertex 61.585873 -146.74734 0
      vertex 61.846474 -146.5452 0
    endloop
  endfacet
  facet normal 0 0 -1
    outer loop
      vertex 62.18837 -148.99408 0
      vertex 61.31309 -146.93272 0
      vertex 61.585873 -146.74734 0
    endloop
  endfacet
  facet normal 0 0 -1
    outer loop
      vertex 62 -149 0
      vertex 61.029205 -147.10062 0
      vertex 61.31309 -146.93272 0
    endloop
  endfacet
  facet normal 0 0 -1
    outer loop
      vertex 62 -149 0
      vertex 60.73534 -147.25034 0
      vertex 61.029205 -147.10062 0
    endloop
  endfacet
  facet normal 0 0 -1
    outer loop
      vertex 62 -149 0
      vertex 60.432655 -147.38133 0
      vertex 60.73534 -147.25034 0
    endloop
  endfacet
  facet normal 0 0 -1
    outer loop
      vertex 62 -149 0
      vertex 60.122337 -147.49304 0
      vertex 60.432655 -147.38133 0
    endloop
  endfacet
  facet normal 0 0 -1
    outer loop
      vertex 62 -149 0
      vertex 59.805622 -147.58507 0
      vertex 60.122337 -147.49304 0
    endloop
  endfacet
  facet normal 0 0 -1
    outer loop
      vertex 62 -149 0
      vertex 59.48375 -147.65701 0
      vertex 59.805622 -147.58507 0
    endloop
  endfacet
  facet normal 0 0 -1
    outer loop
      vertex 62 -149 0
      vertex 59.157997 -147.7086 0
      vertex 59.48375 -147.65701 0
    endloop
  endfacet
  facet normal 0 0 -1
    outer loop
      vertex 62 -149 0
      vertex 58.82965 -147.73964 0
      vertex 59.157997 -147.7086 0
    endloop
  endfacet
  facet normal 0 0 -1
    outer loop
      vertex 62 -149 0
      vertex 58.5 -147.75 0
      vertex 58.82965 -147.73964 0
    endloop
  endfacet
  facet normal 0 0 -1
    outer loop
      vertex 62 -149 0
      vertex 58.17035 -147.73964 0
      vertex 58.5 -147.75 0
    endloop
  endfacet
  facet normal 0 0 -1
    outer loop
      vertex 62 -149 0
      vertex 57.842 -147.7086 0
      vertex 58.17035 -147.73964 0
    endloop
  endfacet
  facet normal 0 0 -1
    outer loop
      vertex 62 -149 0
      vertex 57.516247 -147.65701 0
      vertex 57.842 -147.7086 0
    endloop
  endfacet
  facet normal 0 0 -1
    outer loop
      vertex 62 -149 0
      vertex 57.194378 -147.58507 0
      vertex 57.516247 -147.65701 0
    endloop
  endfacet
  facet normal 0 0 -1
    outer loop
      vertex -27.194378 -147.58507 0
      vertex 57.194378 -147.58507 0
      vertex 62 -149 0
    endloop
  endfacet
  facet normal 0 0 -1
    outer loop
      vertex 53.291397 -86.158 0
      vertex -23.25 -85.5 0
      vertex 53.26036 -85.82965 0
    endloop
  endfacet
  facet normal 0 0 -1
    outer loop
      vertex 53.26036 -142.82965 0
      vertex -23.25 -142.5 0
      vertex 53.25 -142.5 0
    endloop
  endfacet
  facet normal 0 0 -1
    outer loop
      vertex -23.260359 -142.82965 0
      vertex 53.26036 -142.82965 0
      vertex 53.291397 -143.158 0
    endloop
  endfacet
  facet normal 0 0 -1
    outer loop
      vertex -23.291397 -143.158 0
      vertex 53.291397 -143.158 0
      vertex 53.34299 -143.48375 0
    endloop
  endfacet
  facet normal 0 0 -1
    outer loop
      vertex -23.34299 -143.48375 0
      vertex 53.34299 -143.48375 0
      vertex 53.41494 -143.80562 0
    endloop
  endfacet
  facet normal 0 0 -1
    outer loop
      vertex -23.414938 -143.80562 0
      vertex 53.41494 -143.80562 0
      vertex 53.506954 -144.12234 0
    endloop
  endfacet
  facet normal 0 0 -1
    outer loop
      vertex -23.506954 -144.12234 0
      vertex 53.506954 -144.12234 0
      vertex 53.618675 -144.43265 0
    endloop
  endfacet
  facet normal 0 0 -1
    outer loop
      vertex -23.618673 -144.43265 0
      vertex 53.618675 -144.43265 0
      vertex 53.749657 -144.73534 0
    endloop
  endfacet
  facet normal 0 0 -1
    outer loop
      vertex -23.749657 -144.73534 0
      vertex 53.749657 -144.73534 0
      vertex 53.89939 -145.0292 0
    endloop
  endfacet
  facet normal 0 0 -1
    outer loop
      vertex -23.89939 -145.0292 0
      vertex 53.89939 -145.0292 0
      vertex 54.067276 -145.3131 0
    endloop
  endfacet
  facet normal 0 0 -1
    outer loop
      vertex -24.067278 -145.3131 0
      vertex 54.067276 -145.3131 0
      vertex 54.252663 -145.58588 0
    endloop
  endfacet
  facet normal 0 0 -1
    outer loop
      vertex -24.25266 -145.58588 0
      vertex 54.252663 -145.58588 0
      vertex 54.454803 -145.84648 0
    endloop
  endfacet
  facet normal 0 0 -1
    outer loop
      vertex -24.454805 -145.84648 0
      vertex 54.454803 -145.84648 0
      vertex 54.672913 -146.09387 0
    endloop
  endfacet
  facet normal 0 0 -1
    outer loop
      vertex -24.672915 -146.09387 0
      vertex 54.672913 -146.09387 0
      vertex 54.906128 -146.32709 0
    endloop
  endfacet
  facet normal 0 0 -1
    outer loop
      vertex -24.906128 -146.32709 0
      vertex 54.906128 -146.32709 0
      vertex 55.153522 -146.5452 0
    endloop
  endfacet
  facet normal 0 0 -1
    outer loop
      vertex -25.153522 -146.5452 0
      vertex 55.153522 -146.5452 0
      vertex 55.414127 -146.74734 0
    endloop
  endfacet
  facet normal 0 0 -1
    outer loop
      vertex -25.414127 -146.74734 0
      vertex 55.414127 -146.74734 0
      vertex 55.68691 -146.93272 0
    endloop
  endfacet
  facet normal 0 0 -1
    outer loop
      vertex -25.686909 -146.93272 0
      vertex 55.68691 -146.93272 0
      vertex 55.970795 -147.10062 0
    endloop
  endfacet
  facet normal 0 0 -1
    outer loop
      vertex -25.970793 -147.10062 0
      vertex 55.970795 -147.10062 0
      vertex 56.264656 -147.25034 0
    endloop
  endfacet
  facet normal 0 0 -1
    outer loop
      vertex -26.264658 -147.25034 0
      vertex 56.264656 -147.25034 0
      vertex 56.567345 -147.38133 0
    endloop
  endfacet
  facet normal 0 0 -1
    outer loop
      vertex -26.567345 -147.38133 0
      vertex 56.567345 -147.38133 0
      vertex 56.877663 -147.49304 0
    endloop
  endfacet
  facet normal 0 0 -1
    outer loop
      vertex 57.194378 -147.58507 0
      vertex -27.194378 -147.58507 0
      vertex 56.877663 -147.49304 0
    endloop
  endfacet
  facet normal 0 0 -1
    outer loop
      vertex 53.26036 -142.82965 0
      vertex -23.260359 -142.82965 0
      vertex -23.25 -142.5 0
    endloop
  endfacet
  facet normal 0 0 -1
    outer loop
      vertex 53.291397 -143.158 0
      vertex -23.291397 -143.158 0
      vertex -23.260359 -142.82965 0
    endloop
  endfacet
  facet normal 0 0 -1
    outer loop
      vertex 53.34299 -143.48375 0
      vertex -23.34299 -143.48375 0
      vertex -23.291397 -143.158 0
    endloop
  endfacet
  facet normal 0 0 -1
    outer loop
      vertex 53.41494 -143.80562 0
      vertex -23.414938 -143.80562 0
      vertex -23.34299 -143.48375 0
    endloop
  endfacet
  facet normal 0 0 -1
    outer loop
      vertex 53.506954 -144.12234 0
      vertex -23.506954 -144.12234 0
      vertex -23.414938 -143.80562 0
    endloop
  endfacet
  facet normal 0 0 -1
    outer loop
      vertex 53.618675 -144.43265 0
      vertex -23.618673 -144.43265 0
      vertex -23.506954 -144.12234 0
    endloop
  endfacet
  facet normal 0 0 -1
    outer loop
      vertex 53.749657 -144.73534 0
      vertex -23.749657 -144.73534 0
      vertex -23.618673 -144.43265 0
    endloop
  endfacet
  facet normal 0 0 -1
    outer loop
      vertex 53.89939 -145.0292 0
      vertex -23.89939 -145.0292 0
      vertex -23.749657 -144.73534 0
    endloop
  endfacet
  facet normal 0 0 -1
    outer loop
      vertex 54.067276 -145.3131 0
      vertex -24.067278 -145.3131 0
      vertex -23.89939 -145.0292 0
    endloop
  endfacet
  facet normal 0 0 -1
    outer loop
      vertex 54.252663 -145.58588 0
      vertex -24.25266 -145.58588 0
      vertex -24.067278 -145.3131 0
    endloop
  endfacet
  facet normal 0 0 -1
    outer loop
      vertex 54.454803 -145.84648 0
      vertex -24.454805 -145.84648 0
      vertex -24.25266 -145.58588 0
    endloop
  endfacet
  facet normal 0 0 -1
    outer loop
      vertex 54.672913 -146.09387 0
      vertex -24.672915 -146.09387 0
      vertex -24.454805 -145.84648 0
    endloop
  endfacet
  facet normal 0 0 -1
    outer loop
      vertex 54.906128 -146.32709 0
      vertex -24.906128 -146.32709 0
      vertex -24.672915 -146.09387 0
    endloop
  endfacet
  facet normal 0 0 -1
    outer loop
      vertex 55.153522 -146.5452 0
      vertex -25.153522 -146.5452 0
      vertex -24.906128 -146.32709 0
    endloop
  endfacet
  facet normal 0 0 -1
    outer loop
      vertex 55.414127 -146.74734 0
      vertex -25.414127 -146.74734 0
      vertex -25.153522 -146.5452 0
    endloop
  endfacet
  facet normal 0 0 -1
    outer loop
      vertex 55.68691 -146.93272 0
      vertex -25.686909 -146.93272 0
      vertex -25.414127 -146.74734 0
    endloop
  endfacet
  facet normal 0 0 -1
    outer loop
      vertex 55.970795 -147.10062 0
      vertex -25.970793 -147.10062 0
      vertex -25.686909 -146.93272 0
    endloop
  endfacet
  facet normal 0 0 -1
    outer loop
      vertex 56.264656 -147.25034 0
      vertex -26.264658 -147.25034 0
      vertex -25.970793 -147.10062 0
    endloop
  endfacet
  facet normal 0 0 -1
    outer loop
      vertex 56.567345 -147.38133 0
      vertex -26.567345 -147.38133 0
      vertex -26.264658 -147.25034 0
    endloop
  endfacet
  facet normal 0 0 -1
    outer loop
      vertex 56.877663 -147.49304 0
      vertex -26.87766 -147.49304 0
      vertex -26.567345 -147.38133 0
    endloop
  endfacet
  facet normal 0 0 -1
    outer loop
      vertex 56.877663 -147.49304 0
      vertex -27.194378 -147.58507 0
      vertex -26.87766 -147.49304 0
    endloop
  endfacet
  facet normal 0 0 -1
    outer loop
      vertex -32 -149 0
      vertex -27.194378 -147.58507 0
      vertex 62 -149 0
    endloop
  endfacet
  facet normal 0 0 -1
    outer loop
      vertex -27.194378 -147.58507 0
      vertex -32 -149 0
      vertex -27.516247 -147.65701 0
    endloop
  endfacet
  facet normal 0 0 -1
    outer loop
      vertex -27.516247 -147.65701 0
      vertex -32 -149 0
      vertex -27.842 -147.7086 0
    endloop
  endfacet
  facet normal 0 0 -1
    outer loop
      vertex -27.842 -147.7086 0
      vertex -32 -149 0
      vertex -28.17035 -147.73964 0
    endloop
  endfacet
  facet normal 0 0 -1
    outer loop
      vertex -28.17035 -147.73964 0
      vertex -32 -149 0
      vertex -28.5 -147.75 0
    endloop
  endfacet
  facet normal 0 0 -1
    outer loop
      vertex -32 -149 0
      vertex -28.82965 -147.73964 0
      vertex -28.5 -147.75 0
    endloop
  endfacet
  facet normal 0 0 -1
    outer loop
      vertex -32 -149 0
      vertex -29.157999 -147.7086 0
      vertex -28.82965 -147.73964 0
    endloop
  endfacet
  facet normal 0 0 -1
    outer loop
      vertex -32 -149 0
      vertex -29.483751 -147.65701 0
      vertex -29.157999 -147.7086 0
    endloop
  endfacet
  facet normal 0 0 -1
    outer loop
      vertex -32 -149 0
      vertex -29.805622 -147.58507 0
      vertex -29.483751 -147.65701 0
    endloop
  endfacet
  facet normal 0 0 -1
    outer loop
      vertex -32 -149 0
      vertex -30.122337 -147.49304 0
      vertex -29.805622 -147.58507 0
    endloop
  endfacet
  facet normal 0 0 -1
    outer loop
      vertex -32 -149 0
      vertex -30.432653 -147.38133 0
      vertex -30.122337 -147.49304 0
    endloop
  endfacet
  facet normal 0 0 -1
    outer loop
      vertex -32 -149 0
      vertex -30.73534 -147.25034 0
      vertex -30.432653 -147.38133 0
    endloop
  endfacet
  facet normal 0 0 -1
    outer loop
      vertex -32 -149 0
      vertex -31.029205 -147.10062 0
      vertex -30.73534 -147.25034 0
    endloop
  endfacet
  facet normal 0 0 -1
    outer loop
      vertex -32 -149 0
      vertex -31.313091 -146.93272 0
      vertex -31.029205 -147.10062 0
    endloop
  endfacet
  facet normal 0 0 -1
    outer loop
      vertex -32.18837 -148.99408 0
      vertex -31.313091 -146.93272 0
      vertex -32 -149 0
    endloop
  endfacet
  facet normal 0 0 -1
    outer loop
      vertex -31.313091 -146.93272 0
      vertex -32.18837 -148.99408 0
      vertex -31.585873 -146.74734 0
    endloop
  endfacet
  facet normal 0 0 -1
    outer loop
      vertex -32.376 -148.97635 0
      vertex -31.585873 -146.74734 0
      vertex -32.18837 -148.99408 0
    endloop
  endfacet
  facet normal 0 0 -1
    outer loop
      vertex -32.56214 -148.94687 0
      vertex -31.585873 -146.74734 0
      vertex -32.376 -148.97635 0
    endloop
  endfacet
  facet normal 0 0 -1
    outer loop
      vertex -32.74607 -148.90575 0
      vertex -31.585873 -146.74734 0
      vertex -32.56214 -148.94687 0
    endloop
  endfacet
  facet normal 0 0 -1
    outer loop
      vertex -32.92705 -148.85316 0
      vertex -31.585873 -146.74734 0
      vertex -32.74607 -148.90575 0
    endloop
  endfacet
  facet normal 0 0 -1
    outer loop
      vertex -31.585873 -146.74734 0
      vertex -32.92705 -148.85316 0
      vertex -31.846476 -146.5452 0
    endloop
  endfacet
  facet normal 0 0 -1
    outer loop
      vertex -33.104374 -148.78932 0
      vertex -31.846476 -146.5452 0
      vertex -32.92705 -148.85316 0
    endloop
  endfacet
  facet normal 0 0 -1
    outer loop
      vertex -33.277336 -148.71448 0
      vertex -31.846476 -146.5452 0
      vertex -33.104374 -148.78932 0
    endloop
  endfacet
  facet normal 0 0 -1
    outer loop
      vertex -33.44526 -148.62892 0
      vertex -31.846476 -146.5452 0
      vertex -33.277336 -148.71448 0
    endloop
  endfacet
  facet normal 0 0 -1
    outer loop
      vertex -31.846476 -146.5452 0
      vertex -33.44526 -148.62892 0
      vertex -32.093872 -146.32709 0
    endloop
  endfacet
  facet normal 0 0 -1
    outer loop
      vertex -33.60748 -148.53299 0
      vertex -32.093872 -146.32709 0
      vertex -33.44526 -148.62892 0
    endloop
  endfacet
  facet normal 0 0 -1
    outer loop
      vertex -33.763355 -148.42705 0
      vertex -32.093872 -146.32709 0
      vertex -33.60748 -148.53299 0
    endloop
  endfacet
  facet normal 0 0 -1
    outer loop
      vertex -33.91227 -148.31154 0
      vertex -32.093872 -146.32709 0
      vertex -33.763355 -148.42705 0
    endloop
  endfacet
  facet normal 0 0 -1
    outer loop
      vertex -34.053642 -148.1869 0
      vertex -32.093872 -146.32709 0
      vertex -33.91227 -148.31154 0
    endloop
  endfacet
  facet normal 0 0 -1
    outer loop
      vertex -32.093872 -146.32709 0
      vertex -34.053642 -148.1869 0
      vertex -32.327084 -146.09387 0
    endloop
  endfacet
  facet normal 0 0 -1
    outer loop
      vertex -34.186905 -148.05363 0
      vertex -32.327084 -146.09387 0
      vertex -34.053642 -148.1869 0
    endloop
  endfacet
  facet normal 0 0 -1
    outer loop
      vertex -34.31154 -147.91228 0
      vertex -32.327084 -146.09387 0
      vertex -34.186905 -148.05363 0
    endloop
  endfacet
  facet normal 0 0 -1
    outer loop
      vertex -34.42705 -147.76335 0
      vertex -32.327084 -146.09387 0
      vertex -34.31154 -147.91228 0
    endloop
  endfacet
  facet normal 0 0 -1
    outer loop
      vertex -34.53298 -147.60748 0
      vertex -32.327084 -146.09387 0
      vertex -34.42705 -147.76335 0
    endloop
  endfacet
  facet normal 0 0 -1
    outer loop
      vertex -32.327084 -146.09387 0
      vertex -34.53298 -147.60748 0
      vertex -32.545193 -145.84648 0
    endloop
  endfacet
  facet normal 0 0 -1
    outer loop
      vertex -34.62892 -147.44527 0
      vertex -32.545193 -145.84648 0
      vertex -34.53298 -147.60748 0
    endloop
  endfacet
  facet normal 0 0 -1
    outer loop
      vertex -33.58506 -143.80562 0
      vertex -35 -146 0
      vertex -33.657005 -143.48375 0
    endloop
  endfacet
  facet normal 0 0 -1
    outer loop
      vertex -33.657005 -143.48375 0
      vertex -35 -146 0
      vertex -33.708603 -143.158 0
    endloop
  endfacet
  facet normal 0 0 -1
    outer loop
      vertex -33.708603 -143.158 0
      vertex -35 -146 0
      vertex -33.73964 -142.82965 0
    endloop
  endfacet
  facet normal 0 0 -1
    outer loop
      vertex -33.73964 -142.82965 0
      vertex -35 -146 0
      vertex -33.75 -142.5 0
    endloop
  endfacet
  facet normal 0 0 -1
    outer loop
      vertex -34.71448 -147.27734 0
      vertex -32.545193 -145.84648 0
      vertex -34.62892 -147.44527 0
    endloop
  endfacet
  facet normal 0 0 -1
    outer loop
      vertex 64.90575 -81.25393 0
      vertex 62.747337 -82.41413 0
      vertex 64.85317 -81.07295 0
    endloop
  endfacet
  facet normal 0 0 -1
    outer loop
      vertex 62.545193 -82.15353 0
      vertex 64.85317 -81.07295 0
      vertex 62.747337 -82.41413 0
    endloop
  endfacet
  facet normal 0 0 -1
    outer loop
      vertex 64.85317 -81.07295 0
      vertex 62.545193 -82.15353 0
      vertex 64.78933 -80.89563 0
    endloop
  endfacet
  facet normal 0 0 -1
    outer loop
      vertex 64.78933 -80.89563 0
      vertex 62.545193 -82.15353 0
      vertex 64.71448 -80.722664 0
    endloop
  endfacet
  facet normal 0 0 -1
    outer loop
      vertex 64.71448 -80.722664 0
      vertex 62.545193 -82.15353 0
      vertex 64.62892 -80.55474 0
    endloop
  endfacet
  facet normal 0 0 -1
    outer loop
      vertex 64.62892 -80.55474 0
      vertex 62.545193 -82.15353 0
      vertex 64.53298 -80.39252 0
    endloop
  endfacet
  facet normal 0 0 -1
    outer loop
      vertex 62.327084 -81.90613 0
      vertex 64.53298 -80.39252 0
      vertex 62.545193 -82.15353 0
    endloop
  endfacet
  facet normal 0 0 -1
    outer loop
      vertex 64.53298 -80.39252 0
      vertex 62.327084 -81.90613 0
      vertex 64.42705 -80.23665 0
    endloop
  endfacet
  facet normal 0 0 -1
    outer loop
      vertex 64.42705 -80.23665 0
      vertex 62.327084 -81.90613 0
      vertex 64.31154 -80.08773 0
    endloop
  endfacet
  facet normal 0 0 -1
    outer loop
      vertex 64.31154 -80.08773 0
      vertex 62.327084 -81.90613 0
      vertex 64.186905 -79.94636 0
    endloop
  endfacet
  facet normal 0 0 -1
    outer loop
      vertex 64.186905 -79.94636 0
      vertex 62.327084 -81.90613 0
      vertex 64.05364 -79.813095 0
    endloop
  endfacet
  facet normal 0 0 -1
    outer loop
      vertex 62.093872 -81.67291 0
      vertex 64.05364 -79.813095 0
      vertex 62.327084 -81.90613 0
    endloop
  endfacet
  facet normal 0 0 -1
    outer loop
      vertex 64.05364 -79.813095 0
      vertex 62.093872 -81.67291 0
      vertex 63.91227 -79.68846 0
    endloop
  endfacet
  facet normal 0 0 -1
    outer loop
      vertex 63.91227 -79.68846 0
      vertex 62.093872 -81.67291 0
      vertex 63.763355 -79.57295 0
    endloop
  endfacet
  facet normal 0 0 -1
    outer loop
      vertex 63.763355 -79.57295 0
      vertex 62.093872 -81.67291 0
      vertex 63.60748 -79.46702 0
    endloop
  endfacet
  facet normal 0 0 -1
    outer loop
      vertex 63.60748 -79.46702 0
      vertex 62.093872 -81.67291 0
      vertex 63.44526 -79.37108 0
    endloop
  endfacet
  facet normal 0 0 -1
    outer loop
      vertex 61.846474 -81.4548 0
      vertex 63.44526 -79.37108 0
      vertex 62.093872 -81.67291 0
    endloop
  endfacet
  facet normal 0 0 -1
    outer loop
      vertex 63.44526 -79.37108 0
      vertex 61.846474 -81.4548 0
      vertex 63.277336 -79.28552 0
    endloop
  endfacet
  facet normal 0 0 -1
    outer loop
      vertex 63.277336 -79.28552 0
      vertex 61.846474 -81.4548 0
      vertex 63.104374 -79.21067 0
    endloop
  endfacet
  facet normal 0 0 -1
    outer loop
      vertex 63.104374 -79.21067 0
      vertex 61.846474 -81.4548 0
      vertex 62.92705 -79.14683 0
    endloop
  endfacet
  facet normal 0 0 -1
    outer loop
      vertex 61.585873 -81.25266 0
      vertex 62.92705 -79.14683 0
      vertex 61.846474 -81.4548 0
    endloop
  endfacet
  facet normal 0 0 -1
    outer loop
      vertex 62.92705 -79.14683 0
      vertex 61.585873 -81.25266 0
      vertex 62.74607 -79.09425 0
    endloop
  endfacet
  facet normal 0 0 -1
    outer loop
      vertex 62.74607 -79.09425 0
      vertex 61.585873 -81.25266 0
      vertex 62.56214 -79.05314 0
    endloop
  endfacet
  facet normal 0 0 -1
    outer loop
      vertex 62.56214 -79.05314 0
      vertex 61.585873 -81.25266 0
      vertex 62.376 -79.02366 0
    endloop
  endfacet
  facet normal 0 0 -1
    outer loop
      vertex 62.376 -79.02366 0
      vertex 61.585873 -81.25266 0
      vertex 62.18837 -79.00592 0
    endloop
  endfacet
  facet normal 0 0 -1
    outer loop
      vertex 61.31309 -81.067276 0
      vertex 62.18837 -79.00592 0
      vertex 61.585873 -81.25266 0
    endloop
  endfacet
  facet normal 0 0 -1
    outer loop
      vertex 62.18837 -79.00592 0
      vertex 61.31309 -81.067276 0
      vertex 62 -79 0
    endloop
  endfacet
  facet normal 0 0 -1
    outer loop
      vertex 61.029205 -80.89939 0
      vertex 62 -79 0
      vertex 61.31309 -81.067276 0
    endloop
  endfacet
  facet normal 0 0 -1
    outer loop
      vertex 60.73534 -80.74966 0
      vertex 62 -79 0
      vertex 61.029205 -80.89939 0
    endloop
  endfacet
  facet normal 0 0 -1
    outer loop
      vertex 60.432655 -80.618675 0
      vertex 62 -79 0
      vertex 60.73534 -80.74966 0
    endloop
  endfacet
  facet normal 0 0 -1
    outer loop
      vertex 60.122337 -80.50696 0
      vertex 62 -79 0
      vertex 60.432655 -80.618675 0
    endloop
  endfacet
  facet normal 0 0 -1
    outer loop
      vertex 59.805622 -80.41494 0
      vertex 62 -79 0
      vertex 60.122337 -80.50696 0
    endloop
  endfacet
  facet normal 0 0 -1
    outer loop
      vertex 59.48375 -80.342995 0
      vertex 62 -79 0
      vertex 59.805622 -80.41494 0
    endloop
  endfacet
  facet normal 0 0 -1
    outer loop
      vertex 59.157997 -80.2914 0
      vertex 62 -79 0
      vertex 59.48375 -80.342995 0
    endloop
  endfacet
  facet normal 0 0 -1
    outer loop
      vertex 58.82965 -80.26036 0
      vertex 62 -79 0
      vertex 59.157997 -80.2914 0
    endloop
  endfacet
  facet normal 0 0 -1
    outer loop
      vertex 58.5 -80.25 0
      vertex 62 -79 0
      vertex 58.82965 -80.26036 0
    endloop
  endfacet
  facet normal 0 0 -1
    outer loop
      vertex 58.17035 -80.26036 0
      vertex 62 -79 0
      vertex 58.5 -80.25 0
    endloop
  endfacet
  facet normal 0 0 -1
    outer loop
      vertex 57.842 -80.2914 0
      vertex 62 -79 0
      vertex 58.17035 -80.26036 0
    endloop
  endfacet
  facet normal 0 0 -1
    outer loop
      vertex 57.516247 -80.342995 0
      vertex 62 -79 0
      vertex 57.842 -80.2914 0
    endloop
  endfacet
  facet normal 0 0 -1
    outer loop
      vertex 57.194378 -80.41494 0
      vertex 62 -79 0
      vertex 57.516247 -80.342995 0
    endloop
  endfacet
  facet normal 0 0 -1
    outer loop
      vertex -27.194378 -80.41494 0
      vertex 57.194378 -80.41494 0
      vertex 56.877663 -80.50696 0
    endloop
  endfacet
  facet normal 0 0 -1
    outer loop
      vertex 53.26036 -85.82965 0
      vertex -23.25 -85.5 0
      vertex 53.25 -85.5 0
    endloop
  endfacet
  facet normal 0 0 -1
    outer loop
      vertex 53.25 -85.5 0
      vertex -23.25 -85.5 0
      vertex 53.26036 -85.17035 0
    endloop
  endfacet
  facet normal 0 0 -1
    outer loop
      vertex -23.260359 -85.17035 0
      vertex 53.26036 -85.17035 0
      vertex -23.25 -85.5 0
    endloop
  endfacet
  facet normal 0 0 -1
    outer loop
      vertex 53.26036 -85.17035 0
      vertex -23.260359 -85.17035 0
      vertex 53.291397 -84.842 0
    endloop
  endfacet
  facet normal 0 0 -1
    outer loop
      vertex -23.291397 -84.842 0
      vertex 53.291397 -84.842 0
      vertex -23.260359 -85.17035 0
    endloop
  endfacet
  facet normal 0 0 -1
    outer loop
      vertex 53.291397 -84.842 0
      vertex -23.291397 -84.842 0
      vertex 53.34299 -84.51625 0
    endloop
  endfacet
  facet normal 0 0 -1
    outer loop
      vertex -23.34299 -84.51625 0
      vertex 53.34299 -84.51625 0
      vertex -23.291397 -84.842 0
    endloop
  endfacet
  facet normal 0 0 -1
    outer loop
      vertex 53.34299 -84.51625 0
      vertex -23.34299 -84.51625 0
      vertex 53.41494 -84.19438 0
    endloop
  endfacet
  facet normal 0 0 -1
    outer loop
      vertex -23.414938 -84.19438 0
      vertex 53.41494 -84.19438 0
      vertex -23.34299 -84.51625 0
    endloop
  endfacet
  facet normal 0 0 -1
    outer loop
      vertex 53.41494 -84.19438 0
      vertex -23.414938 -84.19438 0
      vertex 53.506954 -83.87766 0
    endloop
  endfacet
  facet normal 0 0 -1
    outer loop
      vertex -23.506954 -83.87766 0
      vertex 53.506954 -83.87766 0
      vertex -23.414938 -84.19438 0
    endloop
  endfacet
  facet normal 0 0 -1
    outer loop
      vertex 53.506954 -83.87766 0
      vertex -23.506954 -83.87766 0
      vertex 53.618675 -83.567345 0
    endloop
  endfacet
  facet normal 0 0 -1
    outer loop
      vertex -23.618673 -83.567345 0
      vertex 53.618675 -83.567345 0
      vertex -23.506954 -83.87766 0
    endloop
  endfacet
  facet normal 0 0 -1
    outer loop
      vertex 53.618675 -83.567345 0
      vertex -23.618673 -83.567345 0
      vertex 53.749657 -83.264656 0
    endloop
  endfacet
  facet normal 0 0 -1
    outer loop
      vertex -23.749657 -83.264656 0
      vertex 53.749657 -83.264656 0
      vertex -23.618673 -83.567345 0
    endloop
  endfacet
  facet normal 0 0 -1
    outer loop
      vertex 53.749657 -83.264656 0
      vertex -23.749657 -83.264656 0
      vertex 53.89939 -82.970795 0
    endloop
  endfacet
  facet normal 0 0 -1
    outer loop
      vertex -23.89939 -82.970795 0
      vertex 53.89939 -82.970795 0
      vertex -23.749657 -83.264656 0
    endloop
  endfacet
  facet normal 0 0 -1
    outer loop
      vertex 53.89939 -82.970795 0
      vertex -23.89939 -82.970795 0
      vertex 54.067276 -82.68691 0
    endloop
  endfacet
  facet normal 0 0 -1
    outer loop
      vertex -24.067278 -82.68691 0
      vertex 54.067276 -82.68691 0
      vertex -23.89939 -82.970795 0
    endloop
  endfacet
  facet normal 0 0 -1
    outer loop
      vertex 54.067276 -82.68691 0
      vertex -24.067278 -82.68691 0
      vertex 54.252663 -82.41413 0
    endloop
  endfacet
  facet normal 0 0 -1
    outer loop
      vertex -24.25266 -82.41413 0
      vertex 54.252663 -82.41413 0
      vertex -24.067278 -82.68691 0
    endloop
  endfacet
  facet normal 0 0 -1
    outer loop
      vertex 54.252663 -82.41413 0
      vertex -24.25266 -82.41413 0
      vertex 54.454803 -82.15353 0
    endloop
  endfacet
  facet normal 0 0 -1
    outer loop
      vertex -24.454805 -82.15353 0
      vertex 54.454803 -82.15353 0
      vertex -24.25266 -82.41413 0
    endloop
  endfacet
  facet normal 0 0 -1
    outer loop
      vertex 54.454803 -82.15353 0
      vertex -24.454805 -82.15353 0
      vertex 54.672913 -81.90613 0
    endloop
  endfacet
  facet normal 0 0 -1
    outer loop
      vertex -24.672915 -81.90613 0
      vertex 54.672913 -81.90613 0
      vertex -24.454805 -82.15353 0
    endloop
  endfacet
  facet normal 0 0 -1
    outer loop
      vertex 54.672913 -81.90613 0
      vertex -24.672915 -81.90613 0
      vertex 54.906128 -81.67291 0
    endloop
  endfacet
  facet normal 0 0 -1
    outer loop
      vertex -24.906128 -81.67291 0
      vertex 54.906128 -81.67291 0
      vertex -24.672915 -81.90613 0
    endloop
  endfacet
  facet normal 0 0 -1
    outer loop
      vertex 54.906128 -81.67291 0
      vertex -24.906128 -81.67291 0
      vertex 55.153522 -81.4548 0
    endloop
  endfacet
  facet normal 0 0 -1
    outer loop
      vertex -25.153522 -81.4548 0
      vertex 55.153522 -81.4548 0
      vertex -24.906128 -81.67291 0
    endloop
  endfacet
  facet normal 0 0 -1
    outer loop
      vertex 55.153522 -81.4548 0
      vertex -25.153522 -81.4548 0
      vertex 55.414127 -81.25266 0
    endloop
  endfacet
  facet normal 0 0 -1
    outer loop
      vertex -25.414127 -81.25266 0
      vertex 55.414127 -81.25266 0
      vertex -25.153522 -81.4548 0
    endloop
  endfacet
  facet normal 0 0 -1
    outer loop
      vertex 55.414127 -81.25266 0
      vertex -25.414127 -81.25266 0
      vertex 55.68691 -81.067276 0
    endloop
  endfacet
  facet normal 0 0 -1
    outer loop
      vertex -25.686909 -81.067276 0
      vertex 55.68691 -81.067276 0
      vertex -25.414127 -81.25266 0
    endloop
  endfacet
  facet normal 0 0 -1
    outer loop
      vertex 55.68691 -81.067276 0
      vertex -25.686909 -81.067276 0
      vertex 55.970795 -80.89939 0
    endloop
  endfacet
  facet normal 0 0 -1
    outer loop
      vertex -25.970793 -80.89939 0
      vertex 55.970795 -80.89939 0
      vertex -25.686909 -81.067276 0
    endloop
  endfacet
  facet normal 0 0 -1
    outer loop
      vertex 55.970795 -80.89939 0
      vertex -25.970793 -80.89939 0
      vertex 56.264656 -80.74966 0
    endloop
  endfacet
  facet normal 0 0 -1
    outer loop
      vertex -26.264658 -80.74966 0
      vertex 56.264656 -80.74966 0
      vertex -25.970793 -80.89939 0
    endloop
  endfacet
  facet normal 0 0 -1
    outer loop
      vertex 56.264656 -80.74966 0
      vertex -26.264658 -80.74966 0
      vertex 56.567345 -80.618675 0
    endloop
  endfacet
  facet normal 0 0 -1
    outer loop
      vertex -26.567345 -80.618675 0
      vertex 56.567345 -80.618675 0
      vertex -26.264658 -80.74966 0
    endloop
  endfacet
  facet normal 0 0 -1
    outer loop
      vertex 56.567345 -80.618675 0
      vertex -26.567345 -80.618675 0
      vertex 56.877663 -80.50696 0
    endloop
  endfacet
  facet normal 0 0 -1
    outer loop
      vertex -26.87766 -80.50696 0
      vertex 56.877663 -80.50696 0
      vertex -26.567345 -80.618675 0
    endloop
  endfacet
  facet normal 0 0 -1
    outer loop
      vertex -27.194378 -80.41494 0
      vertex 56.877663 -80.50696 0
      vertex -26.87766 -80.50696 0
    endloop
  endfacet
  facet normal 0 0 -1
    outer loop
      vertex 57.194378 -80.41494 0
      vertex -27.194378 -80.41494 0
      vertex 62 -79 0
    endloop
  endfacet
  facet normal 0 0 -1
    outer loop
      vertex -32 -79 0
      vertex -27.194378 -80.41494 0
      vertex -27.516247 -80.342995 0
    endloop
  endfacet
  facet normal 0 0 -1
    outer loop
      vertex -32 -79 0
      vertex -27.516247 -80.342995 0
      vertex -27.842 -80.2914 0
    endloop
  endfacet
  facet normal 0 0 -1
    outer loop
      vertex -32 -79 0
      vertex -27.842 -80.2914 0
      vertex -28.17035 -80.26036 0
    endloop
  endfacet
  facet normal 0 0 -1
    outer loop
      vertex -32 -79 0
      vertex -28.17035 -80.26036 0
      vertex -28.5 -80.25 0
    endloop
  endfacet
  facet normal 0 0 -1
    outer loop
      vertex -27.194378 -80.41494 0
      vertex -32 -79 0
      vertex 62 -79 0
    endloop
  endfacet
  facet normal 0 0 -1
    outer loop
      vertex -28.82965 -80.26036 0
      vertex -32 -79 0
      vertex -28.5 -80.25 0
    endloop
  endfacet
  facet normal 0 0 -1
    outer loop
      vertex -29.157999 -80.2914 0
      vertex -32 -79 0
      vertex -28.82965 -80.26036 0
    endloop
  endfacet
  facet normal 0 0 -1
    outer loop
      vertex -29.483751 -80.342995 0
      vertex -32 -79 0
      vertex -29.157999 -80.2914 0
    endloop
  endfacet
  facet normal 0 0 -1
    outer loop
      vertex -29.805622 -80.41494 0
      vertex -32 -79 0
      vertex -29.483751 -80.342995 0
    endloop
  endfacet
  facet normal 0 0 -1
    outer loop
      vertex -30.122337 -80.50696 0
      vertex -32 -79 0
      vertex -29.805622 -80.41494 0
    endloop
  endfacet
  facet normal 0 0 -1
    outer loop
      vertex -30.432653 -80.618675 0
      vertex -32 -79 0
      vertex -30.122337 -80.50696 0
    endloop
  endfacet
  facet normal 0 0 -1
    outer loop
      vertex -30.73534 -80.74966 0
      vertex -32 -79 0
      vertex -30.432653 -80.618675 0
    endloop
  endfacet
  facet normal 0 0 -1
    outer loop
      vertex -31.029205 -80.89939 0
      vertex -32 -79 0
      vertex -30.73534 -80.74966 0
    endloop
  endfacet
  facet normal 0 0 -1
    outer loop
      vertex -31.313091 -81.067276 0
      vertex -32 -79 0
      vertex -31.029205 -80.89939 0
    endloop
  endfacet
  facet normal 0 0 -1
    outer loop
      vertex -32.18837 -79.00592 0
      vertex -31.313091 -81.067276 0
      vertex -31.585873 -81.25266 0
    endloop
  endfacet
  facet normal 0 0 -1
    outer loop
      vertex -32.92705 -79.14683 0
      vertex -31.585873 -81.25266 0
      vertex -31.846476 -81.4548 0
    endloop
  endfacet
  facet normal 0 0 -1
    outer loop
      vertex -33.44526 -79.37108 0
      vertex -31.846476 -81.4548 0
      vertex -32.093872 -81.67291 0
    endloop
  endfacet
  facet normal 0 0 -1
    outer loop
      vertex -31.313091 -81.067276 0
      vertex -32.18837 -79.00592 0
      vertex -32 -79 0
    endloop
  endfacet
  facet normal 0 0 -1
    outer loop
      vertex -34.053642 -79.813095 0
      vertex -32.093872 -81.67291 0
      vertex -32.327084 -81.90613 0
    endloop
  endfacet
  facet normal 0 0 -1
    outer loop
      vertex -31.585873 -81.25266 0
      vertex -32.376 -79.02366 0
      vertex -32.18837 -79.00592 0
    endloop
  endfacet
  facet normal 0 0 -1
    outer loop
      vertex -34.53298 -80.39252 0
      vertex -32.327084 -81.90613 0
      vertex -32.545193 -82.15353 0
    endloop
  endfacet
  facet normal 0 0 -1
    outer loop
      vertex -31.585873 -81.25266 0
      vertex -32.56214 -79.05314 0
      vertex -32.376 -79.02366 0
    endloop
  endfacet
  facet normal 0 0 -1
    outer loop
      vertex -31.585873 -81.25266 0
      vertex -32.74607 -79.09425 0
      vertex -32.56214 -79.05314 0
    endloop
  endfacet
  facet normal 0 0 -1
    outer loop
      vertex -34.85317 -81.07295 0
      vertex -32.545193 -82.15353 0
      vertex -32.747337 -82.41413 0
    endloop
  endfacet
  facet normal 0 0 -1
    outer loop
      vertex -31.585873 -81.25266 0
      vertex -32.92705 -79.14683 0
      vertex -32.74607 -79.09425 0
    endloop
  endfacet
  facet normal 0 0 -1
    outer loop
      vertex -34.99408 -81.81163 0
      vertex -32.747337 -82.41413 0
      vertex -32.93272 -82.68691 0
    endloop
  endfacet
  facet normal 0 0 -1
    outer loop
      vertex -35 -82 0
      vertex -32.93272 -82.68691 0
      vertex -33.10061 -82.970795 0
    endloop
  endfacet
  facet normal 0 0 -1
    outer loop
      vertex -31.846476 -81.4548 0
      vertex -33.104374 -79.21067 0
      vertex -32.92705 -79.14683 0
    endloop
  endfacet
  facet normal 0 0 -1
    outer loop
      vertex -35 -82 0
      vertex -33.10061 -82.970795 0
      vertex -33.250343 -83.264656 0
    endloop
  endfacet
  facet normal 0 0 -1
    outer loop
      vertex -31.846476 -81.4548 0
      vertex -33.277336 -79.28552 0
      vertex -33.104374 -79.21067 0
    endloop
  endfacet
  facet normal 0 0 -1
    outer loop
      vertex -35 -82 0
      vertex -33.250343 -83.264656 0
      vertex -33.381325 -83.567345 0
    endloop
  endfacet
  facet normal 0 0 -1
    outer loop
      vertex -31.846476 -81.4548 0
      vertex -33.44526 -79.37108 0
      vertex -33.277336 -79.28552 0
    endloop
  endfacet
  facet normal 0 0 -1
    outer loop
      vertex -35 -82 0
      vertex -33.381325 -83.567345 0
      vertex -33.493046 -83.87766 0
    endloop
  endfacet
  facet normal 0 0 -1
    outer loop
      vertex -35 -82 0
      vertex -33.493046 -83.87766 0
      vertex -33.58506 -84.19438 0
    endloop
  endfacet
  facet normal 0 0 -1
    outer loop
      vertex -32.093872 -81.67291 0
      vertex -33.60748 -79.46702 0
      vertex -33.44526 -79.37108 0
    endloop
  endfacet
  facet normal 0 0 -1
    outer loop
      vertex -35 -82 0
      vertex -33.58506 -84.19438 0
      vertex -33.657005 -84.51625 0
    endloop
  endfacet
  facet normal 0 0 -1
    outer loop
      vertex -35 -82 0
      vertex -33.657005 -84.51625 0
      vertex -33.708603 -84.842 0
    endloop
  endfacet
  facet normal 0 0 -1
    outer loop
      vertex -35 -82 0
      vertex -33.708603 -84.842 0
      vertex -33.73964 -85.17035 0
    endloop
  endfacet
  facet normal 0 0 -1
    outer loop
      vertex -35 -82 0
      vertex -33.73964 -85.17035 0
      vertex -33.75 -85.5 0
    endloop
  endfacet
  facet normal 0 0 -1
    outer loop
      vertex -32.93272 -82.68691 0
      vertex -35 -82 0
      vertex -34.99408 -81.81163 0
    endloop
  endfacet
  facet normal 0 0 -1
    outer loop
      vertex -33.708603 -86.158 0
      vertex -35 -82 0
      vertex -33.73964 -85.82965 0
    endloop
  endfacet
  facet normal 0 0 -1
    outer loop
      vertex -34.78933 -147.10437 0
      vertex -32.545193 -145.84648 0
      vertex -34.71448 -147.27734 0
    endloop
  endfacet
  facet normal 0 0 -1
    outer loop
      vertex -33.73964 -85.82965 0
      vertex -35 -82 0
      vertex -33.75 -85.5 0
    endloop
  endfacet
  facet normal 0 0 -1
    outer loop
      vertex -34.85317 -146.92705 0
      vertex -32.545193 -145.84648 0
      vertex -34.78933 -147.10437 0
    endloop
  endfacet
  facet normal 0 0 -1
    outer loop
      vertex -32.093872 -81.67291 0
      vertex -33.763355 -79.57295 0
      vertex -33.60748 -79.46702 0
    endloop
  endfacet
  facet normal 0 0 -1
    outer loop
      vertex -32.545193 -145.84648 0
      vertex -34.85317 -146.92705 0
      vertex -32.747337 -145.58588 0
    endloop
  endfacet
  facet normal 0 0 -1
    outer loop
      vertex -32.093872 -81.67291 0
      vertex -33.91227 -79.68846 0
      vertex -33.763355 -79.57295 0
    endloop
  endfacet
  facet normal 0 0 -1
    outer loop
      vertex -34.90575 -146.74606 0
      vertex -32.747337 -145.58588 0
      vertex -34.85317 -146.92705 0
    endloop
  endfacet
  facet normal 0 0 -1
    outer loop
      vertex -32.093872 -81.67291 0
      vertex -34.053642 -79.813095 0
      vertex -33.91227 -79.68846 0
    endloop
  endfacet
  facet normal 0 0 -1
    outer loop
      vertex -34.94686 -146.56215 0
      vertex -32.747337 -145.58588 0
      vertex -34.90575 -146.74606 0
    endloop
  endfacet
  facet normal 0 0 -1
    outer loop
      vertex -32.327084 -81.90613 0
      vertex -34.186905 -79.94636 0
      vertex -34.053642 -79.813095 0
    endloop
  endfacet
  facet normal 0 0 -1
    outer loop
      vertex -34.97634 -146.376 0
      vertex -32.747337 -145.58588 0
      vertex -34.94686 -146.56215 0
    endloop
  endfacet
  facet normal 0 0 -1
    outer loop
      vertex -32.327084 -81.90613 0
      vertex -34.31154 -80.08773 0
      vertex -34.186905 -79.94636 0
    endloop
  endfacet
  facet normal 0 0 -1
    outer loop
      vertex -34.99408 -146.18837 0
      vertex -32.747337 -145.58588 0
      vertex -34.97634 -146.376 0
    endloop
  endfacet
  facet normal 0 0 -1
    outer loop
      vertex -32.327084 -81.90613 0
      vertex -34.42705 -80.23665 0
      vertex -34.31154 -80.08773 0
    endloop
  endfacet
  facet normal 0 0 -1
    outer loop
      vertex -32.747337 -145.58588 0
      vertex -34.99408 -146.18837 0
      vertex -32.93272 -145.3131 0
    endloop
  endfacet
  facet normal 0 0 -1
    outer loop
      vertex -32.327084 -81.90613 0
      vertex -34.53298 -80.39252 0
      vertex -34.42705 -80.23665 0
    endloop
  endfacet
  facet normal 0 0 -1
    outer loop
      vertex -35 -146 0
      vertex -32.93272 -145.3131 0
      vertex -34.99408 -146.18837 0
    endloop
  endfacet
  facet normal 0 0 -1
    outer loop
      vertex -32.545193 -82.15353 0
      vertex -34.62892 -80.55474 0
      vertex -34.53298 -80.39252 0
    endloop
  endfacet
  facet normal 0 0 -1
    outer loop
      vertex -32.93272 -145.3131 0
      vertex -35 -146 0
      vertex -33.10061 -145.0292 0
    endloop
  endfacet
  facet normal 0 0 -1
    outer loop
      vertex -32.545193 -82.15353 0
      vertex -34.71448 -80.722664 0
      vertex -34.62892 -80.55474 0
    endloop
  endfacet
  facet normal 0 0 -1
    outer loop
      vertex -33.10061 -145.0292 0
      vertex -35 -146 0
      vertex -33.250343 -144.73534 0
    endloop
  endfacet
  facet normal 0 0 -1
    outer loop
      vertex -32.545193 -82.15353 0
      vertex -34.78933 -80.89563 0
      vertex -34.71448 -80.722664 0
    endloop
  endfacet
  facet normal 0 0 -1
    outer loop
      vertex -33.250343 -144.73534 0
      vertex -35 -146 0
      vertex -33.381325 -144.43265 0
    endloop
  endfacet
  facet normal 0 0 -1
    outer loop
      vertex -32.545193 -82.15353 0
      vertex -34.85317 -81.07295 0
      vertex -34.78933 -80.89563 0
    endloop
  endfacet
  facet normal 0 0 -1
    outer loop
      vertex -33.381325 -144.43265 0
      vertex -35 -146 0
      vertex -33.493046 -144.12234 0
    endloop
  endfacet
  facet normal 0 0 -1
    outer loop
      vertex -32.747337 -82.41413 0
      vertex -34.90575 -81.25393 0
      vertex -34.85317 -81.07295 0
    endloop
  endfacet
  facet normal 0 0 -1
    outer loop
      vertex -33.493046 -144.12234 0
      vertex -35 -146 0
      vertex -33.58506 -143.80562 0
    endloop
  endfacet
  facet normal 0 0 -1
    outer loop
      vertex -32.747337 -82.41413 0
      vertex -34.94686 -81.43786 0
      vertex -34.90575 -81.25393 0
    endloop
  endfacet
  facet normal 0 0 -1
    outer loop
      vertex -32.747337 -82.41413 0
      vertex -34.97634 -81.624 0
      vertex -34.94686 -81.43786 0
    endloop
  endfacet
  facet normal 0 0 -1
    outer loop
      vertex -32.747337 -82.41413 0
      vertex -34.99408 -81.81163 0
      vertex -34.97634 -81.624 0
    endloop
  endfacet
  facet normal -0.3971429 -0.9177568 0
    outer loop
      vertex 60.432655 -80.618675 0
      vertex 60.73534 -80.74966 1.5
      vertex 60.432655 -80.618675 1.5
    endloop
  endfacet
  facet normal -0.3971429 -0.9177568 0
    outer loop
      vertex 60.73534 -80.74966 1.5
      vertex 60.432655 -80.618675 0
      vertex 60.73534 -80.74966 0
    endloop
  endfacet
  facet normal 0.15644483 -0.9876867 0
    outer loop
      vertex 57.516247 -80.342995 0
      vertex 57.842 -80.2914 1.5
      vertex 57.516247 -80.342995 1.5
    endloop
  endfacet
  facet normal 0.15644483 -0.9876867 0
    outer loop
      vertex 57.842 -80.2914 1.5
      vertex 57.516247 -80.342995 0
      vertex 57.842 -80.2914 0
    endloop
  endfacet
  facet normal 0.09410278 0.9955625 0
    outer loop
      vertex 58.17035 -90.73964 0
      vertex 57.842 -90.7086 1.5
      vertex 58.17035 -90.73964 1.5
    endloop
  endfacet
  facet normal 0.09410278 0.9955625 0
    outer loop
      vertex 57.842 -90.7086 1.5
      vertex 58.17035 -90.73964 0
      vertex 57.842 -90.7086 0
    endloop
  endfacet
  facet normal 0.97591496 0.21815127 0
    outer loop
      vertex 53.41494 -86.80562 1.5
      vertex 53.34299 -86.48375 0
      vertex 53.34299 -86.48375 1.5
    endloop
  endfacet
  facet normal 0.97591496 0.21815127 0
    outer loop
      vertex 53.34299 -86.48375 0
      vertex 53.41494 -86.80562 1.5
      vertex 53.41494 -86.80562 0
    endloop
  endfacet
  facet normal -0.27898052 0.96029675 0
    outer loop
      vertex 60.122337 -90.49305 0
      vertex 59.805622 -90.58506 1.5
      vertex 60.122337 -90.49305 1.5
    endloop
  endfacet
  facet normal -0.27898052 0.96029675 0
    outer loop
      vertex 59.805622 -90.58506 1.5
      vertex 60.122337 -90.49305 0
      vertex 59.805622 -90.58506 0
    endloop
  endfacet
  facet normal 0.5090305 0.86074847 0
    outer loop
      vertex 55.970795 -90.10061 0
      vertex 55.68691 -89.932724 1.5
      vertex 55.970795 -90.10061 1.5
    endloop
  endfacet
  facet normal 0.5090305 0.86074847 0
    outer loop
      vertex 55.68691 -89.932724 1.5
      vertex 55.970795 -90.10061 0
      vertex 55.68691 -89.932724 0
    endloop
  endfacet
  facet normal 0.56209296 0.82707405 0
    outer loop
      vertex 55.68691 -89.932724 0
      vertex 55.414127 -89.74734 1.5
      vertex 55.68691 -89.932724 1.5
    endloop
  endfacet
  facet normal 0.56209296 0.82707405 0
    outer loop
      vertex 55.414127 -89.74734 1.5
      vertex 55.68691 -89.932724 0
      vertex 55.414127 -89.74734 0
    endloop
  endfacet
  facet normal -0.031413853 0.9995065 0
    outer loop
      vertex 58.82965 -90.73964 0
      vertex 58.5 -90.75 1.5
      vertex 58.82965 -90.73964 1.5
    endloop
  endfacet
  facet normal -0.031413853 0.9995065 0
    outer loop
      vertex 58.5 -90.75 1.5
      vertex 58.82965 -90.73964 0
      vertex 58.5 -90.75 0
    endloop
  endfacet
  facet normal 0.031413853 0.9995065 0
    outer loop
      vertex 58.5 -90.75 0
      vertex 58.17035 -90.73964 1.5
      vertex 58.5 -90.75 1.5
    endloop
  endfacet
  facet normal 0.031413853 0.9995065 0
    outer loop
      vertex 58.17035 -90.73964 1.5
      vertex 58.5 -90.75 0
      vertex 58.17035 -90.73964 0
    endloop
  endfacet
  facet normal -0.9876885 0.15643355 0
    outer loop
      vertex -23.34299 -86.48375 0
      vertex -23.291397 -86.158 1.5
      vertex -23.291397 -86.158 0
    endloop
  endfacet
  facet normal -0.9876885 0.15643355 0
    outer loop
      vertex -23.291397 -86.158 1.5
      vertex -23.34299 -86.48375 0
      vertex -23.34299 -86.48375 1.5
    endloop
  endfacet
  facet normal -0.8270794 -0.5620851 0
    outer loop
      vertex -24.067278 -82.68691 0
      vertex -24.25266 -82.41413 1.5
      vertex -24.25266 -82.41413 0
    endloop
  endfacet
  facet normal -0.8270794 -0.5620851 0
    outer loop
      vertex -24.25266 -82.41413 1.5
      vertex -24.067278 -82.68691 0
      vertex -24.067278 -82.68691 1.5
    endloop
  endfacet
  facet normal -0.79014814 0.61291593 0
    outer loop
      vertex -24.454805 -88.84647 0
      vertex -24.25266 -88.58588 1.5
      vertex -24.25266 -88.58588 0
    endloop
  endfacet
  facet normal -0.79014814 0.61291593 0
    outer loop
      vertex -24.25266 -88.58588 1.5
      vertex -24.454805 -88.84647 0
      vertex -24.454805 -88.84647 1.5
    endloop
  endfacet
  facet normal -0.7071097 0.7071039 0
    outer loop
      vertex -24.906128 -89.32709 0
      vertex -24.672915 -89.09387 1.5
      vertex -24.672915 -89.09387 0
    endloop
  endfacet
  facet normal -0.7071097 0.7071039 0
    outer loop
      vertex -24.672915 -89.09387 1.5
      vertex -24.906128 -89.32709 0
      vertex -24.906128 -89.32709 1.5
    endloop
  endfacet
  facet normal -0.509033 0.860747 0
    outer loop
      vertex -25.686909 -89.932724 0
      vertex -25.970793 -90.10061 1.5
      vertex -25.686909 -89.932724 1.5
    endloop
  endfacet
  facet normal -0.509033 0.860747 0
    outer loop
      vertex -25.970793 -90.10061 1.5
      vertex -25.686909 -89.932724 0
      vertex -25.970793 -90.10061 0
    endloop
  endfacet
  facet normal -0.99950665 -0.031408075 0
    outer loop
      vertex -23.25 -85.5 0
      vertex -23.260359 -85.17035 1.5
      vertex -23.260359 -85.17035 0
    endloop
  endfacet
  facet normal -0.99950665 -0.031408075 0
    outer loop
      vertex -23.260359 -85.17035 1.5
      vertex -23.25 -85.5 0
      vertex -23.25 -85.5 1.5
    endloop
  endfacet
  facet normal 0.8607464 0.509034 0
    outer loop
      vertex -32.93272 -88.313095 1.5
      vertex -33.10061 -88.029205 0
      vertex -33.10061 -88.029205 1.5
    endloop
  endfacet
  facet normal 0.8607464 0.509034 0
    outer loop
      vertex -33.10061 -88.029205 0
      vertex -32.93272 -88.313095 1.5
      vertex -32.93272 -88.313095 0
    endloop
  endfacet
  facet normal 0.8910008 -0.45400167 0
    outer loop
      vertex -33.250343 -83.264656 1.5
      vertex -33.10061 -82.970795 0
      vertex -33.10061 -82.970795 1.5
    endloop
  endfacet
  facet normal 0.8910008 -0.45400167 0
    outer loop
      vertex -33.10061 -82.970795 0
      vertex -33.250343 -83.264656 1.5
      vertex -33.250343 -83.264656 0
    endloop
  endfacet
  facet normal -0.453997 -0.8910032 0
    outer loop
      vertex -26.264658 -80.74966 0
      vertex -25.970793 -80.89939 1.5
      vertex -26.264658 -80.74966 1.5
    endloop
  endfacet
  facet normal -0.453997 -0.8910032 0
    outer loop
      vertex -25.970793 -80.89939 1.5
      vertex -26.264658 -80.74966 0
      vertex -25.970793 -80.89939 0
    endloop
  endfacet
  facet normal -0.21814026 -0.9759174 0
    outer loop
      vertex -27.516247 -80.342995 0
      vertex -27.194378 -80.41494 1.5
      vertex -27.516247 -80.342995 1.5
    endloop
  endfacet
  facet normal -0.21814026 -0.9759174 0
    outer loop
      vertex -27.194378 -80.41494 1.5
      vertex -27.516247 -80.342995 0
      vertex -27.194378 -80.41494 0
    endloop
  endfacet
  facet normal 0.5090305 -0.86074847 0
    outer loop
      vertex -31.313091 -81.067276 0
      vertex -31.029205 -80.89939 1.5
      vertex -31.313091 -81.067276 1.5
    endloop
  endfacet
  facet normal 0.5090305 -0.86074847 0
    outer loop
      vertex -31.029205 -80.89939 1.5
      vertex -31.313091 -81.067276 0
      vertex -31.029205 -80.89939 0
    endloop
  endfacet
  facet normal -0.99556184 -0.09410959 0
    outer loop
      vertex -23.260359 -85.17035 0
      vertex -23.291397 -84.842 1.5
      vertex -23.291397 -84.842 0
    endloop
  endfacet
  facet normal -0.99556184 -0.09410959 0
    outer loop
      vertex -23.291397 -84.842 1.5
      vertex -23.260359 -85.17035 0
      vertex -23.260359 -85.17035 1.5
    endloop
  endfacet
  facet normal -0.031413853 -0.9995065 0
    outer loop
      vertex -28.5 -80.25 0
      vertex -28.17035 -80.26036 1.5
      vertex -28.5 -80.25 1.5
    endloop
  endfacet
  facet normal -0.031413853 -0.9995065 0
    outer loop
      vertex -28.17035 -80.26036 1.5
      vertex -28.5 -80.25 0
      vertex -28.17035 -80.26036 0
    endloop
  endfacet
  facet normal 0.6613115 0.75011134 0
    outer loop
      vertex -31.846476 -89.5452 0
      vertex -32.093872 -89.32709 1.5
      vertex -31.846476 -89.5452 1.5
    endloop
  endfacet
  facet normal 0.6613115 0.75011134 0
    outer loop
      vertex -32.093872 -89.32709 1.5
      vertex -31.846476 -89.5452 0
      vertex -32.093872 -89.32709 0
    endloop
  endfacet
  facet normal -0.99556184 0.09410959 0
    outer loop
      vertex -23.291397 -86.158 0
      vertex -23.260359 -85.82965 1.5
      vertex -23.260359 -85.82965 0
    endloop
  endfacet
  facet normal -0.99556184 0.09410959 0
    outer loop
      vertex -23.260359 -85.82965 1.5
      vertex -23.291397 -86.158 0
      vertex -23.291397 -86.158 1.5
    endloop
  endfacet
  facet normal -0.8607404 -0.5090441 0
    outer loop
      vertex -23.89939 -82.970795 0
      vertex -24.067278 -82.68691 1.5
      vertex -24.067278 -82.68691 0
    endloop
  endfacet
  facet normal -0.8607404 -0.5090441 0
    outer loop
      vertex -24.067278 -82.68691 1.5
      vertex -23.89939 -82.970795 0
      vertex -23.89939 -82.970795 1.5
    endloop
  endfacet
  facet normal 0.7501139 0.66130865 0
    outer loop
      vertex -32.327084 -89.09387 1.5
      vertex -32.545193 -88.84647 0
      vertex -32.545193 -88.84647 1.5
    endloop
  endfacet
  facet normal 0.7501139 0.66130865 0
    outer loop
      vertex -32.545193 -88.84647 0
      vertex -32.327084 -89.09387 1.5
      vertex -32.327084 -89.09387 0
    endloop
  endfacet
  facet normal 0.094103314 0.99556243 0
    outer loop
      vertex -28.82965 -90.73964 0
      vertex -29.157999 -90.7086 1.5
      vertex -28.82965 -90.73964 1.5
    endloop
  endfacet
  facet normal 0.094103314 0.99556243 0
    outer loop
      vertex -29.157999 -90.7086 1.5
      vertex -28.82965 -90.73964 0
      vertex -29.157999 -90.7086 0
    endloop
  endfacet
  facet normal 0.56209296 -0.82707405 0
    outer loop
      vertex -31.585873 -81.25266 0
      vertex -31.313091 -81.067276 1.5
      vertex -31.585873 -81.25266 1.5
    endloop
  endfacet
  facet normal 0.56209296 -0.82707405 0
    outer loop
      vertex -31.313091 -81.067276 1.5
      vertex -31.585873 -81.25266 0
      vertex -31.313091 -81.067276 0
    endloop
  endfacet
  facet normal -0.7501139 -0.66130865 0
    outer loop
      vertex -24.454805 -82.15353 0
      vertex -24.672915 -81.90613 1.5
      vertex -24.672915 -81.90613 0
    endloop
  endfacet
  facet normal -0.7501139 -0.66130865 0
    outer loop
      vertex -24.672915 -81.90613 1.5
      vertex -24.454805 -82.15353 0
      vertex -24.454805 -82.15353 1.5
    endloop
  endfacet
  facet normal -0.9759162 0.21814577 0
    outer loop
      vertex -23.414938 -86.80562 0
      vertex -23.34299 -86.48375 1.5
      vertex -23.34299 -86.48375 0
    endloop
  endfacet
  facet normal -0.9759162 0.21814577 0
    outer loop
      vertex -23.34299 -86.48375 1.5
      vertex -23.414938 -86.80562 0
      vertex -23.414938 -86.80562 1.5
    endloop
  endfacet
  facet normal 0.21813904 -0.9759177 0
    outer loop
      vertex -29.805622 -80.41494 0
      vertex -29.483751 -80.342995 1.5
      vertex -29.805622 -80.41494 1.5
    endloop
  endfacet
  facet normal 0.21813904 -0.9759177 0
    outer loop
      vertex -29.483751 -80.342995 1.5
      vertex -29.805622 -80.41494 0
      vertex -29.483751 -80.342995 0
    endloop
  endfacet
  facet normal -0.2790003 -0.960291 0
    outer loop
      vertex -27.194378 -80.41494 0
      vertex -26.87766 -80.50696 1.5
      vertex -27.194378 -80.41494 1.5
    endloop
  endfacet
  facet normal -0.2790003 -0.960291 0
    outer loop
      vertex -26.87766 -80.50696 1.5
      vertex -27.194378 -80.41494 0
      vertex -26.87766 -80.50696 0
    endloop
  endfacet
  facet normal 0.9876867 0.15644483 0
    outer loop
      vertex -33.657005 -86.48375 1.5
      vertex -33.708603 -86.158 0
      vertex -33.708603 -86.158 1.5
    endloop
  endfacet
  facet normal 0.9876867 0.15644483 0
    outer loop
      vertex -33.708603 -86.158 0
      vertex -33.657005 -86.48375 1.5
      vertex -33.657005 -86.48375 0
    endloop
  endfacet
  facet normal 0.9759174 0.21814026 0
    outer loop
      vertex -33.58506 -86.80562 1.5
      vertex -33.657005 -86.48375 0
      vertex -33.657005 -86.48375 1.5
    endloop
  endfacet
  facet normal 0.9759174 0.21814026 0
    outer loop
      vertex -33.657005 -86.48375 0
      vertex -33.58506 -86.80562 1.5
      vertex -33.58506 -86.80562 0
    endloop
  endfacet
  facet normal 0.9177586 -0.39713868 0
    outer loop
      vertex -33.381325 -83.567345 1.5
      vertex -33.250343 -83.264656 0
      vertex -33.250343 -83.264656 1.5
    endloop
  endfacet
  facet normal 0.9177586 -0.39713868 0
    outer loop
      vertex -33.250343 -83.264656 0
      vertex -33.381325 -83.567345 1.5
      vertex -33.381325 -83.567345 0
    endloop
  endfacet
  facet normal -0.9876885 -0.15643355 0
    outer loop
      vertex -23.291397 -84.842 0
      vertex -23.34299 -84.51625 1.5
      vertex -23.34299 -84.51625 0
    endloop
  endfacet
  facet normal -0.9876885 -0.15643355 0
    outer loop
      vertex -23.34299 -84.51625 1.5
      vertex -23.291397 -84.842 0
      vertex -23.291397 -84.842 1.5
    endloop
  endfacet
  facet normal -0.3387287 -0.9408841 0
    outer loop
      vertex -26.87766 -80.50696 0
      vertex -26.567345 -80.618675 1.5
      vertex -26.87766 -80.50696 1.5
    endloop
  endfacet
  facet normal -0.3387287 -0.9408841 0
    outer loop
      vertex -26.567345 -80.618675 1.5
      vertex -26.87766 -80.50696 0
      vertex -26.567345 -80.618675 0
    endloop
  endfacet
  facet normal 0.15644483 -0.9876867 0
    outer loop
      vertex -29.483751 -80.342995 0
      vertex -29.157999 -80.2914 1.5
      vertex -29.483751 -80.342995 1.5
    endloop
  endfacet
  facet normal 0.15644483 -0.9876867 0
    outer loop
      vertex -29.157999 -80.2914 1.5
      vertex -29.483751 -80.342995 0
      vertex -29.157999 -80.2914 0
    endloop
  endfacet
  facet normal 0.27898052 0.96029675 0
    outer loop
      vertex -29.805622 -90.58506 0
      vertex -30.122337 -90.49305 1.5
      vertex -29.805622 -90.58506 1.5
    endloop
  endfacet
  facet normal 0.27898052 0.96029675 0
    outer loop
      vertex -30.122337 -90.49305 1.5
      vertex -29.805622 -90.58506 0
      vertex -30.122337 -90.49305 0
    endloop
  endfacet
  facet normal -0.8607464 0.509034 0
    outer loop
      vertex -24.067278 -88.313095 0
      vertex -23.89939 -88.029205 1.5
      vertex -23.89939 -88.029205 0
    endloop
  endfacet
  facet normal -0.8607464 0.509034 0
    outer loop
      vertex -23.89939 -88.029205 1.5
      vertex -24.067278 -88.313095 0
      vertex -24.067278 -88.313095 1.5
    endloop
  endfacet
  facet normal -0.9177565 -0.39714354 0
    outer loop
      vertex -23.618673 -83.567345 0
      vertex -23.749657 -83.264656 1.5
      vertex -23.749657 -83.264656 0
    endloop
  endfacet
  facet normal -0.9177565 -0.39714354 0
    outer loop
      vertex -23.749657 -83.264656 1.5
      vertex -23.618673 -83.567345 0
      vertex -23.618673 -83.567345 1.5
    endloop
  endfacet
  facet normal 0.79015684 -0.6129047 0
    outer loop
      vertex -32.747337 -82.41413 1.5
      vertex -32.545193 -82.15353 0
      vertex -32.545193 -82.15353 1.5
    endloop
  endfacet
  facet normal 0.79015684 -0.6129047 0
    outer loop
      vertex -32.545193 -82.15353 0
      vertex -32.747337 -82.41413 1.5
      vertex -32.747337 -82.41413 0
    endloop
  endfacet
  facet normal 0.3387287 -0.9408841 0
    outer loop
      vertex -30.432653 -80.618675 0
      vertex -30.122337 -80.50696 1.5
      vertex -30.432653 -80.618675 1.5
    endloop
  endfacet
  facet normal 0.3387287 -0.9408841 0
    outer loop
      vertex -30.122337 -80.50696 1.5
      vertex -30.432653 -80.618675 0
      vertex -30.122337 -80.50696 0
    endloop
  endfacet
  facet normal -0.79015684 -0.6129047 0
    outer loop
      vertex -24.25266 -82.41413 0
      vertex -24.454805 -82.15353 1.5
      vertex -24.454805 -82.15353 0
    endloop
  endfacet
  facet normal -0.79015684 -0.6129047 0
    outer loop
      vertex -24.454805 -82.15353 1.5
      vertex -24.25266 -82.41413 0
      vertex -24.25266 -82.41413 1.5
    endloop
  endfacet
  facet normal -0.8270794 0.5620851 0
    outer loop
      vertex -24.25266 -88.58588 0
      vertex -24.067278 -88.313095 1.5
      vertex -24.067278 -88.313095 0
    endloop
  endfacet
  facet normal -0.8270794 0.5620851 0
    outer loop
      vertex -24.067278 -88.313095 1.5
      vertex -24.25266 -88.58588 0
      vertex -24.25266 -88.58588 1.5
    endloop
  endfacet
  facet normal 0.031413853 -0.9995065 0
    outer loop
      vertex -28.82965 -80.26036 0
      vertex -28.5 -80.25 1.5
      vertex -28.82965 -80.26036 1.5
    endloop
  endfacet
  facet normal 0.031413853 -0.9995065 0
    outer loop
      vertex -28.5 -80.25 1.5
      vertex -28.82965 -80.26036 0
      vertex -28.5 -80.25 0
    endloop
  endfacet
  facet normal -0.6613144 0.75010884 0
    outer loop
      vertex -24.906128 -89.32709 0
      vertex -25.153522 -89.5452 1.5
      vertex -24.906128 -89.32709 1.5
    endloop
  endfacet
  facet normal -0.6613144 0.75010884 0
    outer loop
      vertex -25.153522 -89.5452 1.5
      vertex -24.906128 -89.32709 0
      vertex -25.153522 -89.5452 0
    endloop
  endfacet
  facet normal 0.39714077 0.9177577 0
    outer loop
      vertex -30.432653 -90.381325 0
      vertex -30.73534 -90.25034 1.5
      vertex -30.432653 -90.381325 1.5
    endloop
  endfacet
  facet normal 0.39714077 0.9177577 0
    outer loop
      vertex -30.73534 -90.25034 1.5
      vertex -30.432653 -90.381325 0
      vertex -30.73534 -90.25034 0
    endloop
  endfacet
  facet normal -0.7071097 -0.7071039 0
    outer loop
      vertex -24.672915 -81.90613 0
      vertex -24.906128 -81.67291 1.5
      vertex -24.906128 -81.67291 0
    endloop
  endfacet
  facet normal -0.7071097 -0.7071039 0
    outer loop
      vertex -24.906128 -81.67291 1.5
      vertex -24.672915 -81.90613 0
      vertex -24.672915 -81.90613 1.5
    endloop
  endfacet
  facet normal -0.9759162 -0.21814577 0
    outer loop
      vertex -23.34299 -84.51625 0
      vertex -23.414938 -84.19438 1.5
      vertex -23.414938 -84.19438 0
    endloop
  endfacet
  facet normal -0.9759162 -0.21814577 0
    outer loop
      vertex -23.414938 -84.19438 1.5
      vertex -23.34299 -84.51625 0
      vertex -23.34299 -84.51625 1.5
    endloop
  endfacet
  facet normal -0.7501139 0.66130865 0
    outer loop
      vertex -24.672915 -89.09387 0
      vertex -24.454805 -88.84647 1.5
      vertex -24.454805 -88.84647 0
    endloop
  endfacet
  facet normal -0.7501139 0.66130865 0
    outer loop
      vertex -24.454805 -88.84647 1.5
      vertex -24.672915 -89.09387 0
      vertex -24.672915 -89.09387 1.5
    endloop
  endfacet
  facet normal -0.6613144 -0.75010884 0
    outer loop
      vertex -25.153522 -81.4548 0
      vertex -24.906128 -81.67291 1.5
      vertex -25.153522 -81.4548 1.5
    endloop
  endfacet
  facet normal -0.6613144 -0.75010884 0
    outer loop
      vertex -24.906128 -81.67291 1.5
      vertex -25.153522 -81.4548 0
      vertex -24.906128 -81.67291 0
    endloop
  endfacet
  facet normal 0.094103314 -0.99556243 0
    outer loop
      vertex -29.157999 -80.2914 0
      vertex -28.82965 -80.26036 1.5
      vertex -29.157999 -80.2914 1.5
    endloop
  endfacet
  facet normal 0.094103314 -0.99556243 0
    outer loop
      vertex -28.82965 -80.26036 1.5
      vertex -29.157999 -80.2914 0
      vertex -28.82965 -80.26036 0
    endloop
  endfacet
  facet normal 0.9995065 -0.031413853 0
    outer loop
      vertex -33.75 -85.5 1.5
      vertex -33.73964 -85.17035 0
      vertex -33.73964 -85.17035 1.5
    endloop
  endfacet
  facet normal 0.9995065 -0.031413853 0
    outer loop
      vertex -33.73964 -85.17035 0
      vertex -33.75 -85.5 1.5
      vertex -33.75 -85.5 0
    endloop
  endfacet
  facet normal 0.9955624 0.09410386 0
    outer loop
      vertex -33.708603 -86.158 1.5
      vertex -33.73964 -85.82965 0
      vertex -33.73964 -85.82965 1.5
    endloop
  endfacet
  facet normal 0.9955624 0.09410386 0
    outer loop
      vertex -33.73964 -85.82965 0
      vertex -33.708603 -86.158 1.5
      vertex -33.708603 -86.158 0
    endloop
  endfacet
  facet normal -0.453997 0.8910032 0
    outer loop
      vertex -25.970793 -90.10061 0
      vertex -26.264658 -90.25034 1.5
      vertex -25.970793 -90.10061 1.5
    endloop
  endfacet
  facet normal -0.453997 0.8910032 0
    outer loop
      vertex -26.264658 -90.25034 1.5
      vertex -25.970793 -90.10061 0
      vertex -26.264658 -90.25034 0
    endloop
  endfacet
  facet normal 0.9995065 0.031413853 0
    outer loop
      vertex -33.73964 -85.82965 1.5
      vertex -33.75 -85.5 0
      vertex -33.75 -85.5 1.5
    endloop
  endfacet
  facet normal 0.9995065 0.031413853 0
    outer loop
      vertex -33.75 -85.5 0
      vertex -33.73964 -85.82965 1.5
      vertex -33.73964 -85.82965 0
    endloop
  endfacet
  facet normal -0.6128975 0.79016244 0
    outer loop
      vertex -25.153522 -89.5452 0
      vertex -25.414127 -89.74734 1.5
      vertex -25.153522 -89.5452 1.5
    endloop
  endfacet
  facet normal -0.6128975 0.79016244 0
    outer loop
      vertex -25.414127 -89.74734 1.5
      vertex -25.153522 -89.5452 0
      vertex -25.414127 -89.74734 0
    endloop
  endfacet
  facet normal -0.509033 -0.860747 0
    outer loop
      vertex -25.970793 -80.89939 0
      vertex -25.686909 -81.067276 1.5
      vertex -25.970793 -80.89939 1.5
    endloop
  endfacet
  facet normal -0.509033 -0.860747 0
    outer loop
      vertex -25.686909 -81.067276 1.5
      vertex -25.970793 -80.89939 0
      vertex -25.686909 -81.067276 0
    endloop
  endfacet
  facet normal 0.7501139 -0.66130865 0
    outer loop
      vertex -32.545193 -82.15353 1.5
      vertex -32.327084 -81.90613 0
      vertex -32.327084 -81.90613 1.5
    endloop
  endfacet
  facet normal 0.7501139 -0.66130865 0
    outer loop
      vertex -32.327084 -81.90613 0
      vertex -32.545193 -82.15353 1.5
      vertex -32.545193 -82.15353 0
    endloop
  endfacet
  facet normal -0.8910032 -0.45399708 0
    outer loop
      vertex -23.749657 -83.264656 0
      vertex -23.89939 -82.970795 1.5
      vertex -23.89939 -82.970795 0
    endloop
  endfacet
  facet normal -0.8910032 -0.45399708 0
    outer loop
      vertex -23.89939 -82.970795 1.5
      vertex -23.749657 -83.264656 0
      vertex -23.749657 -83.264656 1.5
    endloop
  endfacet
  facet normal 0.6129003 0.79016024 0
    outer loop
      vertex -31.585873 -89.74734 0
      vertex -31.846476 -89.5452 1.5
      vertex -31.585873 -89.74734 1.5
    endloop
  endfacet
  facet normal 0.6129003 0.79016024 0
    outer loop
      vertex -31.846476 -89.5452 1.5
      vertex -31.585873 -89.74734 0
      vertex -31.846476 -89.5452 0
    endloop
  endfacet
  facet normal -0.6128975 -0.79016244 0
    outer loop
      vertex -25.414127 -81.25266 0
      vertex -25.153522 -81.4548 1.5
      vertex -25.414127 -81.25266 1.5
    endloop
  endfacet
  facet normal -0.6128975 -0.79016244 0
    outer loop
      vertex -25.153522 -81.4548 1.5
      vertex -25.414127 -81.25266 0
      vertex -25.153522 -81.4548 0
    endloop
  endfacet
  facet normal 0.9759174 -0.21814026 0
    outer loop
      vertex -33.657005 -84.51625 1.5
      vertex -33.58506 -84.19438 0
      vertex -33.58506 -84.19438 1.5
    endloop
  endfacet
  facet normal 0.9759174 -0.21814026 0
    outer loop
      vertex -33.58506 -84.19438 0
      vertex -33.657005 -84.51625 1.5
      vertex -33.657005 -84.51625 0
    endloop
  endfacet
  facet normal 0.96029454 0.2789881 0
    outer loop
      vertex -33.493046 -87.12234 1.5
      vertex -33.58506 -86.80562 0
      vertex -33.58506 -86.80562 1.5
    endloop
  endfacet
  facet normal 0.96029454 0.2789881 0
    outer loop
      vertex -33.58506 -86.80562 0
      vertex -33.493046 -87.12234 1.5
      vertex -33.493046 -87.12234 0
    endloop
  endfacet
  facet normal 0.9876867 -0.15644483 0
    outer loop
      vertex -33.708603 -84.842 1.5
      vertex -33.657005 -84.51625 0
      vertex -33.657005 -84.51625 1.5
    endloop
  endfacet
  facet normal 0.9876867 -0.15644483 0
    outer loop
      vertex -33.657005 -84.51625 0
      vertex -33.708603 -84.842 1.5
      vertex -33.708603 -84.842 0
    endloop
  endfacet
  facet normal 0.5090305 0.86074847 0
    outer loop
      vertex -31.029205 -90.10061 0
      vertex -31.313091 -89.932724 1.5
      vertex -31.029205 -90.10061 1.5
    endloop
  endfacet
  facet normal 0.5090305 0.86074847 0
    outer loop
      vertex -31.313091 -89.932724 1.5
      vertex -31.029205 -90.10061 0
      vertex -31.313091 -89.932724 0
    endloop
  endfacet
  facet normal 0.6129003 -0.79016024 0
    outer loop
      vertex -31.846476 -81.4548 0
      vertex -31.585873 -81.25266 1.5
      vertex -31.846476 -81.4548 1.5
    endloop
  endfacet
  facet normal 0.6129003 -0.79016024 0
    outer loop
      vertex -31.585873 -81.25266 1.5
      vertex -31.846476 -81.4548 0
      vertex -31.585873 -81.25266 0
    endloop
  endfacet
  facet normal 0.9955624 -0.09410386 0
    outer loop
      vertex -33.73964 -85.17035 1.5
      vertex -33.708603 -84.842 0
      vertex -33.708603 -84.842 1.5
    endloop
  endfacet
  facet normal 0.9955624 -0.09410386 0
    outer loop
      vertex -33.708603 -84.842 0
      vertex -33.73964 -85.17035 1.5
      vertex -33.73964 -85.17035 0
    endloop
  endfacet
  facet normal -0.56209296 0.82707405 0
    outer loop
      vertex -25.414127 -89.74734 0
      vertex -25.686909 -89.932724 1.5
      vertex -25.414127 -89.74734 1.5
    endloop
  endfacet
  facet normal -0.56209296 0.82707405 0
    outer loop
      vertex -25.686909 -89.932724 1.5
      vertex -25.414127 -89.74734 0
      vertex -25.686909 -89.932724 0
    endloop
  endfacet
  facet normal -0.99950665 0.031408075 0
    outer loop
      vertex -23.260359 -85.82965 0
      vertex -23.25 -85.5 1.5
      vertex -23.25 -85.5 0
    endloop
  endfacet
  facet normal -0.99950665 0.031408075 0
    outer loop
      vertex -23.25 -85.5 1.5
      vertex -23.260359 -85.82965 0
      vertex -23.260359 -85.82965 1.5
    endloop
  endfacet
  facet normal -0.960293 -0.27899343 0
    outer loop
      vertex -23.414938 -84.19438 0
      vertex -23.506954 -83.87766 1.5
      vertex -23.506954 -83.87766 0
    endloop
  endfacet
  facet normal -0.960293 -0.27899343 0
    outer loop
      vertex -23.506954 -83.87766 1.5
      vertex -23.414938 -84.19438 0
      vertex -23.414938 -84.19438 1.5
    endloop
  endfacet
  facet normal -0.8910032 0.45399708 0
    outer loop
      vertex -23.89939 -88.029205 0
      vertex -23.749657 -87.735344 1.5
      vertex -23.749657 -87.735344 0
    endloop
  endfacet
  facet normal -0.8910032 0.45399708 0
    outer loop
      vertex -23.749657 -87.735344 1.5
      vertex -23.89939 -88.029205 0
      vertex -23.89939 -88.029205 1.5
    endloop
  endfacet
  facet normal -0.9408829 -0.33873197 0
    outer loop
      vertex -23.506954 -83.87766 0
      vertex -23.618673 -83.567345 1.5
      vertex -23.618673 -83.567345 0
    endloop
  endfacet
  facet normal -0.9408829 -0.33873197 0
    outer loop
      vertex -23.618673 -83.567345 1.5
      vertex -23.506954 -83.87766 0
      vertex -23.506954 -83.87766 1.5
    endloop
  endfacet
  facet normal 0 0 -1
    outer loop
      vertex -23.260359 -85.82965 1.5
      vertex -23.260359 -85.17035 1.5
      vertex -23.25 -85.5 1.5
    endloop
  endfacet
  facet normal 0 0 -1
    outer loop
      vertex -23.291397 -86.158 1.5
      vertex -23.260359 -85.17035 1.5
      vertex -23.260359 -85.82965 1.5
    endloop
  endfacet
  facet normal 0 0 -1
    outer loop
      vertex -23.291397 -86.158 1.5
      vertex -23.291397 -84.842 1.5
      vertex -23.260359 -85.17035 1.5
    endloop
  endfacet
  facet normal 0 0 -1
    outer loop
      vertex -23.34299 -86.48375 1.5
      vertex -23.291397 -84.842 1.5
      vertex -23.291397 -86.158 1.5
    endloop
  endfacet
  facet normal 0 0 -1
    outer loop
      vertex -23.34299 -86.48375 1.5
      vertex -23.34299 -84.51625 1.5
      vertex -23.291397 -84.842 1.5
    endloop
  endfacet
  facet normal 0 0 -1
    outer loop
      vertex -23.414938 -86.80562 1.5
      vertex -23.34299 -84.51625 1.5
      vertex -23.34299 -86.48375 1.5
    endloop
  endfacet
  facet normal 0 0 -1
    outer loop
      vertex -23.414938 -86.80562 1.5
      vertex -23.414938 -84.19438 1.5
      vertex -23.34299 -84.51625 1.5
    endloop
  endfacet
  facet normal 0 0 -1
    outer loop
      vertex -23.506954 -87.12234 1.5
      vertex -23.414938 -84.19438 1.5
      vertex -23.414938 -86.80562 1.5
    endloop
  endfacet
  facet normal 0 0 -1
    outer loop
      vertex -23.506954 -87.12234 1.5
      vertex -23.506954 -83.87766 1.5
      vertex -23.414938 -84.19438 1.5
    endloop
  endfacet
  facet normal 0 0 -1
    outer loop
      vertex -23.618673 -87.432655 1.5
      vertex -23.506954 -83.87766 1.5
      vertex -23.506954 -87.12234 1.5
    endloop
  endfacet
  facet normal 0 0 -1
    outer loop
      vertex -23.618673 -87.432655 1.5
      vertex -23.618673 -83.567345 1.5
      vertex -23.506954 -83.87766 1.5
    endloop
  endfacet
  facet normal 0 0 -1
    outer loop
      vertex -23.749657 -87.735344 1.5
      vertex -23.618673 -83.567345 1.5
      vertex -23.618673 -87.432655 1.5
    endloop
  endfacet
  facet normal 0 0 -1
    outer loop
      vertex -23.749657 -87.735344 1.5
      vertex -23.749657 -83.264656 1.5
      vertex -23.618673 -83.567345 1.5
    endloop
  endfacet
  facet normal 0 0 -1
    outer loop
      vertex -23.89939 -88.029205 1.5
      vertex -23.749657 -83.264656 1.5
      vertex -23.749657 -87.735344 1.5
    endloop
  endfacet
  facet normal 0 0 -1
    outer loop
      vertex -23.89939 -88.029205 1.5
      vertex -23.89939 -82.970795 1.5
      vertex -23.749657 -83.264656 1.5
    endloop
  endfacet
  facet normal 0 0 -1
    outer loop
      vertex -24.067278 -88.313095 1.5
      vertex -23.89939 -82.970795 1.5
      vertex -23.89939 -88.029205 1.5
    endloop
  endfacet
  facet normal 0 0 -1
    outer loop
      vertex -24.067278 -88.313095 1.5
      vertex -24.067278 -82.68691 1.5
      vertex -23.89939 -82.970795 1.5
    endloop
  endfacet
  facet normal 0 0 -1
    outer loop
      vertex -24.25266 -88.58588 1.5
      vertex -24.067278 -82.68691 1.5
      vertex -24.067278 -88.313095 1.5
    endloop
  endfacet
  facet normal 0 0 -1
    outer loop
      vertex -24.25266 -88.58588 1.5
      vertex -24.25266 -82.41413 1.5
      vertex -24.067278 -82.68691 1.5
    endloop
  endfacet
  facet normal 0 0 -1
    outer loop
      vertex -24.454805 -88.84647 1.5
      vertex -24.25266 -82.41413 1.5
      vertex -24.25266 -88.58588 1.5
    endloop
  endfacet
  facet normal 0 0 -1
    outer loop
      vertex -24.454805 -88.84647 1.5
      vertex -24.454805 -82.15353 1.5
      vertex -24.25266 -82.41413 1.5
    endloop
  endfacet
  facet normal 0 0 -1
    outer loop
      vertex -24.672915 -89.09387 1.5
      vertex -24.454805 -82.15353 1.5
      vertex -24.454805 -88.84647 1.5
    endloop
  endfacet
  facet normal 0 0 -1
    outer loop
      vertex -24.672915 -89.09387 1.5
      vertex -24.672915 -81.90613 1.5
      vertex -24.454805 -82.15353 1.5
    endloop
  endfacet
  facet normal 0 0 -1
    outer loop
      vertex -24.906128 -89.32709 1.5
      vertex -24.672915 -81.90613 1.5
      vertex -24.672915 -89.09387 1.5
    endloop
  endfacet
  facet normal 0 0 -1
    outer loop
      vertex -24.906128 -89.32709 1.5
      vertex -24.906128 -81.67291 1.5
      vertex -24.672915 -81.90613 1.5
    endloop
  endfacet
  facet normal 0 0 -1
    outer loop
      vertex -25.153522 -89.5452 1.5
      vertex -24.906128 -81.67291 1.5
      vertex -24.906128 -89.32709 1.5
    endloop
  endfacet
  facet normal 0 0 -1
    outer loop
      vertex -25.153522 -89.5452 1.5
      vertex -25.153522 -81.4548 1.5
      vertex -24.906128 -81.67291 1.5
    endloop
  endfacet
  facet normal 0 0 -1
    outer loop
      vertex -25.414127 -89.74734 1.5
      vertex -25.153522 -81.4548 1.5
      vertex -25.153522 -89.5452 1.5
    endloop
  endfacet
  facet normal 0 0 -1
    outer loop
      vertex -25.414127 -89.74734 1.5
      vertex -25.414127 -81.25266 1.5
      vertex -25.153522 -81.4548 1.5
    endloop
  endfacet
  facet normal 0 0 -1
    outer loop
      vertex -25.686909 -89.932724 1.5
      vertex -25.414127 -81.25266 1.5
      vertex -25.414127 -89.74734 1.5
    endloop
  endfacet
  facet normal 0 0 -1
    outer loop
      vertex -25.686909 -89.932724 1.5
      vertex -25.686909 -81.067276 1.5
      vertex -25.414127 -81.25266 1.5
    endloop
  endfacet
  facet normal 0 0 -1
    outer loop
      vertex -25.970793 -90.10061 1.5
      vertex -25.686909 -81.067276 1.5
      vertex -25.686909 -89.932724 1.5
    endloop
  endfacet
  facet normal 0 0 -1
    outer loop
      vertex -25.970793 -90.10061 1.5
      vertex -25.970793 -80.89939 1.5
      vertex -25.686909 -81.067276 1.5
    endloop
  endfacet
  facet normal 0 0 -1
    outer loop
      vertex -26.264658 -90.25034 1.5
      vertex -25.970793 -80.89939 1.5
      vertex -25.970793 -90.10061 1.5
    endloop
  endfacet
  facet normal 0 0 -1
    outer loop
      vertex -26.264658 -90.25034 1.5
      vertex -26.264658 -80.74966 1.5
      vertex -25.970793 -80.89939 1.5
    endloop
  endfacet
  facet normal 0 0 -1
    outer loop
      vertex -26.567345 -90.381325 1.5
      vertex -26.264658 -80.74966 1.5
      vertex -26.264658 -90.25034 1.5
    endloop
  endfacet
  facet normal 0 0 -1
    outer loop
      vertex -26.567345 -90.381325 1.5
      vertex -26.567345 -80.618675 1.5
      vertex -26.264658 -80.74966 1.5
    endloop
  endfacet
  facet normal 0 0 -1
    outer loop
      vertex -26.87766 -90.49305 1.5
      vertex -26.567345 -80.618675 1.5
      vertex -26.567345 -90.381325 1.5
    endloop
  endfacet
  facet normal 0 0 -1
    outer loop
      vertex -26.87766 -90.49305 1.5
      vertex -26.87766 -80.50696 1.5
      vertex -26.567345 -80.618675 1.5
    endloop
  endfacet
  facet normal 0 0 -1
    outer loop
      vertex -27.194378 -90.58506 1.5
      vertex -26.87766 -80.50696 1.5
      vertex -26.87766 -90.49305 1.5
    endloop
  endfacet
  facet normal 0 0 -1
    outer loop
      vertex -27.194378 -90.58506 1.5
      vertex -27.194378 -80.41494 1.5
      vertex -26.87766 -80.50696 1.5
    endloop
  endfacet
  facet normal 0 0 -1
    outer loop
      vertex -27.516247 -90.657005 1.5
      vertex -27.194378 -80.41494 1.5
      vertex -27.194378 -90.58506 1.5
    endloop
  endfacet
  facet normal 0 0 -1
    outer loop
      vertex -27.516247 -90.657005 1.5
      vertex -27.516247 -80.342995 1.5
      vertex -27.194378 -80.41494 1.5
    endloop
  endfacet
  facet normal 0 0 -1
    outer loop
      vertex -27.842 -90.7086 1.5
      vertex -27.516247 -80.342995 1.5
      vertex -27.516247 -90.657005 1.5
    endloop
  endfacet
  facet normal 0 0 -1
    outer loop
      vertex -27.842 -90.7086 1.5
      vertex -27.842 -80.2914 1.5
      vertex -27.516247 -80.342995 1.5
    endloop
  endfacet
  facet normal 0 0 -1
    outer loop
      vertex -28.17035 -90.73964 1.5
      vertex -27.842 -80.2914 1.5
      vertex -27.842 -90.7086 1.5
    endloop
  endfacet
  facet normal 0 0 -1
    outer loop
      vertex -28.17035 -90.73964 1.5
      vertex -28.17035 -80.26036 1.5
      vertex -27.842 -80.2914 1.5
    endloop
  endfacet
  facet normal 0 0 -1
    outer loop
      vertex -28.5 -90.75 1.5
      vertex -28.17035 -80.26036 1.5
      vertex -28.17035 -90.73964 1.5
    endloop
  endfacet
  facet normal 0 0 -1
    outer loop
      vertex -28.5 -90.75 1.5
      vertex -28.5 -80.25 1.5
      vertex -28.17035 -80.26036 1.5
    endloop
  endfacet
  facet normal 0 0 -1
    outer loop
      vertex -28.82965 -90.73964 1.5
      vertex -28.5 -80.25 1.5
      vertex -28.5 -90.75 1.5
    endloop
  endfacet
  facet normal 0 0 -1
    outer loop
      vertex -28.82965 -90.73964 1.5
      vertex -28.82965 -80.26036 1.5
      vertex -28.5 -80.25 1.5
    endloop
  endfacet
  facet normal 0 0 -1
    outer loop
      vertex -29.157999 -90.7086 1.5
      vertex -28.82965 -80.26036 1.5
      vertex -28.82965 -90.73964 1.5
    endloop
  endfacet
  facet normal 0 0 -1
    outer loop
      vertex -29.157999 -90.7086 1.5
      vertex -29.157999 -80.2914 1.5
      vertex -28.82965 -80.26036 1.5
    endloop
  endfacet
  facet normal 0 0 -1
    outer loop
      vertex -29.483751 -90.657005 1.5
      vertex -29.157999 -80.2914 1.5
      vertex -29.157999 -90.7086 1.5
    endloop
  endfacet
  facet normal 0 0 -1
    outer loop
      vertex -29.483751 -90.657005 1.5
      vertex -29.483751 -80.342995 1.5
      vertex -29.157999 -80.2914 1.5
    endloop
  endfacet
  facet normal 0 0 -1
    outer loop
      vertex -29.805622 -90.58506 1.5
      vertex -29.483751 -80.342995 1.5
      vertex -29.483751 -90.657005 1.5
    endloop
  endfacet
  facet normal 0 0 -1
    outer loop
      vertex -29.805622 -90.58506 1.5
      vertex -29.805622 -80.41494 1.5
      vertex -29.483751 -80.342995 1.5
    endloop
  endfacet
  facet normal 0 0 -1
    outer loop
      vertex -30.122337 -90.49305 1.5
      vertex -29.805622 -80.41494 1.5
      vertex -29.805622 -90.58506 1.5
    endloop
  endfacet
  facet normal 0 0 -1
    outer loop
      vertex -30.122337 -90.49305 1.5
      vertex -30.122337 -80.50696 1.5
      vertex -29.805622 -80.41494 1.5
    endloop
  endfacet
  facet normal 0 0 -1
    outer loop
      vertex -30.432653 -90.381325 1.5
      vertex -30.122337 -80.50696 1.5
      vertex -30.122337 -90.49305 1.5
    endloop
  endfacet
  facet normal 0 0 -1
    outer loop
      vertex -30.432653 -90.381325 1.5
      vertex -30.432653 -80.618675 1.5
      vertex -30.122337 -80.50696 1.5
    endloop
  endfacet
  facet normal 0 0 -1
    outer loop
      vertex -30.73534 -90.25034 1.5
      vertex -30.432653 -80.618675 1.5
      vertex -30.432653 -90.381325 1.5
    endloop
  endfacet
  facet normal 0 0 -1
    outer loop
      vertex -30.73534 -90.25034 1.5
      vertex -30.73534 -80.74966 1.5
      vertex -30.432653 -80.618675 1.5
    endloop
  endfacet
  facet normal 0 0 -1
    outer loop
      vertex -31.029205 -90.10061 1.5
      vertex -30.73534 -80.74966 1.5
      vertex -30.73534 -90.25034 1.5
    endloop
  endfacet
  facet normal 0 0 -1
    outer loop
      vertex -31.029205 -90.10061 1.5
      vertex -31.029205 -80.89939 1.5
      vertex -30.73534 -80.74966 1.5
    endloop
  endfacet
  facet normal 0 0 -1
    outer loop
      vertex -31.313091 -89.932724 1.5
      vertex -31.029205 -80.89939 1.5
      vertex -31.029205 -90.10061 1.5
    endloop
  endfacet
  facet normal 0 0 -1
    outer loop
      vertex -31.313091 -89.932724 1.5
      vertex -31.313091 -81.067276 1.5
      vertex -31.029205 -80.89939 1.5
    endloop
  endfacet
  facet normal 0 0 -1
    outer loop
      vertex -31.585873 -89.74734 1.5
      vertex -31.313091 -81.067276 1.5
      vertex -31.313091 -89.932724 1.5
    endloop
  endfacet
  facet normal 0 0 -1
    outer loop
      vertex -31.585873 -89.74734 1.5
      vertex -31.585873 -81.25266 1.5
      vertex -31.313091 -81.067276 1.5
    endloop
  endfacet
  facet normal 0 0 -1
    outer loop
      vertex -31.846476 -89.5452 1.5
      vertex -31.585873 -81.25266 1.5
      vertex -31.585873 -89.74734 1.5
    endloop
  endfacet
  facet normal 0 0 -1
    outer loop
      vertex -31.846476 -89.5452 1.5
      vertex -31.846476 -81.4548 1.5
      vertex -31.585873 -81.25266 1.5
    endloop
  endfacet
  facet normal 0 0 -1
    outer loop
      vertex -32.093872 -89.32709 1.5
      vertex -31.846476 -81.4548 1.5
      vertex -31.846476 -89.5452 1.5
    endloop
  endfacet
  facet normal 0 0 -1
    outer loop
      vertex -32.093872 -89.32709 1.5
      vertex -32.093872 -81.67291 1.5
      vertex -31.846476 -81.4548 1.5
    endloop
  endfacet
  facet normal 0 0 -1
    outer loop
      vertex -32.327084 -89.09387 1.5
      vertex -32.093872 -81.67291 1.5
      vertex -32.093872 -89.32709 1.5
    endloop
  endfacet
  facet normal 0 0 -1
    outer loop
      vertex -32.327084 -89.09387 1.5
      vertex -32.327084 -81.90613 1.5
      vertex -32.093872 -81.67291 1.5
    endloop
  endfacet
  facet normal 0 0 -1
    outer loop
      vertex -32.545193 -88.84647 1.5
      vertex -32.327084 -81.90613 1.5
      vertex -32.327084 -89.09387 1.5
    endloop
  endfacet
  facet normal 0 0 -1
    outer loop
      vertex -32.545193 -88.84647 1.5
      vertex -32.545193 -82.15353 1.5
      vertex -32.327084 -81.90613 1.5
    endloop
  endfacet
  facet normal 0 0 -1
    outer loop
      vertex -32.747337 -88.58588 1.5
      vertex -32.545193 -82.15353 1.5
      vertex -32.545193 -88.84647 1.5
    endloop
  endfacet
  facet normal 0 0 -1
    outer loop
      vertex -32.747337 -88.58588 1.5
      vertex -32.747337 -82.41413 1.5
      vertex -32.545193 -82.15353 1.5
    endloop
  endfacet
  facet normal 0 0 -1
    outer loop
      vertex -32.93272 -88.313095 1.5
      vertex -32.747337 -82.41413 1.5
      vertex -32.747337 -88.58588 1.5
    endloop
  endfacet
  facet normal 0 0 -1
    outer loop
      vertex -32.93272 -88.313095 1.5
      vertex -32.93272 -82.68691 1.5
      vertex -32.747337 -82.41413 1.5
    endloop
  endfacet
  facet normal 0 0 -1
    outer loop
      vertex -33.10061 -88.029205 1.5
      vertex -32.93272 -82.68691 1.5
      vertex -32.93272 -88.313095 1.5
    endloop
  endfacet
  facet normal 0 0 -1
    outer loop
      vertex -33.10061 -88.029205 1.5
      vertex -33.10061 -82.970795 1.5
      vertex -32.93272 -82.68691 1.5
    endloop
  endfacet
  facet normal 0 0 -1
    outer loop
      vertex -33.250343 -87.735344 1.5
      vertex -33.10061 -82.970795 1.5
      vertex -33.10061 -88.029205 1.5
    endloop
  endfacet
  facet normal 0 0 -1
    outer loop
      vertex -33.250343 -87.735344 1.5
      vertex -33.250343 -83.264656 1.5
      vertex -33.10061 -82.970795 1.5
    endloop
  endfacet
  facet normal 0 0 -1
    outer loop
      vertex -33.381325 -87.432655 1.5
      vertex -33.250343 -83.264656 1.5
      vertex -33.250343 -87.735344 1.5
    endloop
  endfacet
  facet normal 0 0 -1
    outer loop
      vertex -33.381325 -87.432655 1.5
      vertex -33.381325 -83.567345 1.5
      vertex -33.250343 -83.264656 1.5
    endloop
  endfacet
  facet normal 0 0 -1
    outer loop
      vertex -33.493046 -87.12234 1.5
      vertex -33.381325 -83.567345 1.5
      vertex -33.381325 -87.432655 1.5
    endloop
  endfacet
  facet normal 0 0 -1
    outer loop
      vertex -33.493046 -87.12234 1.5
      vertex -33.493046 -83.87766 1.5
      vertex -33.381325 -83.567345 1.5
    endloop
  endfacet
  facet normal 0 0 -1
    outer loop
      vertex -33.58506 -86.80562 1.5
      vertex -33.493046 -83.87766 1.5
      vertex -33.493046 -87.12234 1.5
    endloop
  endfacet
  facet normal 0 0 -1
    outer loop
      vertex -33.58506 -86.80562 1.5
      vertex -33.58506 -84.19438 1.5
      vertex -33.493046 -83.87766 1.5
    endloop
  endfacet
  facet normal 0 0 -1
    outer loop
      vertex -33.657005 -86.48375 1.5
      vertex -33.58506 -84.19438 1.5
      vertex -33.58506 -86.80562 1.5
    endloop
  endfacet
  facet normal 0 0 -1
    outer loop
      vertex -33.657005 -86.48375 1.5
      vertex -33.657005 -84.51625 1.5
      vertex -33.58506 -84.19438 1.5
    endloop
  endfacet
  facet normal 0 0 -1
    outer loop
      vertex -33.708603 -86.158 1.5
      vertex -33.657005 -84.51625 1.5
      vertex -33.657005 -86.48375 1.5
    endloop
  endfacet
  facet normal 0 0 -1
    outer loop
      vertex -33.708603 -86.158 1.5
      vertex -33.708603 -84.842 1.5
      vertex -33.657005 -84.51625 1.5
    endloop
  endfacet
  facet normal 0 0 -1
    outer loop
      vertex -33.73964 -85.82965 1.5
      vertex -33.708603 -84.842 1.5
      vertex -33.708603 -86.158 1.5
    endloop
  endfacet
  facet normal 0 0 -1
    outer loop
      vertex -33.73964 -85.82965 1.5
      vertex -33.73964 -85.17035 1.5
      vertex -33.708603 -84.842 1.5
    endloop
  endfacet
  facet normal 0 0 -1
    outer loop
      vertex -33.73964 -85.17035 1.5
      vertex -33.73964 -85.82965 1.5
      vertex -33.75 -85.5 1.5
    endloop
  endfacet
  facet normal 0.453997 -0.8910032 0
    outer loop
      vertex -31.029205 -80.89939 0
      vertex -30.73534 -80.74966 1.5
      vertex -31.029205 -80.89939 1.5
    endloop
  endfacet
  facet normal 0.453997 -0.8910032 0
    outer loop
      vertex -30.73534 -80.74966 1.5
      vertex -31.029205 -80.89939 0
      vertex -30.73534 -80.74966 0
    endloop
  endfacet
  facet normal -0.39714077 -0.9177577 0
    outer loop
      vertex -26.567345 -80.618675 0
      vertex -26.264658 -80.74966 1.5
      vertex -26.567345 -80.618675 1.5
    endloop
  endfacet
  facet normal -0.39714077 -0.9177577 0
    outer loop
      vertex -26.264658 -80.74966 1.5
      vertex -26.567345 -80.618675 0
      vertex -26.264658 -80.74966 0
    endloop
  endfacet
  facet normal 0.15644483 0.9876867 0
    outer loop
      vertex -29.157999 -90.7086 0
      vertex -29.483751 -90.657005 1.5
      vertex -29.157999 -90.7086 1.5
    endloop
  endfacet
  facet normal 0.15644483 0.9876867 0
    outer loop
      vertex -29.483751 -90.657005 1.5
      vertex -29.157999 -90.7086 0
      vertex -29.483751 -90.657005 0
    endloop
  endfacet
  facet normal -0.39714077 0.9177577 0
    outer loop
      vertex -26.264658 -90.25034 0
      vertex -26.567345 -90.381325 1.5
      vertex -26.264658 -90.25034 1.5
    endloop
  endfacet
  facet normal -0.39714077 0.9177577 0
    outer loop
      vertex -26.567345 -90.381325 1.5
      vertex -26.264658 -90.25034 0
      vertex -26.567345 -90.381325 0
    endloop
  endfacet
  facet normal 0.9408811 -0.33873707 0
    outer loop
      vertex -33.493046 -83.87766 1.5
      vertex -33.381325 -83.567345 0
      vertex -33.381325 -83.567345 1.5
    endloop
  endfacet
  facet normal 0.9408811 -0.33873707 0
    outer loop
      vertex -33.381325 -83.567345 0
      vertex -33.493046 -83.87766 1.5
      vertex -33.493046 -83.87766 0
    endloop
  endfacet
  facet normal 0.9408811 0.33873707 0
    outer loop
      vertex -33.381325 -87.432655 1.5
      vertex -33.493046 -87.12234 0
      vertex -33.493046 -87.12234 1.5
    endloop
  endfacet
  facet normal 0.9408811 0.33873707 0
    outer loop
      vertex -33.493046 -87.12234 0
      vertex -33.381325 -87.432655 1.5
      vertex -33.381325 -87.432655 0
    endloop
  endfacet
  facet normal 0.6613115 -0.75011134 0
    outer loop
      vertex -32.093872 -81.67291 0
      vertex -31.846476 -81.4548 1.5
      vertex -32.093872 -81.67291 1.5
    endloop
  endfacet
  facet normal 0.6613115 -0.75011134 0
    outer loop
      vertex -31.846476 -81.4548 1.5
      vertex -32.093872 -81.67291 0
      vertex -31.846476 -81.4548 0
    endloop
  endfacet
  facet normal 0.8270794 0.5620851 0
    outer loop
      vertex -32.747337 -88.58588 1.5
      vertex -32.93272 -88.313095 0
      vertex -32.93272 -88.313095 1.5
    endloop
  endfacet
  facet normal 0.8270794 0.5620851 0
    outer loop
      vertex -32.93272 -88.313095 0
      vertex -32.747337 -88.58588 1.5
      vertex -32.747337 -88.58588 0
    endloop
  endfacet
  facet normal 0.39714077 -0.9177577 0
    outer loop
      vertex -30.73534 -80.74966 0
      vertex -30.432653 -80.618675 1.5
      vertex -30.73534 -80.74966 1.5
    endloop
  endfacet
  facet normal 0.39714077 -0.9177577 0
    outer loop
      vertex -30.432653 -80.618675 1.5
      vertex -30.73534 -80.74966 0
      vertex -30.432653 -80.618675 0
    endloop
  endfacet
  facet normal 0.453997 0.8910032 0
    outer loop
      vertex -30.73534 -90.25034 0
      vertex -31.029205 -90.10061 1.5
      vertex -30.73534 -90.25034 1.5
    endloop
  endfacet
  facet normal 0.453997 0.8910032 0
    outer loop
      vertex -31.029205 -90.10061 1.5
      vertex -30.73534 -90.25034 0
      vertex -31.029205 -90.10061 0
    endloop
  endfacet
  facet normal 0.27900186 -0.96029055 0
    outer loop
      vertex -30.122337 -80.50696 0
      vertex -29.805622 -80.41494 1.5
      vertex -30.122337 -80.50696 1.5
    endloop
  endfacet
  facet normal 0.27900186 -0.96029055 0
    outer loop
      vertex -29.805622 -80.41494 1.5
      vertex -30.122337 -80.50696 0
      vertex -29.805622 -80.41494 0
    endloop
  endfacet
  facet normal 0.70711255 -0.707101 0
    outer loop
      vertex -32.327084 -81.90613 1.5
      vertex -32.093872 -81.67291 0
      vertex -32.093872 -81.67291 1.5
    endloop
  endfacet
  facet normal 0.70711255 -0.707101 0
    outer loop
      vertex -32.093872 -81.67291 0
      vertex -32.327084 -81.90613 1.5
      vertex -32.327084 -81.90613 0
    endloop
  endfacet
  facet normal -0.33874917 0.9408767 0
    outer loop
      vertex -26.567345 -90.381325 0
      vertex -26.87766 -90.49305 1.5
      vertex -26.567345 -90.381325 1.5
    endloop
  endfacet
  facet normal -0.33874917 0.9408767 0
    outer loop
      vertex -26.87766 -90.49305 1.5
      vertex -26.567345 -90.381325 0
      vertex -26.87766 -90.49305 0
    endloop
  endfacet
  facet normal -0.9177565 0.39714354 0
    outer loop
      vertex -23.749657 -87.735344 0
      vertex -23.618673 -87.432655 1.5
      vertex -23.618673 -87.432655 0
    endloop
  endfacet
  facet normal -0.9177565 0.39714354 0
    outer loop
      vertex -23.618673 -87.432655 1.5
      vertex -23.749657 -87.735344 0
      vertex -23.749657 -87.735344 1.5
    endloop
  endfacet
  facet normal -0.960293 0.27899343 0
    outer loop
      vertex -23.506954 -87.12234 0
      vertex -23.414938 -86.80562 1.5
      vertex -23.414938 -86.80562 0
    endloop
  endfacet
  facet normal -0.960293 0.27899343 0
    outer loop
      vertex -23.414938 -86.80562 1.5
      vertex -23.506954 -87.12234 0
      vertex -23.506954 -87.12234 1.5
    endloop
  endfacet
  facet normal -0.9408829 0.33873197 0
    outer loop
      vertex -23.618673 -87.432655 0
      vertex -23.506954 -87.12234 1.5
      vertex -23.506954 -87.12234 0
    endloop
  endfacet
  facet normal -0.9408829 0.33873197 0
    outer loop
      vertex -23.506954 -87.12234 1.5
      vertex -23.618673 -87.432655 0
      vertex -23.618673 -87.432655 1.5
    endloop
  endfacet
  facet normal -0.15644483 0.9876867 0
    outer loop
      vertex -27.516247 -90.657005 0
      vertex -27.842 -90.7086 1.5
      vertex -27.516247 -90.657005 1.5
    endloop
  endfacet
  facet normal -0.15644483 0.9876867 0
    outer loop
      vertex -27.842 -90.7086 1.5
      vertex -27.516247 -90.657005 0
      vertex -27.842 -90.7086 0
    endloop
  endfacet
  facet normal 0.9177586 0.39713868 0
    outer loop
      vertex -33.250343 -87.735344 1.5
      vertex -33.381325 -87.432655 0
      vertex -33.381325 -87.432655 1.5
    endloop
  endfacet
  facet normal 0.9177586 0.39713868 0
    outer loop
      vertex -33.381325 -87.432655 0
      vertex -33.250343 -87.735344 1.5
      vertex -33.250343 -87.735344 0
    endloop
  endfacet
  facet normal -0.09410278 -0.9955625 0
    outer loop
      vertex -28.17035 -80.26036 0
      vertex -27.842 -80.2914 1.5
      vertex -28.17035 -80.26036 1.5
    endloop
  endfacet
  facet normal -0.09410278 -0.9955625 0
    outer loop
      vertex -27.842 -80.2914 1.5
      vertex -28.17035 -80.26036 0
      vertex -27.842 -80.2914 0
    endloop
  endfacet
  facet normal -0.15644483 -0.9876867 0
    outer loop
      vertex -27.842 -80.2914 0
      vertex -27.516247 -80.342995 1.5
      vertex -27.842 -80.2914 1.5
    endloop
  endfacet
  facet normal -0.15644483 -0.9876867 0
    outer loop
      vertex -27.516247 -80.342995 1.5
      vertex -27.842 -80.2914 0
      vertex -27.516247 -80.342995 0
    endloop
  endfacet
  facet normal 0.96029454 -0.2789881 0
    outer loop
      vertex -33.58506 -84.19438 1.5
      vertex -33.493046 -83.87766 0
      vertex -33.493046 -83.87766 1.5
    endloop
  endfacet
  facet normal 0.96029454 -0.2789881 0
    outer loop
      vertex -33.493046 -83.87766 0
      vertex -33.58506 -84.19438 1.5
      vertex -33.58506 -84.19438 0
    endloop
  endfacet
  facet normal 0.21813904 0.9759177 0
    outer loop
      vertex -29.483751 -90.657005 0
      vertex -29.805622 -90.58506 1.5
      vertex -29.483751 -90.657005 1.5
    endloop
  endfacet
  facet normal 0.21813904 0.9759177 0
    outer loop
      vertex -29.805622 -90.58506 1.5
      vertex -29.483751 -90.657005 0
      vertex -29.805622 -90.58506 0
    endloop
  endfacet
  facet normal -0.27897897 0.9602972 0
    outer loop
      vertex -26.87766 -90.49305 0
      vertex -27.194378 -90.58506 1.5
      vertex -26.87766 -90.49305 1.5
    endloop
  endfacet
  facet normal -0.27897897 0.9602972 0
    outer loop
      vertex -27.194378 -90.58506 1.5
      vertex -26.87766 -90.49305 0
      vertex -27.194378 -90.58506 0
    endloop
  endfacet
  facet normal 0.8910008 0.45400167 0
    outer loop
      vertex -33.10061 -88.029205 1.5
      vertex -33.250343 -87.735344 0
      vertex -33.250343 -87.735344 1.5
    endloop
  endfacet
  facet normal 0.8910008 0.45400167 0
    outer loop
      vertex -33.250343 -87.735344 0
      vertex -33.10061 -88.029205 1.5
      vertex -33.10061 -88.029205 0
    endloop
  endfacet
  facet normal 0.8270794 -0.5620851 0
    outer loop
      vertex -32.93272 -82.68691 1.5
      vertex -32.747337 -82.41413 0
      vertex -32.747337 -82.41413 1.5
    endloop
  endfacet
  facet normal 0.8270794 -0.5620851 0
    outer loop
      vertex -32.747337 -82.41413 0
      vertex -32.93272 -82.68691 1.5
      vertex -32.93272 -82.68691 0
    endloop
  endfacet
  facet normal 0.8607404 -0.5090441 0
    outer loop
      vertex -33.10061 -82.970795 1.5
      vertex -32.93272 -82.68691 0
      vertex -32.93272 -82.68691 1.5
    endloop
  endfacet
  facet normal 0.8607404 -0.5090441 0
    outer loop
      vertex -32.93272 -82.68691 0
      vertex -33.10061 -82.970795 1.5
      vertex -33.10061 -82.970795 0
    endloop
  endfacet
  facet normal 0.56209296 0.82707405 0
    outer loop
      vertex -31.313091 -89.932724 0
      vertex -31.585873 -89.74734 1.5
      vertex -31.313091 -89.932724 1.5
    endloop
  endfacet
  facet normal 0.56209296 0.82707405 0
    outer loop
      vertex -31.585873 -89.74734 1.5
      vertex -31.313091 -89.932724 0
      vertex -31.585873 -89.74734 0
    endloop
  endfacet
  facet normal 0.79014814 0.61291593 0
    outer loop
      vertex -32.545193 -88.84647 1.5
      vertex -32.747337 -88.58588 0
      vertex -32.747337 -88.58588 1.5
    endloop
  endfacet
  facet normal 0.79014814 0.61291593 0
    outer loop
      vertex -32.747337 -88.58588 0
      vertex -32.545193 -88.84647 1.5
      vertex -32.545193 -88.84647 0
    endloop
  endfacet
  facet normal 0.70711255 0.707101 0
    outer loop
      vertex -32.093872 -89.32709 1.5
      vertex -32.327084 -89.09387 0
      vertex -32.327084 -89.09387 1.5
    endloop
  endfacet
  facet normal 0.70711255 0.707101 0
    outer loop
      vertex -32.327084 -89.09387 0
      vertex -32.093872 -89.32709 1.5
      vertex -32.093872 -89.32709 0
    endloop
  endfacet
  facet normal -0.031413853 0.9995065 0
    outer loop
      vertex -28.17035 -90.73964 0
      vertex -28.5 -90.75 1.5
      vertex -28.17035 -90.73964 1.5
    endloop
  endfacet
  facet normal -0.031413853 0.9995065 0
    outer loop
      vertex -28.5 -90.75 1.5
      vertex -28.17035 -90.73964 0
      vertex -28.5 -90.75 0
    endloop
  endfacet
  facet normal -0.56209296 -0.82707405 0
    outer loop
      vertex -25.686909 -81.067276 0
      vertex -25.414127 -81.25266 1.5
      vertex -25.686909 -81.067276 1.5
    endloop
  endfacet
  facet normal -0.56209296 -0.82707405 0
    outer loop
      vertex -25.414127 -81.25266 1.5
      vertex -25.686909 -81.067276 0
      vertex -25.414127 -81.25266 0
    endloop
  endfacet
  facet normal 0.33874917 0.9408767 0
    outer loop
      vertex -30.122337 -90.49305 0
      vertex -30.432653 -90.381325 1.5
      vertex -30.122337 -90.49305 1.5
    endloop
  endfacet
  facet normal 0.33874917 0.9408767 0
    outer loop
      vertex -30.432653 -90.381325 1.5
      vertex -30.122337 -90.49305 0
      vertex -30.432653 -90.381325 0
    endloop
  endfacet
  facet normal -0.09410278 0.9955625 0
    outer loop
      vertex -27.842 -90.7086 0
      vertex -28.17035 -90.73964 1.5
      vertex -27.842 -90.7086 1.5
    endloop
  endfacet
  facet normal -0.09410278 0.9955625 0
    outer loop
      vertex -28.17035 -90.73964 1.5
      vertex -27.842 -90.7086 0
      vertex -28.17035 -90.73964 0
    endloop
  endfacet
  facet normal 0.031413853 0.9995065 0
    outer loop
      vertex -28.5 -90.75 0
      vertex -28.82965 -90.73964 1.5
      vertex -28.5 -90.75 1.5
    endloop
  endfacet
  facet normal 0.031413853 0.9995065 0
    outer loop
      vertex -28.82965 -90.73964 1.5
      vertex -28.5 -90.75 0
      vertex -28.82965 -90.73964 0
    endloop
  endfacet
  facet normal -0.21814026 0.9759174 0
    outer loop
      vertex -27.194378 -90.58506 0
      vertex -27.516247 -90.657005 1.5
      vertex -27.194378 -90.58506 1.5
    endloop
  endfacet
  facet normal -0.21814026 0.9759174 0
    outer loop
      vertex -27.516247 -90.657005 1.5
      vertex -27.194378 -90.58506 0
      vertex -27.516247 -90.657005 0
    endloop
  endfacet
  facet normal 0.031413853 -0.9995065 0
    outer loop
      vertex 58.17035 -137.26036 0
      vertex 58.5 -137.25 1.5
      vertex 58.17035 -137.26036 1.5
    endloop
  endfacet
  facet normal 0.031413853 -0.9995065 0
    outer loop
      vertex 58.5 -137.25 1.5
      vertex 58.17035 -137.26036 0
      vertex 58.5 -137.25 0
    endloop
  endfacet
  facet normal -0.9177586 0.39713868 0
    outer loop
      vertex 63.250343 -144.73534 0
      vertex 63.381325 -144.43265 1.5
      vertex 63.381325 -144.43265 0
    endloop
  endfacet
  facet normal -0.9177586 0.39713868 0
    outer loop
      vertex 63.381325 -144.43265 1.5
      vertex 63.250343 -144.73534 0
      vertex 63.250343 -144.73534 1.5
    endloop
  endfacet
  facet normal -0.94087577 0.33875182 0
    outer loop
      vertex 63.381325 -144.43265 0
      vertex 63.493046 -144.12234 1.5
      vertex 63.493046 -144.12234 0
    endloop
  endfacet
  facet normal -0.94087577 0.33875182 0
    outer loop
      vertex 63.493046 -144.12234 1.5
      vertex 63.381325 -144.43265 0
      vertex 63.381325 -144.43265 1.5
    endloop
  endfacet
  facet normal 0.15642227 0.98769027 0
    outer loop
      vertex 57.842 -147.7086 0
      vertex 57.516247 -147.65701 1.5
      vertex 57.842 -147.7086 1.5
    endloop
  endfacet
  facet normal 0.15642227 0.98769027 0
    outer loop
      vertex 57.516247 -147.65701 1.5
      vertex 57.842 -147.7086 0
      vertex 57.516247 -147.65701 0
    endloop
  endfacet
  facet normal 0.94087577 0.33875182 0
    outer loop
      vertex 53.618675 -144.43265 1.5
      vertex 53.506954 -144.12234 0
      vertex 53.506954 -144.12234 1.5
    endloop
  endfacet
  facet normal 0.94087577 0.33875182 0
    outer loop
      vertex 53.506954 -144.12234 0
      vertex 53.618675 -144.43265 1.5
      vertex 53.618675 -144.43265 0
    endloop
  endfacet
  facet normal 0.70710677 -0.70710677 0
    outer loop
      vertex 54.672913 -138.90613 1.5
      vertex 54.906128 -138.67291 0
      vertex 54.906128 -138.67291 1.5
    endloop
  endfacet
  facet normal 0.70710677 -0.70710677 0
    outer loop
      vertex 54.906128 -138.67291 0
      vertex 54.672913 -138.90613 1.5
      vertex 54.672913 -138.90613 0
    endloop
  endfacet
  facet normal 0.45396495 -0.8910195 0
    outer loop
      vertex 55.970795 -137.89938 0
      vertex 56.264656 -137.74966 1.5
      vertex 55.970795 -137.89938 1.5
    endloop
  endfacet
  facet normal 0.45396495 -0.8910195 0
    outer loop
      vertex 56.264656 -137.74966 1.5
      vertex 55.970795 -137.89938 0
      vertex 56.264656 -137.74966 0
    endloop
  endfacet
  facet normal -0.9995065 -0.031413853 0
    outer loop
      vertex 63.75 -142.5 0
      vertex 63.73964 -142.17035 1.5
      vertex 63.73964 -142.17035 0
    endloop
  endfacet
  facet normal -0.9995065 -0.031413853 0
    outer loop
      vertex 63.73964 -142.17035 1.5
      vertex 63.75 -142.5 0
      vertex 63.75 -142.5 1.5
    endloop
  endfacet
  facet normal -0.9759174 -0.21814026 0
    outer loop
      vertex 63.657005 -141.51625 0
      vertex 63.58506 -141.19438 1.5
      vertex 63.58506 -141.19438 0
    endloop
  endfacet
  facet normal -0.9759174 -0.21814026 0
    outer loop
      vertex 63.58506 -141.19438 1.5
      vertex 63.657005 -141.51625 0
      vertex 63.657005 -141.51625 1.5
    endloop
  endfacet
  facet normal -0.61291754 0.7901469 0
    outer loop
      vertex 61.846474 -146.5452 0
      vertex 61.585873 -146.74734 1.5
      vertex 61.846474 -146.5452 1.5
    endloop
  endfacet
  facet normal -0.61291754 0.7901469 0
    outer loop
      vertex 61.585873 -146.74734 1.5
      vertex 61.846474 -146.5452 0
      vertex 61.585873 -146.74734 0
    endloop
  endfacet
  facet normal -0.79015684 -0.6129047 0
    outer loop
      vertex 62.747337 -139.41412 0
      vertex 62.545193 -139.15352 1.5
      vertex 62.545193 -139.15352 0
    endloop
  endfacet
  facet normal -0.79015684 -0.6129047 0
    outer loop
      vertex 62.545193 -139.15352 1.5
      vertex 62.747337 -139.41412 0
      vertex 62.747337 -139.41412 1.5
    endloop
  endfacet
  facet normal 0.56207716 0.8270848 0
    outer loop
      vertex 55.68691 -146.93272 0
      vertex 55.414127 -146.74734 1.5
      vertex 55.68691 -146.93272 1.5
    endloop
  endfacet
  facet normal 0.56207716 0.8270848 0
    outer loop
      vertex 55.414127 -146.74734 1.5
      vertex 55.68691 -146.93272 0
      vertex 55.414127 -146.74734 0
    endloop
  endfacet
  facet normal 0.39717764 -0.9177418 0
    outer loop
      vertex 56.264656 -137.74966 0
      vertex 56.567345 -137.61867 1.5
      vertex 56.264656 -137.74966 1.5
    endloop
  endfacet
  facet normal 0.39717764 -0.9177418 0
    outer loop
      vertex 56.567345 -137.61867 1.5
      vertex 56.264656 -137.74966 0
      vertex 56.567345 -137.61867 0
    endloop
  endfacet
  facet normal -0.8270794 0.5620851 0
    outer loop
      vertex 62.747337 -145.58588 0
      vertex 62.93272 -145.3131 1.5
      vertex 62.93272 -145.3131 0
    endloop
  endfacet
  facet normal -0.8270794 0.5620851 0
    outer loop
      vertex 62.93272 -145.3131 1.5
      vertex 62.747337 -145.58588 0
      vertex 62.747337 -145.58588 1.5
    endloop
  endfacet
  facet normal -0.8270794 -0.5620851 0
    outer loop
      vertex 62.93272 -139.6869 0
      vertex 62.747337 -139.41412 1.5
      vertex 62.747337 -139.41412 0
    endloop
  endfacet
  facet normal -0.8270794 -0.5620851 0
    outer loop
      vertex 62.747337 -139.41412 1.5
      vertex 62.93272 -139.6869 0
      vertex 62.93272 -139.6869 1.5
    endloop
  endfacet
  facet normal -0.70711255 -0.707101 0
    outer loop
      vertex 62.327084 -138.90613 0
      vertex 62.093872 -138.67291 1.5
      vertex 62.093872 -138.67291 0
    endloop
  endfacet
  facet normal -0.70711255 -0.707101 0
    outer loop
      vertex 62.093872 -138.67291 1.5
      vertex 62.327084 -138.90613 0
      vertex 62.327084 -138.90613 1.5
    endloop
  endfacet
  facet normal -0.9955626 0.09410169 0
    outer loop
      vertex 63.708603 -143.158 0
      vertex 63.73964 -142.82965 1.5
      vertex 63.73964 -142.82965 0
    endloop
  endfacet
  facet normal -0.9955626 0.09410169 0
    outer loop
      vertex 63.73964 -142.82965 1.5
      vertex 63.708603 -143.158 0
      vertex 63.708603 -143.158 1.5
    endloop
  endfacet
  facet normal 0.9995065 -0.031413853 0
    outer loop
      vertex 53.25 -142.5 1.5
      vertex 53.26036 -142.17035 0
      vertex 53.26036 -142.17035 1.5
    endloop
  endfacet
  facet normal 0.9995065 -0.031413853 0
    outer loop
      vertex 53.26036 -142.17035 0
      vertex 53.25 -142.5 1.5
      vertex 53.25 -142.5 0
    endloop
  endfacet
  facet normal -0.96029633 -0.2789819 0
    outer loop
      vertex 63.58506 -141.19438 0
      vertex 63.493046 -140.87766 1.5
      vertex 63.493046 -140.87766 0
    endloop
  endfacet
  facet normal -0.96029633 -0.2789819 0
    outer loop
      vertex 63.493046 -140.87766 1.5
      vertex 63.58506 -141.19438 0
      vertex 63.58506 -141.19438 1.5
    endloop
  endfacet
  facet normal 0.33870637 -0.9408921 0
    outer loop
      vertex 56.567345 -137.61867 0
      vertex 56.877663 -137.50696 1.5
      vertex 56.567345 -137.61867 1.5
    endloop
  endfacet
  facet normal 0.33870637 -0.9408921 0
    outer loop
      vertex 56.877663 -137.50696 1.5
      vertex 56.567345 -137.61867 0
      vertex 56.877663 -137.50696 0
    endloop
  endfacet
  facet normal 0.82707405 0.56209296 0
    outer loop
      vertex 54.252663 -145.58588 1.5
      vertex 54.067276 -145.3131 0
      vertex 54.067276 -145.3131 1.5
    endloop
  endfacet
  facet normal 0.82707405 0.56209296 0
    outer loop
      vertex 54.067276 -145.3131 0
      vertex 54.252663 -145.58588 1.5
      vertex 54.252663 -145.58588 0
    endloop
  endfacet
  facet normal 0.21814026 -0.9759174 0
    outer loop
      vertex 57.194378 -137.41493 0
      vertex 57.516247 -137.34299 1.5
      vertex 57.194378 -137.41493 1.5
    endloop
  endfacet
  facet normal 0.21814026 -0.9759174 0
    outer loop
      vertex 57.516247 -137.34299 1.5
      vertex 57.194378 -137.41493 0
      vertex 57.516247 -137.34299 0
    endloop
  endfacet
  facet normal -0.031413853 -0.9995065 0
    outer loop
      vertex 58.5 -137.25 0
      vertex 58.82965 -137.26036 1.5
      vertex 58.5 -137.25 1.5
    endloop
  endfacet
  facet normal -0.031413853 -0.9995065 0
    outer loop
      vertex 58.82965 -137.26036 1.5
      vertex 58.5 -137.25 0
      vertex 58.82965 -137.26036 0
    endloop
  endfacet
  facet normal 0.7501038 0.66132015 0
    outer loop
      vertex 54.672913 -146.09387 1.5
      vertex 54.454803 -145.84648 0
      vertex 54.454803 -145.84648 1.5
    endloop
  endfacet
  facet normal 0.7501038 0.66132015 0
    outer loop
      vertex 54.454803 -145.84648 0
      vertex 54.672913 -146.09387 1.5
      vertex 54.672913 -146.09387 0
    endloop
  endfacet
  facet normal -0.66130865 -0.7501139 0
    outer loop
      vertex 61.846474 -138.4548 0
      vertex 62.093872 -138.67291 1.5
      vertex 61.846474 -138.4548 1.5
    endloop
  endfacet
  facet normal -0.66130865 -0.7501139 0
    outer loop
      vertex 62.093872 -138.67291 1.5
      vertex 61.846474 -138.4548 0
      vertex 62.093872 -138.67291 0
    endloop
  endfacet
  facet normal 0.2790232 -0.96028435 0
    outer loop
      vertex 56.877663 -137.50696 0
      vertex 57.194378 -137.41493 1.5
      vertex 56.877663 -137.50696 1.5
    endloop
  endfacet
  facet normal 0.2790232 -0.96028435 0
    outer loop
      vertex 57.194378 -137.41493 1.5
      vertex 56.877663 -137.50696 0
      vertex 57.194378 -137.41493 0
    endloop
  endfacet
  facet normal 0.7501038 -0.66132015 0
    outer loop
      vertex 54.454803 -139.15352 1.5
      vertex 54.672913 -138.90613 0
      vertex 54.672913 -138.90613 1.5
    endloop
  endfacet
  facet normal 0.7501038 -0.66132015 0
    outer loop
      vertex 54.672913 -138.90613 0
      vertex 54.454803 -139.15352 1.5
      vertex 54.454803 -139.15352 0
    endloop
  endfacet
  facet normal -0.9955626 -0.09410169 0
    outer loop
      vertex 63.73964 -142.17035 0
      vertex 63.708603 -141.842 1.5
      vertex 63.708603 -141.842 0
    endloop
  endfacet
  facet normal -0.9955626 -0.09410169 0
    outer loop
      vertex 63.708603 -141.842 1.5
      vertex 63.73964 -142.17035 0
      vertex 63.73964 -142.17035 1.5
    endloop
  endfacet
  facet normal 0.9955626 0.09410169 0
    outer loop
      vertex 53.291397 -143.158 1.5
      vertex 53.26036 -142.82965 0
      vertex 53.26036 -142.82965 1.5
    endloop
  endfacet
  facet normal 0.9955626 0.09410169 0
    outer loop
      vertex 53.26036 -142.82965 0
      vertex 53.291397 -143.158 1.5
      vertex 53.291397 -143.158 0
    endloop
  endfacet
  facet normal 0.09410278 -0.9955625 0
    outer loop
      vertex 57.842 -137.2914 0
      vertex 58.17035 -137.26036 1.5
      vertex 57.842 -137.2914 1.5
    endloop
  endfacet
  facet normal 0.09410278 -0.9955625 0
    outer loop
      vertex 58.17035 -137.26036 1.5
      vertex 57.842 -137.2914 0
      vertex 58.17035 -137.26036 0
    endloop
  endfacet
  facet normal 0.94087577 -0.33875182 0
    outer loop
      vertex 53.506954 -140.87766 1.5
      vertex 53.618675 -140.56735 0
      vertex 53.618675 -140.56735 1.5
    endloop
  endfacet
  facet normal 0.94087577 -0.33875182 0
    outer loop
      vertex 53.618675 -140.56735 0
      vertex 53.506954 -140.87766 1.5
      vertex 53.506954 -140.87766 0
    endloop
  endfacet
  facet normal 0.96029633 0.2789819 0
    outer loop
      vertex 53.506954 -144.12234 1.5
      vertex 53.41494 -143.80562 0
      vertex 53.41494 -143.80562 1.5
    endloop
  endfacet
  facet normal 0.96029633 0.2789819 0
    outer loop
      vertex 53.41494 -143.80562 0
      vertex 53.506954 -144.12234 1.5
      vertex 53.506954 -144.12234 0
    endloop
  endfacet
  facet normal -0.56207716 0.8270848 0
    outer loop
      vertex 61.585873 -146.74734 0
      vertex 61.31309 -146.93272 1.5
      vertex 61.585873 -146.74734 1.5
    endloop
  endfacet
  facet normal -0.56207716 0.8270848 0
    outer loop
      vertex 61.31309 -146.93272 1.5
      vertex 61.585873 -146.74734 0
      vertex 61.31309 -146.93272 0
    endloop
  endfacet
  facet normal 0.9177586 -0.39713868 0
    outer loop
      vertex 53.618675 -140.56735 1.5
      vertex 53.749657 -140.26466 0
      vertex 53.749657 -140.26466 1.5
    endloop
  endfacet
  facet normal 0.9177586 -0.39713868 0
    outer loop
      vertex 53.749657 -140.26466 0
      vertex 53.618675 -140.56735 1.5
      vertex 53.618675 -140.56735 0
    endloop
  endfacet
  facet normal -0.45396027 0.8910219 0
    outer loop
      vertex 61.029205 -147.10062 0
      vertex 60.73534 -147.25034 1.5
      vertex 61.029205 -147.10062 1.5
    endloop
  endfacet
  facet normal -0.45396027 0.8910219 0
    outer loop
      vertex 60.73534 -147.25034 1.5
      vertex 61.029205 -147.10062 0
      vertex 60.73534 -147.25034 0
    endloop
  endfacet
  facet normal -0.66130865 0.7501139 0
    outer loop
      vertex 62.093872 -146.32709 0
      vertex 61.846474 -146.5452 1.5
      vertex 62.093872 -146.32709 1.5
    endloop
  endfacet
  facet normal -0.66130865 0.7501139 0
    outer loop
      vertex 61.846474 -146.5452 1.5
      vertex 62.093872 -146.32709 0
      vertex 61.846474 -146.5452 0
    endloop
  endfacet
  facet normal -0.98768616 -0.15644841 0
    outer loop
      vertex 63.708603 -141.842 0
      vertex 63.657005 -141.51625 1.5
      vertex 63.657005 -141.51625 0
    endloop
  endfacet
  facet normal -0.98768616 -0.15644841 0
    outer loop
      vertex 63.657005 -141.51625 1.5
      vertex 63.708603 -141.842 0
      vertex 63.708603 -141.842 1.5
    endloop
  endfacet
  facet normal 0.97591496 -0.21815127 0
    outer loop
      vertex 53.34299 -141.51625 1.5
      vertex 53.41494 -141.19438 0
      vertex 53.41494 -141.19438 1.5
    endloop
  endfacet
  facet normal 0.97591496 -0.21815127 0
    outer loop
      vertex 53.41494 -141.19438 0
      vertex 53.34299 -141.51625 1.5
      vertex 53.34299 -141.51625 0
    endloop
  endfacet
  facet normal -0.56207716 -0.8270848 0
    outer loop
      vertex 61.31309 -138.06728 0
      vertex 61.585873 -138.25266 1.5
      vertex 61.31309 -138.06728 1.5
    endloop
  endfacet
  facet normal -0.56207716 -0.8270848 0
    outer loop
      vertex 61.585873 -138.25266 1.5
      vertex 61.31309 -138.06728 0
      vertex 61.585873 -138.25266 0
    endloop
  endfacet
  facet normal -0.70711255 0.707101 0
    outer loop
      vertex 62.093872 -146.32709 0
      vertex 62.327084 -146.09387 1.5
      vertex 62.327084 -146.09387 0
    endloop
  endfacet
  facet normal -0.70711255 0.707101 0
    outer loop
      vertex 62.327084 -146.09387 1.5
      vertex 62.093872 -146.32709 0
      vertex 62.093872 -146.32709 1.5
    endloop
  endfacet
  facet normal -0.61291754 -0.7901469 0
    outer loop
      vertex 61.585873 -138.25266 0
      vertex 61.846474 -138.4548 1.5
      vertex 61.585873 -138.25266 1.5
    endloop
  endfacet
  facet normal -0.61291754 -0.7901469 0
    outer loop
      vertex 61.846474 -138.4548 1.5
      vertex 61.585873 -138.25266 0
      vertex 61.846474 -138.4548 0
    endloop
  endfacet
  facet normal 0.33870637 0.9408921 0
    outer loop
      vertex 56.877663 -147.49304 0
      vertex 56.567345 -147.38133 1.5
      vertex 56.877663 -147.49304 1.5
    endloop
  endfacet
  facet normal 0.33870637 0.9408921 0
    outer loop
      vertex 56.567345 -147.38133 1.5
      vertex 56.877663 -147.49304 0
      vertex 56.567345 -147.38133 0
    endloop
  endfacet
  facet normal 0.56207716 -0.8270848 0
    outer loop
      vertex 55.414127 -138.25266 0
      vertex 55.68691 -138.06728 1.5
      vertex 55.414127 -138.25266 1.5
    endloop
  endfacet
  facet normal 0.56207716 -0.8270848 0
    outer loop
      vertex 55.68691 -138.06728 1.5
      vertex 55.414127 -138.25266 0
      vertex 55.68691 -138.06728 0
    endloop
  endfacet
  facet normal 0.79016244 -0.6128975 0
    outer loop
      vertex 54.252663 -139.41412 1.5
      vertex 54.454803 -139.15352 0
      vertex 54.454803 -139.15352 1.5
    endloop
  endfacet
  facet normal 0.79016244 -0.6128975 0
    outer loop
      vertex 54.454803 -139.15352 0
      vertex 54.252663 -139.41412 1.5
      vertex 54.252663 -139.41412 0
    endloop
  endfacet
  facet normal 0.86075145 -0.50902545 0
    outer loop
      vertex 53.89939 -139.9708 1.5
      vertex 54.067276 -139.6869 0
      vertex 54.067276 -139.6869 1.5
    endloop
  endfacet
  facet normal 0.86075145 -0.50902545 0
    outer loop
      vertex 54.067276 -139.6869 0
      vertex 53.89939 -139.9708 1.5
      vertex 53.89939 -139.9708 0
    endloop
  endfacet
  facet normal 0.8910056 -0.4539923 0
    outer loop
      vertex 53.749657 -140.26466 1.5
      vertex 53.89939 -139.9708 0
      vertex 53.89939 -139.9708 1.5
    endloop
  endfacet
  facet normal 0.8910056 -0.4539923 0
    outer loop
      vertex 53.89939 -139.9708 0
      vertex 53.749657 -140.26466 1.5
      vertex 53.749657 -140.26466 0
    endloop
  endfacet
  facet normal -0.09410386 -0.9955624 0
    outer loop
      vertex 58.82965 -137.26036 0
      vertex 59.157997 -137.2914 1.5
      vertex 58.82965 -137.26036 1.5
    endloop
  endfacet
  facet normal -0.09410386 -0.9955624 0
    outer loop
      vertex 59.157997 -137.2914 1.5
      vertex 58.82965 -137.26036 0
      vertex 59.157997 -137.2914 0
    endloop
  endfacet
  facet normal -0.5090476 0.86073834 0
    outer loop
      vertex 61.31309 -146.93272 0
      vertex 61.029205 -147.10062 1.5
      vertex 61.31309 -146.93272 1.5
    endloop
  endfacet
  facet normal -0.5090476 0.86073834 0
    outer loop
      vertex 61.029205 -147.10062 1.5
      vertex 61.31309 -146.93272 0
      vertex 61.029205 -147.10062 0
    endloop
  endfacet
  facet normal 0.6613144 0.75010884 0
    outer loop
      vertex 55.153522 -146.5452 0
      vertex 54.906128 -146.32709 1.5
      vertex 55.153522 -146.5452 1.5
    endloop
  endfacet
  facet normal 0.6613144 0.75010884 0
    outer loop
      vertex 54.906128 -146.32709 1.5
      vertex 55.153522 -146.5452 0
      vertex 54.906128 -146.32709 0
    endloop
  endfacet
  facet normal 0.45396495 0.8910195 0
    outer loop
      vertex 56.264656 -147.25034 0
      vertex 55.970795 -147.10062 1.5
      vertex 56.264656 -147.25034 1.5
    endloop
  endfacet
  facet normal 0.45396495 0.8910195 0
    outer loop
      vertex 55.970795 -147.10062 1.5
      vertex 56.264656 -147.25034 0
      vertex 55.970795 -147.10062 0
    endloop
  endfacet
  facet normal -0.2790232 -0.96028435 0
    outer loop
      vertex 59.805622 -137.41493 0
      vertex 60.122337 -137.50696 1.5
      vertex 59.805622 -137.41493 1.5
    endloop
  endfacet
  facet normal -0.2790232 -0.96028435 0
    outer loop
      vertex 60.122337 -137.50696 1.5
      vertex 59.805622 -137.41493 0
      vertex 60.122337 -137.50696 0
    endloop
  endfacet
  facet normal 0 0 -1
    outer loop
      vertex 63.73964 -142.82965 1.5
      vertex 63.73964 -142.17035 1.5
      vertex 63.75 -142.5 1.5
    endloop
  endfacet
  facet normal 0 0 -1
    outer loop
      vertex 63.708603 -143.158 1.5
      vertex 63.73964 -142.17035 1.5
      vertex 63.73964 -142.82965 1.5
    endloop
  endfacet
  facet normal 0 0 -1
    outer loop
      vertex 63.708603 -143.158 1.5
      vertex 63.708603 -141.842 1.5
      vertex 63.73964 -142.17035 1.5
    endloop
  endfacet
  facet normal 0 0 -1
    outer loop
      vertex 63.657005 -143.48375 1.5
      vertex 63.708603 -141.842 1.5
      vertex 63.708603 -143.158 1.5
    endloop
  endfacet
  facet normal 0 0 -1
    outer loop
      vertex 63.657005 -143.48375 1.5
      vertex 63.657005 -141.51625 1.5
      vertex 63.708603 -141.842 1.5
    endloop
  endfacet
  facet normal 0 0 -1
    outer loop
      vertex 63.58506 -143.80562 1.5
      vertex 63.657005 -141.51625 1.5
      vertex 63.657005 -143.48375 1.5
    endloop
  endfacet
  facet normal 0 0 -1
    outer loop
      vertex 63.58506 -143.80562 1.5
      vertex 63.58506 -141.19438 1.5
      vertex 63.657005 -141.51625 1.5
    endloop
  endfacet
  facet normal 0 0 -1
    outer loop
      vertex 63.493046 -144.12234 1.5
      vertex 63.58506 -141.19438 1.5
      vertex 63.58506 -143.80562 1.5
    endloop
  endfacet
  facet normal 0 0 -1
    outer loop
      vertex 63.493046 -144.12234 1.5
      vertex 63.493046 -140.87766 1.5
      vertex 63.58506 -141.19438 1.5
    endloop
  endfacet
  facet normal 0 0 -1
    outer loop
      vertex 63.381325 -144.43265 1.5
      vertex 63.493046 -140.87766 1.5
      vertex 63.493046 -144.12234 1.5
    endloop
  endfacet
  facet normal 0 0 -1
    outer loop
      vertex 63.381325 -144.43265 1.5
      vertex 63.381325 -140.56735 1.5
      vertex 63.493046 -140.87766 1.5
    endloop
  endfacet
  facet normal 0 0 -1
    outer loop
      vertex 63.250343 -144.73534 1.5
      vertex 63.381325 -140.56735 1.5
      vertex 63.381325 -144.43265 1.5
    endloop
  endfacet
  facet normal 0 0 -1
    outer loop
      vertex 63.250343 -144.73534 1.5
      vertex 63.250343 -140.26466 1.5
      vertex 63.381325 -140.56735 1.5
    endloop
  endfacet
  facet normal 0 0 -1
    outer loop
      vertex 63.10061 -145.0292 1.5
      vertex 63.250343 -140.26466 1.5
      vertex 63.250343 -144.73534 1.5
    endloop
  endfacet
  facet normal 0 0 -1
    outer loop
      vertex 63.10061 -145.0292 1.5
      vertex 63.10061 -139.9708 1.5
      vertex 63.250343 -140.26466 1.5
    endloop
  endfacet
  facet normal 0 0 -1
    outer loop
      vertex 62.93272 -145.3131 1.5
      vertex 63.10061 -139.9708 1.5
      vertex 63.10061 -145.0292 1.5
    endloop
  endfacet
  facet normal 0 0 -1
    outer loop
      vertex 62.93272 -145.3131 1.5
      vertex 62.93272 -139.6869 1.5
      vertex 63.10061 -139.9708 1.5
    endloop
  endfacet
  facet normal 0 0 -1
    outer loop
      vertex 62.747337 -145.58588 1.5
      vertex 62.93272 -139.6869 1.5
      vertex 62.93272 -145.3131 1.5
    endloop
  endfacet
  facet normal 0 0 -1
    outer loop
      vertex 62.747337 -145.58588 1.5
      vertex 62.747337 -139.41412 1.5
      vertex 62.93272 -139.6869 1.5
    endloop
  endfacet
  facet normal 0 0 -1
    outer loop
      vertex 62.545193 -145.84648 1.5
      vertex 62.747337 -139.41412 1.5
      vertex 62.747337 -145.58588 1.5
    endloop
  endfacet
  facet normal 0 0 -1
    outer loop
      vertex 62.545193 -145.84648 1.5
      vertex 62.545193 -139.15352 1.5
      vertex 62.747337 -139.41412 1.5
    endloop
  endfacet
  facet normal 0 0 -1
    outer loop
      vertex 62.327084 -146.09387 1.5
      vertex 62.545193 -139.15352 1.5
      vertex 62.545193 -145.84648 1.5
    endloop
  endfacet
  facet normal 0 0 -1
    outer loop
      vertex 62.327084 -146.09387 1.5
      vertex 62.327084 -138.90613 1.5
      vertex 62.545193 -139.15352 1.5
    endloop
  endfacet
  facet normal 0 0 -1
    outer loop
      vertex 62.093872 -146.32709 1.5
      vertex 62.327084 -138.90613 1.5
      vertex 62.327084 -146.09387 1.5
    endloop
  endfacet
  facet normal 0 0 -1
    outer loop
      vertex 62.093872 -146.32709 1.5
      vertex 62.093872 -138.67291 1.5
      vertex 62.327084 -138.90613 1.5
    endloop
  endfacet
  facet normal 0 0 -1
    outer loop
      vertex 61.846474 -146.5452 1.5
      vertex 62.093872 -138.67291 1.5
      vertex 62.093872 -146.32709 1.5
    endloop
  endfacet
  facet normal 0 0 -1
    outer loop
      vertex 61.846474 -146.5452 1.5
      vertex 61.846474 -138.4548 1.5
      vertex 62.093872 -138.67291 1.5
    endloop
  endfacet
  facet normal 0 0 -1
    outer loop
      vertex 61.585873 -146.74734 1.5
      vertex 61.846474 -138.4548 1.5
      vertex 61.846474 -146.5452 1.5
    endloop
  endfacet
  facet normal 0 0 -1
    outer loop
      vertex 61.585873 -146.74734 1.5
      vertex 61.585873 -138.25266 1.5
      vertex 61.846474 -138.4548 1.5
    endloop
  endfacet
  facet normal 0 0 -1
    outer loop
      vertex 61.31309 -146.93272 1.5
      vertex 61.585873 -138.25266 1.5
      vertex 61.585873 -146.74734 1.5
    endloop
  endfacet
  facet normal 0 0 -1
    outer loop
      vertex 61.31309 -146.93272 1.5
      vertex 61.31309 -138.06728 1.5
      vertex 61.585873 -138.25266 1.5
    endloop
  endfacet
  facet normal 0 0 -1
    outer loop
      vertex 61.029205 -147.10062 1.5
      vertex 61.31309 -138.06728 1.5
      vertex 61.31309 -146.93272 1.5
    endloop
  endfacet
  facet normal 0 0 -1
    outer loop
      vertex 61.029205 -147.10062 1.5
      vertex 61.029205 -137.89938 1.5
      vertex 61.31309 -138.06728 1.5
    endloop
  endfacet
  facet normal 0 0 -1
    outer loop
      vertex 60.73534 -147.25034 1.5
      vertex 61.029205 -137.89938 1.5
      vertex 61.029205 -147.10062 1.5
    endloop
  endfacet
  facet normal 0 0 -1
    outer loop
      vertex 60.73534 -147.25034 1.5
      vertex 60.73534 -137.74966 1.5
      vertex 61.029205 -137.89938 1.5
    endloop
  endfacet
  facet normal 0 0 -1
    outer loop
      vertex 60.432655 -147.38133 1.5
      vertex 60.73534 -137.74966 1.5
      vertex 60.73534 -147.25034 1.5
    endloop
  endfacet
  facet normal 0 0 -1
    outer loop
      vertex 60.432655 -147.38133 1.5
      vertex 60.432655 -137.61867 1.5
      vertex 60.73534 -137.74966 1.5
    endloop
  endfacet
  facet normal 0 0 -1
    outer loop
      vertex 60.122337 -147.49304 1.5
      vertex 60.432655 -137.61867 1.5
      vertex 60.432655 -147.38133 1.5
    endloop
  endfacet
  facet normal 0 0 -1
    outer loop
      vertex 60.122337 -147.49304 1.5
      vertex 60.122337 -137.50696 1.5
      vertex 60.432655 -137.61867 1.5
    endloop
  endfacet
  facet normal 0 0 -1
    outer loop
      vertex 59.805622 -147.58507 1.5
      vertex 60.122337 -137.50696 1.5
      vertex 60.122337 -147.49304 1.5
    endloop
  endfacet
  facet normal 0 0 -1
    outer loop
      vertex 59.805622 -147.58507 1.5
      vertex 59.805622 -137.41493 1.5
      vertex 60.122337 -137.50696 1.5
    endloop
  endfacet
  facet normal 0 0 -1
    outer loop
      vertex 59.48375 -147.65701 1.5
      vertex 59.805622 -137.41493 1.5
      vertex 59.805622 -147.58507 1.5
    endloop
  endfacet
  facet normal 0 0 -1
    outer loop
      vertex 59.48375 -147.65701 1.5
      vertex 59.48375 -137.34299 1.5
      vertex 59.805622 -137.41493 1.5
    endloop
  endfacet
  facet normal 0 0 -1
    outer loop
      vertex 59.157997 -147.7086 1.5
      vertex 59.48375 -137.34299 1.5
      vertex 59.48375 -147.65701 1.5
    endloop
  endfacet
  facet normal 0 0 -1
    outer loop
      vertex 59.157997 -147.7086 1.5
      vertex 59.157997 -137.2914 1.5
      vertex 59.48375 -137.34299 1.5
    endloop
  endfacet
  facet normal 0 0 -1
    outer loop
      vertex 58.82965 -147.73964 1.5
      vertex 59.157997 -137.2914 1.5
      vertex 59.157997 -147.7086 1.5
    endloop
  endfacet
  facet normal 0 0 -1
    outer loop
      vertex 58.82965 -147.73964 1.5
      vertex 58.82965 -137.26036 1.5
      vertex 59.157997 -137.2914 1.5
    endloop
  endfacet
  facet normal 0 0 -1
    outer loop
      vertex 58.5 -147.75 1.5
      vertex 58.82965 -137.26036 1.5
      vertex 58.82965 -147.73964 1.5
    endloop
  endfacet
  facet normal 0 0 -1
    outer loop
      vertex 58.5 -147.75 1.5
      vertex 58.5 -137.25 1.5
      vertex 58.82965 -137.26036 1.5
    endloop
  endfacet
  facet normal 0 0 -1
    outer loop
      vertex 58.17035 -147.73964 1.5
      vertex 58.5 -137.25 1.5
      vertex 58.5 -147.75 1.5
    endloop
  endfacet
  facet normal 0 0 -1
    outer loop
      vertex 58.17035 -147.73964 1.5
      vertex 58.17035 -137.26036 1.5
      vertex 58.5 -137.25 1.5
    endloop
  endfacet
  facet normal 0 0 -1
    outer loop
      vertex 57.842 -147.7086 1.5
      vertex 58.17035 -137.26036 1.5
      vertex 58.17035 -147.73964 1.5
    endloop
  endfacet
  facet normal 0 0 -1
    outer loop
      vertex 57.842 -147.7086 1.5
      vertex 57.842 -137.2914 1.5
      vertex 58.17035 -137.26036 1.5
    endloop
  endfacet
  facet normal 0 0 -1
    outer loop
      vertex 57.516247 -147.65701 1.5
      vertex 57.842 -137.2914 1.5
      vertex 57.842 -147.7086 1.5
    endloop
  endfacet
  facet normal 0 0 -1
    outer loop
      vertex 57.516247 -147.65701 1.5
      vertex 57.516247 -137.34299 1.5
      vertex 57.842 -137.2914 1.5
    endloop
  endfacet
  facet normal 0 0 -1
    outer loop
      vertex 57.194378 -147.58507 1.5
      vertex 57.516247 -137.34299 1.5
      vertex 57.516247 -147.65701 1.5
    endloop
  endfacet
  facet normal 0 0 -1
    outer loop
      vertex 57.194378 -147.58507 1.5
      vertex 57.194378 -137.41493 1.5
      vertex 57.516247 -137.34299 1.5
    endloop
  endfacet
  facet normal 0 0 -1
    outer loop
      vertex 56.877663 -147.49304 1.5
      vertex 57.194378 -137.41493 1.5
      vertex 57.194378 -147.58507 1.5
    endloop
  endfacet
  facet normal 0 0 -1
    outer loop
      vertex 56.877663 -147.49304 1.5
      vertex 56.877663 -137.50696 1.5
      vertex 57.194378 -137.41493 1.5
    endloop
  endfacet
  facet normal 0 0 -1
    outer loop
      vertex 56.567345 -147.38133 1.5
      vertex 56.877663 -137.50696 1.5
      vertex 56.877663 -147.49304 1.5
    endloop
  endfacet
  facet normal 0 0 -1
    outer loop
      vertex 56.567345 -147.38133 1.5
      vertex 56.567345 -137.61867 1.5
      vertex 56.877663 -137.50696 1.5
    endloop
  endfacet
  facet normal 0 0 -1
    outer loop
      vertex 56.264656 -147.25034 1.5
      vertex 56.567345 -137.61867 1.5
      vertex 56.567345 -147.38133 1.5
    endloop
  endfacet
  facet normal 0 0 -1
    outer loop
      vertex 56.264656 -147.25034 1.5
      vertex 56.264656 -137.74966 1.5
      vertex 56.567345 -137.61867 1.5
    endloop
  endfacet
  facet normal 0 0 -1
    outer loop
      vertex 55.970795 -147.10062 1.5
      vertex 56.264656 -137.74966 1.5
      vertex 56.264656 -147.25034 1.5
    endloop
  endfacet
  facet normal 0 0 -1
    outer loop
      vertex 55.970795 -147.10062 1.5
      vertex 55.970795 -137.89938 1.5
      vertex 56.264656 -137.74966 1.5
    endloop
  endfacet
  facet normal 0 0 -1
    outer loop
      vertex 55.68691 -146.93272 1.5
      vertex 55.970795 -137.89938 1.5
      vertex 55.970795 -147.10062 1.5
    endloop
  endfacet
  facet normal 0 0 -1
    outer loop
      vertex 55.68691 -146.93272 1.5
      vertex 55.68691 -138.06728 1.5
      vertex 55.970795 -137.89938 1.5
    endloop
  endfacet
  facet normal 0 0 -1
    outer loop
      vertex 55.414127 -146.74734 1.5
      vertex 55.68691 -138.06728 1.5
      vertex 55.68691 -146.93272 1.5
    endloop
  endfacet
  facet normal 0 0 -1
    outer loop
      vertex 55.414127 -146.74734 1.5
      vertex 55.414127 -138.25266 1.5
      vertex 55.68691 -138.06728 1.5
    endloop
  endfacet
  facet normal 0 0 -1
    outer loop
      vertex 55.153522 -146.5452 1.5
      vertex 55.414127 -138.25266 1.5
      vertex 55.414127 -146.74734 1.5
    endloop
  endfacet
  facet normal 0 0 -1
    outer loop
      vertex 55.153522 -146.5452 1.5
      vertex 55.153522 -138.4548 1.5
      vertex 55.414127 -138.25266 1.5
    endloop
  endfacet
  facet normal 0 0 -1
    outer loop
      vertex 54.906128 -146.32709 1.5
      vertex 55.153522 -138.4548 1.5
      vertex 55.153522 -146.5452 1.5
    endloop
  endfacet
  facet normal 0 0 -1
    outer loop
      vertex 54.906128 -146.32709 1.5
      vertex 54.906128 -138.67291 1.5
      vertex 55.153522 -138.4548 1.5
    endloop
  endfacet
  facet normal 0 0 -1
    outer loop
      vertex 54.672913 -146.09387 1.5
      vertex 54.906128 -138.67291 1.5
      vertex 54.906128 -146.32709 1.5
    endloop
  endfacet
  facet normal 0 0 -1
    outer loop
      vertex 54.672913 -146.09387 1.5
      vertex 54.672913 -138.90613 1.5
      vertex 54.906128 -138.67291 1.5
    endloop
  endfacet
  facet normal 0 0 -1
    outer loop
      vertex 54.454803 -145.84648 1.5
      vertex 54.672913 -138.90613 1.5
      vertex 54.672913 -146.09387 1.5
    endloop
  endfacet
  facet normal 0 0 -1
    outer loop
      vertex 54.454803 -145.84648 1.5
      vertex 54.454803 -139.15352 1.5
      vertex 54.672913 -138.90613 1.5
    endloop
  endfacet
  facet normal 0 0 -1
    outer loop
      vertex 54.252663 -145.58588 1.5
      vertex 54.454803 -139.15352 1.5
      vertex 54.454803 -145.84648 1.5
    endloop
  endfacet
  facet normal 0 0 -1
    outer loop
      vertex 54.252663 -145.58588 1.5
      vertex 54.252663 -139.41412 1.5
      vertex 54.454803 -139.15352 1.5
    endloop
  endfacet
  facet normal 0 0 -1
    outer loop
      vertex 54.067276 -145.3131 1.5
      vertex 54.252663 -139.41412 1.5
      vertex 54.252663 -145.58588 1.5
    endloop
  endfacet
  facet normal 0 0 -1
    outer loop
      vertex 54.067276 -145.3131 1.5
      vertex 54.067276 -139.6869 1.5
      vertex 54.252663 -139.41412 1.5
    endloop
  endfacet
  facet normal 0 0 -1
    outer loop
      vertex 53.89939 -145.0292 1.5
      vertex 54.067276 -139.6869 1.5
      vertex 54.067276 -145.3131 1.5
    endloop
  endfacet
  facet normal 0 0 -1
    outer loop
      vertex 53.89939 -145.0292 1.5
      vertex 53.89939 -139.9708 1.5
      vertex 54.067276 -139.6869 1.5
    endloop
  endfacet
  facet normal 0 0 -1
    outer loop
      vertex 53.749657 -144.73534 1.5
      vertex 53.89939 -139.9708 1.5
      vertex 53.89939 -145.0292 1.5
    endloop
  endfacet
  facet normal 0 0 -1
    outer loop
      vertex 53.749657 -144.73534 1.5
      vertex 53.749657 -140.26466 1.5
      vertex 53.89939 -139.9708 1.5
    endloop
  endfacet
  facet normal 0 0 -1
    outer loop
      vertex 53.618675 -144.43265 1.5
      vertex 53.749657 -140.26466 1.5
      vertex 53.749657 -144.73534 1.5
    endloop
  endfacet
  facet normal 0 0 -1
    outer loop
      vertex 53.618675 -144.43265 1.5
      vertex 53.618675 -140.56735 1.5
      vertex 53.749657 -140.26466 1.5
    endloop
  endfacet
  facet normal 0 0 -1
    outer loop
      vertex 53.506954 -144.12234 1.5
      vertex 53.618675 -140.56735 1.5
      vertex 53.618675 -144.43265 1.5
    endloop
  endfacet
  facet normal 0 0 -1
    outer loop
      vertex 53.506954 -144.12234 1.5
      vertex 53.506954 -140.87766 1.5
      vertex 53.618675 -140.56735 1.5
    endloop
  endfacet
  facet normal 0 0 -1
    outer loop
      vertex 53.41494 -143.80562 1.5
      vertex 53.506954 -140.87766 1.5
      vertex 53.506954 -144.12234 1.5
    endloop
  endfacet
  facet normal 0 0 -1
    outer loop
      vertex 53.41494 -143.80562 1.5
      vertex 53.41494 -141.19438 1.5
      vertex 53.506954 -140.87766 1.5
    endloop
  endfacet
  facet normal 0 0 -1
    outer loop
      vertex 53.34299 -143.48375 1.5
      vertex 53.41494 -141.19438 1.5
      vertex 53.41494 -143.80562 1.5
    endloop
  endfacet
  facet normal 0 0 -1
    outer loop
      vertex 53.34299 -143.48375 1.5
      vertex 53.34299 -141.51625 1.5
      vertex 53.41494 -141.19438 1.5
    endloop
  endfacet
  facet normal 0 0 -1
    outer loop
      vertex 53.291397 -143.158 1.5
      vertex 53.34299 -141.51625 1.5
      vertex 53.34299 -143.48375 1.5
    endloop
  endfacet
  facet normal 0 0 -1
    outer loop
      vertex 53.291397 -143.158 1.5
      vertex 53.291397 -141.842 1.5
      vertex 53.34299 -141.51625 1.5
    endloop
  endfacet
  facet normal 0 0 -1
    outer loop
      vertex 53.26036 -142.82965 1.5
      vertex 53.291397 -141.842 1.5
      vertex 53.291397 -143.158 1.5
    endloop
  endfacet
  facet normal 0 0 -1
    outer loop
      vertex 53.26036 -142.82965 1.5
      vertex 53.26036 -142.17035 1.5
      vertex 53.291397 -141.842 1.5
    endloop
  endfacet
  facet normal 0 0 -1
    outer loop
      vertex 53.26036 -142.17035 1.5
      vertex 53.26036 -142.82965 1.5
      vertex 53.25 -142.5 1.5
    endloop
  endfacet
  facet normal -0.9995065 0.031413853 0
    outer loop
      vertex 63.73964 -142.82965 0
      vertex 63.75 -142.5 1.5
      vertex 63.75 -142.5 0
    endloop
  endfacet
  facet normal -0.9995065 0.031413853 0
    outer loop
      vertex 63.75 -142.5 1.5
      vertex 63.73964 -142.82965 0
      vertex 63.73964 -142.82965 1.5
    endloop
  endfacet
  facet normal -0.96029633 0.2789819 0
    outer loop
      vertex 63.493046 -144.12234 0
      vertex 63.58506 -143.80562 1.5
      vertex 63.58506 -143.80562 0
    endloop
  endfacet
  facet normal -0.96029633 0.2789819 0
    outer loop
      vertex 63.58506 -143.80562 1.5
      vertex 63.493046 -144.12234 0
      vertex 63.493046 -144.12234 1.5
    endloop
  endfacet
  facet normal -0.2181378 -0.975918 0
    outer loop
      vertex 59.48375 -137.34299 0
      vertex 59.805622 -137.41493 1.5
      vertex 59.48375 -137.34299 1.5
    endloop
  endfacet
  facet normal -0.2181378 -0.975918 0
    outer loop
      vertex 59.805622 -137.41493 1.5
      vertex 59.48375 -137.34299 0
      vertex 59.805622 -137.41493 0
    endloop
  endfacet
  facet normal 0.96029633 -0.2789819 0
    outer loop
      vertex 53.41494 -141.19438 1.5
      vertex 53.506954 -140.87766 0
      vertex 53.506954 -140.87766 1.5
    endloop
  endfacet
  facet normal 0.96029633 -0.2789819 0
    outer loop
      vertex 53.506954 -140.87766 0
      vertex 53.41494 -141.19438 1.5
      vertex 53.41494 -141.19438 0
    endloop
  endfacet
  facet normal 0.61291194 0.79015124 0
    outer loop
      vertex 55.414127 -146.74734 0
      vertex 55.153522 -146.5452 1.5
      vertex 55.414127 -146.74734 1.5
    endloop
  endfacet
  facet normal 0.61291194 0.79015124 0
    outer loop
      vertex 55.153522 -146.5452 1.5
      vertex 55.414127 -146.74734 0
      vertex 55.153522 -146.5452 0
    endloop
  endfacet
  facet normal -0.7501038 0.66132015 0
    outer loop
      vertex 62.327084 -146.09387 0
      vertex 62.545193 -145.84648 1.5
      vertex 62.545193 -145.84648 0
    endloop
  endfacet
  facet normal -0.7501038 0.66132015 0
    outer loop
      vertex 62.545193 -145.84648 1.5
      vertex 62.327084 -146.09387 0
      vertex 62.327084 -146.09387 1.5
    endloop
  endfacet
  facet normal 0.9955626 -0.09410169 0
    outer loop
      vertex 53.26036 -142.17035 1.5
      vertex 53.291397 -141.842 0
      vertex 53.291397 -141.842 1.5
    endloop
  endfacet
  facet normal 0.9955626 -0.09410169 0
    outer loop
      vertex 53.291397 -141.842 0
      vertex 53.26036 -142.17035 1.5
      vertex 53.26036 -142.17035 0
    endloop
  endfacet
  facet normal 0.15642227 -0.98769027 0
    outer loop
      vertex 57.516247 -137.34299 0
      vertex 57.842 -137.2914 1.5
      vertex 57.516247 -137.34299 1.5
    endloop
  endfacet
  facet normal 0.15642227 -0.98769027 0
    outer loop
      vertex 57.842 -137.2914 1.5
      vertex 57.516247 -137.34299 0
      vertex 57.842 -137.2914 0
    endloop
  endfacet
  facet normal -0.33870637 -0.9408921 0
    outer loop
      vertex 60.122337 -137.50696 0
      vertex 60.432655 -137.61867 1.5
      vertex 60.122337 -137.50696 1.5
    endloop
  endfacet
  facet normal -0.33870637 -0.9408921 0
    outer loop
      vertex 60.432655 -137.61867 1.5
      vertex 60.122337 -137.50696 0
      vertex 60.432655 -137.61867 0
    endloop
  endfacet
  facet normal -0.9759174 0.21814026 0
    outer loop
      vertex 63.58506 -143.80562 0
      vertex 63.657005 -143.48375 1.5
      vertex 63.657005 -143.48375 0
    endloop
  endfacet
  facet normal -0.9759174 0.21814026 0
    outer loop
      vertex 63.657005 -143.48375 1.5
      vertex 63.58506 -143.80562 0
      vertex 63.58506 -143.80562 1.5
    endloop
  endfacet
  facet normal -0.98768616 0.15644841 0
    outer loop
      vertex 63.657005 -143.48375 0
      vertex 63.708603 -143.158 1.5
      vertex 63.708603 -143.158 0
    endloop
  endfacet
  facet normal -0.98768616 0.15644841 0
    outer loop
      vertex 63.708603 -143.158 1.5
      vertex 63.657005 -143.48375 0
      vertex 63.657005 -143.48375 1.5
    endloop
  endfacet
  facet normal 0.98768795 0.15643713 0
    outer loop
      vertex 53.34299 -143.48375 1.5
      vertex 53.291397 -143.158 0
      vertex 53.291397 -143.158 1.5
    endloop
  endfacet
  facet normal 0.98768795 0.15643713 0
    outer loop
      vertex 53.291397 -143.158 0
      vertex 53.34299 -143.48375 1.5
      vertex 53.34299 -143.48375 0
    endloop
  endfacet
  facet normal -0.7501038 -0.66132015 0
    outer loop
      vertex 62.545193 -139.15352 0
      vertex 62.327084 -138.90613 1.5
      vertex 62.327084 -138.90613 0
    endloop
  endfacet
  facet normal -0.7501038 -0.66132015 0
    outer loop
      vertex 62.327084 -138.90613 1.5
      vertex 62.545193 -139.15352 0
      vertex 62.545193 -139.15352 1.5
    endloop
  endfacet
  facet normal 0.9995065 0.031413853 0
    outer loop
      vertex 53.26036 -142.82965 1.5
      vertex 53.25 -142.5 0
      vertex 53.25 -142.5 1.5
    endloop
  endfacet
  facet normal 0.9995065 0.031413853 0
    outer loop
      vertex 53.25 -142.5 0
      vertex 53.26036 -142.82965 1.5
      vertex 53.26036 -142.82965 0
    endloop
  endfacet
  facet normal -0.39718187 0.9177399 0
    outer loop
      vertex 60.73534 -147.25034 0
      vertex 60.432655 -147.38133 1.5
      vertex 60.73534 -147.25034 1.5
    endloop
  endfacet
  facet normal -0.39718187 0.9177399 0
    outer loop
      vertex 60.432655 -147.38133 1.5
      vertex 60.73534 -147.25034 0
      vertex 60.432655 -147.38133 0
    endloop
  endfacet
  facet normal 0.21814026 0.9759174 0
    outer loop
      vertex 57.516247 -147.65701 0
      vertex 57.194378 -147.58507 1.5
      vertex 57.516247 -147.65701 1.5
    endloop
  endfacet
  facet normal 0.21814026 0.9759174 0
    outer loop
      vertex 57.194378 -147.58507 1.5
      vertex 57.516247 -147.65701 0
      vertex 57.194378 -147.58507 0
    endloop
  endfacet
  facet normal 0.61291194 -0.79015124 0
    outer loop
      vertex 55.153522 -138.4548 0
      vertex 55.414127 -138.25266 1.5
      vertex 55.153522 -138.4548 1.5
    endloop
  endfacet
  facet normal 0.61291194 -0.79015124 0
    outer loop
      vertex 55.414127 -138.25266 1.5
      vertex 55.153522 -138.4548 0
      vertex 55.414127 -138.25266 0
    endloop
  endfacet
  facet normal 0.5090476 -0.86073834 0
    outer loop
      vertex 55.68691 -138.06728 0
      vertex 55.970795 -137.89938 1.5
      vertex 55.68691 -138.06728 1.5
    endloop
  endfacet
  facet normal 0.5090476 -0.86073834 0
    outer loop
      vertex 55.970795 -137.89938 1.5
      vertex 55.68691 -138.06728 0
      vertex 55.970795 -137.89938 0
    endloop
  endfacet
  facet normal 0.98768795 -0.15643713 0
    outer loop
      vertex 53.291397 -141.842 1.5
      vertex 53.34299 -141.51625 0
      vertex 53.34299 -141.51625 1.5
    endloop
  endfacet
  facet normal 0.98768795 -0.15643713 0
    outer loop
      vertex 53.34299 -141.51625 0
      vertex 53.291397 -141.842 1.5
      vertex 53.291397 -141.842 0
    endloop
  endfacet
  facet normal 0.8910056 0.4539923 0
    outer loop
      vertex 53.89939 -145.0292 1.5
      vertex 53.749657 -144.73534 0
      vertex 53.749657 -144.73534 1.5
    endloop
  endfacet
  facet normal 0.8910056 0.4539923 0
    outer loop
      vertex 53.749657 -144.73534 0
      vertex 53.89939 -145.0292 1.5
      vertex 53.89939 -145.0292 0
    endloop
  endfacet
  facet normal 0.79016244 0.6128975 0
    outer loop
      vertex 54.454803 -145.84648 1.5
      vertex 54.252663 -145.58588 0
      vertex 54.252663 -145.58588 1.5
    endloop
  endfacet
  facet normal 0.79016244 0.6128975 0
    outer loop
      vertex 54.252663 -145.58588 0
      vertex 54.454803 -145.84648 1.5
      vertex 54.454803 -145.84648 0
    endloop
  endfacet
  facet normal -0.8607464 0.509034 0
    outer loop
      vertex 62.93272 -145.3131 0
      vertex 63.10061 -145.0292 1.5
      vertex 63.10061 -145.0292 0
    endloop
  endfacet
  facet normal -0.8607464 0.509034 0
    outer loop
      vertex 63.10061 -145.0292 1.5
      vertex 62.93272 -145.3131 0
      vertex 62.93272 -145.3131 1.5
    endloop
  endfacet
  facet normal -0.8910056 0.4539923 0
    outer loop
      vertex 63.10061 -145.0292 0
      vertex 63.250343 -144.73534 1.5
      vertex 63.250343 -144.73534 0
    endloop
  endfacet
  facet normal -0.8910056 0.4539923 0
    outer loop
      vertex 63.250343 -144.73534 1.5
      vertex 63.10061 -145.0292 0
      vertex 63.10061 -145.0292 1.5
    endloop
  endfacet
  facet normal 0.9177586 0.39713868 0
    outer loop
      vertex 53.749657 -144.73534 1.5
      vertex 53.618675 -144.43265 0
      vertex 53.618675 -144.43265 1.5
    endloop
  endfacet
  facet normal 0.9177586 0.39713868 0
    outer loop
      vertex 53.618675 -144.43265 0
      vertex 53.749657 -144.73534 1.5
      vertex 53.749657 -144.73534 0
    endloop
  endfacet
  facet normal 0.5090476 0.86073834 0
    outer loop
      vertex 55.970795 -147.10062 0
      vertex 55.68691 -146.93272 1.5
      vertex 55.970795 -147.10062 1.5
    endloop
  endfacet
  facet normal 0.5090476 0.86073834 0
    outer loop
      vertex 55.68691 -146.93272 1.5
      vertex 55.970795 -147.10062 0
      vertex 55.68691 -146.93272 0
    endloop
  endfacet
  facet normal -0.94087577 -0.33875182 0
    outer loop
      vertex 63.493046 -140.87766 0
      vertex 63.381325 -140.56735 1.5
      vertex 63.381325 -140.56735 0
    endloop
  endfacet
  facet normal -0.94087577 -0.33875182 0
    outer loop
      vertex 63.381325 -140.56735 1.5
      vertex 63.493046 -140.87766 0
      vertex 63.493046 -140.87766 1.5
    endloop
  endfacet
  facet normal -0.8607464 -0.509034 0
    outer loop
      vertex 63.10061 -139.9708 0
      vertex 62.93272 -139.6869 1.5
      vertex 62.93272 -139.6869 0
    endloop
  endfacet
  facet normal -0.8607464 -0.509034 0
    outer loop
      vertex 62.93272 -139.6869 1.5
      vertex 63.10061 -139.9708 0
      vertex 63.10061 -139.9708 1.5
    endloop
  endfacet
  facet normal -0.8910056 -0.4539923 0
    outer loop
      vertex 63.250343 -140.26466 0
      vertex 63.10061 -139.9708 1.5
      vertex 63.10061 -139.9708 0
    endloop
  endfacet
  facet normal -0.8910056 -0.4539923 0
    outer loop
      vertex 63.10061 -139.9708 1.5
      vertex 63.250343 -140.26466 0
      vertex 63.250343 -140.26466 1.5
    endloop
  endfacet
  facet normal 0.39717764 0.9177418 0
    outer loop
      vertex 56.567345 -147.38133 0
      vertex 56.264656 -147.25034 1.5
      vertex 56.567345 -147.38133 1.5
    endloop
  endfacet
  facet normal 0.39717764 0.9177418 0
    outer loop
      vertex 56.264656 -147.25034 1.5
      vertex 56.567345 -147.38133 0
      vertex 56.264656 -147.25034 0
    endloop
  endfacet
  facet normal 0.82707405 -0.56209296 0
    outer loop
      vertex 54.067276 -139.6869 1.5
      vertex 54.252663 -139.41412 0
      vertex 54.252663 -139.41412 1.5
    endloop
  endfacet
  facet normal 0.82707405 -0.56209296 0
    outer loop
      vertex 54.252663 -139.41412 0
      vertex 54.067276 -139.6869 1.5
      vertex 54.067276 -139.6869 0
    endloop
  endfacet
  facet normal 0.031413853 0.9995065 0
    outer loop
      vertex 58.5 -147.75 0
      vertex 58.17035 -147.73964 1.5
      vertex 58.5 -147.75 1.5
    endloop
  endfacet
  facet normal 0.031413853 0.9995065 0
    outer loop
      vertex 58.17035 -147.73964 1.5
      vertex 58.5 -147.75 0
      vertex 58.17035 -147.73964 0
    endloop
  endfacet
  facet normal -0.5090476 -0.86073834 0
    outer loop
      vertex 61.029205 -137.89938 0
      vertex 61.31309 -138.06728 1.5
      vertex 61.029205 -137.89938 1.5
    endloop
  endfacet
  facet normal -0.5090476 -0.86073834 0
    outer loop
      vertex 61.31309 -138.06728 1.5
      vertex 61.029205 -137.89938 0
      vertex 61.31309 -138.06728 0
    endloop
  endfacet
  facet normal 0.6613144 -0.75010884 0
    outer loop
      vertex 54.906128 -138.67291 0
      vertex 55.153522 -138.4548 1.5
      vertex 54.906128 -138.67291 1.5
    endloop
  endfacet
  facet normal 0.6613144 -0.75010884 0
    outer loop
      vertex 55.153522 -138.4548 1.5
      vertex 54.906128 -138.67291 0
      vertex 55.153522 -138.4548 0
    endloop
  endfacet
  facet normal -0.9177586 -0.39713868 0
    outer loop
      vertex 63.381325 -140.56735 0
      vertex 63.250343 -140.26466 1.5
      vertex 63.250343 -140.26466 0
    endloop
  endfacet
  facet normal -0.9177586 -0.39713868 0
    outer loop
      vertex 63.250343 -140.26466 1.5
      vertex 63.381325 -140.56735 0
      vertex 63.381325 -140.56735 1.5
    endloop
  endfacet
  facet normal -0.33870637 0.9408921 0
    outer loop
      vertex 60.432655 -147.38133 0
      vertex 60.122337 -147.49304 1.5
      vertex 60.432655 -147.38133 1.5
    endloop
  endfacet
  facet normal -0.33870637 0.9408921 0
    outer loop
      vertex 60.122337 -147.49304 1.5
      vertex 60.432655 -147.38133 0
      vertex 60.122337 -147.49304 0
    endloop
  endfacet
  facet normal -0.09410386 0.9955624 0
    outer loop
      vertex 59.157997 -147.7086 0
      vertex 58.82965 -147.73964 1.5
      vertex 59.157997 -147.7086 1.5
    endloop
  endfacet
  facet normal -0.09410386 0.9955624 0
    outer loop
      vertex 58.82965 -147.73964 1.5
      vertex 59.157997 -147.7086 0
      vertex 58.82965 -147.73964 0
    endloop
  endfacet
  facet normal -0.39718187 -0.9177399 0
    outer loop
      vertex 60.432655 -137.61867 0
      vertex 60.73534 -137.74966 1.5
      vertex 60.432655 -137.61867 1.5
    endloop
  endfacet
  facet normal -0.39718187 -0.9177399 0
    outer loop
      vertex 60.73534 -137.74966 1.5
      vertex 60.432655 -137.61867 0
      vertex 60.73534 -137.74966 0
    endloop
  endfacet
  facet normal -0.031413853 0.9995065 0
    outer loop
      vertex 58.82965 -147.73964 0
      vertex 58.5 -147.75 1.5
      vertex 58.82965 -147.73964 1.5
    endloop
  endfacet
  facet normal -0.031413853 0.9995065 0
    outer loop
      vertex 58.5 -147.75 1.5
      vertex 58.82965 -147.73964 0
      vertex 58.5 -147.75 0
    endloop
  endfacet
  facet normal -0.2790232 0.96028435 0
    outer loop
      vertex 60.122337 -147.49304 0
      vertex 59.805622 -147.58507 1.5
      vertex 60.122337 -147.49304 1.5
    endloop
  endfacet
  facet normal -0.2790232 0.96028435 0
    outer loop
      vertex 59.805622 -147.58507 1.5
      vertex 60.122337 -147.49304 0
      vertex 59.805622 -147.58507 0
    endloop
  endfacet
  facet normal 0.97591496 0.21815127 0
    outer loop
      vertex 53.41494 -143.80562 1.5
      vertex 53.34299 -143.48375 0
      vertex 53.34299 -143.48375 1.5
    endloop
  endfacet
  facet normal 0.97591496 0.21815127 0
    outer loop
      vertex 53.34299 -143.48375 0
      vertex 53.41494 -143.80562 1.5
      vertex 53.41494 -143.80562 0
    endloop
  endfacet
  facet normal -0.15642227 -0.98769027 0
    outer loop
      vertex 59.157997 -137.2914 0
      vertex 59.48375 -137.34299 1.5
      vertex 59.157997 -137.2914 1.5
    endloop
  endfacet
  facet normal -0.15642227 -0.98769027 0
    outer loop
      vertex 59.48375 -137.34299 1.5
      vertex 59.157997 -137.2914 0
      vertex 59.48375 -137.34299 0
    endloop
  endfacet
  facet normal 0.09410278 0.9955625 0
    outer loop
      vertex 58.17035 -147.73964 0
      vertex 57.842 -147.7086 1.5
      vertex 58.17035 -147.73964 1.5
    endloop
  endfacet
  facet normal 0.09410278 0.9955625 0
    outer loop
      vertex 57.842 -147.7086 1.5
      vertex 58.17035 -147.73964 0
      vertex 57.842 -147.7086 0
    endloop
  endfacet
  facet normal 0.70710677 0.70710677 0
    outer loop
      vertex 54.906128 -146.32709 1.5
      vertex 54.672913 -146.09387 0
      vertex 54.672913 -146.09387 1.5
    endloop
  endfacet
  facet normal 0.70710677 0.70710677 0
    outer loop
      vertex 54.672913 -146.09387 0
      vertex 54.906128 -146.32709 1.5
      vertex 54.906128 -146.32709 0
    endloop
  endfacet
  facet normal -0.79015684 0.6129047 0
    outer loop
      vertex 62.545193 -145.84648 0
      vertex 62.747337 -145.58588 1.5
      vertex 62.747337 -145.58588 0
    endloop
  endfacet
  facet normal -0.79015684 0.6129047 0
    outer loop
      vertex 62.747337 -145.58588 1.5
      vertex 62.545193 -145.84648 0
      vertex 62.545193 -145.84648 1.5
    endloop
  endfacet
  facet normal -0.45396027 -0.8910219 0
    outer loop
      vertex 60.73534 -137.74966 0
      vertex 61.029205 -137.89938 1.5
      vertex 60.73534 -137.74966 1.5
    endloop
  endfacet
  facet normal -0.45396027 -0.8910219 0
    outer loop
      vertex 61.029205 -137.89938 1.5
      vertex 60.73534 -137.74966 0
      vertex 61.029205 -137.89938 0
    endloop
  endfacet
  facet normal 0.86075145 0.50902545 0
    outer loop
      vertex 54.067276 -145.3131 1.5
      vertex 53.89939 -145.0292 0
      vertex 53.89939 -145.0292 1.5
    endloop
  endfacet
  facet normal 0.86075145 0.50902545 0
    outer loop
      vertex 53.89939 -145.0292 0
      vertex 54.067276 -145.3131 1.5
      vertex 54.067276 -145.3131 0
    endloop
  endfacet
  facet normal -0.2181378 0.975918 0
    outer loop
      vertex 59.805622 -147.58507 0
      vertex 59.48375 -147.65701 1.5
      vertex 59.805622 -147.58507 1.5
    endloop
  endfacet
  facet normal -0.2181378 0.975918 0
    outer loop
      vertex 59.48375 -147.65701 1.5
      vertex 59.805622 -147.58507 0
      vertex 59.48375 -147.65701 0
    endloop
  endfacet
  facet normal 0.2790232 0.96028435 0
    outer loop
      vertex 57.194378 -147.58507 0
      vertex 56.877663 -147.49304 1.5
      vertex 57.194378 -147.58507 1.5
    endloop
  endfacet
  facet normal 0.2790232 0.96028435 0
    outer loop
      vertex 56.877663 -147.49304 1.5
      vertex 57.194378 -147.58507 0
      vertex 56.877663 -147.49304 0
    endloop
  endfacet
  facet normal -0.15642227 0.98769027 0
    outer loop
      vertex 59.48375 -147.65701 0
      vertex 59.157997 -147.7086 1.5
      vertex 59.48375 -147.65701 1.5
    endloop
  endfacet
  facet normal -0.15642227 0.98769027 0
    outer loop
      vertex 59.157997 -147.7086 1.5
      vertex 59.48375 -147.65701 0
      vertex 59.157997 -147.7086 0
    endloop
  endfacet
  facet normal 0.9177586 -0.39713868 0
    outer loop
      vertex -33.381325 -140.56735 1.5
      vertex -33.250343 -140.26466 0
      vertex -33.250343 -140.26466 1.5
    endloop
  endfacet
  facet normal 0.9177586 -0.39713868 0
    outer loop
      vertex -33.250343 -140.26466 0
      vertex -33.381325 -140.56735 1.5
      vertex -33.381325 -140.56735 0
    endloop
  endfacet
  facet normal 0.56207716 -0.8270848 0
    outer loop
      vertex -31.585873 -138.25266 0
      vertex -31.313091 -138.06728 1.5
      vertex -31.585873 -138.25266 1.5
    endloop
  endfacet
  facet normal 0.56207716 -0.8270848 0
    outer loop
      vertex -31.313091 -138.06728 1.5
      vertex -31.585873 -138.25266 0
      vertex -31.313091 -138.06728 0
    endloop
  endfacet
  facet normal 0.031413853 -0.9995065 0
    outer loop
      vertex -28.82965 -137.26036 0
      vertex -28.5 -137.25 1.5
      vertex -28.82965 -137.26036 1.5
    endloop
  endfacet
  facet normal 0.031413853 -0.9995065 0
    outer loop
      vertex -28.5 -137.25 1.5
      vertex -28.82965 -137.26036 0
      vertex -28.5 -137.25 0
    endloop
  endfacet
  facet normal 0.9955626 -0.09410169 0
    outer loop
      vertex -33.73964 -142.17035 1.5
      vertex -33.708603 -141.842 0
      vertex -33.708603 -141.842 1.5
    endloop
  endfacet
  facet normal 0.9955626 -0.09410169 0
    outer loop
      vertex -33.708603 -141.842 0
      vertex -33.73964 -142.17035 1.5
      vertex -33.73964 -142.17035 0
    endloop
  endfacet
  facet normal 0.98768616 -0.15644841 0
    outer loop
      vertex -33.708603 -141.842 1.5
      vertex -33.657005 -141.51625 0
      vertex -33.657005 -141.51625 1.5
    endloop
  endfacet
  facet normal 0.98768616 -0.15644841 0
    outer loop
      vertex -33.657005 -141.51625 0
      vertex -33.708603 -141.842 1.5
      vertex -33.708603 -141.842 0
    endloop
  endfacet
  facet normal -0.39717975 -0.9177408 0
    outer loop
      vertex -26.567345 -137.61867 0
      vertex -26.264658 -137.74966 1.5
      vertex -26.567345 -137.61867 1.5
    endloop
  endfacet
  facet normal -0.39717975 -0.9177408 0
    outer loop
      vertex -26.264658 -137.74966 1.5
      vertex -26.567345 -137.61867 0
      vertex -26.264658 -137.74966 0
    endloop
  endfacet
  facet normal 0.7501038 0.66132015 0
    outer loop
      vertex -32.327084 -146.09387 1.5
      vertex -32.545193 -145.84648 0
      vertex -32.545193 -145.84648 1.5
    endloop
  endfacet
  facet normal 0.7501038 0.66132015 0
    outer loop
      vertex -32.545193 -145.84648 0
      vertex -32.327084 -146.09387 1.5
      vertex -32.327084 -146.09387 0
    endloop
  endfacet
  facet normal 0.7501038 -0.66132015 0
    outer loop
      vertex -32.545193 -139.15352 1.5
      vertex -32.327084 -138.90613 0
      vertex -32.327084 -138.90613 1.5
    endloop
  endfacet
  facet normal 0.7501038 -0.66132015 0
    outer loop
      vertex -32.327084 -138.90613 0
      vertex -32.545193 -139.15352 1.5
      vertex -32.545193 -139.15352 0
    endloop
  endfacet
  facet normal -0.89100796 0.45398772 0
    outer loop
      vertex -23.89939 -145.0292 0
      vertex -23.749657 -144.73534 1.5
      vertex -23.749657 -144.73534 0
    endloop
  endfacet
  facet normal -0.89100796 0.45398772 0
    outer loop
      vertex -23.749657 -144.73534 1.5
      vertex -23.89939 -145.0292 0
      vertex -23.89939 -145.0292 1.5
    endloop
  endfacet
  facet normal -0.5090502 -0.86073685 0
    outer loop
      vertex -25.970793 -137.89938 0
      vertex -25.686909 -138.06728 1.5
      vertex -25.970793 -137.89938 1.5
    endloop
  endfacet
  facet normal -0.5090502 -0.86073685 0
    outer loop
      vertex -25.686909 -138.06728 1.5
      vertex -25.970793 -137.89938 0
      vertex -25.686909 -138.06728 0
    endloop
  endfacet
  facet normal 0.79015684 0.6129047 0
    outer loop
      vertex -32.545193 -145.84648 1.5
      vertex -32.747337 -145.58588 0
      vertex -32.747337 -145.58588 1.5
    endloop
  endfacet
  facet normal 0.79015684 0.6129047 0
    outer loop
      vertex -32.747337 -145.58588 0
      vertex -32.545193 -145.84648 1.5
      vertex -32.545193 -145.84648 0
    endloop
  endfacet
  facet normal -0.7071097 0.7071039 0
    outer loop
      vertex -24.906128 -146.32709 0
      vertex -24.672915 -146.09387 1.5
      vertex -24.672915 -146.09387 0
    endloop
  endfacet
  facet normal -0.7071097 0.7071039 0
    outer loop
      vertex -24.672915 -146.09387 1.5
      vertex -24.906128 -146.32709 0
      vertex -24.906128 -146.32709 1.5
    endloop
  endfacet
  facet normal -0.39717975 0.9177408 0
    outer loop
      vertex -26.264658 -147.25034 0
      vertex -26.567345 -147.38133 1.5
      vertex -26.264658 -147.25034 1.5
    endloop
  endfacet
  facet normal -0.39717975 0.9177408 0
    outer loop
      vertex -26.567345 -147.38133 1.5
      vertex -26.264658 -147.25034 0
      vertex -26.567345 -147.38133 0
    endloop
  endfacet
  facet normal 0.45396027 -0.8910219 0
    outer loop
      vertex -31.029205 -137.89938 0
      vertex -30.73534 -137.74966 1.5
      vertex -31.029205 -137.89938 1.5
    endloop
  endfacet
  facet normal 0.45396027 -0.8910219 0
    outer loop
      vertex -30.73534 -137.74966 1.5
      vertex -31.029205 -137.89938 0
      vertex -30.73534 -137.74966 0
    endloop
  endfacet
  facet normal 0.094103314 -0.99556243 0
    outer loop
      vertex -29.157999 -137.2914 0
      vertex -28.82965 -137.26036 1.5
      vertex -29.157999 -137.2914 1.5
    endloop
  endfacet
  facet normal 0.094103314 -0.99556243 0
    outer loop
      vertex -28.82965 -137.26036 1.5
      vertex -29.157999 -137.2914 0
      vertex -28.82965 -137.26036 0
    endloop
  endfacet
  facet normal -0.031413853 0.9995065 0
    outer loop
      vertex -28.17035 -147.73964 0
      vertex -28.5 -147.75 1.5
      vertex -28.17035 -147.73964 1.5
    endloop
  endfacet
  facet normal -0.031413853 0.9995065 0
    outer loop
      vertex -28.5 -147.75 1.5
      vertex -28.17035 -147.73964 0
      vertex -28.5 -147.75 0
    endloop
  endfacet
  facet normal 0.8607464 -0.509034 0
    outer loop
      vertex -33.10061 -139.9708 1.5
      vertex -32.93272 -139.6869 0
      vertex -32.93272 -139.6869 1.5
    endloop
  endfacet
  facet normal 0.8607464 -0.509034 0
    outer loop
      vertex -32.93272 -139.6869 0
      vertex -33.10061 -139.9708 1.5
      vertex -33.10061 -139.9708 0
    endloop
  endfacet
  facet normal 0.8270794 0.5620851 0
    outer loop
      vertex -32.747337 -145.58588 1.5
      vertex -32.93272 -145.3131 0
      vertex -32.93272 -145.3131 1.5
    endloop
  endfacet
  facet normal 0.8270794 0.5620851 0
    outer loop
      vertex -32.93272 -145.3131 0
      vertex -32.747337 -145.58588 1.5
      vertex -32.747337 -145.58588 0
    endloop
  endfacet
  facet normal -0.61291194 -0.79015124 0
    outer loop
      vertex -25.414127 -138.25266 0
      vertex -25.153522 -138.4548 1.5
      vertex -25.414127 -138.25266 1.5
    endloop
  endfacet
  facet normal -0.61291194 -0.79015124 0
    outer loop
      vertex -25.153522 -138.4548 1.5
      vertex -25.414127 -138.25266 0
      vertex -25.153522 -138.4548 0
    endloop
  endfacet
  facet normal -0.8607464 -0.509034 0
    outer loop
      vertex -23.89939 -139.9708 0
      vertex -24.067278 -139.6869 1.5
      vertex -24.067278 -139.6869 0
    endloop
  endfacet
  facet normal -0.8607464 -0.509034 0
    outer loop
      vertex -24.067278 -139.6869 1.5
      vertex -23.89939 -139.9708 0
      vertex -23.89939 -139.9708 1.5
    endloop
  endfacet
  facet normal -0.89100796 -0.45398772 0
    outer loop
      vertex -23.749657 -140.26466 0
      vertex -23.89939 -139.9708 1.5
      vertex -23.89939 -139.9708 0
    endloop
  endfacet
  facet normal -0.89100796 -0.45398772 0
    outer loop
      vertex -23.89939 -139.9708 1.5
      vertex -23.749657 -140.26466 0
      vertex -23.749657 -140.26466 1.5
    endloop
  endfacet
  facet normal -0.9408776 0.3387467 0
    outer loop
      vertex -23.618673 -144.43265 0
      vertex -23.506954 -144.12234 1.5
      vertex -23.506954 -144.12234 0
    endloop
  endfacet
  facet normal -0.9408776 0.3387467 0
    outer loop
      vertex -23.506954 -144.12234 1.5
      vertex -23.618673 -144.43265 0
      vertex -23.618673 -144.43265 1.5
    endloop
  endfacet
  facet normal 0.61291474 -0.79014903 0
    outer loop
      vertex -31.846476 -138.4548 0
      vertex -31.585873 -138.25266 1.5
      vertex -31.846476 -138.4548 1.5
    endloop
  endfacet
  facet normal 0.61291474 -0.79014903 0
    outer loop
      vertex -31.585873 -138.25266 1.5
      vertex -31.846476 -138.4548 0
      vertex -31.585873 -138.25266 0
    endloop
  endfacet
  facet normal -0.99950665 -0.031408075 0
    outer loop
      vertex -23.25 -142.5 0
      vertex -23.260359 -142.17035 1.5
      vertex -23.260359 -142.17035 0
    endloop
  endfacet
  facet normal -0.99950665 -0.031408075 0
    outer loop
      vertex -23.260359 -142.17035 1.5
      vertex -23.25 -142.5 0
      vertex -23.25 -142.5 1.5
    endloop
  endfacet
  facet normal 0.94087577 -0.33875182 0
    outer loop
      vertex -33.493046 -140.87766 1.5
      vertex -33.381325 -140.56735 0
      vertex -33.381325 -140.56735 1.5
    endloop
  endfacet
  facet normal 0.94087577 -0.33875182 0
    outer loop
      vertex -33.381325 -140.56735 0
      vertex -33.493046 -140.87766 1.5
      vertex -33.493046 -140.87766 0
    endloop
  endfacet
  facet normal -0.79015684 -0.6129047 0
    outer loop
      vertex -24.25266 -139.41412 0
      vertex -24.454805 -139.15352 1.5
      vertex -24.454805 -139.15352 0
    endloop
  endfacet
  facet normal -0.79015684 -0.6129047 0
    outer loop
      vertex -24.454805 -139.15352 1.5
      vertex -24.25266 -139.41412 0
      vertex -24.25266 -139.41412 1.5
    endloop
  endfacet
  facet normal -0.56207716 -0.8270848 0
    outer loop
      vertex -25.686909 -138.06728 0
      vertex -25.414127 -138.25266 1.5
      vertex -25.686909 -138.06728 1.5
    endloop
  endfacet
  facet normal -0.56207716 -0.8270848 0
    outer loop
      vertex -25.414127 -138.25266 1.5
      vertex -25.686909 -138.06728 0
      vertex -25.414127 -138.25266 0
    endloop
  endfacet
  facet normal 0.8270794 -0.5620851 0
    outer loop
      vertex -32.93272 -139.6869 1.5
      vertex -32.747337 -139.41412 0
      vertex -32.747337 -139.41412 1.5
    endloop
  endfacet
  facet normal 0.8270794 -0.5620851 0
    outer loop
      vertex -32.747337 -139.41412 0
      vertex -32.93272 -139.6869 1.5
      vertex -32.93272 -139.6869 0
    endloop
  endfacet
  facet normal -0.56207716 0.8270848 0
    outer loop
      vertex -25.414127 -146.74734 0
      vertex -25.686909 -146.93272 1.5
      vertex -25.414127 -146.74734 1.5
    endloop
  endfacet
  facet normal -0.56207716 0.8270848 0
    outer loop
      vertex -25.686909 -146.93272 1.5
      vertex -25.414127 -146.74734 0
      vertex -25.686909 -146.93272 0
    endloop
  endfacet
  facet normal 0.9759174 -0.21814026 0
    outer loop
      vertex -33.657005 -141.51625 1.5
      vertex -33.58506 -141.19438 0
      vertex -33.58506 -141.19438 1.5
    endloop
  endfacet
  facet normal 0.9759174 -0.21814026 0
    outer loop
      vertex -33.58506 -141.19438 0
      vertex -33.657005 -141.51625 1.5
      vertex -33.657005 -141.51625 0
    endloop
  endfacet
  facet normal -0.21814026 -0.9759174 0
    outer loop
      vertex -27.516247 -137.34299 0
      vertex -27.194378 -137.41493 1.5
      vertex -27.516247 -137.34299 1.5
    endloop
  endfacet
  facet normal -0.21814026 -0.9759174 0
    outer loop
      vertex -27.194378 -137.41493 1.5
      vertex -27.516247 -137.34299 0
      vertex -27.194378 -137.41493 0
    endloop
  endfacet
  facet normal 0.5090476 0.86073834 0
    outer loop
      vertex -31.029205 -147.10062 0
      vertex -31.313091 -146.93272 1.5
      vertex -31.029205 -147.10062 1.5
    endloop
  endfacet
  facet normal 0.5090476 0.86073834 0
    outer loop
      vertex -31.313091 -146.93272 1.5
      vertex -31.029205 -147.10062 0
      vertex -31.313091 -146.93272 0
    endloop
  endfacet
  facet normal -0.09410278 -0.9955625 0
    outer loop
      vertex -28.17035 -137.26036 0
      vertex -27.842 -137.2914 1.5
      vertex -28.17035 -137.26036 1.5
    endloop
  endfacet
  facet normal -0.09410278 -0.9955625 0
    outer loop
      vertex -27.842 -137.2914 1.5
      vertex -28.17035 -137.26036 0
      vertex -27.842 -137.2914 0
    endloop
  endfacet
  facet normal 0.9995065 0.031413853 0
    outer loop
      vertex -33.73964 -142.82965 1.5
      vertex -33.75 -142.5 0
      vertex -33.75 -142.5 1.5
    endloop
  endfacet
  facet normal 0.9995065 0.031413853 0
    outer loop
      vertex -33.75 -142.5 0
      vertex -33.73964 -142.82965 1.5
      vertex -33.73964 -142.82965 0
    endloop
  endfacet
  facet normal 0.6613115 -0.75011134 0
    outer loop
      vertex -32.093872 -138.67291 0
      vertex -31.846476 -138.4548 1.5
      vertex -32.093872 -138.67291 1.5
    endloop
  endfacet
  facet normal 0.6613115 -0.75011134 0
    outer loop
      vertex -31.846476 -138.4548 1.5
      vertex -32.093872 -138.67291 0
      vertex -31.846476 -138.4548 0
    endloop
  endfacet
  facet normal 0.8910056 0.4539923 0
    outer loop
      vertex -33.10061 -145.0292 1.5
      vertex -33.250343 -144.73534 0
      vertex -33.250343 -144.73534 1.5
    endloop
  endfacet
  facet normal 0.8910056 0.4539923 0
    outer loop
      vertex -33.250343 -144.73534 0
      vertex -33.10061 -145.0292 1.5
      vertex -33.10061 -145.0292 0
    endloop
  endfacet
  facet normal 0.98768616 0.15644841 0
    outer loop
      vertex -33.657005 -143.48375 1.5
      vertex -33.708603 -143.158 0
      vertex -33.708603 -143.158 1.5
    endloop
  endfacet
  facet normal 0.98768616 0.15644841 0
    outer loop
      vertex -33.708603 -143.158 0
      vertex -33.657005 -143.48375 1.5
      vertex -33.657005 -143.48375 0
    endloop
  endfacet
  facet normal 0.15642227 -0.98769027 0
    outer loop
      vertex -29.483751 -137.34299 0
      vertex -29.157999 -137.2914 1.5
      vertex -29.483751 -137.34299 1.5
    endloop
  endfacet
  facet normal 0.15642227 -0.98769027 0
    outer loop
      vertex -29.157999 -137.2914 1.5
      vertex -29.483751 -137.34299 0
      vertex -29.157999 -137.2914 0
    endloop
  endfacet
  facet normal -0.6613144 0.75010884 0
    outer loop
      vertex -24.906128 -146.32709 0
      vertex -25.153522 -146.5452 1.5
      vertex -24.906128 -146.32709 1.5
    endloop
  endfacet
  facet normal -0.6613144 0.75010884 0
    outer loop
      vertex -25.153522 -146.5452 1.5
      vertex -24.906128 -146.32709 0
      vertex -25.153522 -146.5452 0
    endloop
  endfacet
  facet normal -0.27902165 -0.9602848 0
    outer loop
      vertex -27.194378 -137.41493 0
      vertex -26.87766 -137.50696 1.5
      vertex -27.194378 -137.41493 1.5
    endloop
  endfacet
  facet normal -0.27902165 -0.9602848 0
    outer loop
      vertex -26.87766 -137.50696 1.5
      vertex -27.194378 -137.41493 0
      vertex -26.87766 -137.50696 0
    endloop
  endfacet
  facet normal -0.8270794 0.5620851 0
    outer loop
      vertex -24.25266 -145.58588 0
      vertex -24.067278 -145.3131 1.5
      vertex -24.067278 -145.3131 0
    endloop
  endfacet
  facet normal -0.8270794 0.5620851 0
    outer loop
      vertex -24.067278 -145.3131 1.5
      vertex -24.25266 -145.58588 0
      vertex -24.25266 -145.58588 1.5
    endloop
  endfacet
  facet normal 0.8910056 -0.4539923 0
    outer loop
      vertex -33.250343 -140.26466 1.5
      vertex -33.10061 -139.9708 0
      vertex -33.10061 -139.9708 1.5
    endloop
  endfacet
  facet normal 0.8910056 -0.4539923 0
    outer loop
      vertex -33.10061 -139.9708 0
      vertex -33.250343 -140.26466 1.5
      vertex -33.250343 -140.26466 0
    endloop
  endfacet
  facet normal 0.2790232 0.96028435 0
    outer loop
      vertex -29.805622 -147.58507 0
      vertex -30.122337 -147.49304 1.5
      vertex -29.805622 -147.58507 1.5
    endloop
  endfacet
  facet normal 0.2790232 0.96028435 0
    outer loop
      vertex -30.122337 -147.49304 1.5
      vertex -29.805622 -147.58507 0
      vertex -30.122337 -147.49304 0
    endloop
  endfacet
  facet normal -0.9955621 -0.09410743 0
    outer loop
      vertex -23.260359 -142.17035 0
      vertex -23.291397 -141.842 1.5
      vertex -23.291397 -141.842 0
    endloop
  endfacet
  facet normal -0.9955621 -0.09410743 0
    outer loop
      vertex -23.291397 -141.842 1.5
      vertex -23.260359 -142.17035 0
      vertex -23.260359 -142.17035 1.5
    endloop
  endfacet
  facet normal 0.9955626 0.09410169 0
    outer loop
      vertex -33.708603 -143.158 1.5
      vertex -33.73964 -142.82965 0
      vertex -33.73964 -142.82965 1.5
    endloop
  endfacet
  facet normal 0.9955626 0.09410169 0
    outer loop
      vertex -33.73964 -142.82965 0
      vertex -33.708603 -143.158 1.5
      vertex -33.708603 -143.158 0
    endloop
  endfacet
  facet normal -0.99950665 0.031408075 0
    outer loop
      vertex -23.260359 -142.82965 0
      vertex -23.25 -142.5 1.5
      vertex -23.25 -142.5 0
    endloop
  endfacet
  facet normal -0.99950665 0.031408075 0
    outer loop
      vertex -23.25 -142.5 1.5
      vertex -23.260359 -142.82965 0
      vertex -23.260359 -142.82965 1.5
    endloop
  endfacet
  facet normal 0.2790232 -0.96028435 0
    outer loop
      vertex -30.122337 -137.50696 0
      vertex -29.805622 -137.41493 1.5
      vertex -30.122337 -137.50696 1.5
    endloop
  endfacet
  facet normal 0.2790232 -0.96028435 0
    outer loop
      vertex -29.805622 -137.41493 1.5
      vertex -30.122337 -137.50696 0
      vertex -29.805622 -137.41493 0
    endloop
  endfacet
  facet normal 0.094103314 0.99556243 0
    outer loop
      vertex -28.82965 -147.73964 0
      vertex -29.157999 -147.7086 1.5
      vertex -28.82965 -147.73964 1.5
    endloop
  endfacet
  facet normal 0.094103314 0.99556243 0
    outer loop
      vertex -29.157999 -147.7086 1.5
      vertex -28.82965 -147.73964 0
      vertex -29.157999 -147.7086 0
    endloop
  endfacet
  facet normal -0.96029484 -0.27898723 0
    outer loop
      vertex -23.414938 -141.19438 0
      vertex -23.506954 -140.87766 1.5
      vertex -23.506954 -140.87766 0
    endloop
  endfacet
  facet normal -0.96029484 -0.27898723 0
    outer loop
      vertex -23.506954 -140.87766 1.5
      vertex -23.414938 -141.19438 0
      vertex -23.414938 -141.19438 1.5
    endloop
  endfacet
  facet normal -0.61291194 0.79015124 0
    outer loop
      vertex -25.153522 -146.5452 0
      vertex -25.414127 -146.74734 1.5
      vertex -25.153522 -146.5452 1.5
    endloop
  endfacet
  facet normal -0.61291194 0.79015124 0
    outer loop
      vertex -25.414127 -146.74734 1.5
      vertex -25.153522 -146.5452 0
      vertex -25.414127 -146.74734 0
    endloop
  endfacet
  facet normal -0.9177565 0.39714354 0
    outer loop
      vertex -23.749657 -144.73534 0
      vertex -23.618673 -144.43265 1.5
      vertex -23.618673 -144.43265 0
    endloop
  endfacet
  facet normal -0.9177565 0.39714354 0
    outer loop
      vertex -23.618673 -144.43265 1.5
      vertex -23.749657 -144.73534 0
      vertex -23.749657 -144.73534 1.5
    endloop
  endfacet
  facet normal 0.9759174 0.21814026 0
    outer loop
      vertex -33.58506 -143.80562 1.5
      vertex -33.657005 -143.48375 0
      vertex -33.657005 -143.48375 1.5
    endloop
  endfacet
  facet normal 0.9759174 0.21814026 0
    outer loop
      vertex -33.657005 -143.48375 0
      vertex -33.58506 -143.80562 1.5
      vertex -33.58506 -143.80562 0
    endloop
  endfacet
  facet normal -0.98768795 0.15643713 0
    outer loop
      vertex -23.34299 -143.48375 0
      vertex -23.291397 -143.158 1.5
      vertex -23.291397 -143.158 0
    endloop
  endfacet
  facet normal -0.98768795 0.15643713 0
    outer loop
      vertex -23.291397 -143.158 1.5
      vertex -23.34299 -143.48375 0
      vertex -23.34299 -143.48375 1.5
    endloop
  endfacet
  facet normal -0.031413853 -0.9995065 0
    outer loop
      vertex -28.5 -137.25 0
      vertex -28.17035 -137.26036 1.5
      vertex -28.5 -137.25 1.5
    endloop
  endfacet
  facet normal -0.031413853 -0.9995065 0
    outer loop
      vertex -28.17035 -137.26036 1.5
      vertex -28.5 -137.25 0
      vertex -28.17035 -137.26036 0
    endloop
  endfacet
  facet normal -0.7071097 -0.7071039 0
    outer loop
      vertex -24.672915 -138.90613 0
      vertex -24.906128 -138.67291 1.5
      vertex -24.906128 -138.67291 0
    endloop
  endfacet
  facet normal -0.7071097 -0.7071039 0
    outer loop
      vertex -24.906128 -138.67291 1.5
      vertex -24.672915 -138.90613 0
      vertex -24.672915 -138.90613 1.5
    endloop
  endfacet
  facet normal -0.9955621 0.09410743 0
    outer loop
      vertex -23.291397 -143.158 0
      vertex -23.260359 -142.82965 1.5
      vertex -23.260359 -142.82965 0
    endloop
  endfacet
  facet normal -0.9955621 0.09410743 0
    outer loop
      vertex -23.260359 -142.82965 1.5
      vertex -23.291397 -143.158 0
      vertex -23.291397 -143.158 1.5
    endloop
  endfacet
  facet normal -0.09410278 0.9955625 0
    outer loop
      vertex -27.842 -147.7086 0
      vertex -28.17035 -147.73964 1.5
      vertex -27.842 -147.7086 1.5
    endloop
  endfacet
  facet normal -0.09410278 0.9955625 0
    outer loop
      vertex -28.17035 -147.73964 1.5
      vertex -27.842 -147.7086 0
      vertex -28.17035 -147.73964 0
    endloop
  endfacet
  facet normal -0.8607464 0.509034 0
    outer loop
      vertex -24.067278 -145.3131 0
      vertex -23.89939 -145.0292 1.5
      vertex -23.89939 -145.0292 0
    endloop
  endfacet
  facet normal -0.8607464 0.509034 0
    outer loop
      vertex -23.89939 -145.0292 1.5
      vertex -24.067278 -145.3131 0
      vertex -24.067278 -145.3131 1.5
    endloop
  endfacet
  facet normal 0.39717975 -0.9177408 0
    outer loop
      vertex -30.73534 -137.74966 0
      vertex -30.432653 -137.61867 1.5
      vertex -30.73534 -137.74966 1.5
    endloop
  endfacet
  facet normal 0.39717975 -0.9177408 0
    outer loop
      vertex -30.432653 -137.61867 1.5
      vertex -30.73534 -137.74966 0
      vertex -30.432653 -137.61867 0
    endloop
  endfacet
  facet normal 0.9995065 -0.031413853 0
    outer loop
      vertex -33.75 -142.5 1.5
      vertex -33.73964 -142.17035 0
      vertex -33.73964 -142.17035 1.5
    endloop
  endfacet
  facet normal 0.9995065 -0.031413853 0
    outer loop
      vertex -33.73964 -142.17035 0
      vertex -33.75 -142.5 1.5
      vertex -33.75 -142.5 0
    endloop
  endfacet
  facet normal 0.70711255 -0.707101 0
    outer loop
      vertex -32.327084 -138.90613 1.5
      vertex -32.093872 -138.67291 0
      vertex -32.093872 -138.67291 1.5
    endloop
  endfacet
  facet normal 0.70711255 -0.707101 0
    outer loop
      vertex -32.093872 -138.67291 0
      vertex -32.327084 -138.90613 1.5
      vertex -32.327084 -138.90613 0
    endloop
  endfacet
  facet normal -0.7501038 0.66132015 0
    outer loop
      vertex -24.672915 -146.09387 0
      vertex -24.454805 -145.84648 1.5
      vertex -24.454805 -145.84648 0
    endloop
  endfacet
  facet normal -0.7501038 0.66132015 0
    outer loop
      vertex -24.454805 -145.84648 1.5
      vertex -24.672915 -146.09387 0
      vertex -24.672915 -146.09387 1.5
    endloop
  endfacet
  facet normal -0.27902165 0.9602848 0
    outer loop
      vertex -26.87766 -147.49304 0
      vertex -27.194378 -147.58507 1.5
      vertex -26.87766 -147.49304 1.5
    endloop
  endfacet
  facet normal -0.27902165 0.9602848 0
    outer loop
      vertex -27.194378 -147.58507 1.5
      vertex -26.87766 -147.49304 0
      vertex -27.194378 -147.58507 0
    endloop
  endfacet
  facet normal -0.5090502 0.86073685 0
    outer loop
      vertex -25.686909 -146.93272 0
      vertex -25.970793 -147.10062 1.5
      vertex -25.686909 -146.93272 1.5
    endloop
  endfacet
  facet normal -0.5090502 0.86073685 0
    outer loop
      vertex -25.970793 -147.10062 1.5
      vertex -25.686909 -146.93272 0
      vertex -25.970793 -147.10062 0
    endloop
  endfacet
  facet normal 0.21813904 0.9759177 0
    outer loop
      vertex -29.483751 -147.65701 0
      vertex -29.805622 -147.58507 1.5
      vertex -29.483751 -147.65701 1.5
    endloop
  endfacet
  facet normal 0.21813904 0.9759177 0
    outer loop
      vertex -29.805622 -147.58507 1.5
      vertex -29.483751 -147.65701 0
      vertex -29.805622 -147.58507 0
    endloop
  endfacet
  facet normal 0.15642227 0.98769027 0
    outer loop
      vertex -29.157999 -147.7086 0
      vertex -29.483751 -147.65701 1.5
      vertex -29.157999 -147.7086 1.5
    endloop
  endfacet
  facet normal 0.15642227 0.98769027 0
    outer loop
      vertex -29.483751 -147.65701 1.5
      vertex -29.157999 -147.7086 0
      vertex -29.483751 -147.65701 0
    endloop
  endfacet
  facet normal -0.3387082 -0.94089144 0
    outer loop
      vertex -26.87766 -137.50696 0
      vertex -26.567345 -137.61867 1.5
      vertex -26.87766 -137.50696 1.5
    endloop
  endfacet
  facet normal -0.3387082 -0.94089144 0
    outer loop
      vertex -26.567345 -137.61867 1.5
      vertex -26.87766 -137.50696 0
      vertex -26.567345 -137.61867 0
    endloop
  endfacet
  facet normal -0.8270794 -0.5620851 0
    outer loop
      vertex -24.067278 -139.6869 0
      vertex -24.25266 -139.41412 1.5
      vertex -24.25266 -139.41412 0
    endloop
  endfacet
  facet normal -0.8270794 -0.5620851 0
    outer loop
      vertex -24.25266 -139.41412 1.5
      vertex -24.067278 -139.6869 0
      vertex -24.067278 -139.6869 1.5
    endloop
  endfacet
  facet normal 0.56207716 0.8270848 0
    outer loop
      vertex -31.313091 -146.93272 0
      vertex -31.585873 -146.74734 1.5
      vertex -31.313091 -146.93272 1.5
    endloop
  endfacet
  facet normal 0.56207716 0.8270848 0
    outer loop
      vertex -31.585873 -146.74734 1.5
      vertex -31.313091 -146.93272 0
      vertex -31.585873 -146.74734 0
    endloop
  endfacet
  facet normal 0.70711255 0.707101 0
    outer loop
      vertex -32.093872 -146.32709 1.5
      vertex -32.327084 -146.09387 0
      vertex -32.327084 -146.09387 1.5
    endloop
  endfacet
  facet normal 0.70711255 0.707101 0
    outer loop
      vertex -32.327084 -146.09387 0
      vertex -32.093872 -146.32709 1.5
      vertex -32.093872 -146.32709 0
    endloop
  endfacet
  facet normal -0.96029484 0.27898723 0
    outer loop
      vertex -23.506954 -144.12234 0
      vertex -23.414938 -143.80562 1.5
      vertex -23.414938 -143.80562 0
    endloop
  endfacet
  facet normal -0.96029484 0.27898723 0
    outer loop
      vertex -23.414938 -143.80562 1.5
      vertex -23.506954 -144.12234 0
      vertex -23.506954 -144.12234 1.5
    endloop
  endfacet
  facet normal 0.5090476 -0.86073834 0
    outer loop
      vertex -31.313091 -138.06728 0
      vertex -31.029205 -137.89938 1.5
      vertex -31.313091 -138.06728 1.5
    endloop
  endfacet
  facet normal 0.5090476 -0.86073834 0
    outer loop
      vertex -31.029205 -137.89938 1.5
      vertex -31.313091 -138.06728 0
      vertex -31.029205 -137.89938 0
    endloop
  endfacet
  facet normal 0.9177586 0.39713868 0
    outer loop
      vertex -33.250343 -144.73534 1.5
      vertex -33.381325 -144.43265 0
      vertex -33.381325 -144.43265 1.5
    endloop
  endfacet
  facet normal 0.9177586 0.39713868 0
    outer loop
      vertex -33.381325 -144.43265 0
      vertex -33.250343 -144.73534 1.5
      vertex -33.250343 -144.73534 0
    endloop
  endfacet
  facet normal -0.45396027 0.8910219 0
    outer loop
      vertex -25.970793 -147.10062 0
      vertex -26.264658 -147.25034 1.5
      vertex -25.970793 -147.10062 1.5
    endloop
  endfacet
  facet normal -0.45396027 0.8910219 0
    outer loop
      vertex -26.264658 -147.25034 1.5
      vertex -25.970793 -147.10062 0
      vertex -26.264658 -147.25034 0
    endloop
  endfacet
  facet normal -0.98768795 -0.15643713 0
    outer loop
      vertex -23.291397 -141.842 0
      vertex -23.34299 -141.51625 1.5
      vertex -23.34299 -141.51625 0
    endloop
  endfacet
  facet normal -0.98768795 -0.15643713 0
    outer loop
      vertex -23.34299 -141.51625 1.5
      vertex -23.291397 -141.842 0
      vertex -23.291397 -141.842 1.5
    endloop
  endfacet
  facet normal -0.6613144 -0.75010884 0
    outer loop
      vertex -25.153522 -138.4548 0
      vertex -24.906128 -138.67291 1.5
      vertex -25.153522 -138.4548 1.5
    endloop
  endfacet
  facet normal -0.6613144 -0.75010884 0
    outer loop
      vertex -24.906128 -138.67291 1.5
      vertex -25.153522 -138.4548 0
      vertex -24.906128 -138.67291 0
    endloop
  endfacet
  facet normal 0.8607464 0.509034 0
    outer loop
      vertex -32.93272 -145.3131 1.5
      vertex -33.10061 -145.0292 0
      vertex -33.10061 -145.0292 1.5
    endloop
  endfacet
  facet normal 0.8607464 0.509034 0
    outer loop
      vertex -33.10061 -145.0292 0
      vertex -32.93272 -145.3131 1.5
      vertex -32.93272 -145.3131 0
    endloop
  endfacet
  facet normal -0.15642227 0.98769027 0
    outer loop
      vertex -27.516247 -147.65701 0
      vertex -27.842 -147.7086 1.5
      vertex -27.516247 -147.65701 1.5
    endloop
  endfacet
  facet normal -0.15642227 0.98769027 0
    outer loop
      vertex -27.842 -147.7086 1.5
      vertex -27.516247 -147.65701 0
      vertex -27.842 -147.7086 0
    endloop
  endfacet
  facet normal 0.94087577 0.33875182 0
    outer loop
      vertex -33.381325 -144.43265 1.5
      vertex -33.493046 -144.12234 0
      vertex -33.493046 -144.12234 1.5
    endloop
  endfacet
  facet normal 0.94087577 0.33875182 0
    outer loop
      vertex -33.493046 -144.12234 0
      vertex -33.381325 -144.43265 1.5
      vertex -33.381325 -144.43265 0
    endloop
  endfacet
  facet normal -0.9759162 0.21814577 0
    outer loop
      vertex -23.414938 -143.80562 0
      vertex -23.34299 -143.48375 1.5
      vertex -23.34299 -143.48375 0
    endloop
  endfacet
  facet normal -0.9759162 0.21814577 0
    outer loop
      vertex -23.34299 -143.48375 1.5
      vertex -23.414938 -143.80562 0
      vertex -23.414938 -143.80562 1.5
    endloop
  endfacet
  facet normal 0.79015684 -0.6129047 0
    outer loop
      vertex -32.747337 -139.41412 1.5
      vertex -32.545193 -139.15352 0
      vertex -32.545193 -139.15352 1.5
    endloop
  endfacet
  facet normal 0.79015684 -0.6129047 0
    outer loop
      vertex -32.545193 -139.15352 0
      vertex -32.747337 -139.41412 1.5
      vertex -32.747337 -139.41412 0
    endloop
  endfacet
  facet normal 0.96029633 -0.2789819 0
    outer loop
      vertex -33.58506 -141.19438 1.5
      vertex -33.493046 -140.87766 0
      vertex -33.493046 -140.87766 1.5
    endloop
  endfacet
  facet normal 0.96029633 -0.2789819 0
    outer loop
      vertex -33.493046 -140.87766 0
      vertex -33.58506 -141.19438 1.5
      vertex -33.58506 -141.19438 0
    endloop
  endfacet
  facet normal 0.21813904 -0.9759177 0
    outer loop
      vertex -29.805622 -137.41493 0
      vertex -29.483751 -137.34299 1.5
      vertex -29.805622 -137.41493 1.5
    endloop
  endfacet
  facet normal 0.21813904 -0.9759177 0
    outer loop
      vertex -29.483751 -137.34299 1.5
      vertex -29.805622 -137.41493 0
      vertex -29.483751 -137.34299 0
    endloop
  endfacet
  facet normal -0.45396027 -0.8910219 0
    outer loop
      vertex -26.264658 -137.74966 0
      vertex -25.970793 -137.89938 1.5
      vertex -26.264658 -137.74966 1.5
    endloop
  endfacet
  facet normal -0.45396027 -0.8910219 0
    outer loop
      vertex -25.970793 -137.89938 1.5
      vertex -26.264658 -137.74966 0
      vertex -25.970793 -137.89938 0
    endloop
  endfacet
  facet normal -0.9759162 -0.21814577 0
    outer loop
      vertex -23.34299 -141.51625 0
      vertex -23.414938 -141.19438 1.5
      vertex -23.414938 -141.19438 0
    endloop
  endfacet
  facet normal -0.9759162 -0.21814577 0
    outer loop
      vertex -23.414938 -141.19438 1.5
      vertex -23.34299 -141.51625 0
      vertex -23.34299 -141.51625 1.5
    endloop
  endfacet
  facet normal 0.96029633 0.2789819 0
    outer loop
      vertex -33.493046 -144.12234 1.5
      vertex -33.58506 -143.80562 0
      vertex -33.58506 -143.80562 1.5
    endloop
  endfacet
  facet normal 0.96029633 0.2789819 0
    outer loop
      vertex -33.58506 -143.80562 0
      vertex -33.493046 -144.12234 1.5
      vertex -33.493046 -144.12234 0
    endloop
  endfacet
  facet normal -0.9408776 -0.3387467 0
    outer loop
      vertex -23.506954 -140.87766 0
      vertex -23.618673 -140.56735 1.5
      vertex -23.618673 -140.56735 0
    endloop
  endfacet
  facet normal -0.9408776 -0.3387467 0
    outer loop
      vertex -23.618673 -140.56735 1.5
      vertex -23.506954 -140.87766 0
      vertex -23.506954 -140.87766 1.5
    endloop
  endfacet
  facet normal -0.9177565 -0.39714354 0
    outer loop
      vertex -23.618673 -140.56735 0
      vertex -23.749657 -140.26466 1.5
      vertex -23.749657 -140.26466 0
    endloop
  endfacet
  facet normal -0.9177565 -0.39714354 0
    outer loop
      vertex -23.749657 -140.26466 1.5
      vertex -23.618673 -140.56735 0
      vertex -23.618673 -140.56735 1.5
    endloop
  endfacet
  facet normal 0.3387082 0.94089144 0
    outer loop
      vertex -30.122337 -147.49304 0
      vertex -30.432653 -147.38133 1.5
      vertex -30.122337 -147.49304 1.5
    endloop
  endfacet
  facet normal 0.3387082 0.94089144 0
    outer loop
      vertex -30.432653 -147.38133 1.5
      vertex -30.122337 -147.49304 0
      vertex -30.432653 -147.38133 0
    endloop
  endfacet
  facet normal -0.7501038 -0.66132015 0
    outer loop
      vertex -24.454805 -139.15352 0
      vertex -24.672915 -138.90613 1.5
      vertex -24.672915 -138.90613 0
    endloop
  endfacet
  facet normal -0.7501038 -0.66132015 0
    outer loop
      vertex -24.672915 -138.90613 1.5
      vertex -24.454805 -139.15352 0
      vertex -24.454805 -139.15352 1.5
    endloop
  endfacet
  facet normal 0.3387082 -0.94089144 0
    outer loop
      vertex -30.432653 -137.61867 0
      vertex -30.122337 -137.50696 1.5
      vertex -30.432653 -137.61867 1.5
    endloop
  endfacet
  facet normal 0.3387082 -0.94089144 0
    outer loop
      vertex -30.122337 -137.50696 1.5
      vertex -30.432653 -137.61867 0
      vertex -30.122337 -137.50696 0
    endloop
  endfacet
  facet normal 0.6613115 0.75011134 0
    outer loop
      vertex -31.846476 -146.5452 0
      vertex -32.093872 -146.32709 1.5
      vertex -31.846476 -146.5452 1.5
    endloop
  endfacet
  facet normal 0.6613115 0.75011134 0
    outer loop
      vertex -32.093872 -146.32709 1.5
      vertex -31.846476 -146.5452 0
      vertex -32.093872 -146.32709 0
    endloop
  endfacet
  facet normal 0.031413853 0.9995065 0
    outer loop
      vertex -28.5 -147.75 0
      vertex -28.82965 -147.73964 1.5
      vertex -28.5 -147.75 1.5
    endloop
  endfacet
  facet normal 0.031413853 0.9995065 0
    outer loop
      vertex -28.82965 -147.73964 1.5
      vertex -28.5 -147.75 0
      vertex -28.82965 -147.73964 0
    endloop
  endfacet
  facet normal -0.15642227 -0.98769027 0
    outer loop
      vertex -27.842 -137.2914 0
      vertex -27.516247 -137.34299 1.5
      vertex -27.842 -137.2914 1.5
    endloop
  endfacet
  facet normal -0.15642227 -0.98769027 0
    outer loop
      vertex -27.516247 -137.34299 1.5
      vertex -27.842 -137.2914 0
      vertex -27.516247 -137.34299 0
    endloop
  endfacet
  facet normal 0.45396027 0.8910219 0
    outer loop
      vertex -30.73534 -147.25034 0
      vertex -31.029205 -147.10062 1.5
      vertex -30.73534 -147.25034 1.5
    endloop
  endfacet
  facet normal 0.45396027 0.8910219 0
    outer loop
      vertex -31.029205 -147.10062 1.5
      vertex -30.73534 -147.25034 0
      vertex -31.029205 -147.10062 0
    endloop
  endfacet
  facet normal -0.21814026 0.9759174 0
    outer loop
      vertex -27.194378 -147.58507 0
      vertex -27.516247 -147.65701 1.5
      vertex -27.194378 -147.58507 1.5
    endloop
  endfacet
  facet normal -0.21814026 0.9759174 0
    outer loop
      vertex -27.516247 -147.65701 1.5
      vertex -27.194378 -147.58507 0
      vertex -27.516247 -147.65701 0
    endloop
  endfacet
  facet normal -0.3387082 0.94089144 0
    outer loop
      vertex -26.567345 -147.38133 0
      vertex -26.87766 -147.49304 1.5
      vertex -26.567345 -147.38133 1.5
    endloop
  endfacet
  facet normal -0.3387082 0.94089144 0
    outer loop
      vertex -26.87766 -147.49304 1.5
      vertex -26.567345 -147.38133 0
      vertex -26.87766 -147.49304 0
    endloop
  endfacet
  facet normal -0.79015684 0.6129047 0
    outer loop
      vertex -24.454805 -145.84648 0
      vertex -24.25266 -145.58588 1.5
      vertex -24.25266 -145.58588 0
    endloop
  endfacet
  facet normal -0.79015684 0.6129047 0
    outer loop
      vertex -24.25266 -145.58588 1.5
      vertex -24.454805 -145.84648 0
      vertex -24.454805 -145.84648 1.5
    endloop
  endfacet
  facet normal 0.39717975 0.9177408 0
    outer loop
      vertex -30.432653 -147.38133 0
      vertex -30.73534 -147.25034 1.5
      vertex -30.432653 -147.38133 1.5
    endloop
  endfacet
  facet normal 0.39717975 0.9177408 0
    outer loop
      vertex -30.73534 -147.25034 1.5
      vertex -30.432653 -147.38133 0
      vertex -30.73534 -147.25034 0
    endloop
  endfacet
  facet normal 0.61291474 0.79014903 0
    outer loop
      vertex -31.585873 -146.74734 0
      vertex -31.846476 -146.5452 1.5
      vertex -31.585873 -146.74734 1.5
    endloop
  endfacet
  facet normal 0.61291474 0.79014903 0
    outer loop
      vertex -31.846476 -146.5452 1.5
      vertex -31.585873 -146.74734 0
      vertex -31.846476 -146.5452 0
    endloop
  endfacet
  facet normal 0 0 -1
    outer loop
      vertex -23.260359 -142.82965 1.5
      vertex -23.260359 -142.17035 1.5
      vertex -23.25 -142.5 1.5
    endloop
  endfacet
  facet normal 0 0 -1
    outer loop
      vertex -23.291397 -143.158 1.5
      vertex -23.260359 -142.17035 1.5
      vertex -23.260359 -142.82965 1.5
    endloop
  endfacet
  facet normal 0 0 -1
    outer loop
      vertex -23.291397 -143.158 1.5
      vertex -23.291397 -141.842 1.5
      vertex -23.260359 -142.17035 1.5
    endloop
  endfacet
  facet normal 0 0 -1
    outer loop
      vertex -23.34299 -143.48375 1.5
      vertex -23.291397 -141.842 1.5
      vertex -23.291397 -143.158 1.5
    endloop
  endfacet
  facet normal 0 0 -1
    outer loop
      vertex -23.34299 -143.48375 1.5
      vertex -23.34299 -141.51625 1.5
      vertex -23.291397 -141.842 1.5
    endloop
  endfacet
  facet normal 0 0 -1
    outer loop
      vertex -23.414938 -143.80562 1.5
      vertex -23.34299 -141.51625 1.5
      vertex -23.34299 -143.48375 1.5
    endloop
  endfacet
  facet normal 0 0 -1
    outer loop
      vertex -23.414938 -143.80562 1.5
      vertex -23.414938 -141.19438 1.5
      vertex -23.34299 -141.51625 1.5
    endloop
  endfacet
  facet normal 0 0 -1
    outer loop
      vertex -23.506954 -144.12234 1.5
      vertex -23.414938 -141.19438 1.5
      vertex -23.414938 -143.80562 1.5
    endloop
  endfacet
  facet normal 0 0 -1
    outer loop
      vertex -23.506954 -144.12234 1.5
      vertex -23.506954 -140.87766 1.5
      vertex -23.414938 -141.19438 1.5
    endloop
  endfacet
  facet normal 0 0 -1
    outer loop
      vertex -23.618673 -144.43265 1.5
      vertex -23.506954 -140.87766 1.5
      vertex -23.506954 -144.12234 1.5
    endloop
  endfacet
  facet normal 0 0 -1
    outer loop
      vertex -23.618673 -144.43265 1.5
      vertex -23.618673 -140.56735 1.5
      vertex -23.506954 -140.87766 1.5
    endloop
  endfacet
  facet normal 0 0 -1
    outer loop
      vertex -23.749657 -144.73534 1.5
      vertex -23.618673 -140.56735 1.5
      vertex -23.618673 -144.43265 1.5
    endloop
  endfacet
  facet normal 0 0 -1
    outer loop
      vertex -23.749657 -144.73534 1.5
      vertex -23.749657 -140.26466 1.5
      vertex -23.618673 -140.56735 1.5
    endloop
  endfacet
  facet normal 0 0 -1
    outer loop
      vertex -23.89939 -145.0292 1.5
      vertex -23.749657 -140.26466 1.5
      vertex -23.749657 -144.73534 1.5
    endloop
  endfacet
  facet normal 0 0 -1
    outer loop
      vertex -23.89939 -145.0292 1.5
      vertex -23.89939 -139.9708 1.5
      vertex -23.749657 -140.26466 1.5
    endloop
  endfacet
  facet normal 0 0 -1
    outer loop
      vertex -24.067278 -145.3131 1.5
      vertex -23.89939 -139.9708 1.5
      vertex -23.89939 -145.0292 1.5
    endloop
  endfacet
  facet normal 0 0 -1
    outer loop
      vertex -24.067278 -145.3131 1.5
      vertex -24.067278 -139.6869 1.5
      vertex -23.89939 -139.9708 1.5
    endloop
  endfacet
  facet normal 0 0 -1
    outer loop
      vertex -24.25266 -145.58588 1.5
      vertex -24.067278 -139.6869 1.5
      vertex -24.067278 -145.3131 1.5
    endloop
  endfacet
  facet normal 0 0 -1
    outer loop
      vertex -24.25266 -145.58588 1.5
      vertex -24.25266 -139.41412 1.5
      vertex -24.067278 -139.6869 1.5
    endloop
  endfacet
  facet normal 0 0 -1
    outer loop
      vertex -24.454805 -145.84648 1.5
      vertex -24.25266 -139.41412 1.5
      vertex -24.25266 -145.58588 1.5
    endloop
  endfacet
  facet normal 0 0 -1
    outer loop
      vertex -24.454805 -145.84648 1.5
      vertex -24.454805 -139.15352 1.5
      vertex -24.25266 -139.41412 1.5
    endloop
  endfacet
  facet normal 0 0 -1
    outer loop
      vertex -24.672915 -146.09387 1.5
      vertex -24.454805 -139.15352 1.5
      vertex -24.454805 -145.84648 1.5
    endloop
  endfacet
  facet normal 0 0 -1
    outer loop
      vertex -24.672915 -146.09387 1.5
      vertex -24.672915 -138.90613 1.5
      vertex -24.454805 -139.15352 1.5
    endloop
  endfacet
  facet normal 0 0 -1
    outer loop
      vertex -24.906128 -146.32709 1.5
      vertex -24.672915 -138.90613 1.5
      vertex -24.672915 -146.09387 1.5
    endloop
  endfacet
  facet normal 0 0 -1
    outer loop
      vertex -24.906128 -146.32709 1.5
      vertex -24.906128 -138.67291 1.5
      vertex -24.672915 -138.90613 1.5
    endloop
  endfacet
  facet normal 0 0 -1
    outer loop
      vertex -25.153522 -146.5452 1.5
      vertex -24.906128 -138.67291 1.5
      vertex -24.906128 -146.32709 1.5
    endloop
  endfacet
  facet normal 0 0 -1
    outer loop
      vertex -25.153522 -146.5452 1.5
      vertex -25.153522 -138.4548 1.5
      vertex -24.906128 -138.67291 1.5
    endloop
  endfacet
  facet normal 0 0 -1
    outer loop
      vertex -25.414127 -146.74734 1.5
      vertex -25.153522 -138.4548 1.5
      vertex -25.153522 -146.5452 1.5
    endloop
  endfacet
  facet normal 0 0 -1
    outer loop
      vertex -25.414127 -146.74734 1.5
      vertex -25.414127 -138.25266 1.5
      vertex -25.153522 -138.4548 1.5
    endloop
  endfacet
  facet normal 0 0 -1
    outer loop
      vertex -25.686909 -146.93272 1.5
      vertex -25.414127 -138.25266 1.5
      vertex -25.414127 -146.74734 1.5
    endloop
  endfacet
  facet normal 0 0 -1
    outer loop
      vertex -25.686909 -146.93272 1.5
      vertex -25.686909 -138.06728 1.5
      vertex -25.414127 -138.25266 1.5
    endloop
  endfacet
  facet normal 0 0 -1
    outer loop
      vertex -25.970793 -147.10062 1.5
      vertex -25.686909 -138.06728 1.5
      vertex -25.686909 -146.93272 1.5
    endloop
  endfacet
  facet normal 0 0 -1
    outer loop
      vertex -25.970793 -147.10062 1.5
      vertex -25.970793 -137.89938 1.5
      vertex -25.686909 -138.06728 1.5
    endloop
  endfacet
  facet normal 0 0 -1
    outer loop
      vertex -26.264658 -147.25034 1.5
      vertex -25.970793 -137.89938 1.5
      vertex -25.970793 -147.10062 1.5
    endloop
  endfacet
  facet normal 0 0 -1
    outer loop
      vertex -26.264658 -147.25034 1.5
      vertex -26.264658 -137.74966 1.5
      vertex -25.970793 -137.89938 1.5
    endloop
  endfacet
  facet normal 0 0 -1
    outer loop
      vertex -26.567345 -147.38133 1.5
      vertex -26.264658 -137.74966 1.5
      vertex -26.264658 -147.25034 1.5
    endloop
  endfacet
  facet normal 0 0 -1
    outer loop
      vertex -26.567345 -147.38133 1.5
      vertex -26.567345 -137.61867 1.5
      vertex -26.264658 -137.74966 1.5
    endloop
  endfacet
  facet normal 0 0 -1
    outer loop
      vertex -26.87766 -147.49304 1.5
      vertex -26.567345 -137.61867 1.5
      vertex -26.567345 -147.38133 1.5
    endloop
  endfacet
  facet normal 0 0 -1
    outer loop
      vertex -26.87766 -147.49304 1.5
      vertex -26.87766 -137.50696 1.5
      vertex -26.567345 -137.61867 1.5
    endloop
  endfacet
  facet normal 0 0 -1
    outer loop
      vertex -27.194378 -147.58507 1.5
      vertex -26.87766 -137.50696 1.5
      vertex -26.87766 -147.49304 1.5
    endloop
  endfacet
  facet normal 0 0 -1
    outer loop
      vertex -27.194378 -147.58507 1.5
      vertex -27.194378 -137.41493 1.5
      vertex -26.87766 -137.50696 1.5
    endloop
  endfacet
  facet normal 0 0 -1
    outer loop
      vertex -27.516247 -147.65701 1.5
      vertex -27.194378 -137.41493 1.5
      vertex -27.194378 -147.58507 1.5
    endloop
  endfacet
  facet normal 0 0 -1
    outer loop
      vertex -27.516247 -147.65701 1.5
      vertex -27.516247 -137.34299 1.5
      vertex -27.194378 -137.41493 1.5
    endloop
  endfacet
  facet normal 0 0 -1
    outer loop
      vertex -27.842 -147.7086 1.5
      vertex -27.516247 -137.34299 1.5
      vertex -27.516247 -147.65701 1.5
    endloop
  endfacet
  facet normal 0 0 -1
    outer loop
      vertex -27.842 -147.7086 1.5
      vertex -27.842 -137.2914 1.5
      vertex -27.516247 -137.34299 1.5
    endloop
  endfacet
  facet normal 0 0 -1
    outer loop
      vertex -28.17035 -147.73964 1.5
      vertex -27.842 -137.2914 1.5
      vertex -27.842 -147.7086 1.5
    endloop
  endfacet
  facet normal 0 0 -1
    outer loop
      vertex -28.17035 -147.73964 1.5
      vertex -28.17035 -137.26036 1.5
      vertex -27.842 -137.2914 1.5
    endloop
  endfacet
  facet normal 0 0 -1
    outer loop
      vertex -28.5 -147.75 1.5
      vertex -28.17035 -137.26036 1.5
      vertex -28.17035 -147.73964 1.5
    endloop
  endfacet
  facet normal 0 0 -1
    outer loop
      vertex -28.5 -147.75 1.5
      vertex -28.5 -137.25 1.5
      vertex -28.17035 -137.26036 1.5
    endloop
  endfacet
  facet normal 0 0 -1
    outer loop
      vertex -28.82965 -147.73964 1.5
      vertex -28.5 -137.25 1.5
      vertex -28.5 -147.75 1.5
    endloop
  endfacet
  facet normal 0 0 -1
    outer loop
      vertex -28.82965 -147.73964 1.5
      vertex -28.82965 -137.26036 1.5
      vertex -28.5 -137.25 1.5
    endloop
  endfacet
  facet normal 0 0 -1
    outer loop
      vertex -29.157999 -147.7086 1.5
      vertex -28.82965 -137.26036 1.5
      vertex -28.82965 -147.73964 1.5
    endloop
  endfacet
  facet normal 0 0 -1
    outer loop
      vertex -29.157999 -147.7086 1.5
      vertex -29.157999 -137.2914 1.5
      vertex -28.82965 -137.26036 1.5
    endloop
  endfacet
  facet normal 0 0 -1
    outer loop
      vertex -29.483751 -147.65701 1.5
      vertex -29.157999 -137.2914 1.5
      vertex -29.157999 -147.7086 1.5
    endloop
  endfacet
  facet normal 0 0 -1
    outer loop
      vertex -29.483751 -147.65701 1.5
      vertex -29.483751 -137.34299 1.5
      vertex -29.157999 -137.2914 1.5
    endloop
  endfacet
  facet normal 0 0 -1
    outer loop
      vertex -29.805622 -147.58507 1.5
      vertex -29.483751 -137.34299 1.5
      vertex -29.483751 -147.65701 1.5
    endloop
  endfacet
  facet normal 0 0 -1
    outer loop
      vertex -29.805622 -147.58507 1.5
      vertex -29.805622 -137.41493 1.5
      vertex -29.483751 -137.34299 1.5
    endloop
  endfacet
  facet normal 0 0 -1
    outer loop
      vertex -30.122337 -147.49304 1.5
      vertex -29.805622 -137.41493 1.5
      vertex -29.805622 -147.58507 1.5
    endloop
  endfacet
  facet normal 0 0 -1
    outer loop
      vertex -30.122337 -147.49304 1.5
      vertex -30.122337 -137.50696 1.5
      vertex -29.805622 -137.41493 1.5
    endloop
  endfacet
  facet normal 0 0 -1
    outer loop
      vertex -30.432653 -147.38133 1.5
      vertex -30.122337 -137.50696 1.5
      vertex -30.122337 -147.49304 1.5
    endloop
  endfacet
  facet normal 0 0 -1
    outer loop
      vertex -30.432653 -147.38133 1.5
      vertex -30.432653 -137.61867 1.5
      vertex -30.122337 -137.50696 1.5
    endloop
  endfacet
  facet normal 0 0 -1
    outer loop
      vertex -30.73534 -147.25034 1.5
      vertex -30.432653 -137.61867 1.5
      vertex -30.432653 -147.38133 1.5
    endloop
  endfacet
  facet normal 0 0 -1
    outer loop
      vertex -30.73534 -147.25034 1.5
      vertex -30.73534 -137.74966 1.5
      vertex -30.432653 -137.61867 1.5
    endloop
  endfacet
  facet normal 0 0 -1
    outer loop
      vertex -31.029205 -147.10062 1.5
      vertex -30.73534 -137.74966 1.5
      vertex -30.73534 -147.25034 1.5
    endloop
  endfacet
  facet normal 0 0 -1
    outer loop
      vertex -31.029205 -147.10062 1.5
      vertex -31.029205 -137.89938 1.5
      vertex -30.73534 -137.74966 1.5
    endloop
  endfacet
  facet normal 0 0 -1
    outer loop
      vertex -31.313091 -146.93272 1.5
      vertex -31.029205 -137.89938 1.5
      vertex -31.029205 -147.10062 1.5
    endloop
  endfacet
  facet normal 0 0 -1
    outer loop
      vertex -31.313091 -146.93272 1.5
      vertex -31.313091 -138.06728 1.5
      vertex -31.029205 -137.89938 1.5
    endloop
  endfacet
  facet normal 0 0 -1
    outer loop
      vertex -31.585873 -146.74734 1.5
      vertex -31.313091 -138.06728 1.5
      vertex -31.313091 -146.93272 1.5
    endloop
  endfacet
  facet normal 0 0 -1
    outer loop
      vertex -31.585873 -146.74734 1.5
      vertex -31.585873 -138.25266 1.5
      vertex -31.313091 -138.06728 1.5
    endloop
  endfacet
  facet normal 0 0 -1
    outer loop
      vertex -31.846476 -146.5452 1.5
      vertex -31.585873 -138.25266 1.5
      vertex -31.585873 -146.74734 1.5
    endloop
  endfacet
  facet normal 0 0 -1
    outer loop
      vertex -31.846476 -146.5452 1.5
      vertex -31.846476 -138.4548 1.5
      vertex -31.585873 -138.25266 1.5
    endloop
  endfacet
  facet normal 0 0 -1
    outer loop
      vertex -32.093872 -146.32709 1.5
      vertex -31.846476 -138.4548 1.5
      vertex -31.846476 -146.5452 1.5
    endloop
  endfacet
  facet normal 0 0 -1
    outer loop
      vertex -32.093872 -146.32709 1.5
      vertex -32.093872 -138.67291 1.5
      vertex -31.846476 -138.4548 1.5
    endloop
  endfacet
  facet normal 0 0 -1
    outer loop
      vertex -32.327084 -146.09387 1.5
      vertex -32.093872 -138.67291 1.5
      vertex -32.093872 -146.32709 1.5
    endloop
  endfacet
  facet normal 0 0 -1
    outer loop
      vertex -32.327084 -146.09387 1.5
      vertex -32.327084 -138.90613 1.5
      vertex -32.093872 -138.67291 1.5
    endloop
  endfacet
  facet normal 0 0 -1
    outer loop
      vertex -32.545193 -145.84648 1.5
      vertex -32.327084 -138.90613 1.5
      vertex -32.327084 -146.09387 1.5
    endloop
  endfacet
  facet normal 0 0 -1
    outer loop
      vertex -32.545193 -145.84648 1.5
      vertex -32.545193 -139.15352 1.5
      vertex -32.327084 -138.90613 1.5
    endloop
  endfacet
  facet normal 0 0 -1
    outer loop
      vertex -32.747337 -145.58588 1.5
      vertex -32.545193 -139.15352 1.5
      vertex -32.545193 -145.84648 1.5
    endloop
  endfacet
  facet normal 0 0 -1
    outer loop
      vertex -32.747337 -145.58588 1.5
      vertex -32.747337 -139.41412 1.5
      vertex -32.545193 -139.15352 1.5
    endloop
  endfacet
  facet normal 0 0 -1
    outer loop
      vertex -32.93272 -145.3131 1.5
      vertex -32.747337 -139.41412 1.5
      vertex -32.747337 -145.58588 1.5
    endloop
  endfacet
  facet normal 0 0 -1
    outer loop
      vertex -32.93272 -145.3131 1.5
      vertex -32.93272 -139.6869 1.5
      vertex -32.747337 -139.41412 1.5
    endloop
  endfacet
  facet normal 0 0 -1
    outer loop
      vertex -33.10061 -145.0292 1.5
      vertex -32.93272 -139.6869 1.5
      vertex -32.93272 -145.3131 1.5
    endloop
  endfacet
  facet normal 0 0 -1
    outer loop
      vertex -33.10061 -145.0292 1.5
      vertex -33.10061 -139.9708 1.5
      vertex -32.93272 -139.6869 1.5
    endloop
  endfacet
  facet normal 0 0 -1
    outer loop
      vertex -33.250343 -144.73534 1.5
      vertex -33.10061 -139.9708 1.5
      vertex -33.10061 -145.0292 1.5
    endloop
  endfacet
  facet normal 0 0 -1
    outer loop
      vertex -33.250343 -144.73534 1.5
      vertex -33.250343 -140.26466 1.5
      vertex -33.10061 -139.9708 1.5
    endloop
  endfacet
  facet normal 0 0 -1
    outer loop
      vertex -33.381325 -144.43265 1.5
      vertex -33.250343 -140.26466 1.5
      vertex -33.250343 -144.73534 1.5
    endloop
  endfacet
  facet normal 0 0 -1
    outer loop
      vertex -33.381325 -144.43265 1.5
      vertex -33.381325 -140.56735 1.5
      vertex -33.250343 -140.26466 1.5
    endloop
  endfacet
  facet normal 0 0 -1
    outer loop
      vertex -33.493046 -144.12234 1.5
      vertex -33.381325 -140.56735 1.5
      vertex -33.381325 -144.43265 1.5
    endloop
  endfacet
  facet normal 0 0 -1
    outer loop
      vertex -33.493046 -144.12234 1.5
      vertex -33.493046 -140.87766 1.5
      vertex -33.381325 -140.56735 1.5
    endloop
  endfacet
  facet normal 0 0 -1
    outer loop
      vertex -33.58506 -143.80562 1.5
      vertex -33.493046 -140.87766 1.5
      vertex -33.493046 -144.12234 1.5
    endloop
  endfacet
  facet normal 0 0 -1
    outer loop
      vertex -33.58506 -143.80562 1.5
      vertex -33.58506 -141.19438 1.5
      vertex -33.493046 -140.87766 1.5
    endloop
  endfacet
  facet normal 0 0 -1
    outer loop
      vertex -33.657005 -143.48375 1.5
      vertex -33.58506 -141.19438 1.5
      vertex -33.58506 -143.80562 1.5
    endloop
  endfacet
  facet normal 0 0 -1
    outer loop
      vertex -33.657005 -143.48375 1.5
      vertex -33.657005 -141.51625 1.5
      vertex -33.58506 -141.19438 1.5
    endloop
  endfacet
  facet normal 0 0 -1
    outer loop
      vertex -33.708603 -143.158 1.5
      vertex -33.657005 -141.51625 1.5
      vertex -33.657005 -143.48375 1.5
    endloop
  endfacet
  facet normal 0 0 -1
    outer loop
      vertex -33.708603 -143.158 1.5
      vertex -33.708603 -141.842 1.5
      vertex -33.657005 -141.51625 1.5
    endloop
  endfacet
  facet normal 0 0 -1
    outer loop
      vertex -33.73964 -142.82965 1.5
      vertex -33.708603 -141.842 1.5
      vertex -33.708603 -143.158 1.5
    endloop
  endfacet
  facet normal 0 0 -1
    outer loop
      vertex -33.73964 -142.82965 1.5
      vertex -33.73964 -142.17035 1.5
      vertex -33.708603 -141.842 1.5
    endloop
  endfacet
  facet normal 0 0 -1
    outer loop
      vertex -33.73964 -142.17035 1.5
      vertex -33.73964 -142.82965 1.5
      vertex -33.75 -142.5 1.5
    endloop
  endfacet
  facet normal 0.9665427 0.21604344 0.13827643
    outer loop
      vertex 61.558086 -83.51939 26.93947
      vertex 64.90575 -81.25393 0
      vertex 61.54241 -83.460815 26.957523
    endloop
  endfacet
  facet normal 0.9665398 0.2160562 0.13827713
    outer loop
      vertex 64.90575 -81.25393 0
      vertex 61.558086 -83.51939 26.93947
      vertex 64.94686 -81.43786 0
    endloop
  endfacet
  facet normal -0.399011 0.9081132 0.12696701
    outer loop
      vertex -33.104374 -79.21067 0
      vertex -28.318855 -82.672585 39.79998
      vertex -28.317993 -82.6722 39.79996
    endloop
  endfacet
  facet normal -0.39397478 0.9103665 0.12655745
    outer loop
      vertex -28.318855 -82.672585 39.79998
      vertex -33.104374 -79.21067 0
      vertex -33.277336 -79.28552 0
    endloop
  endfacet
  facet normal -0.9506685 0.27619934 0.14122064
    outer loop
      vertex -29.920645 -84.33079 39.576416
      vertex -34.85317 -81.07295 0
      vertex -29.971857 -84.48887 39.54084
    endloop
  endfacet
  facet normal 0.9786712 0.1550023 0.13482185
    outer loop
      vertex 64.94686 -81.43786 0
      vertex 61.587193 -83.62814 26.905952
      vertex 61.609116 -83.73802 26.873138
    endloop
  endfacet
  facet normal 0.96654004 0.21605504 0.13827707
    outer loop
      vertex 64.94686 -81.43786 0
      vertex 61.558086 -83.51939 26.93947
      vertex 61.587193 -83.62814 26.905952
    endloop
  endfacet
  facet normal 0.9079838 0.39291745 0.14553788
    outer loop
      vertex 61.420746 -83.13536 27.062683
      vertex 64.71448 -80.722664 0
      vertex 61.39428 -83.081024 27.081106
    endloop
  endfacet
  facet normal 0.90797734 0.3929322 0.14553842
    outer loop
      vertex 64.71448 -80.722664 0
      vertex 61.420746 -83.13536 27.062683
      vertex 64.78933 -80.89563 0
    endloop
  endfacet
  facet normal 0.00002070846 0.9961906 0.08720271
    outer loop
      vertex 24.498669 -79.85474 9.768458
      vertex -27.333494 -82.47506 39.714943
      vertex 24.748838 -79.85681 9.792106
    endloop
  endfacet
  facet normal 0.000016569433 0.9961922 0.08718403
    outer loop
      vertex -27.333494 -82.47506 39.714943
      vertex 3.7511616 -79.85681 9.792106
      vertex 3.5 -79.8575 9.799999
    endloop
  endfacet
  facet normal -0.000020302667 0.99619675 0.08713227
    outer loop
      vertex 24.250475 -79.8513 9.729148
      vertex -27.333494 -82.47506 39.714943
      vertex 24.498669 -79.85474 9.768458
    endloop
  endfacet
  facet normal -0.000026741454 0.99619615 0.087139376
    outer loop
      vertex -27.333494 -82.47506 39.714943
      vertex 4.0013323 -79.85474 9.768458
      vertex 3.7511616 -79.85681 9.792106
    endloop
  endfacet
  facet normal 0.0000072435737 0.99619263 0.087179296
    outer loop
      vertex 24.005241 -79.846504 9.674332
      vertex -27.333494 -82.47506 39.714943
      vertex 24.250475 -79.8513 9.729148
    endloop
  endfacet
  facet normal 0.000031007177 0.9961909 0.08719934
    outer loop
      vertex -27.333494 -82.47506 39.714943
      vertex 4.249525 -79.8513 9.729148
      vertex 4.0013323 -79.85474 9.768458
    endloop
  endfacet
  facet normal 0 0.9961937 0.08716701
    outer loop
      vertex 4.4947586 -79.846504 9.674332
      vertex -27.333494 -82.47506 39.714943
      vertex 24.005241 -79.846504 9.674332
    endloop
  endfacet
  facet normal -0.000013117175 0.9961949 0.08715322
    outer loop
      vertex -27.333494 -82.47506 39.714943
      vertex 4.4947586 -79.846504 9.674332
      vertex 4.249525 -79.8513 9.729148
    endloop
  endfacet
  facet normal 0 0.99619406 0.08716292
    outer loop
      vertex 23.763931 -79.84037 9.604225
      vertex 4.4947586 -79.846504 9.674332
      vertex 24.005241 -79.846504 9.674332
    endloop
  endfacet
  facet normal 0 0.99619406 0.08716292
    outer loop
      vertex 23.763931 -79.84037 9.604225
      vertex 4.736068 -79.84037 9.604225
      vertex 4.4947586 -79.846504 9.674332
    endloop
  endfacet
  facet normal 0 0.9961955 0.08714687
    outer loop
      vertex 23.527502 -79.832924 9.519105
      vertex 4.736068 -79.84037 9.604225
      vertex 23.763931 -79.84037 9.604225
    endloop
  endfacet
  facet normal 0 0.9961955 0.08714687
    outer loop
      vertex 23.527502 -79.832924 9.519105
      vertex 4.972498 -79.832924 9.519105
      vertex 4.736068 -79.84037 9.604225
    endloop
  endfacet
  facet normal 0 0.9961908 0.087200604
    outer loop
      vertex 23.296883 -79.82419 9.419308
      vertex 4.972498 -79.832924 9.519105
      vertex 23.527502 -79.832924 9.519105
    endloop
  endfacet
  facet normal 0 0.9961908 0.087200604
    outer loop
      vertex 23.296883 -79.82419 9.419308
      vertex 5.2031164 -79.82419 9.419308
      vertex 4.972498 -79.832924 9.519105
    endloop
  endfacet
  facet normal 0 0.9961959 0.08714205
    outer loop
      vertex 23.072987 -79.81421 9.305226
      vertex 5.2031164 -79.82419 9.419308
      vertex 23.296883 -79.82419 9.419308
    endloop
  endfacet
  facet normal 0 0.9961959 0.08714205
    outer loop
      vertex 23.072987 -79.81421 9.305226
      vertex 5.4270144 -79.81421 9.305226
      vertex 5.2031164 -79.82419 9.419308
    endloop
  endfacet
  facet normal 0 0.9961939 0.087164834
    outer loop
      vertex 22.856693 -79.80302 9.177311
      vertex 5.4270144 -79.81421 9.305226
      vertex 23.072987 -79.81421 9.305226
    endloop
  endfacet
  facet normal 0 0.9961939 0.087164834
    outer loop
      vertex 22.856693 -79.80302 9.177311
      vertex 5.6433067 -79.80302 9.177311
      vertex 5.4270144 -79.81421 9.305226
    endloop
  endfacet
  facet normal 0 0.99619323 0.087172374
    outer loop
      vertex 22.648859 -79.79066 9.036067
      vertex 5.6433067 -79.80302 9.177311
      vertex 22.856693 -79.80302 9.177311
    endloop
  endfacet
  facet normal 0 0.99619323 0.087172374
    outer loop
      vertex 22.648859 -79.79066 9.036067
      vertex 5.851141 -79.79066 9.036067
      vertex 5.6433067 -79.80302 9.177311
    endloop
  endfacet
  facet normal 0 0.99619097 0.08719817
    outer loop
      vertex 22.450306 -79.777176 8.882052
      vertex 5.851141 -79.79066 9.036067
      vertex 22.648859 -79.79066 9.036067
    endloop
  endfacet
  facet normal 0 0.99619097 0.08719817
    outer loop
      vertex 22.450306 -79.777176 8.882052
      vertex 6.049695 -79.777176 8.882052
      vertex 5.851141 -79.79066 9.036067
    endloop
  endfacet
  facet normal 0 0.99619716 0.08712745
    outer loop
      vertex 22.261812 -79.76264 8.715874
      vertex 6.049695 -79.777176 8.882052
      vertex 22.450306 -79.777176 8.882052
    endloop
  endfacet
  facet normal 0 0.99619716 0.08712745
    outer loop
      vertex 22.261812 -79.76264 8.715874
      vertex 6.238188 -79.76264 8.715874
      vertex 6.049695 -79.777176 8.882052
    endloop
  endfacet
  facet normal 0 0.9961931 0.08717365
    outer loop
      vertex 22.084126 -79.74709 8.538188
      vertex 6.238188 -79.76264 8.715874
      vertex 22.261812 -79.76264 8.715874
    endloop
  endfacet
  facet normal 0 0.9961931 0.08717365
    outer loop
      vertex 22.084126 -79.74709 8.538188
      vertex 6.4158745 -79.74709 8.538188
      vertex 6.238188 -79.76264 8.715874
    endloop
  endfacet
  facet normal 0 0.996193 0.08717552
    outer loop
      vertex 21.917948 -79.7306 8.349695
      vertex 6.4158745 -79.74709 8.538188
      vertex 22.084126 -79.74709 8.538188
    endloop
  endfacet
  facet normal 0 0.996193 0.08717552
    outer loop
      vertex 21.917948 -79.7306 8.349695
      vertex 6.582052 -79.7306 8.349695
      vertex 6.4158745 -79.74709 8.538188
    endloop
  endfacet
  facet normal 0 0.99619436 0.08715983
    outer loop
      vertex 21.763931 -79.71323 8.15114
      vertex 6.582052 -79.7306 8.349695
      vertex 21.917948 -79.7306 8.349695
    endloop
  endfacet
  facet normal 0 0.99619436 0.08715983
    outer loop
      vertex 21.763931 -79.71323 8.15114
      vertex 6.736068 -79.71323 8.15114
      vertex 6.582052 -79.7306 8.349695
    endloop
  endfacet
  facet normal 0 0.99619246 0.08718132
    outer loop
      vertex 21.622688 -79.69504 7.9433064
      vertex 6.736068 -79.71323 8.15114
      vertex 21.763931 -79.71323 8.15114
    endloop
  endfacet
  facet normal 0 0.99619246 0.08718132
    outer loop
      vertex 21.622688 -79.69504 7.9433064
      vertex 6.8773108 -79.69504 7.9433064
      vertex 6.736068 -79.71323 8.15114
    endloop
  endfacet
  facet normal 0 0.9961956 0.08714554
    outer loop
      vertex 21.494774 -79.67612 7.727014
      vertex 6.8773108 -79.69504 7.9433064
      vertex 21.622688 -79.69504 7.9433064
    endloop
  endfacet
  facet normal 0 0.9961956 0.08714554
    outer loop
      vertex 21.494774 -79.67612 7.727014
      vertex 7.005226 -79.67612 7.727014
      vertex 6.8773108 -79.69504 7.9433064
    endloop
  endfacet
  facet normal 0 0.99619323 0.08717269
    outer loop
      vertex 21.380692 -79.656525 7.503117
      vertex 7.005226 -79.67612 7.727014
      vertex 21.494774 -79.67612 7.727014
    endloop
  endfacet
  facet normal 0 0.99619323 0.08717269
    outer loop
      vertex 21.380692 -79.656525 7.503117
      vertex 7.1193075 -79.656525 7.503117
      vertex 7.005226 -79.67612 7.727014
    endloop
  endfacet
  facet normal 0 0.9961935 0.087169304
    outer loop
      vertex 21.280895 -79.636345 7.2724977
      vertex 7.1193075 -79.656525 7.503117
      vertex 21.380692 -79.656525 7.503117
    endloop
  endfacet
  facet normal 0 0.9961935 0.087169304
    outer loop
      vertex 21.280895 -79.636345 7.2724977
      vertex 7.2191057 -79.636345 7.2724977
      vertex 7.1193075 -79.656525 7.503117
    endloop
  endfacet
  facet normal 0 0.9961925 0.08718066
    outer loop
      vertex 21.195774 -79.615654 7.0360675
      vertex 7.2191057 -79.636345 7.2724977
      vertex 21.280895 -79.636345 7.2724977
    endloop
  endfacet
  facet normal 0 0.9961925 0.08718066
    outer loop
      vertex 21.195774 -79.615654 7.0360675
      vertex 7.304226 -79.615654 7.0360675
      vertex 7.2191057 -79.636345 7.2724977
    endloop
  endfacet
  facet normal 0 0.99619514 0.087150835
    outer loop
      vertex 21.125668 -79.59454 6.7947593
      vertex 7.304226 -79.615654 7.0360675
      vertex 21.195774 -79.615654 7.0360675
    endloop
  endfacet
  facet normal 0 0.99619514 0.087150835
    outer loop
      vertex 21.125668 -79.59454 6.7947593
      vertex 7.3743324 -79.59454 6.7947593
      vertex 7.304226 -79.615654 7.0360675
    endloop
  endfacet
  facet normal 0 0.9961925 0.087180935
    outer loop
      vertex 21.07085 -79.57308 6.549525
      vertex 7.3743324 -79.59454 6.7947593
      vertex 21.125668 -79.59454 6.7947593
    endloop
  endfacet
  facet normal 0 0.9961925 0.087180935
    outer loop
      vertex 21.07085 -79.57308 6.549525
      vertex 7.4291487 -79.57308 6.549525
      vertex 7.3743324 -79.59454 6.7947593
    endloop
  endfacet
  facet normal 0 0.99619496 0.0871529
    outer loop
      vertex 21.031542 -79.55137 6.301333
      vertex 7.4291487 -79.57308 6.549525
      vertex 21.07085 -79.57308 6.549525
    endloop
  endfacet
  facet normal 0 0.99619496 0.0871529
    outer loop
      vertex 21.031542 -79.55137 6.301333
      vertex 7.468458 -79.55137 6.301333
      vertex 7.4291487 -79.57308 6.549525
    endloop
  endfacet
  facet normal 0 0.9961942 0.08716186
    outer loop
      vertex 21.007893 -79.52948 6.0511613
      vertex 7.468458 -79.55137 6.301333
      vertex 21.031542 -79.55137 6.301333
    endloop
  endfacet
  facet normal 0 0.9961942 0.08716186
    outer loop
      vertex 21.007893 -79.52948 6.0511613
      vertex 7.4921064 -79.52948 6.0511613
      vertex 7.468458 -79.55137 6.301333
    endloop
  endfacet
  facet normal 0 0.99619246 0.08718131
    outer loop
      vertex 21 -79.5075 5.7999997
      vertex 7.4921064 -79.52948 6.0511613
      vertex 21.007893 -79.52948 6.0511613
    endloop
  endfacet
  facet normal 0 0.99619246 0.08718131
    outer loop
      vertex 21 -79.5075 5.7999997
      vertex 7.5 -79.5075 5.7999997
      vertex 7.4921064 -79.52948 6.0511613
    endloop
  endfacet
  facet normal 0 0.9961937 0.087166905
    outer loop
      vertex 21 -79 3.8146973e-7
      vertex 7.5 -79.5075 5.7999997
      vertex 21 -79.5075 5.7999997
    endloop
  endfacet
  facet normal 0 0.9961937 0.087166905
    outer loop
      vertex 7.5 -79.5075 5.7999997
      vertex 21 -79 3.8146973e-7
      vertex 7.5 -79 3.8146973e-7
    endloop
  endfacet
  facet normal 0.0000151442755 0.99619615 0.08713902
    outer loop
      vertex 58.721703 -81.441284 27.900396
      vertex 25.251162 -79.85681 9.792106
      vertex 25 -79.8575 9.799999
    endloop
  endfacet
  facet normal -0.000020540387 0.9961904 0.08720448
    outer loop
      vertex 58.721703 -81.441284 27.900396
      vertex 25.501331 -79.85474 9.768458
      vertex 25.251162 -79.85681 9.792106
    endloop
  endfacet
  facet normal 0.00002004864 0.99619687 0.08713067
    outer loop
      vertex 58.721703 -81.441284 27.900396
      vertex 25.749525 -79.8513 9.729148
      vertex 25.501331 -79.85474 9.768458
    endloop
  endfacet
  facet normal -0.000007159089 0.99619263 0.08717967
    outer loop
      vertex 58.721703 -81.441284 27.900396
      vertex 25.994759 -79.846504 9.674332
      vertex 25.749525 -79.8513 9.729148
    endloop
  endfacet
  facet normal 7.689771e-7 0.9961938 0.08716554
    outer loop
      vertex 58.721703 -81.441284 27.900396
      vertex 26.236069 -79.84037 9.604225
      vertex 25.994759 -79.846504 9.674332
    endloop
  endfacet
  facet normal 0.0000044313383 0.9961944 0.08715909
    outer loop
      vertex 58.721703 -81.441284 27.900396
      vertex 26.472498 -79.832924 9.519105
      vertex 26.236069 -79.84037 9.604225
    endloop
  endfacet
  facet normal -0.000008378322 0.99619246 0.08718139
    outer loop
      vertex 58.721703 -81.441284 27.900396
      vertex 26.703117 -79.82419 9.419308
      vertex 26.472498 -79.832924 9.519105
    endloop
  endfacet
  facet normal 0.0000067994624 0.9961947 0.0871553
    outer loop
      vertex 58.721703 -81.441284 27.900396
      vertex 26.927013 -79.81421 9.305226
      vertex 26.703117 -79.82419 9.419308
    endloop
  endfacet
  facet normal 5.935258e-7 0.9961938 0.087165825
    outer loop
      vertex 58.721703 -81.441284 27.900396
      vertex 27.143307 -79.80302 9.177311
      vertex 26.927013 -79.81421 9.305226
    endloop
  endfacet
  facet normal -0.000001771896 0.99619347 0.08716979
    outer loop
      vertex 58.721703 -81.441284 27.900396
      vertex 27.351141 -79.79066 9.036067
      vertex 27.143307 -79.80302 9.177311
    endloop
  endfacet
  facet normal -0.000010686566 0.99619216 0.087184496
    outer loop
      vertex 58.721703 -81.441284 27.900396
      vertex 27.549694 -79.777176 8.882052
      vertex 27.351141 -79.79066 9.036067
    endloop
  endfacet
  facet normal 0.0000144127835 0.99619573 0.087143674
    outer loop
      vertex 58.721703 -81.441284 27.900396
      vertex 27.738188 -79.76264 8.715874
      vertex 27.549694 -79.777176 8.882052
    endloop
  endfacet
  facet normal -0.0000026499893 0.99619335 0.08717102
    outer loop
      vertex 58.721703 -81.441284 27.900396
      vertex 27.915874 -79.74709 8.538188
      vertex 27.738188 -79.76264 8.715874
    endloop
  endfacet
  facet normal -0.0000035376277 0.99619323 0.08717242
    outer loop
      vertex 58.721703 -81.441284 27.900396
      vertex 28.082052 -79.7306 8.349695
      vertex 27.915874 -79.74709 8.538188
    endloop
  endfacet
  facet normal 0.0000030499286 0.9961941 0.087162174
    outer loop
      vertex 58.721703 -81.441284 27.900396
      vertex 28.236069 -79.71323 8.15114
      vertex 28.082052 -79.7306 8.349695
    endloop
  endfacet
  facet normal -0.000006561768 0.9961929 0.0871769
    outer loop
      vertex 58.721703 -81.441284 27.900396
      vertex 28.377312 -79.69504 7.9433064
      vertex 28.236069 -79.71323 8.15114
    endloop
  endfacet
  facet normal 0.0000102402855 0.9961951 0.08715155
    outer loop
      vertex 58.721703 -81.441284 27.900396
      vertex 28.505226 -79.67612 7.727014
      vertex 28.377312 -79.69504 7.9433064
    endloop
  endfacet
  facet normal -0.0000029714304 0.99619335 0.08717118
    outer loop
      vertex 58.721703 -81.441284 27.900396
      vertex 28.619308 -79.656525 7.503117
      vertex 28.505226 -79.67612 7.727014
    endloop
  endfacet
  facet normal -0.0000013028988 0.9961936 0.08716874
    outer loop
      vertex 58.721703 -81.441284 27.900396
      vertex 28.719105 -79.636345 7.2724977
      vertex 28.619308 -79.656525 7.503117
    endloop
  endfacet
  facet normal -0.000007662164 0.99619275 0.08717792
    outer loop
      vertex 58.721703 -81.441284 27.900396
      vertex 28.804226 -79.615654 7.0360675
      vertex 28.719105 -79.636345 7.2724977
    endloop
  endfacet
  facet normal 0.000009456927 0.9961949 0.08715356
    outer loop
      vertex 58.721703 -81.441284 27.900396
      vertex 28.874332 -79.59454 6.7947593
      vertex 28.804226 -79.615654 7.0360675
    endloop
  endfacet
  facet normal -6.602398e-8 0.9961937 0.08716693
    outer loop
      vertex 62 -79 0
      vertex 28.874332 -79.59454 6.7947593
      vertex 58.721703 -81.441284 27.900396
    endloop
  endfacet
  facet normal 0.0000029657226 0.99619246 0.08718159
    outer loop
      vertex 28.874332 -79.59454 6.7947593
      vertex 62 -79 0
      vertex 28.92915 -79.57308 6.549525
    endloop
  endfacet
  facet normal -0.0000028507238 0.99619496 0.087152444
    outer loop
      vertex 28.92915 -79.57308 6.549525
      vertex 62 -79 0
      vertex 28.968458 -79.55137 6.301333
    endloop
  endfacet
  facet normal -0.0000010598596 0.9961942 0.087161765
    outer loop
      vertex 28.968458 -79.55137 6.301333
      vertex 62 -79 0
      vertex 28.992107 -79.52948 6.0511613
    endloop
  endfacet
  facet normal 0.0000025655636 0.99619246 0.08718139
    outer loop
      vertex 28.992107 -79.52948 6.0511613
      vertex 62 -79 0
      vertex 29 -79.5075 5.7999997
    endloop
  endfacet
  facet normal 0 0 0
    outer loop
      vertex 29 -79 3.8146973e-7
      vertex 7.5 -79 3.8146973e-7
      vertex 21 -79 3.8146973e-7
    endloop
  endfacet
  facet normal 0 0 0
    outer loop
      vertex 29 -79 3.8146973e-7
      vertex -0.5 -79 3.8146973e-7
      vertex 7.5 -79 3.8146973e-7
    endloop
  endfacet
  facet normal 0 1 0
    outer loop
      vertex 29 -79 3.8146973e-7
      vertex 62 -79 0
      vertex -0.5 -79 3.8146973e-7
    endloop
  endfacet
  facet normal 1.0076223e-9 0.9961937 0.087166905
    outer loop
      vertex 29 -79.5075 5.7999997
      vertex 62 -79 0
      vertex 29 -79 3.8146973e-7
    endloop
  endfacet
  facet normal -0.000017027938 0.99619097 0.0871985
    outer loop
      vertex 24.748838 -79.85681 9.792106
      vertex 58.721703 -81.441284 27.900396
      vertex 25 -79.8575 9.799999
    endloop
  endfacet
  facet normal -3.972603e-8 0.9961937 0.087166876
    outer loop
      vertex 58.721703 -81.441284 27.900396
      vertex 24.748838 -79.85681 9.792106
      vertex -27.333494 -82.47506 39.714943
    endloop
  endfacet
  facet normal -0.000015529686 0.9961951 0.08715119
    outer loop
      vertex 3.2488384 -79.85681 9.792106
      vertex -27.333494 -82.47506 39.714943
      vertex 3.5 -79.8575 9.799999
    endloop
  endfacet
  facet normal 0.000021990973 0.99619174 0.08718925
    outer loop
      vertex 2.9986677 -79.85474 9.768458
      vertex -27.333494 -82.47506 39.714943
      vertex 3.2488384 -79.85681 9.792106
    endloop
  endfacet
  facet normal -0.000022292224 0.9961957 0.08714473
    outer loop
      vertex 2.750475 -79.8513 9.729148
      vertex -27.333494 -82.47506 39.714943
      vertex 2.9986677 -79.85474 9.768458
    endloop
  endfacet
  facet normal 0.000008191847 0.996193 0.087175086
    outer loop
      vertex 2.5052414 -79.846504 9.674332
      vertex -27.333494 -82.47506 39.714943
      vertex 2.750475 -79.8513 9.729148
    endloop
  endfacet
  facet normal -9.301527e-7 0.99619377 0.08716609
    outer loop
      vertex 2.2639322 -79.84037 9.604225
      vertex -27.333494 -82.47506 39.714943
      vertex 2.5052414 -79.846504 9.674332
    endloop
  endfacet
  facet normal -0.0000053928675 0.9961942 0.08716174
    outer loop
      vertex 2.027502 -79.832924 9.519105
      vertex -27.333494 -82.47506 39.714943
      vertex 2.2639322 -79.84037 9.604225
    endloop
  endfacet
  facet normal 0.000010331541 0.9961929 0.08717691
    outer loop
      vertex 1.7968836 -79.82419 9.419308
      vertex -27.333494 -82.47506 39.714943
      vertex 2.027502 -79.832924 9.519105
    endloop
  endfacet
  facet normal -0.000008615315 0.9961944 0.08715884
    outer loop
      vertex 1.5729856 -79.81421 9.305226
      vertex -27.333494 -82.47506 39.714943
      vertex 1.7968836 -79.82419 9.419308
    endloop
  endfacet
  facet normal -8.123678e-7 0.99619377 0.0871662
    outer loop
      vertex 1.3566933 -79.80302 9.177311
      vertex -27.333494 -82.47506 39.714943
      vertex 1.5729856 -79.81421 9.305226
    endloop
  endfacet
  facet normal 0.0000022661254 0.9961935 0.087169066
    outer loop
      vertex 1.148859 -79.79066 9.036067
      vertex -27.333494 -82.47506 39.714943
      vertex 1.3566933 -79.80302 9.177311
    endloop
  endfacet
  facet normal 0.000014174282 0.9961926 0.08718003
    outer loop
      vertex 0.950305 -79.777176 8.882052
      vertex -27.333494 -82.47506 39.714943
      vertex 1.148859 -79.79066 9.036067
    endloop
  endfacet
  facet normal -0.000019491306 0.99619526 0.08714939
    outer loop
      vertex 0.7618122 -79.76264 8.715874
      vertex -27.333494 -82.47506 39.714943
      vertex 0.950305 -79.777176 8.882052
    endloop
  endfacet
  facet normal 0.00000355706 0.99619347 0.08717012
    outer loop
      vertex 0.5841255 -79.74709 8.538188
      vertex -27.333494 -82.47506 39.714943
      vertex 0.7618122 -79.76264 8.715874
    endloop
  endfacet
  facet normal 0.00000485256 0.99619335 0.08717127
    outer loop
      vertex 0.41794777 -79.7306 8.349695
      vertex -27.333494 -82.47506 39.714943
      vertex 0.5841255 -79.74709 8.538188
    endloop
  endfacet
  facet normal -0.000004358425 0.99619406 0.08716318
    outer loop
      vertex 0.26393223 -79.71323 8.15114
      vertex -27.333494 -82.47506 39.714943
      vertex 0.41794777 -79.7306 8.349695
    endloop
  endfacet
  facet normal 0.000009312238 0.996193 0.08717504
    outer loop
      vertex 0.12268925 -79.69504 7.9433064
      vertex -27.333494 -82.47506 39.714943
      vertex 0.26393223 -79.71323 8.15114
    endloop
  endfacet
  facet normal -0.000014899069 0.99619484 0.087154284
    outer loop
      vertex -0.0052261353 -79.67612 7.727014
      vertex -27.333494 -82.47506 39.714943
      vertex 0.12268925 -79.69504 7.9433064
    endloop
  endfacet
  facet normal -0.0000014781128 0.9961932 0.08717343
    outer loop
      vertex -32 -79 0
      vertex -0.0052261353 -79.67612 7.727014
      vertex -0.11930752 -79.656525 7.503117
    endloop
  endfacet
  facet normal -5.541298e-7 0.99619347 0.087169535
    outer loop
      vertex -32 -79 0
      vertex -0.11930752 -79.656525 7.503117
      vertex -0.21910572 -79.636345 7.2724977
    endloop
  endfacet
  facet normal -0.0000033979834 0.9961924 0.08718187
    outer loop
      vertex -32 -79 0
      vertex -0.21910572 -79.636345 7.2724977
      vertex -0.30422592 -79.615654 7.0360675
    endloop
  endfacet
  facet normal 0.0000037894213 0.9961952 0.08714974
    outer loop
      vertex -32 -79 0
      vertex -0.30422592 -79.615654 7.0360675
      vertex -0.37433243 -79.59454 6.7947593
    endloop
  endfacet
  facet normal -0.0000031134798 0.99619246 0.08718163
    outer loop
      vertex -32 -79 0
      vertex -0.37433243 -79.59454 6.7947593
      vertex -0.42914867 -79.57308 6.549525
    endloop
  endfacet
  facet normal 0.0000029907717 0.99619496 0.08715242
    outer loop
      vertex -32 -79 0
      vertex -0.42914867 -79.57308 6.549525
      vertex -0.46845818 -79.55137 6.301333
    endloop
  endfacet
  facet normal 0.0000011112487 0.9961942 0.08716176
    outer loop
      vertex -32 -79 0
      vertex -0.46845818 -79.55137 6.301333
      vertex -0.49210644 -79.52948 6.0511613
    endloop
  endfacet
  facet normal -0.0000026884463 0.99619246 0.08718139
    outer loop
      vertex -32 -79 0
      vertex -0.49210644 -79.52948 6.0511613
      vertex -0.5 -79.5075 5.7999997
    endloop
  endfacet
  facet normal -1.0556044e-9 0.9961937 0.087166905
    outer loop
      vertex -32 -79 0
      vertex -0.5 -79.5075 5.7999997
      vertex -0.5 -79 3.8146973e-7
    endloop
  endfacet
  facet normal 9.0465676e-8 0.9961937 0.08716699
    outer loop
      vertex -0.0052261353 -79.67612 7.727014
      vertex -32 -79 0
      vertex -27.333494 -82.47506 39.714943
    endloop
  endfacet
  facet normal 0 1 0
    outer loop
      vertex -32 -79 0
      vertex -0.5 -79 3.8146973e-7
      vertex 62 -79 0
    endloop
  endfacet
  facet normal 0.8179858 0.5558743 0.14799686
    outer loop
      vertex 64.42705 -80.23665 0
      vertex 61.056713 -82.5389 27.275236
      vertex 61.12594 -82.63151 27.24045
    endloop
  endfacet
  facet normal 0.99227786 3.265464e-8 0.12403476
    outer loop
      vertex 63.757584 -145.20485 9.939345
      vertex 65 -82 0
      vertex 61.655285 -84.14062 26.757715
    endloop
  endfacet
  facet normal 0.9922779 0 0.12403456
    outer loop
      vertex 65 -82 0
      vertex 63.757584 -145.20485 9.939345
      vertex 65 -146 0
    endloop
  endfacet
  facet normal -0.78148466 0.6061821 0.14773296
    outer loop
      vertex -34.42705 -80.23665 0
      vertex -29.51805 -83.58836 39.720722
      vertex -34.31154 -80.08773 0
    endloop
  endfacet
  facet normal -0.7826913 0.6046191 0.14775018
    outer loop
      vertex -29.51805 -83.58836 39.720722
      vertex -34.42705 -80.23665 0
      vertex -29.518875 -83.58939 39.720562
    endloop
  endfacet
  facet normal 0.9870036 0.093263134 0.13086565
    outer loop
      vertex 61.629032 -83.858 26.837877
      vertex 64.97634 -81.624 0
      vertex 61.621017 -83.79767 26.855328
    endloop
  endfacet
  facet normal 0.9869988 0.09330997 0.13086894
    outer loop
      vertex 64.97634 -81.624 0
      vertex 61.629032 -83.858 26.837877
      vertex 64.99408 -81.81163 0
    endloop
  endfacet
  facet normal 0.781518 -0.60613894 0.14773358
    outer loop
      vertex 63.162994 -147.0735 9.517285
      vertex 63.13892 -147.10585 9.511917
      vertex 64.31154 -147.91228 0
    endloop
  endfacet
  facet normal 0.9914857 0.031171424 0.12642941
    outer loop
      vertex 61.64783 -84.029564 26.788813
      vertex 64.99408 -81.81163 0
      vertex 61.643745 -83.96872 26.805851
    endloop
  endfacet
  facet normal 0.99148613 0.031162139 0.1264287
    outer loop
      vertex 64.99408 -81.81163 0
      vertex 61.64783 -84.029564 26.788813
      vertex 65 -82 0
    endloop
  endfacet
  facet normal 0.60676885 -0.78221965 0.14129402
    outer loop
      vertex 63.763355 -148.42705 0
      vertex 62.7242 -147.52492 9.456807
      vertex 62.611492 -147.61383 9.448589
    endloop
  endfacet
  facet normal 0.6067557 -0.7822299 0.14129354
    outer loop
      vertex 62.7242 -147.52492 9.456807
      vertex 63.763355 -148.42705 0
      vertex 63.91227 -148.31154 0
    endloop
  endfacet
  facet normal -0.031270444 -0.99538076 0.090770334
    outer loop
      vertex -29.4464 -147.02422 22.546022
      vertex -32 -149 0
      vertex -29.352528 -147.02847 22.531677
    endloop
  endfacet
  facet normal -0.9869981 -0.09331641 0.13086934
    outer loop
      vertex -32.038006 -144.28513 23.6514
      vertex -34.99408 -146.18837 0
      vertex -32.03213 -144.38713 23.62297
    endloop
  endfacet
  facet normal -0.99148744 -0.031128887 0.1264263
    outer loop
      vertex -32.037457 -144.10397 23.700338
      vertex -35 -146 0
      vertex -32.03777 -144.20653 23.672634
    endloop
  endfacet
  facet normal -0.6544705 0.7423057 0.14370331
    outer loop
      vertex -29.047935 -83.101944 39.78627
      vertex -34.053642 -79.813095 0
      vertex -29.17595 -83.2125 39.774345
    endloop
  endfacet
  facet normal 0.2770706 0.9537847 0.116303936
    outer loop
      vertex 62.74607 -79.09425 0
      vertex 59.486893 -81.53348 27.76791
      vertex 62.92705 -79.14683 0
    endloop
  endfacet
  facet normal 0.27713418 0.9537655 0.11630972
    outer loop
      vertex 59.486893 -81.53348 27.76791
      vertex 62.74607 -79.09425 0
      vertex 59.43011 -81.51845 27.779957
    endloop
  endfacet
  facet normal -0.21682182 0.96993464 0.11052171
    outer loop
      vertex -27.83317 -82.52781 39.770897
      vertex -32.56214 -79.05314 0
      vertex -27.996302 -82.56572 39.783566
    endloop
  endfacet
  facet normal -0.556663 -0.81913495 0.13836274
    outer loop
      vertex -33.763355 -148.42705 0
      vertex -30.828808 -146.55888 22.866217
      vertex -30.892845 -146.51169 22.887987
    endloop
  endfacet
  facet normal -0.55670714 -0.81910443 0.13836591
    outer loop
      vertex -30.828808 -146.55888 22.866217
      vertex -33.763355 -148.42705 0
      vertex -33.60748 -148.53299 0
    endloop
  endfacet
  facet normal -0.8813532 -0.44904077 0.14689748
    outer loop
      vertex -34.71448 -147.27734 0
      vertex -31.781485 -145.40804 23.311508
      vertex -31.814186 -145.33597 23.335604
    endloop
  endfacet
  facet normal -0.8813431 -0.44906053 0.1468978
    outer loop
      vertex -31.781485 -145.40804 23.311508
      vertex -34.71448 -147.27734 0
      vertex -34.62892 -147.44527 0
    endloop
  endfacet
  facet normal 0.8513023 0.50345176 0.14771822
    outer loop
      vertex 61.194923 -82.730064 27.204086
      vertex 64.53298 -80.39252 0
      vertex 61.161972 -82.6797 27.222343
    endloop
  endfacet
  facet normal 0.85129756 0.5034598 0.14771833
    outer loop
      vertex 64.53298 -80.39252 0
      vertex 61.194923 -82.730064 27.204086
      vertex 64.62892 -80.55474 0
    endloop
  endfacet
  facet normal -0.98700005 0.093297526 0.13086814
    outer loop
      vertex -30.046223 -84.82054 39.461548
      vertex -34.99408 -81.81163 0
      vertex -30.067125 -84.98382 39.420303
    endloop
  endfacet
  facet normal -0.3343861 0.93457067 0.12150558
    outer loop
      vertex -32.92705 -79.14683 0
      vertex -28.317993 -82.6722 39.79996
      vertex -28.31711 -82.67188 39.799927
    endloop
  endfacet
  facet normal -0.33623475 0.9338872 0.12165912
    outer loop
      vertex -28.317993 -82.6722 39.79996
      vertex -32.92705 -79.14683 0
      vertex -33.104374 -79.21067 0
    endloop
  endfacet
  facet normal -7.309112e-8 -0.9961937 0.087167196
    outer loop
      vertex -32 -149 0
      vertex 60.8787 -148.165 9.542985
      vertex -29.352528 -147.02847 22.531677
    endloop
  endfacet
  facet normal 0 -0.99619377 0.08716649
    outer loop
      vertex 60.8787 -148.165 9.542985
      vertex -32 -149 0
      vertex 62 -149 0
    endloop
  endfacet
  facet normal 0.9786676 0.15502387 0.13482325
    outer loop
      vertex 61.621017 -83.79767 26.855328
      vertex 64.94686 -81.43786 0
      vertex 61.609116 -83.73802 26.873138
    endloop
  endfacet
  facet normal 0.9786723 0.15499589 0.13482137
    outer loop
      vertex 64.94686 -81.43786 0
      vertex 61.621017 -83.79767 26.855328
      vertex 64.97634 -81.624 0
    endloop
  endfacet
  facet normal -0.9311276 -0.3352134 0.14364317
    outer loop
      vertex -34.85317 -146.92705 0
      vertex -31.877916 -145.16861 23.389845
      vertex -31.901436 -145.09311 23.413578
    endloop
  endfacet
  facet normal -0.9311251 -0.33522025 0.14364336
    outer loop
      vertex -31.877916 -145.16861 23.389845
      vertex -34.85317 -146.92705 0
      vertex -34.78933 -147.10437 0
    endloop
  endfacet
  facet normal 0.95067483 0.2761781 0.14121976
    outer loop
      vertex 64.85317 -81.07295 0
      vertex 61.486855 -83.29633 27.009836
      vertex 61.52301 -83.40338 26.97579
    endloop
  endfacet
  facet normal 0.7815094 0.60615015 0.14773309
    outer loop
      vertex 61.056713 -82.5389 27.275236
      vertex 64.31154 -80.08773 0
      vertex 61.017815 -82.4931 27.293095
    endloop
  endfacet
  facet normal 0.7814943 0.6061696 0.14773305
    outer loop
      vertex 64.31154 -80.08773 0
      vertex 61.056713 -82.5389 27.275236
      vertex 64.42705 -80.23665 0
    endloop
  endfacet
  facet normal -0.96654165 0.21604812 0.13827674
    outer loop
      vertex -29.973053 -84.49299 39.539894
      vertex -34.94686 -81.43786 0
      vertex -30.014328 -84.65355 39.50225
    endloop
  endfacet
  facet normal -0.4499491 -0.8833981 0.13097167
    outer loop
      vertex -33.44526 -148.62892 0
      vertex -30.528477 -146.73787 22.775578
      vertex -30.598259 -146.69933 22.795818
    endloop
  endfacet
  facet normal -0.45005846 -0.883341 0.13098094
    outer loop
      vertex -30.528477 -146.73787 22.775578
      vertex -33.44526 -148.62892 0
      vertex -33.277336 -148.71448 0
    endloop
  endfacet
  facet normal 0.9506613 0.27622354 0.14122202
    outer loop
      vertex 61.54241 -83.460815 26.957523
      vertex 64.85317 -81.07295 0
      vertex 61.52301 -83.40338 26.97579
    endloop
  endfacet
  facet normal 0.95067626 0.27617344 0.14121942
    outer loop
      vertex 64.85317 -81.07295 0
      vertex 61.54241 -83.460815 26.957523
      vertex 64.90575 -81.25393 0
    endloop
  endfacet
  facet normal -0.85129756 0.5034598 0.14771836
    outer loop
      vertex -29.61797 -83.72902 39.69671
      vertex -34.53298 -80.39252 0
      vertex -34.62892 -80.55474 0
    endloop
  endfacet
  facet normal -0.8520272 0.5022279 0.14770515
    outer loop
      vertex -34.53298 -80.39252 0
      vertex -29.61797 -83.72902 39.69671
      vertex -29.617216 -83.727806 39.69693
    endloop
  endfacet
  facet normal -0.03128453 -0.9953802 0.090771854
    outer loop
      vertex -32 -149 0
      vertex -29.52714 -147.02055 22.55836
      vertex -32.18837 -148.99408 0
    endloop
  endfacet
  facet normal -0.03127785 -0.99538046 0.090771146
    outer loop
      vertex -29.52714 -147.02055 22.55836
      vertex -32 -149 0
      vertex -29.4464 -147.02422 22.546022
    endloop
  endfacet
  facet normal 0.7419847 0.6541185 0.14692755
    outer loop
      vertex 64.186905 -79.94636 0
      vertex 60.820152 -82.27727 27.379276
      vertex 60.901028 -82.36134 27.34516
    endloop
  endfacet
  facet normal -0.8179673 0.55590147 0.14799699
    outer loop
      vertex -34.53298 -80.39252 0
      vertex -29.616388 -83.72664 39.69713
      vertex -34.42705 -80.23665 0
    endloop
  endfacet
  facet normal -0.81842077 0.55523354 0.14799707
    outer loop
      vertex -29.616388 -83.72664 39.69713
      vertex -34.53298 -80.39252 0
      vertex -29.617216 -83.727806 39.69693
    endloop
  endfacet
  facet normal 0.8179439 -0.555936 0.14799659
    outer loop
      vertex 63.270653 -146.92442 9.542494
      vertex 63.24866 -146.9584 9.536389
      vertex 64.42705 -147.76335 0
    endloop
  endfacet
  facet normal -0.99227786 -1.4916672e-8 0.12403475
    outer loop
      vertex -35 -82 0
      vertex -32.037457 -144.10397 23.700338
      vertex -30.077898 -85.15015 39.376812
    endloop
  endfacet
  facet normal -0.99227786 0 0.124034785
    outer loop
      vertex -32.037457 -144.10397 23.700338
      vertex -35 -82 0
      vertex -35 -146 0
    endloop
  endfacet
  facet normal -0.45008305 -0.88332826 0.13098249
    outer loop
      vertex -30.681465 -146.65335 22.819952
      vertex -33.44526 -148.62892 0
      vertex -30.598259 -146.69933 22.795818
    endloop
  endfacet
  facet normal 0.031519108 -0.99537045 0.09079794
    outer loop
      vertex 60.919777 -148.1642 9.537424
      vertex 60.8787 -148.165 9.542985
      vertex 62 -149 0
    endloop
  endfacet
  facet normal 0.21678422 -0.9699434 0.11051897
    outer loop
      vertex 62.56214 -148.94687 0
      vertex 61.616604 -148.08003 9.462267
      vertex 61.474842 -148.11038 9.473977
    endloop
  endfacet
  facet normal 0.21685365 -0.96992725 0.11052443
    outer loop
      vertex 61.616604 -148.08003 9.462267
      vertex 62.56214 -148.94687 0
      vertex 62.74607 -148.90575 0
    endloop
  endfacet
  facet normal 0.65443957 -0.74233335 0.14370129
    outer loop
      vertex 63.91227 -148.31154 0
      vertex 62.86216 -147.40408 9.470117
      vertex 62.755608 -147.50015 9.459097
    endloop
  endfacet
  facet normal 0.65443933 -0.74233353 0.14370127
    outer loop
      vertex 62.86216 -147.40408 9.470117
      vertex 63.91227 -148.31154 0
      vertex 64.05364 -148.1869 0
    endloop
  endfacet
  facet normal -0.96654415 0.21603714 0.13827622
    outer loop
      vertex -29.973053 -84.49299 39.539894
      vertex -34.90575 -81.25393 0
      vertex -34.94686 -81.43786 0
    endloop
  endfacet
  facet normal -0.96650743 0.21619597 0.13828465
    outer loop
      vertex -34.90575 -81.25393 0
      vertex -29.973053 -84.49299 39.539894
      vertex -29.972519 -84.49091 39.540382
    endloop
  endfacet
  facet normal -0.5043869 0.8528714 0.134923
    outer loop
      vertex -28.624489 -82.81699 39.80386
      vertex -33.44526 -79.37108 0
      vertex -28.77009 -82.90267 39.80114
    endloop
  endfacet
  facet normal 0.6995622 0.6995846 0.14558181
    outer loop
      vertex 60.820152 -82.27727 27.379276
      vertex 64.05364 -79.813095 0
      vertex 60.689785 -82.15746 27.430016
    endloop
  endfacet
  facet normal 0.6995734 0.6995734 0.14558211
    outer loop
      vertex 64.05364 -79.813095 0
      vertex 60.820152 -82.27727 27.379276
      vertex 64.186905 -79.94636 0
    endloop
  endfacet
  facet normal -0.9786663 -0.15503171 0.13482359
    outer loop
      vertex -34.97634 -146.376 0
      vertex -32.01831 -144.54396 23.578592
      vertex -32.027607 -144.46573 23.601068
    endloop
  endfacet
  facet normal -0.97867227 -0.15499589 0.13482155
    outer loop
      vertex -32.01831 -144.54396 23.578592
      vertex -34.97634 -146.376 0
      vertex -34.94686 -146.56215 0
    endloop
  endfacet
  facet normal -0.39390934 -0.91039556 0.12655175
    outer loop
      vertex -33.277336 -148.71448 0
      vertex -30.37045 -146.81213 22.733273
      vertex -30.442701 -146.77818 22.752615
    endloop
  endfacet
  facet normal -0.3939411 -0.91038144 0.12655462
    outer loop
      vertex -30.37045 -146.81213 22.733273
      vertex -33.277336 -148.71448 0
      vertex -33.104374 -148.78932 0
    endloop
  endfacet
  facet normal 0.606756 0.7822298 0.14129321
    outer loop
      vertex 63.91227 -79.68846 0
      vertex 60.455936 -81.97688 27.511742
      vertex 60.552044 -82.04563 27.479633
    endloop
  endfacet
  facet normal -0.9506699 -0.27619478 0.14122038
    outer loop
      vertex -31.955353 -144.89917 23.473633
      vertex -34.85317 -146.92705 0
      vertex -31.931309 -144.99722 23.443724
    endloop
  endfacet
  facet normal -0.8179683 0.5559 0.14799699
    outer loop
      vertex -29.518875 -83.58939 39.720562
      vertex -34.42705 -80.23665 0
      vertex -29.616388 -83.72664 39.69713
    endloop
  endfacet
  facet normal 0.9914867 0.03114618 0.12642756
    outer loop
      vertex 65 -82 0
      vertex 61.64783 -84.029564 26.788813
      vertex 61.655285 -84.14062 26.757715
    endloop
  endfacet
  facet normal 0.98699903 0.09330715 0.13086876
    outer loop
      vertex 64.99408 -81.81163 0
      vertex 61.629032 -83.858 26.837877
      vertex 61.643745 -83.96872 26.805851
    endloop
  endfacet
  facet normal -0.216593 0.9699882 0.11050018
    outer loop
      vertex -32.56214 -79.05314 0
      vertex -27.997288 -82.56595 39.78364
      vertex -27.996302 -82.56572 39.783566
    endloop
  endfacet
  facet normal -0.21681541 0.9699362 0.1105211
    outer loop
      vertex -27.997288 -82.56595 39.78364
      vertex -32.56214 -79.05314 0
      vertex -32.74607 -79.09425 0
    endloop
  endfacet
  facet normal 0.741979 -0.654125 0.14692754
    outer loop
      vertex 63.045906 -147.21506 9.4954405
      vertex 64.31154 -147.91228 0
      vertex 63.13892 -147.10585 9.511917
    endloop
  endfacet
  facet normal 0.7419433 -0.65416586 0.14692579
    outer loop
      vertex 64.31154 -147.91228 0
      vertex 63.045906 -147.21506 9.4954405
      vertex 64.186905 -148.05363 0
    endloop
  endfacet
  facet normal -0.881346 0.44905496 0.14689751
    outer loop
      vertex -29.706898 -83.87172 39.670593
      vertex -34.62892 -80.55474 0
      vertex -29.786768 -84.019104 39.641937
    endloop
  endfacet
  facet normal 0.9311143 0.33524975 0.1436445
    outer loop
      vertex 61.44371 -83.19128 27.044327
      vertex 64.78933 -80.89563 0
      vertex 61.420746 -83.13536 27.062683
    endloop
  endfacet
  facet normal 0.9311186 0.33523795 0.14364403
    outer loop
      vertex 64.78933 -80.89563 0
      vertex 61.44371 -83.19128 27.044327
      vertex 64.85317 -81.07295 0
    endloop
  endfacet
  facet normal -0.27789038 0.95353687 0.11638025
    outer loop
      vertex -32.74607 -79.09425 0
      vertex -27.998259 -82.56624 39.7837
      vertex -27.997288 -82.56595 39.78364
    endloop
  endfacet
  facet normal -0.2770706 0.9537847 0.11630405
    outer loop
      vertex -27.998259 -82.56624 39.7837
      vertex -32.74607 -79.09425 0
      vertex -32.92705 -79.14683 0
    endloop
  endfacet
  facet normal -0.8813431 0.44906053 0.14689763
    outer loop
      vertex -29.78757 -84.020584 39.64165
      vertex -34.62892 -80.55474 0
      vertex -34.71448 -80.722664 0
    endloop
  endfacet
  facet normal -0.88106453 0.44960248 0.146911
    outer loop
      vertex -34.62892 -80.55474 0
      vertex -29.78757 -84.020584 39.64165
      vertex -29.786768 -84.019104 39.641937
    endloop
  endfacet
  facet normal -0.99148566 -0.031173432 0.12642944
    outer loop
      vertex -35 -146 0
      vertex -32.038006 -144.28513 23.6514
      vertex -32.03777 -144.20653 23.672634
    endloop
  endfacet
  facet normal -0.99148613 -0.031162139 0.12642868
    outer loop
      vertex -32.038006 -144.28513 23.6514
      vertex -35 -146 0
      vertex -34.99408 -146.18837 0
    endloop
  endfacet
  facet normal 0.85130453 0.50344807 0.14771827
    outer loop
      vertex 64.62892 -80.55474 0
      vertex 61.194923 -82.730064 27.204086
      vertex 61.25798 -82.82644 27.169147
    endloop
  endfacet
  facet normal 0.95069456 -0.27611163 0.14121673
    outer loop
      vertex 63.65385 -146.08777 9.715021
      vertex 63.64354 -146.12811 9.705555
      vertex 64.85317 -146.92705 0
    endloop
  endfacet
  facet normal -0.6995734 0.6995734 0.14558224
    outer loop
      vertex -34.186905 -79.94636 0
      vertex -29.17595 -83.2125 39.774345
      vertex -34.053642 -79.813095 0
    endloop
  endfacet
  facet normal -0.69957066 0.69957614 0.14558212
    outer loop
      vertex -29.17595 -83.2125 39.774345
      vertex -34.186905 -79.94636 0
      vertex -29.297808 -83.33124 39.759346
    endloop
  endfacet
  facet normal -0.55863065 0.81777376 0.13848443
    outer loop
      vertex -33.60748 -79.46702 0
      vertex -28.771677 -82.90367 39.801094
      vertex -28.770899 -82.903145 39.801125
    endloop
  endfacet
  facet normal -0.5566799 0.81912327 0.13836394
    outer loop
      vertex -28.771677 -82.90367 39.801094
      vertex -33.60748 -79.46702 0
      vertex -33.763355 -79.57295 0
    endloop
  endfacet
  facet normal -0.031283464 0.9953803 0.09077163
    outer loop
      vertex -27.333494 -82.47506 39.714943
      vertex -32 -79 0
      vertex -27.4994 -82.48222 39.736324
    endloop
  endfacet
  facet normal 0.9786731 -0.15499085 0.13482141
    outer loop
      vertex 63.72928 -145.72305 9.803105
      vertex 64.97634 -146.376 0
      vertex 63.746994 -145.57959 9.839434
    endloop
  endfacet
  facet normal 0.97867227 -0.15499589 0.13482165
    outer loop
      vertex 64.97634 -146.376 0
      vertex 63.72928 -145.72305 9.803105
      vertex 64.94686 -146.56215 0
    endloop
  endfacet
  facet normal 0.15556319 -0.98230225 0.10431848
    outer loop
      vertex 61.43525 -148.11887 9.477248
      vertex 61.395058 -148.1248 9.481291
      vertex 62.56214 -148.94687 0
    endloop
  endfacet
  facet normal -0.851289 0.5034743 0.14771843
    outer loop
      vertex -29.61797 -83.72902 39.69671
      vertex -34.62892 -80.55474 0
      vertex -29.706898 -83.87172 39.670593
    endloop
  endfacet
  facet normal -0.9870018 -0.09328079 0.13086708
    outer loop
      vertex -34.99408 -146.18837 0
      vertex -32.027607 -144.46573 23.601068
      vertex -32.03213 -144.38713 23.62297
    endloop
  endfacet
  facet normal -0.98699915 -0.09330621 0.13086861
    outer loop
      vertex -32.027607 -144.46573 23.601068
      vertex -34.99408 -146.18837 0
      vertex -34.97634 -146.376 0
    endloop
  endfacet
  facet normal 0.9079818 0.392922 0.14553805
    outer loop
      vertex 64.71448 -80.722664 0
      vertex 61.344353 -82.97852 27.115858
      vertex 61.39428 -83.081024 27.081106
    endloop
  endfacet
  facet normal -0.15562369 -0.982292 0.104324825
    outer loop
      vertex -29.872456 -146.97058 22.620413
      vertex -32.56214 -148.94687 0
      vertex -29.779867 -146.9871 22.602932
    endloop
  endfacet
  facet normal 0.88133556 0.44907525 0.14689802
    outer loop
      vertex 64.62892 -80.55474 0
      vertex 61.25798 -82.82644 27.169147
      vertex 61.31455 -82.92604 27.134247
    endloop
  endfacet
  facet normal 0.27712005 0.95376974 0.11630878
    outer loop
      vertex 62.92705 -79.14683 0
      vertex 59.486893 -81.53348 27.76791
      vertex 59.602913 -81.564186 27.743296
    endloop
  endfacet
  facet normal 0.33624163 -0.93388474 0.12165898
    outer loop
      vertex 62.92705 -148.85316 0
      vertex 61.96874 -147.96803 9.443083
      vertex 61.832573 -148.01627 9.449169
    endloop
  endfacet
  facet normal 0.33623478 -0.93388724 0.12165852
    outer loop
      vertex 61.96874 -147.96803 9.443083
      vertex 62.92705 -148.85316 0
      vertex 63.104374 -148.78932 0
    endloop
  endfacet
  facet normal -0.03185886 0.99535626 0.0908347
    outer loop
      vertex -32 -79 0
      vertex -27.500622 -82.48228 39.73648
      vertex -27.4994 -82.48222 39.736324
    endloop
  endfacet
  facet normal -0.03128453 0.9953802 0.090771765
    outer loop
      vertex -27.500622 -82.48228 39.73648
      vertex -32 -79 0
      vertex -32.18837 -79.00592 0
    endloop
  endfacet
  facet normal -0.21679765 -0.9699403 0.110519595
    outer loop
      vertex -29.96389 -146.94798 22.63938
      vertex -32.56214 -148.94687 0
      vertex -29.872456 -146.97058 22.620413
    endloop
  endfacet
  facet normal -0.9311251 0.33522025 0.1436434
    outer loop
      vertex -29.859581 -84.17551 39.60985
      vertex -34.78933 -80.89563 0
      vertex -34.85317 -81.07295 0
    endloop
  endfacet
  facet normal -0.9313749 0.33453652 0.14361787
    outer loop
      vertex -34.78933 -80.89563 0
      vertex -29.859581 -84.17551 39.60985
      vertex -29.858913 -84.173805 39.610218
    endloop
  endfacet
  facet normal 0.45006737 -0.8833365 0.13098119
    outer loop
      vertex 63.277336 -148.71448 0
      vertex 62.26646 -147.82997 9.438598
      vertex 62.13812 -147.89531 9.438955
    endloop
  endfacet
  facet normal 0.45005846 -0.8833411 0.13098067
    outer loop
      vertex 62.26646 -147.82997 9.438598
      vertex 63.277336 -148.71448 0
      vertex 63.44526 -148.62892 0
    endloop
  endfacet
  facet normal -0.27709073 0.9537786 0.116306014
    outer loop
      vertex -27.998259 -82.56624 39.7837
      vertex -32.92705 -79.14683 0
      vertex -28.159105 -82.61414 39.793343
    endloop
  endfacet
  facet normal -0.65439355 -0.74237424 0.14369953
    outer loop
      vertex -31.231277 -146.21992 23.0145
      vertex -34.053642 -148.1869 0
      vertex -31.161581 -146.28676 22.986618
    endloop
  endfacet
  facet normal -0.966535 -0.21607715 0.13827814
    outer loop
      vertex -34.94686 -146.56215 0
      vertex -31.974157 -144.82248 23.497026
      vertex -31.988228 -144.74483 23.520018
    endloop
  endfacet
  facet normal -0.9665402 -0.21605419 0.13827711
    outer loop
      vertex -31.974157 -144.82248 23.497026
      vertex -34.94686 -146.56215 0
      vertex -34.90575 -146.74606 0
    endloop
  endfacet
  facet normal -0.90799576 -0.39289013 0.14553718
    outer loop
      vertex -34.78933 -147.10437 0
      vertex -31.849773 -145.24252 23.36589
      vertex -31.877916 -145.16861 23.389845
    endloop
  endfacet
  facet normal -0.9079911 -0.3929008 0.14553744
    outer loop
      vertex -31.849773 -145.24252 23.36589
      vertex -34.78933 -147.10437 0
      vertex -34.71448 -147.27734 0
    endloop
  endfacet
  facet normal 0.6544393 0.74233353 0.14370169
    outer loop
      vertex 63.91227 -79.68846 0
      vertex 60.598392 -82.08326 27.462936
      vertex 64.05364 -79.813095 0
    endloop
  endfacet
  facet normal 0.6544356 0.7423368 0.14370152
    outer loop
      vertex 60.598392 -82.08326 27.462936
      vertex 63.91227 -79.68846 0
      vertex 60.552044 -82.04563 27.479633
    endloop
  endfacet
  facet normal 0.74193823 0.6541714 0.14692664
    outer loop
      vertex 60.942623 -82.40458 27.327616
      vertex 64.186905 -79.94636 0
      vertex 60.901028 -82.36134 27.34516
    endloop
  endfacet
  facet normal 0.7419781 0.654126 0.1469273
    outer loop
      vertex 64.186905 -79.94636 0
      vertex 60.942623 -82.40458 27.327616
      vertex 64.31154 -80.08773 0
    endloop
  endfacet
  facet normal 0.9311216 0.33522984 0.14364378
    outer loop
      vertex 64.85317 -81.07295 0
      vertex 61.44371 -83.19128 27.044327
      vertex 61.486855 -83.29633 27.009836
    endloop
  endfacet
  facet normal 0.5566655 0.8191332 0.13836297
    outer loop
      vertex 63.763355 -79.57295 0
      vertex 60.307014 -81.87921 27.559101
      vertex 60.40747 -81.942215 27.527935
    endloop
  endfacet
  facet normal 0.81793904 0.55594295 0.14799723
    outer loop
      vertex 61.161972 -82.6797 27.222343
      vertex 64.42705 -80.23665 0
      vertex 61.12594 -82.63151 27.24045
    endloop
  endfacet
  facet normal 0.817958 0.5559151 0.147997
    outer loop
      vertex 64.42705 -80.23665 0
      vertex 61.161972 -82.6797 27.222343
      vertex 64.53298 -80.39252 0
    endloop
  endfacet
  facet normal -0.5044552 -0.85283023 0.13492797
    outer loop
      vertex -33.60748 -148.53299 0
      vertex -30.761793 -146.60185 22.845175
      vertex -30.828808 -146.55888 22.866217
    endloop
  endfacet
  facet normal -0.50436884 -0.8528823 0.13492163
    outer loop
      vertex -30.761793 -146.60185 22.845175
      vertex -33.60748 -148.53299 0
      vertex -33.44526 -148.62892 0
    endloop
  endfacet
  facet normal -0.6067733 0.78221613 0.14129423
    outer loop
      vertex -28.912746 -82.99862 39.795227
      vertex -33.91227 -79.68846 0
      vertex -29.04717 -83.10129 39.78634
    endloop
  endfacet
  facet normal -0.3362027 0.93389904 0.121656515
    outer loop
      vertex -28.159105 -82.61414 39.793343
      vertex -32.92705 -79.14683 0
      vertex -28.31711 -82.67188 39.799927
    endloop
  endfacet
  facet normal 0.21681541 0.9699362 0.11052087
    outer loop
      vertex 62.56214 -79.05314 0
      vertex 59.43011 -81.51845 27.779957
      vertex 62.74607 -79.09425 0
    endloop
  endfacet
  facet normal 0.21673796 0.9699543 0.11051375
    outer loop
      vertex 59.43011 -81.51845 27.779957
      vertex 62.56214 -79.05314 0
      vertex 59.372635 -81.50688 27.791164
    endloop
  endfacet
  facet normal -0.39395303 0.91037613 0.12655556
    outer loop
      vertex -28.318855 -82.672585 39.79998
      vertex -33.277336 -79.28552 0
      vertex -28.473324 -82.739914 39.80347
    endloop
  endfacet
  facet normal -0.6995767 -0.6995701 0.14558199
    outer loop
      vertex -34.186905 -148.05363 0
      vertex -31.231277 -146.21992 23.0145
      vertex -31.350489 -146.0899 23.066435
    endloop
  endfacet
  facet normal -0.69959337 -0.6995533 0.14558278
    outer loop
      vertex -31.231277 -146.21992 23.0145
      vertex -34.186905 -148.05363 0
      vertex -34.053642 -148.1869 0
    endloop
  endfacet
  facet normal -0.44941413 0.88367623 0.13093217
    outer loop
      vertex -33.277336 -79.28552 0
      vertex -28.474148 -82.74033 39.803474
      vertex -28.473324 -82.739914 39.80347
    endloop
  endfacet
  facet normal -0.45005846 0.8833411 0.13098082
    outer loop
      vertex -28.474148 -82.74033 39.803474
      vertex -33.277336 -79.28552 0
      vertex -33.44526 -79.37108 0
    endloop
  endfacet
  facet normal -0.6068768 0.7821349 0.14129974
    outer loop
      vertex -33.763355 -79.57295 0
      vertex -28.912746 -82.99862 39.795227
      vertex -28.911978 -82.99803 39.795277
    endloop
  endfacet
  facet normal -0.60675573 0.78222996 0.14129317
    outer loop
      vertex -28.912746 -82.99862 39.795227
      vertex -33.763355 -79.57295 0
      vertex -33.91227 -79.68846 0
    endloop
  endfacet
  facet normal 0.39393342 -0.9103849 0.12655337
    outer loop
      vertex 63.104374 -148.78932 0
      vertex 62.101273 -147.91113 9.439854
      vertex 61.96874 -147.96803 9.443083
    endloop
  endfacet
  facet normal 0.39394113 -0.9103815 0.12655386
    outer loop
      vertex 62.101273 -147.91113 9.439854
      vertex 63.104374 -148.78932 0
      vertex 63.277336 -148.71448 0
    endloop
  endfacet
  facet normal -0.74196625 -0.6541395 0.14692712
    outer loop
      vertex -34.31154 -147.91228 0
      vertex -31.41167 -146.01396 23.095583
      vertex -31.46142 -145.95221 23.119284
    endloop
  endfacet
  facet normal -0.7419432 -0.6541658 0.14692639
    outer loop
      vertex -31.41167 -146.01396 23.095583
      vertex -34.31154 -147.91228 0
      vertex -34.186905 -148.05363 0
    endloop
  endfacet
  facet normal -0.74197096 0.65413415 0.14692731
    outer loop
      vertex -29.297808 -83.33124 39.759346
      vertex -34.186905 -79.94636 0
      vertex -29.411446 -83.45613 39.74152
    endloop
  endfacet
  facet normal 0.6995654 -0.69958156 0.14558122
    outer loop
      vertex 62.891903 -147.37726 9.473193
      vertex 64.186905 -148.05363 0
      vertex 63.019844 -147.24565 9.490824
    endloop
  endfacet
  facet normal 0.6995933 -0.69955325 0.14558302
    outer loop
      vertex 64.186905 -148.05363 0
      vertex 62.891903 -147.37726 9.473193
      vertex 64.05364 -148.1869 0
    endloop
  endfacet
  facet normal 0.966547 -0.21602482 0.13827553
    outer loop
      vertex 63.724102 -145.76498 9.792489
      vertex 63.716312 -145.80629 9.782408
      vertex 64.94686 -146.56215 0
    endloop
  endfacet
  facet normal 0.781486 -0.6061804 0.14773262
    outer loop
      vertex 63.162994 -147.0735 9.517285
      vertex 64.42705 -147.76335 0
      vertex 63.24866 -146.9584 9.536389
    endloop
  endfacet
  facet normal 0.7815093 -0.60615015 0.14773352
    outer loop
      vertex 64.42705 -147.76335 0
      vertex 63.162994 -147.0735 9.517285
      vertex 64.31154 -147.91228 0
    endloop
  endfacet
  facet normal -0.881333 -0.44908026 0.14689828
    outer loop
      vertex -31.781485 -145.40804 23.311508
      vertex -34.62892 -147.44527 0
      vertex -31.740366 -145.49864 23.281212
    endloop
  endfacet
  facet normal 0.44998765 -0.88337797 0.13097495
    outer loop
      vertex 62.302135 -147.81181 9.4384985
      vertex 62.26646 -147.82997 9.438598
      vertex 63.44526 -148.62892 0
    endloop
  endfacet
  facet normal 0.3940272 -0.9103432 0.12656133
    outer loop
      vertex 62.13812 -147.89531 9.438955
      vertex 62.101273 -147.91113 9.439854
      vertex 63.277336 -148.71448 0
    endloop
  endfacet
  facet normal -0.97867304 -0.15499115 0.13482124
    outer loop
      vertex -32.01831 -144.54396 23.578592
      vertex -34.94686 -146.56215 0
      vertex -32.006298 -144.64508 23.549543
    endloop
  endfacet
  facet normal 0.7814872 0.6061788 0.14773294
    outer loop
      vertex 64.31154 -80.08773 0
      vertex 60.942623 -82.40458 27.327616
      vertex 61.017815 -82.4931 27.293095
    endloop
  endfacet
  facet normal 0.9914864 -0.031155724 0.1264282
    outer loop
      vertex 63.75817 -145.39264 9.888452
      vertex 65 -146 0
      vertex 63.757717 -145.24786 9.927689
    endloop
  endfacet
  facet normal 0.99148613 -0.031162139 0.12642857
    outer loop
      vertex 65 -146 0
      vertex 63.75817 -145.39264 9.888452
      vertex 64.99408 -146.18837 0
    endloop
  endfacet
  facet normal 0.9079819 -0.3929219 0.14553796
    outer loop
      vertex 63.532936 -146.43808 9.637228
      vertex 64.78933 -147.10437 0
      vertex 63.58618 -146.30441 9.665913
    endloop
  endfacet
  facet normal 0.9079837 -0.39291763 0.14553791
    outer loop
      vertex 64.78933 -147.10437 0
      vertex 63.532936 -146.43808 9.637228
      vertex 64.71448 -147.27734 0
    endloop
  endfacet
  facet normal 0.7419206 -0.65419173 0.14692535
    outer loop
      vertex 63.045906 -147.21506 9.4954405
      vertex 63.019844 -147.24565 9.490824
      vertex 64.186905 -148.05363 0
    endloop
  endfacet
  facet normal 0.45004672 0.88334715 0.13097994
    outer loop
      vertex 63.44526 -79.37108 0
      vertex 59.992172 -81.71147 27.648737
      vertex 60.100136 -81.76219 27.619839
    endloop
  endfacet
  facet normal 0.21696174 -0.9699018 0.110535674
    outer loop
      vertex 61.474842 -148.11038 9.473977
      vertex 61.43525 -148.11887 9.477248
      vertex 62.56214 -148.94687 0
    endloop
  endfacet
  facet normal -0.09362899 -0.9907993 0.097725786
    outer loop
      vertex -32.18837 -148.99408 0
      vertex -29.70068 -147.00124 22.587978
      vertex -32.376 -148.97635 0
    endloop
  endfacet
  facet normal -0.09352345 -0.99081033 0.09771514
    outer loop
      vertex -29.70068 -147.00124 22.587978
      vertex -32.18837 -148.99408 0
      vertex -29.62056 -147.01015 22.574305
    endloop
  endfacet
  facet normal 0.6544628 0.74231255 0.14370291
    outer loop
      vertex 64.05364 -79.813095 0
      vertex 60.598392 -82.08326 27.462936
      vertex 60.689785 -82.15746 27.430016
    endloop
  endfacet
  facet normal 0.39397478 0.9103665 0.1265573
    outer loop
      vertex 63.104374 -79.21067 0
      vertex 59.827496 -81.64205 27.690662
      vertex 63.277336 -79.28552 0
    endloop
  endfacet
  facet normal 0.39397335 0.91036713 0.12655719
    outer loop
      vertex 59.827496 -81.64205 27.690662
      vertex 63.104374 -79.21067 0
      vertex 59.77263 -81.6202 27.704285
    endloop
  endfacet
  facet normal 0.8813535 0.44904035 0.14689715
    outer loop
      vertex 61.344353 -82.97852 27.115858
      vertex 64.62892 -80.55474 0
      vertex 61.31455 -82.92604 27.134247
    endloop
  endfacet
  facet normal 0.8813513 0.44904467 0.14689727
    outer loop
      vertex 64.62892 -80.55474 0
      vertex 61.344353 -82.97852 27.115858
      vertex 64.71448 -80.722664 0
    endloop
  endfacet
  facet normal -0.95066524 0.2762103 0.1412212
    outer loop
      vertex -29.972519 -84.49091 39.540382
      vertex -34.85317 -81.07295 0
      vertex -34.90575 -81.25393 0
    endloop
  endfacet
  facet normal -0.9506928 0.27611792 0.1412166
    outer loop
      vertex -34.85317 -81.07295 0
      vertex -29.972519 -84.49091 39.540382
      vertex -29.971857 -84.48887 39.54084
    endloop
  endfacet
  facet normal -0.7814901 -0.606175 0.14773305
    outer loop
      vertex -34.42705 -147.76335 0
      vertex -31.517935 -145.87213 23.148891
      vertex -31.563639 -145.80737 23.172838
    endloop
  endfacet
  facet normal -0.7814996 -0.60616267 0.14773324
    outer loop
      vertex -31.517935 -145.87213 23.148891
      vertex -34.42705 -147.76335 0
      vertex -34.31154 -147.91228 0
    endloop
  endfacet
  facet normal -0.60674685 -0.78223693 0.14129287
    outer loop
      vertex -31.104258 -146.34174 22.963684
      vertex -33.91227 -148.31154 0
      vertex -31.030718 -146.40367 22.93659
    endloop
  endfacet
  facet normal -0.9311214 0.3352304 0.14364372
    outer loop
      vertex -29.859581 -84.17551 39.60985
      vertex -34.85317 -81.07295 0
      vertex -29.920645 -84.33079 39.576416
    endloop
  endfacet
  facet normal -0.15629728 0.9821777 0.104394175
    outer loop
      vertex -32.376 -79.02366 0
      vertex -27.668526 -82.50007 39.75526
      vertex -27.667398 -82.49988 39.755154
    endloop
  endfacet
  facet normal -0.1555706 0.98230106 0.10431892
    outer loop
      vertex -27.668526 -82.50007 39.75526
      vertex -32.376 -79.02366 0
      vertex -32.56214 -79.05314 0
    endloop
  endfacet
  facet normal -0.5566559 0.81913984 0.13836232
    outer loop
      vertex -28.771677 -82.90367 39.801094
      vertex -33.763355 -79.57295 0
      vertex -28.911978 -82.99803 39.795277
    endloop
  endfacet
  facet normal -0.5044047 -0.8528607 0.13492392
    outer loop
      vertex -30.761793 -146.60185 22.845175
      vertex -33.44526 -148.62892 0
      vertex -30.681465 -146.65335 22.819952
    endloop
  endfacet
  facet normal 0.5043954 -0.85286623 0.13492398
    outer loop
      vertex 63.44526 -148.62892 0
      vertex 62.460136 -147.71785 9.441714
      vertex 62.336502 -147.79137 9.4391985
    endloop
  endfacet
  facet normal 0.5043687 -0.8528822 0.13492274
    outer loop
      vertex 62.460136 -147.71785 9.441714
      vertex 63.44526 -148.62892 0
      vertex 63.60748 -148.53299 0
    endloop
  endfacet
  facet normal 0.60675573 0.78222996 0.1412932
    outer loop
      vertex 63.763355 -79.57295 0
      vertex 60.455936 -81.97688 27.511742
      vertex 63.91227 -79.68846 0
    endloop
  endfacet
  facet normal 0.6067488 0.7822354 0.14129284
    outer loop
      vertex 60.455936 -81.97688 27.511742
      vertex 63.763355 -79.57295 0
      vertex 60.40747 -81.942215 27.527935
    endloop
  endfacet
  facet normal 0.96653813 -0.21606342 0.13827741
    outer loop
      vertex 63.68957 -145.94806 9.747804
      vertex 64.94686 -146.56215 0
      vertex 63.716312 -145.80629 9.782408
    endloop
  endfacet
  facet normal 0.96653587 -0.21607326 0.13827774
    outer loop
      vertex 64.94686 -146.56215 0
      vertex 63.68957 -145.94806 9.747804
      vertex 64.90575 -146.74606 0
    endloop
  endfacet
  facet normal 0.93110275 -0.33528146 0.14364563
    outer loop
      vertex 63.64354 -146.12811 9.705555
      vertex 63.630714 -146.16753 9.6966915
      vertex 64.85317 -146.92705 0
    endloop
  endfacet
  facet normal -0.9914864 0.031155542 0.12642825
    outer loop
      vertex -30.067299 -84.986496 39.419605
      vertex -35 -82 0
      vertex -30.077898 -85.15015 39.376812
    endloop
  endfacet
  facet normal -0.9665456 -0.21603113 0.13827592
    outer loop
      vertex -32.006298 -144.64508 23.549543
      vertex -34.94686 -146.56215 0
      vertex -31.988228 -144.74483 23.520018
    endloop
  endfacet
  facet normal -0.97867227 0.15499589 0.13482147
    outer loop
      vertex -30.045906 -84.81807 39.46217
      vertex -34.94686 -81.43786 0
      vertex -34.97634 -81.624 0
    endloop
  endfacet
  facet normal -0.9786246 0.15528078 0.13483995
    outer loop
      vertex -34.94686 -81.43786 0
      vertex -30.045906 -84.81807 39.46217
      vertex -30.045435 -84.81562 39.46277
    endloop
  endfacet
  facet normal 0.95066744 -0.27620313 0.14122047
    outer loop
      vertex 63.65385 -146.08777 9.715021
      vertex 64.90575 -146.74606 0
      vertex 63.68957 -145.94806 9.747804
    endloop
  endfacet
  facet normal 0.95067936 -0.2761627 0.14121926
    outer loop
      vertex 64.90575 -146.74606 0
      vertex 63.65385 -146.08777 9.715021
      vertex 64.85317 -146.92705 0
    endloop
  endfacet
  facet normal -0.09365427 0.9907966 0.09772858
    outer loop
      vertex -27.500622 -82.48228 39.73648
      vertex -32.18837 -79.00592 0
      vertex -27.666264 -82.49976 39.755028
    endloop
  endfacet
  facet normal -0.5021701 0.854201 0.13478057
    outer loop
      vertex -33.44526 -79.37108 0
      vertex -28.770899 -82.903145 39.801125
      vertex -28.77009 -82.90267 39.80114
    endloop
  endfacet
  facet normal -0.5043984 0.8528645 0.13492367
    outer loop
      vertex -28.770899 -82.903145 39.801125
      vertex -33.44526 -79.37108 0
      vertex -33.60748 -79.46702 0
    endloop
  endfacet
  facet normal 0.21682806 0.9699332 0.110522225
    outer loop
      vertex 62.56214 -79.05314 0
      vertex 59.254894 -81.48318 27.814125
      vertex 59.372635 -81.50688 27.791164
    endloop
  endfacet
  facet normal -0.65175086 0.7447189 0.14357765
    outer loop
      vertex -33.91227 -79.68846 0
      vertex -29.047935 -83.101944 39.78627
      vertex -29.04717 -83.10129 39.78634
    endloop
  endfacet
  facet normal -0.6544393 0.74233353 0.14370169
    outer loop
      vertex -29.047935 -83.101944 39.78627
      vertex -33.91227 -79.68846 0
      vertex -34.053642 -79.813095 0
    endloop
  endfacet
  facet normal 0.8513111 -0.5034369 0.14771836
    outer loop
      vertex 63.43844 -146.64299 9.595064
      vertex 63.41859 -146.67856 9.588229
      vertex 64.62892 -147.44527 0
    endloop
  endfacet
  facet normal -0.99148613 0.031162139 0.12642872
    outer loop
      vertex -30.067299 -84.986496 39.419605
      vertex -34.99408 -81.81163 0
      vertex -35 -82 0
    endloop
  endfacet
  facet normal -0.99148035 0.031301953 0.12643926
    outer loop
      vertex -34.99408 -81.81163 0
      vertex -30.067299 -84.986496 39.419605
      vertex -30.067125 -84.98382 39.420303
    endloop
  endfacet
  facet normal -0.7815001 -0.60616213 0.14773324
    outer loop
      vertex -31.517935 -145.87213 23.148891
      vertex -34.31154 -147.91228 0
      vertex -31.46142 -145.95221 23.119284
    endloop
  endfacet
  facet normal -0.3362921 -0.93386585 0.12166422
    outer loop
      vertex -33.104374 -148.78932 0
      vertex -30.29603 -146.84132 22.714918
      vertex -30.37045 -146.81213 22.733273
    endloop
  endfacet
  facet normal -0.33623475 -0.9338872 0.12165896
    outer loop
      vertex -30.29603 -146.84132 22.714918
      vertex -33.104374 -148.78932 0
      vertex -32.92705 -148.85316 0
    endloop
  endfacet
  facet normal -0.8513221 -0.5034182 0.14771838
    outer loop
      vertex -34.62892 -147.44527 0
      vertex -31.65674 -145.65599 23.226885
      vertex -31.69392 -145.58603 23.251038
    endloop
  endfacet
  facet normal -0.8512871 -0.5034774 0.14771846
    outer loop
      vertex -31.65674 -145.65599 23.226885
      vertex -34.62892 -147.44527 0
      vertex -34.53298 -147.60748 0
    endloop
  endfacet
  facet normal -0.15559703 0.9822966 0.10432178
    outer loop
      vertex -27.668526 -82.50007 39.75526
      vertex -32.56214 -79.05314 0
      vertex -27.83317 -82.52781 39.770897
    endloop
  endfacet
  facet normal -0.08917025 0.9912565 0.09725894
    outer loop
      vertex -32.18837 -79.00592 0
      vertex -27.667398 -82.49988 39.755154
      vertex -27.666264 -82.49976 39.755028
    endloop
  endfacet
  facet normal -0.09366888 0.99079514 0.09772998
    outer loop
      vertex -27.667398 -82.49988 39.755154
      vertex -32.18837 -79.00592 0
      vertex -32.376 -79.02366 0
    endloop
  endfacet
  facet normal -0.95067346 -0.27618265 0.14121991
    outer loop
      vertex -34.90575 -146.74606 0
      vertex -31.955353 -144.89917 23.473633
      vertex -31.974157 -144.82248 23.497026
    endloop
  endfacet
  facet normal -0.95066845 -0.2761996 0.14122063
    outer loop
      vertex -31.955353 -144.89917 23.473633
      vertex -34.90575 -146.74606 0
      vertex -34.85317 -146.92705 0
    endloop
  endfacet
  facet normal -0.7419641 -0.654142 0.14692679
    outer loop
      vertex -31.41167 -146.01396 23.095583
      vertex -34.186905 -148.05363 0
      vertex -31.350489 -146.0899 23.066435
    endloop
  endfacet
  facet normal 0.5044039 0.8528612 0.13492407
    outer loop
      vertex 63.44526 -79.37108 0
      vertex 60.100136 -81.76219 27.619839
      vertex 60.20448 -81.819145 27.589764
    endloop
  endfacet
  facet normal -0.33618286 -0.93390644 0.12165465
    outer loop
      vertex -30.29603 -146.84132 22.714918
      vertex -32.92705 -148.85316 0
      vertex -30.208004 -146.87584 22.693207
    endloop
  endfacet
  facet normal -0.27721667 -0.9537406 0.11631767
    outer loop
      vertex -30.208004 -146.87584 22.693207
      vertex -32.92705 -148.85316 0
      vertex -30.11812 -146.90445 22.672836
    endloop
  endfacet
  facet normal -0.4500813 0.88332915 0.13098267
    outer loop
      vertex -28.474148 -82.74033 39.803474
      vertex -33.44526 -79.37108 0
      vertex -28.624489 -82.81699 39.80386
    endloop
  endfacet
  facet normal 0.6066066 -0.7823472 0.14128457
    outer loop
      vertex 62.755608 -147.50015 9.459097
      vertex 62.7242 -147.52492 9.456807
      vertex 63.91227 -148.31154 0
    endloop
  endfacet
  facet normal 0.33622152 0.9338921 0.121658176
    outer loop
      vertex 62.92705 -79.14683 0
      vertex 59.602913 -81.564186 27.743296
      vertex 59.716633 -81.60172 27.717157
    endloop
  endfacet
  facet normal 0.3939817 0.9103634 0.1265579
    outer loop
      vertex 63.277336 -79.28552 0
      vertex 59.827496 -81.64205 27.690662
      vertex 59.938587 -81.686295 27.663078
    endloop
  endfacet
  facet normal 0.9869952 -0.09334444 0.13087113
    outer loop
      vertex 63.75817 -145.39264 9.888452
      vertex 63.755623 -145.43524 9.877283
      vertex 64.99408 -146.18837 0
    endloop
  endfacet
  facet normal -0.21685363 -0.9699272 0.11052485
    outer loop
      vertex -32.56214 -148.94687 0
      vertex -30.041786 -146.92873 22.655537
      vertex -32.74607 -148.90575 0
    endloop
  endfacet
  facet normal -0.21684968 -0.96992815 0.11052449
    outer loop
      vertex -30.041786 -146.92873 22.655537
      vertex -32.56214 -148.94687 0
      vertex -29.96389 -146.94798 22.63938
    endloop
  endfacet
  facet normal -0.2771076 -0.9537736 0.11630699
    outer loop
      vertex -32.74607 -148.90575 0
      vertex -30.11812 -146.90445 22.672836
      vertex -32.92705 -148.85316 0
    endloop
  endfacet
  facet normal -0.27698678 -0.95381 0.116296194
    outer loop
      vertex -30.11812 -146.90445 22.672836
      vertex -32.74607 -148.90575 0
      vertex -30.041786 -146.92873 22.655537
    endloop
  endfacet
  facet normal 0.27684376 -0.95385325 0.1162818
    outer loop
      vertex 61.79467 -148.0297 9.450863
      vertex 61.75588 -148.04065 9.453348
      vertex 62.92705 -148.85316 0
    endloop
  endfacet
  facet normal 0.97867906 -0.15495531 0.13481902
    outer loop
      vertex 63.72928 -145.72305 9.803105
      vertex 63.724102 -145.76498 9.792489
      vertex 64.94686 -146.56215 0
    endloop
  endfacet
  facet normal 0.5566723 -0.81912833 0.1383645
    outer loop
      vertex 63.60748 -148.53299 0
      vertex 62.57854 -147.63647 9.447093
      vertex 62.460136 -147.71785 9.441714
    endloop
  endfacet
  facet normal 0.55670714 -0.8191044 0.13836601
    outer loop
      vertex 62.57854 -147.63647 9.447093
      vertex 63.60748 -148.53299 0
      vertex 63.763355 -148.42705 0
    endloop
  endfacet
  facet normal 0.45005846 0.883341 0.1309809
    outer loop
      vertex 63.277336 -79.28552 0
      vertex 59.992172 -81.71147 27.648737
      vertex 63.44526 -79.37108 0
    endloop
  endfacet
  facet normal 0.45008767 0.8833259 0.13098302
    outer loop
      vertex 59.992172 -81.71147 27.648737
      vertex 63.277336 -79.28552 0
      vertex 59.938587 -81.686295 27.663078
    endloop
  endfacet
  facet normal 0.15557688 0.9823 0.10431958
    outer loop
      vertex 62.56214 -79.05314 0
      vertex 59.135788 -81.46657 27.835358
      vertex 59.254894 -81.48318 27.814125
    endloop
  endfacet
  facet normal 0.3362768 -0.9338717 0.121661894
    outer loop
      vertex 61.832573 -148.01627 9.449169
      vertex 61.79467 -148.0297 9.450863
      vertex 62.92705 -148.85316 0
    endloop
  endfacet
  facet normal 0.5566361 -0.8191535 0.13836122
    outer loop
      vertex 62.611492 -147.61383 9.448589
      vertex 62.57854 -147.63647 9.447093
      vertex 63.763355 -148.42705 0
    endloop
  endfacet
  facet normal 0.6545478 -0.7422368 0.14370693
    outer loop
      vertex 62.891903 -147.37726 9.473193
      vertex 62.86216 -147.40408 9.470117
      vertex 64.05364 -148.1869 0
    endloop
  endfacet
  facet normal 0.093574636 -0.99080503 0.09771986
    outer loop
      vertex 61.10629 -148.15805 9.512877
      vertex 61.06556 -148.16142 9.517688
      vertex 62.18837 -148.99408 0
    endloop
  endfacet
  facet normal 0.1555706 0.98230106 0.1043189
    outer loop
      vertex 62.376 -79.02366 0
      vertex 59.135788 -81.46657 27.835358
      vertex 62.56214 -79.05314 0
    endloop
  endfacet
  facet normal 0.15557769 0.98229986 0.104319625
    outer loop
      vertex 59.135788 -81.46657 27.835358
      vertex 62.376 -79.02366 0
      vertex 59.077957 -81.4585 27.845669
    endloop
  endfacet
  facet normal 0.9914852 -0.031184573 0.12643024
    outer loop
      vertex 65 -146 0
      vertex 63.757584 -145.20485 9.939345
      vertex 63.757717 -145.24786 9.927689
    endloop
  endfacet
  facet normal 0.88133514 -0.44907615 0.1468978
    outer loop
      vertex 63.45599 -146.60608 9.602584
      vertex 64.71448 -147.27734 0
      vertex 63.517723 -146.47627 9.629033
    endloop
  endfacet
  facet normal 0.88135123 -0.44904464 0.1468977
    outer loop
      vertex 64.71448 -147.27734 0
      vertex 63.45599 -146.60608 9.602584
      vertex 64.62892 -147.44527 0
    endloop
  endfacet
  facet normal -0.90798473 0.39291537 0.1455379
    outer loop
      vertex -29.858913 -84.173805 39.610218
      vertex -34.71448 -80.722664 0
      vertex -34.78933 -80.89563 0
    endloop
  endfacet
  facet normal -0.9080391 0.3927912 0.14553376
    outer loop
      vertex -34.71448 -80.722664 0
      vertex -29.858913 -84.173805 39.610218
      vertex -29.858143 -84.17215 39.610558
    endloop
  endfacet
  facet normal -0.9079836 0.39291796 0.14553797
    outer loop
      vertex -29.78757 -84.020584 39.64165
      vertex -34.71448 -80.722664 0
      vertex -29.858143 -84.17215 39.610558
    endloop
  endfacet
  facet normal -0.09368761 -0.9907931 0.0977323
    outer loop
      vertex -29.62056 -147.01015 22.574305
      vertex -32.18837 -148.99408 0
      vertex -29.52714 -147.02055 22.55836
    endloop
  endfacet
  facet normal 0.33623475 0.9338872 0.1216591
    outer loop
      vertex 62.92705 -79.14683 0
      vertex 59.77263 -81.6202 27.704285
      vertex 63.104374 -79.21067 0
    endloop
  endfacet
  facet normal 0.3361544 0.9339169 0.1216526
    outer loop
      vertex 59.77263 -81.6202 27.704285
      vertex 62.92705 -79.14683 0
      vertex 59.716633 -81.60172 27.717157
    endloop
  endfacet
  facet normal -0.7419781 0.654126 0.14692745
    outer loop
      vertex -34.31154 -80.08773 0
      vertex -29.411446 -83.45613 39.74152
      vertex -34.186905 -79.94636 0
    endloop
  endfacet
  facet normal -0.7413508 0.6548406 0.14691067
    outer loop
      vertex -29.411446 -83.45613 39.74152
      vertex -34.31154 -80.08773 0
      vertex -29.412266 -83.45703 39.741394
    endloop
  endfacet
  facet normal -0.9786722 0.15499645 0.13482153
    outer loop
      vertex -30.014328 -84.65355 39.50225
      vertex -34.94686 -81.43786 0
      vertex -30.045435 -84.81562 39.46277
    endloop
  endfacet
  facet normal -0.7814741 0.6061956 0.14773288
    outer loop
      vertex -29.412266 -83.45703 39.741394
      vertex -34.31154 -80.08773 0
      vertex -29.51805 -83.58836 39.720722
    endloop
  endfacet
  facet normal -0.90796566 -0.3929589 0.14553937
    outer loop
      vertex -31.849773 -145.24252 23.36589
      vertex -34.71448 -147.27734 0
      vertex -31.814186 -145.33597 23.335604
    endloop
  endfacet
  facet normal 0.50460005 -0.8527431 0.1349371
    outer loop
      vertex 62.336502 -147.79137 9.4391985
      vertex 62.302135 -147.81181 9.4384985
      vertex 63.44526 -148.62892 0
    endloop
  endfacet
  facet normal 0.931126 -0.3352177 0.14364357
    outer loop
      vertex 63.58618 -146.30441 9.665913
      vertex 64.85317 -146.92705 0
      vertex 63.630714 -146.16753 9.6966915
    endloop
  endfacet
  facet normal 0.93111867 -0.33523798 0.14364392
    outer loop
      vertex 64.85317 -146.92705 0
      vertex 63.58618 -146.30441 9.665913
      vertex 64.78933 -147.10437 0
    endloop
  endfacet
  facet normal -0.9869988 0.09330997 0.13086891
    outer loop
      vertex -30.046223 -84.82054 39.461548
      vertex -34.97634 -81.624 0
      vertex -34.99408 -81.81163 0
    endloop
  endfacet
  facet normal -0.9869795 0.093496285 0.1308816
    outer loop
      vertex -34.97634 -81.624 0
      vertex -30.046223 -84.82054 39.461548
      vertex -30.045906 -84.81807 39.46217
    endloop
  endfacet
  facet normal -0.15557058 -0.98230106 0.10431907
    outer loop
      vertex -32.376 -148.97635 0
      vertex -29.779867 -146.9871 22.602932
      vertex -32.56214 -148.94687 0
    endloop
  endfacet
  facet normal -0.15557519 -0.9823003 0.10431953
    outer loop
      vertex -29.779867 -146.9871 22.602932
      vertex -32.376 -148.97635 0
      vertex -29.70068 -147.00124 22.587978
    endloop
  endfacet
  facet normal 0.03128453 0.9953802 0.090771824
    outer loop
      vertex 62 -79 0
      vertex 58.899994 -81.44453 27.874462
      vertex 62.18837 -79.00592 0
    endloop
  endfacet
  facet normal 0.03138684 0.995376 0.09078283
    outer loop
      vertex 58.899994 -81.44453 27.874462
      vertex 62 -79 0
      vertex 58.841934 -81.44347 27.882908
    endloop
  endfacet
  facet normal 0.031267587 0.99538094 0.09076975
    outer loop
      vertex 62 -79 0
      vertex 58.721703 -81.441284 27.900396
      vertex 58.841934 -81.44347 27.882908
    endloop
  endfacet
  facet normal -0.8179851 -0.5558752 0.14799693
    outer loop
      vertex -31.61524 -145.72346 23.202793
      vertex -34.42705 -147.76335 0
      vertex -31.563639 -145.80737 23.172838
    endloop
  endfacet
  facet normal -0.39398274 -0.9103629 0.12655811
    outer loop
      vertex -30.528477 -146.73787 22.775578
      vertex -33.277336 -148.71448 0
      vertex -30.442701 -146.77818 22.752615
    endloop
  endfacet
  facet normal 0.031250026 -0.9953816 0.09076844
    outer loop
      vertex 62 -149 0
      vertex 61.06556 -148.16142 9.517688
      vertex 60.919777 -148.1642 9.537424
    endloop
  endfacet
  facet normal 0.03128453 -0.9953802 0.090771705
    outer loop
      vertex 61.06556 -148.16142 9.517688
      vertex 62 -149 0
      vertex 62.18837 -148.99408 0
    endloop
  endfacet
  facet normal 0.8512836 -0.50348324 0.1477186
    outer loop
      vertex 63.348633 -146.80391 9.564141
      vertex 64.62892 -147.44527 0
      vertex 63.41859 -146.67856 9.588229
    endloop
  endfacet
  facet normal 0.8512871 -0.50347733 0.14771867
    outer loop
      vertex 64.62892 -147.44527 0
      vertex 63.348633 -146.80391 9.564141
      vertex 64.53298 -147.60748 0
    endloop
  endfacet
  facet normal 0.8179867 -0.55587274 0.14799725
    outer loop
      vertex 63.270653 -146.92442 9.542494
      vertex 64.53298 -147.60748 0
      vertex 63.348633 -146.80391 9.564141
    endloop
  endfacet
  facet normal 0.81795806 -0.5559152 0.14799649
    outer loop
      vertex 64.53298 -147.60748 0
      vertex 63.270653 -146.92442 9.542494
      vertex 64.42705 -147.76335 0
    endloop
  endfacet
  facet normal -0.85129416 -0.5034655 0.14771864
    outer loop
      vertex -31.740366 -145.49864 23.281212
      vertex -34.62892 -147.44527 0
      vertex -31.69392 -145.58603 23.251038
    endloop
  endfacet
  facet normal 0.09366888 0.99079514 0.09772997
    outer loop
      vertex 62.18837 -79.00592 0
      vertex 59.077957 -81.4585 27.845669
      vertex 62.376 -79.02366 0
    endloop
  endfacet
  facet normal 0.093645036 0.99079764 0.09772753
    outer loop
      vertex 59.077957 -81.4585 27.845669
      vertex 62.18837 -79.00592 0
      vertex 59.01988 -81.45394 27.855066
    endloop
  endfacet
  facet normal -0.60679984 -0.7821952 0.14129606
    outer loop
      vertex -33.91227 -148.31154 0
      vertex -30.969923 -146.45488 22.914192
      vertex -31.030718 -146.40367 22.93659
    endloop
  endfacet
  facet normal -0.60675573 -0.78222996 0.14129321
    outer loop
      vertex -30.969923 -146.45488 22.914192
      vertex -33.91227 -148.31154 0
      vertex -33.763355 -148.42705 0
    endloop
  endfacet
  facet normal -0.55667657 -0.81912553 0.13836366
    outer loop
      vertex -30.969923 -146.45488 22.914192
      vertex -33.763355 -148.42705 0
      vertex -30.892845 -146.51169 22.887987
    endloop
  endfacet
  facet normal 0.2771453 -0.9537622 0.116310544
    outer loop
      vertex 62.74607 -148.90575 0
      vertex 61.75588 -148.04065 9.453348
      vertex 61.616604 -148.08003 9.462267
    endloop
  endfacet
  facet normal 0.27710757 -0.9537735 0.11630762
    outer loop
      vertex 61.75588 -148.04065 9.453348
      vertex 62.74607 -148.90575 0
      vertex 62.92705 -148.85316 0
    endloop
  endfacet
  facet normal -0.93111604 -0.33524498 0.14364418
    outer loop
      vertex -31.931309 -144.99722 23.443724
      vertex -34.85317 -146.92705 0
      vertex -31.901436 -145.09311 23.413578
    endloop
  endfacet
  facet normal 0.5566799 0.81912327 0.13836394
    outer loop
      vertex 63.60748 -79.46702 0
      vertex 60.307014 -81.87921 27.559101
      vertex 63.763355 -79.57295 0
    endloop
  endfacet
  facet normal 0.55670625 0.8191051 0.1383655
    outer loop
      vertex 60.307014 -81.87921 27.559101
      vertex 63.60748 -79.46702 0
      vertex 60.256634 -81.84761 27.574732
    endloop
  endfacet
  facet normal 0.98699814 -0.093315944 0.13086933
    outer loop
      vertex 63.746994 -145.57959 9.839434
      vertex 64.99408 -146.18837 0
      vertex 63.755623 -145.43524 9.877283
    endloop
  endfacet
  facet normal 0.98699915 -0.09330621 0.13086885
    outer loop
      vertex 64.99408 -146.18837 0
      vertex 63.746994 -145.57959 9.839434
      vertex 64.97634 -146.376 0
    endloop
  endfacet
  facet normal -0.6544505 -0.7423235 0.14370249
    outer loop
      vertex -34.053642 -148.1869 0
      vertex -31.104258 -146.34174 22.963684
      vertex -31.161581 -146.28676 22.986618
    endloop
  endfacet
  facet normal -0.6544393 -0.7423335 0.14370185
    outer loop
      vertex -31.104258 -146.34174 22.963684
      vertex -34.053642 -148.1869 0
      vertex -33.91227 -148.31154 0
    endloop
  endfacet
  facet normal -0.8179522 -0.55592364 0.14799699
    outer loop
      vertex -34.53298 -147.60748 0
      vertex -31.61524 -145.72346 23.202793
      vertex -31.65674 -145.65599 23.226885
    endloop
  endfacet
  facet normal -0.8179673 -0.55590147 0.14799708
    outer loop
      vertex -31.61524 -145.72346 23.202793
      vertex -34.53298 -147.60748 0
      vertex -34.42705 -147.76335 0
    endloop
  endfacet
  facet normal 0.15554698 -0.982305 0.10431719
    outer loop
      vertex 62.376 -148.97635 0
      vertex 61.395058 -148.1248 9.481291
      vertex 61.251324 -148.14603 9.495747
    endloop
  endfacet
  facet normal 0.15557058 -0.982301 0.104319274
    outer loop
      vertex 61.395058 -148.1248 9.481291
      vertex 62.376 -148.97635 0
      vertex 62.56214 -148.94687 0
    endloop
  endfacet
  facet normal 0.09368406 -0.9907936 0.09773131
    outer loop
      vertex 62.18837 -148.99408 0
      vertex 61.251324 -148.14603 9.495747
      vertex 61.10629 -148.15805 9.512877
    endloop
  endfacet
  facet normal 0.09362898 -0.99079925 0.097726375
    outer loop
      vertex 61.251324 -148.14603 9.495747
      vertex 62.18837 -148.99408 0
      vertex 62.376 -148.97635 0
    endloop
  endfacet
  facet normal 0.5043984 0.8528645 0.13492367
    outer loop
      vertex 63.44526 -79.37108 0
      vertex 60.256634 -81.84761 27.574732
      vertex 63.60748 -79.46702 0
    endloop
  endfacet
  facet normal 0.5043765 0.8528777 0.13492231
    outer loop
      vertex 60.256634 -81.84761 27.574732
      vertex 63.44526 -79.37108 0
      vertex 60.20448 -81.819145 27.589764
    endloop
  endfacet
  facet normal 0.093619406 0.9908003 0.09772485
    outer loop
      vertex 62.18837 -79.00592 0
      vertex 58.899994 -81.44453 27.874462
      vertex 59.01988 -81.45394 27.855066
    endloop
  endfacet
  facet normal 0.8813635 -0.4490207 0.1468971
    outer loop
      vertex 63.45599 -146.60608 9.602584
      vertex 63.43844 -146.64299 9.595064
      vertex 64.62892 -147.44527 0
    endloop
  endfacet
  facet normal 0.90799123 -0.3929005 0.14553733
    outer loop
      vertex 63.532936 -146.43808 9.637228
      vertex 63.517723 -146.47627 9.629033
      vertex 64.71448 -147.27734 0
    endloop
  endfacet
  facet normal 0.13443139 -0.25881618 0.9565262
    outer loop
      vertex 62.62173 -145.17813 10.10621
      vertex 63.75817 -145.39264 9.888452
      vertex 63.757717 -145.24786 9.927689
    endloop
  endfacet
  facet normal 0.13443266 -0.25879866 0.95653075
    outer loop
      vertex 62.632294 -145.13734 10.11576
      vertex 63.757717 -145.24786 9.927689
      vertex 63.757584 -145.20485 9.939345
    endloop
  endfacet
  facet normal 0.13443509 -0.25880042 0.95653
    outer loop
      vertex 63.75817 -145.39264 9.888452
      vertex 62.62173 -145.17813 10.10621
      vertex 63.755623 -145.43524 9.877283
    endloop
  endfacet
  facet normal 0.13442706 -0.2588298 0.9565231
    outer loop
      vertex 62.57852 -145.30934 10.076777
      vertex 63.755623 -145.43524 9.877283
      vertex 62.62173 -145.17813 10.10621
    endloop
  endfacet
  facet normal 0.13444647 -0.25876656 0.9565375
    outer loop
      vertex 62.565426 -145.34912 10.067857
      vertex 63.746994 -145.57959 9.839434
      vertex 62.57852 -145.30934 10.076777
    endloop
  endfacet
  facet normal 0.1344346 -0.2588159 0.9565258
    outer loop
      vertex 63.746994 -145.57959 9.839434
      vertex 62.565426 -145.34912 10.067857
      vertex 63.72928 -145.72305 9.803105
    endloop
  endfacet
  facet normal 0.13443017 -0.25882787 0.95652324
    outer loop
      vertex 62.549835 -145.38782 10.059577
      vertex 63.72928 -145.72305 9.803105
      vertex 62.565426 -145.34912 10.067857
    endloop
  endfacet
  facet normal 0.13443536 -0.2588087 0.95652765
    outer loop
      vertex 63.724102 -145.76498 9.792489
      vertex 62.549835 -145.38782 10.059577
      vertex 63.716312 -145.80629 9.782408
    endloop
  endfacet
  facet normal 0.13442896 -0.25882432 0.9565244
    outer loop
      vertex 62.498264 -145.5158 10.032196
      vertex 63.716312 -145.80629 9.782408
      vertex 62.549835 -145.38782 10.059577
    endloop
  endfacet
  facet normal 0.13442707 -0.2588309 0.9565228
    outer loop
      vertex 63.716312 -145.80629 9.782408
      vertex 62.498264 -145.5158 10.032196
      vertex 63.68957 -145.94806 9.747804
    endloop
  endfacet
  facet normal 0.13443628 -0.25881103 0.95652694
    outer loop
      vertex 62.438465 -145.64015 10.006952
      vertex 63.65385 -146.08777 9.715021
      vertex 62.498264 -145.5158 10.032196
    endloop
  endfacet
  facet normal 0.13444254 -0.2587961 0.9565301
    outer loop
      vertex 63.65385 -146.08777 9.715021
      vertex 62.438465 -145.64015 10.006952
      vertex 63.64354 -146.12811 9.705555
    endloop
  endfacet
  facet normal 0.13441136 -0.25886294 0.9565164
    outer loop
      vertex 62.42051 -145.67749 9.999371
      vertex 63.630714 -146.16753 9.6966915
      vertex 62.438465 -145.64015 10.006952
    endloop
  endfacet
  facet normal 0.1344355 -0.25881007 0.9565273
    outer loop
      vertex 63.630714 -146.16753 9.6966915
      vertex 62.42051 -145.67749 9.999371
      vertex 63.58618 -146.30441 9.665913
    endloop
  endfacet
  facet normal 0.13442928 -0.2588206 0.9565253
    outer loop
      vertex 62.352737 -145.79764 9.976385
      vertex 63.58618 -146.30441 9.665913
      vertex 62.42051 -145.67749 9.999371
    endloop
  endfacet
  facet normal 0.13443054 -0.25881785 0.95652586
    outer loop
      vertex 63.58618 -146.30441 9.665913
      vertex 62.352737 -145.79764 9.976385
      vertex 63.532936 -146.43808 9.637228
    endloop
  endfacet
  facet normal 0.13444345 -0.25879622 0.9565299
    outer loop
      vertex 62.332466 -145.83357 9.969512
      vertex 63.532936 -146.43808 9.637228
      vertex 62.352737 -145.79764 9.976385
    endloop
  endfacet
  facet normal 0.1344453 -0.2587929 0.9565306
    outer loop
      vertex 63.532936 -146.43808 9.637228
      vertex 62.332466 -145.83357 9.969512
      vertex 63.517723 -146.47627 9.629033
    endloop
  endfacet
  facet normal 0.13442466 -0.2588295 0.95652354
    outer loop
      vertex 63.517723 -146.47627 9.629033
      vertex 62.30994 -145.86803 9.963356
      vertex 63.45599 -146.60608 9.602584
    endloop
  endfacet
  facet normal 0.13442482 -0.25882927 0.9565236
    outer loop
      vertex 62.23448 -145.98341 9.942738
      vertex 63.45599 -146.60608 9.602584
      vertex 62.30994 -145.86803 9.963356
    endloop
  endfacet
  facet normal 0.13442674 -0.25882405 0.9565247
    outer loop
      vertex 63.43844 -146.64299 9.595064
      vertex 62.23448 -145.98341 9.942738
      vertex 63.41859 -146.67856 9.588229
    endloop
  endfacet
  facet normal 0.13442299 -0.25882995 0.95652366
    outer loop
      vertex 63.41859 -146.67856 9.588229
      vertex 62.23448 -145.98341 9.942738
      vertex 63.348633 -146.80391 9.564141
    endloop
  endfacet
  facet normal 0.13442749 -0.25882423 0.95652455
    outer loop
      vertex 62.15157 -146.09367 9.924555
      vertex 63.348633 -146.80391 9.564141
      vertex 62.23448 -145.98341 9.942738
    endloop
  endfacet
  facet normal 0.13443837 -0.25880742 0.9565276
    outer loop
      vertex 63.348633 -146.80391 9.564141
      vertex 62.15157 -146.09367 9.924555
      vertex 63.270653 -146.92442 9.542494
    endloop
  endfacet
  facet normal 0.13442355 -0.25882688 0.95652443
    outer loop
      vertex 63.270653 -146.92442 9.542494
      vertex 62.12694 -146.12642 9.919156
      vertex 63.24866 -146.9584 9.536389
    endloop
  endfacet
  facet normal 0.13442846 -0.25882074 0.9565254
    outer loop
      vertex 63.24866 -146.9584 9.536389
      vertex 62.12694 -146.12642 9.919156
      vertex 63.162994 -147.0735 9.517285
    endloop
  endfacet
  facet normal 0.13441499 -0.2588426 0.9565214
    outer loop
      vertex 62.72615 -144.60324 10.2470875
      vertex 63.757584 -145.20485 9.939345
      vertex 62.73464 -144.46484 10.283346
    endloop
  endfacet
  facet normal 0.13444169 -0.25880826 0.9565269
    outer loop
      vertex 63.757584 -145.20485 9.939345
      vertex 62.73434 -144.32613 10.320921
      vertex 62.73464 -144.46484 10.283346
    endloop
  endfacet
  facet normal 0.1344498 -0.25879937 0.9565282
    outer loop
      vertex 63.757584 -145.20485 9.939345
      vertex 62.734245 -144.28271 10.33268
      vertex 62.73434 -144.32613 10.320921
    endloop
  endfacet
  facet normal 0.13443105 -0.25881904 0.9565255
    outer loop
      vertex 61.655285 -84.14062 26.757715
      vertex 62.734245 -144.28271 10.33268
      vertex 63.757584 -145.20485 9.939345
    endloop
  endfacet
  facet normal 0.13443312 -0.2588245 0.9565237
    outer loop
      vertex 60.62438 -84.32503 26.852703
      vertex 61.655285 -84.14062 26.757715
      vertex 61.64783 -84.029564 26.788813
    endloop
  endfacet
  facet normal 0.13443089 -0.25882965 0.95652264
    outer loop
      vertex 60.57009 -84.165085 26.903608
      vertex 61.64783 -84.029564 26.788813
      vertex 61.643745 -83.96872 26.805851
    endloop
  endfacet
  facet normal 0.1344295 -0.25882074 0.95652527
    outer loop
      vertex 60.57009 -84.165085 26.903608
      vertex 61.643745 -83.96872 26.805851
      vertex 61.629032 -83.858 26.837877
    endloop
  endfacet
  facet normal 0.13442591 -0.25880253 0.9565307
    outer loop
      vertex 60.547432 -84.11021 26.921642
      vertex 61.629032 -83.858 26.837877
      vertex 61.621017 -83.79767 26.855328
    endloop
  endfacet
  facet normal 0.13442585 -0.25880232 0.95653075
    outer loop
      vertex 60.547432 -84.11021 26.921642
      vertex 61.621017 -83.79767 26.855328
      vertex 61.609116 -83.73802 26.873138
    endloop
  endfacet
  facet normal 0.13443528 -0.258832 0.9565214
    outer loop
      vertex 60.505463 -84.00855 26.955048
      vertex 61.609116 -83.73802 26.873138
      vertex 61.587193 -83.62814 26.905952
    endloop
  endfacet
  facet normal 0.13442963 -0.2588153 0.9565267
    outer loop
      vertex 60.505463 -84.00855 26.955048
      vertex 61.587193 -83.62814 26.905952
      vertex 61.558086 -83.51939 26.93947
    endloop
  endfacet
  facet normal 0.13444014 -0.25884482 0.9565172
    outer loop
      vertex 60.456806 -83.90923 26.98876
      vertex 61.558086 -83.51939 26.93947
      vertex 61.54241 -83.460815 26.957523
    endloop
  endfacet
  facet normal 0.13442616 -0.25881016 0.9565286
    outer loop
      vertex 60.456806 -83.90923 26.98876
      vertex 61.54241 -83.460815 26.957523
      vertex 61.52301 -83.40338 26.97579
    endloop
  endfacet
  facet normal 0.13442872 -0.25881568 0.9565267
    outer loop
      vertex 60.430748 -83.85603 27.006817
      vertex 61.52301 -83.40338 26.97579
      vertex 61.486855 -83.29633 27.009836
    endloop
  endfacet
  facet normal 0.1344316 -0.25882328 0.95652425
    outer loop
      vertex 60.40135 -83.80458 27.02487
      vertex 61.486855 -83.29633 27.009836
      vertex 61.44371 -83.19128 27.044327
    endloop
  endfacet
  facet normal 0.13442548 -0.2588061 0.95652974
    outer loop
      vertex 60.34625 -83.708145 27.05871
      vertex 61.44371 -83.19128 27.044327
      vertex 61.420746 -83.13536 27.062683
    endloop
  endfacet
  facet normal 0.13443862 -0.2588307 0.9565213
    outer loop
      vertex 60.34625 -83.708145 27.05871
      vertex 61.420746 -83.13536 27.062683
      vertex 61.39428 -83.081024 27.081106
    endloop
  endfacet
  facet normal 0.13443106 -0.2588206 0.9565251
    outer loop
      vertex 60.31369 -83.65868 27.076668
      vertex 61.39428 -83.081024 27.081106
      vertex 61.344353 -82.97852 27.115858
    endloop
  endfacet
  facet normal 0.13442409 -0.25880894 0.9565292
    outer loop
      vertex 60.252304 -83.565445 27.110523
      vertex 61.344353 -82.97852 27.115858
      vertex 61.31455 -82.92604 27.134247
    endloop
  endfacet
  facet normal 0.13443059 -0.2588196 0.9565254
    outer loop
      vertex 60.252304 -83.565445 27.110523
      vertex 61.31455 -82.92604 27.134247
      vertex 61.25798 -82.82644 27.169147
    endloop
  endfacet
  facet normal 0.13442841 -0.25881594 0.9565267
    outer loop
      vertex 60.184803 -83.47572 27.144287
      vertex 61.25798 -82.82644 27.169147
      vertex 61.194923 -82.730064 27.204086
    endloop
  endfacet
  facet normal 0.13442469 -0.2588084 0.95652926
    outer loop
      vertex 60.14929 -83.42851 27.162054
      vertex 61.194923 -82.730064 27.204086
      vertex 61.161972 -82.6797 27.222343
    endloop
  endfacet
  facet normal 0.13444601 -0.2588364 0.9565187
    outer loop
      vertex 60.14929 -83.42851 27.162054
      vertex 61.161972 -82.6797 27.222343
      vertex 61.12594 -82.63151 27.24045
    endloop
  endfacet
  facet normal 0.13442896 -0.25881848 0.9565259
    outer loop
      vertex 60.110878 -83.38358 27.179607
      vertex 61.12594 -82.63151 27.24045
      vertex 61.056713 -82.5389 27.275236
    endloop
  endfacet
  facet normal 0.13442215 -0.25881118 0.95652884
    outer loop
      vertex 60.110878 -83.38358 27.179607
      vertex 61.056713 -82.5389 27.275236
      vertex 61.017815 -82.4931 27.293095
    endloop
  endfacet
  facet normal 0.1344337 -0.2588228 0.9565241
    outer loop
      vertex 60.037605 -83.297874 27.213097
      vertex 61.017815 -82.4931 27.293095
      vertex 60.942623 -82.40458 27.327616
    endloop
  endfacet
  facet normal 0.13442065 -0.25881025 0.9565293
    outer loop
      vertex 60.037605 -83.297874 27.213097
      vertex 60.942623 -82.40458 27.327616
      vertex 60.901028 -82.36134 27.34516
    endloop
  endfacet
  facet normal 0.1344367 -0.25882372 0.9565234
    outer loop
      vertex 59.958725 -83.216415 27.246225
      vertex 60.901028 -82.36134 27.34516
      vertex 60.820152 -82.27727 27.379276
    endloop
  endfacet
  facet normal 0.13443035 -0.25881907 0.95652556
    outer loop
      vertex 61.655285 -84.14062 26.757715
      vertex 60.73435 -84.98602 26.658392
      vertex 62.734245 -144.28271 10.33268
    endloop
  endfacet
  facet normal 0.13444094 -0.25883007 0.9565211
    outer loop
      vertex 61.655285 -84.14062 26.757715
      vertex 60.727173 -84.87848 26.688501
      vertex 60.73435 -84.98602 26.658392
    endloop
  endfacet
  facet normal 0.13441692 -0.25880092 0.95653236
    outer loop
      vertex 61.655285 -84.14062 26.757715
      vertex 60.7232 -84.818886 26.705183
      vertex 60.727173 -84.87848 26.688501
    endloop
  endfacet
  facet normal 0.13442941 -0.25881758 0.9565261
    outer loop
      vertex 61.655285 -84.14062 26.757715
      vertex 60.715336 -84.75972 26.722298
      vertex 60.7232 -84.818886 26.705183
    endloop
  endfacet
  facet normal 0.13443923 -0.25883222 0.9565208
    outer loop
      vertex 61.655285 -84.14062 26.757715
      vertex 60.701088 -84.65257 26.753294
      vertex 60.715336 -84.75972 26.722298
    endloop
  endfacet
  facet normal 0.13443293 -0.2588198 0.956525
    outer loop
      vertex 59.917706 -83.17406 27.263453
      vertex 60.820152 -82.27727 27.379276
      vertex 60.689785 -82.15746 27.430016
    endloop
  endfacet
  facet normal 0.13443325 -0.2588211 0.9565246
    outer loop
      vertex 61.655285 -84.14062 26.757715
      vertex 60.679783 -84.5461 26.785099
      vertex 60.701088 -84.65257 26.753294
    endloop
  endfacet
  facet normal 0.13442695 -0.25880557 0.9565297
    outer loop
      vertex 61.655285 -84.14062 26.757715
      vertex 60.668102 -84.48773 26.802532
      vertex 60.679783 -84.5461 26.785099
    endloop
  endfacet
  facet normal 0.13443209 -0.25882083 0.95652485
    outer loop
      vertex 61.655285 -84.14062 26.757715
      vertex 60.65266 -84.43027 26.820251
      vertex 60.668102 -84.48773 26.802532
    endloop
  endfacet
  facet normal 0.13443317 -0.25882483 0.9565236
    outer loop
      vertex 61.655285 -84.14062 26.757715
      vertex 60.62438 -84.32503 26.852703
      vertex 60.65266 -84.43027 26.820251
    endloop
  endfacet
  facet normal 0.13443154 -0.25881866 0.9565255
    outer loop
      vertex 61.64783 -84.029564 26.788813
      vertex 60.605274 -84.268745 26.870617
      vertex 60.62438 -84.32503 26.852703
    endloop
  endfacet
  facet normal 0.13442111 -0.2588107 0.95652914
    outer loop
      vertex 59.83357 -83.097244 27.29606
      vertex 60.689785 -82.15746 27.430016
      vertex 60.598392 -82.08326 27.462936
    endloop
  endfacet
  facet normal 0.13442837 -0.2588032 0.95653015
    outer loop
      vertex 61.64783 -84.029564 26.788813
      vertex 60.57009 -84.165085 26.903608
      vertex 60.605274 -84.268745 26.870617
    endloop
  endfacet
  facet normal 0.13444947 -0.2588325 0.95651925
    outer loop
      vertex 59.790062 -83.057526 27.312922
      vertex 60.598392 -82.08326 27.462936
      vertex 60.552044 -82.04563 27.479633
    endloop
  endfacet
  facet normal 0.13443053 -0.25882456 0.9565241
    outer loop
      vertex 61.629032 -83.858 26.837877
      vertex 60.547432 -84.11021 26.921642
      vertex 60.57009 -84.165085 26.903608
    endloop
  endfacet
  facet normal 0.1344342 -0.25882715 0.9565228
    outer loop
      vertex 61.609116 -83.73802 26.873138
      vertex 60.505463 -84.00855 26.955048
      vertex 60.547432 -84.11021 26.921642
    endloop
  endfacet
  facet normal 0.13443148 -0.2588193 0.9565253
    outer loop
      vertex 61.558086 -83.51939 26.93947
      vertex 60.456806 -83.90923 26.98876
      vertex 60.505463 -84.00855 26.955048
    endloop
  endfacet
  facet normal 0.13442573 -0.25881523 0.95652723
    outer loop
      vertex 59.70098 -82.98569 27.34488
      vertex 60.552044 -82.04563 27.479633
      vertex 60.455936 -81.97688 27.511742
    endloop
  endfacet
  facet normal 0.13442858 -0.2588153 0.9565268
    outer loop
      vertex 61.52301 -83.40338 26.97579
      vertex 60.430748 -83.85603 27.006817
      vertex 60.456806 -83.90923 26.98876
    endloop
  endfacet
  facet normal 0.13444774 -0.2588322 0.9565196
    outer loop
      vertex 59.65518 -82.94875 27.36131
      vertex 60.455936 -81.97688 27.511742
      vertex 60.40747 -81.942215 27.527935
    endloop
  endfacet
  facet normal 0.13442361 -0.25880602 0.95653003
    outer loop
      vertex 61.486855 -83.29633 27.009836
      vertex 60.40135 -83.80458 27.02487
      vertex 60.430748 -83.85603 27.006817
    endloop
  endfacet
  facet normal 0.13444035 -0.25883797 0.95651907
    outer loop
      vertex 61.44371 -83.19128 27.044327
      vertex 60.34625 -83.708145 27.05871
      vertex 60.40135 -83.80458 27.02487
    endloop
  endfacet
  facet normal 0.13442001 -0.25879997 0.9565322
    outer loop
      vertex 61.39428 -83.081024 27.081106
      vertex 60.31369 -83.65868 27.076668
      vertex 60.34625 -83.708145 27.05871
    endloop
  endfacet
  facet normal 0.13443157 -0.25882098 0.9565249
    outer loop
      vertex 59.65518 -82.94875 27.36131
      vertex 60.40747 -81.942215 27.527935
      vertex 60.307014 -81.87921 27.559101
    endloop
  endfacet
  facet normal 0.1344238 -0.25881642 0.95652723
    outer loop
      vertex 59.607216 -82.91467 27.377272
      vertex 60.307014 -81.87921 27.559101
      vertex 60.256634 -81.84761 27.574732
    endloop
  endfacet
  facet normal 0.1344276 -0.25881547 0.95652694
    outer loop
      vertex 61.344353 -82.97852 27.115858
      vertex 60.252304 -83.565445 27.110523
      vertex 60.31369 -83.65868 27.076668
    endloop
  endfacet
  facet normal 0.13442725 -0.25881833 0.9565262
    outer loop
      vertex 59.607216 -82.91467 27.377272
      vertex 60.256634 -81.84761 27.574732
      vertex 60.20448 -81.819145 27.589764
    endloop
  endfacet
  facet normal 0.13443096 -0.2588201 0.9565252
    outer loop
      vertex 61.25798 -82.82644 27.169147
      vertex 60.184803 -83.47572 27.144287
      vertex 60.252304 -83.565445 27.110523
    endloop
  endfacet
  facet normal 0.13444233 -0.25883424 0.9565198
    outer loop
      vertex 61.194923 -82.730064 27.204086
      vertex 60.14929 -83.42851 27.162054
      vertex 60.184803 -83.47572 27.144287
    endloop
  endfacet
  facet normal 0.13441184 -0.25879607 0.9565344
    outer loop
      vertex 61.12594 -82.63151 27.24045
      vertex 60.110878 -83.38358 27.179607
      vertex 60.14929 -83.42851 27.162054
    endloop
  endfacet
  facet normal 0.13443084 -0.25881857 0.9565256
    outer loop
      vertex 59.513596 -82.84816 27.408428
      vertex 60.20448 -81.819145 27.589764
      vertex 60.100136 -81.76219 27.619839
    endloop
  endfacet
  facet normal 0.13443151 -0.25882024 0.9565251
    outer loop
      vertex 61.017815 -82.4931 27.293095
      vertex 60.037605 -83.297874 27.213097
      vertex 60.110878 -83.38358 27.179607
    endloop
  endfacet
  facet normal 0.13443753 -0.25882182 0.95652384
    outer loop
      vertex 59.513596 -82.84816 27.408428
      vertex 60.100136 -81.76219 27.619839
      vertex 59.992172 -81.71147 27.648737
    endloop
  endfacet
  facet normal 0.13443935 -0.2588265 0.9565223
    outer loop
      vertex 60.901028 -82.36134 27.34516
      vertex 59.958725 -83.216415 27.246225
      vertex 60.037605 -83.297874 27.213097
    endloop
  endfacet
  facet normal 0.13440396 -0.2588051 0.9565331
    outer loop
      vertex 59.365868 -82.756134 27.45409
      vertex 59.992172 -81.71147 27.648737
      vertex 59.938587 -81.686295 27.663078
    endloop
  endfacet
  facet normal 0.13444048 -0.258827 0.956522
    outer loop
      vertex 60.820152 -82.27727 27.379276
      vertex 59.917706 -83.17406 27.263453
      vertex 59.958725 -83.216415 27.246225
    endloop
  endfacet
  facet normal 0.13442597 -0.25881487 0.95652735
    outer loop
      vertex 60.689785 -82.15746 27.430016
      vertex 59.83357 -83.097244 27.29606
      vertex 59.917706 -83.17406 27.263453
    endloop
  endfacet
  facet normal 0.13443005 -0.25881767 0.956526
    outer loop
      vertex 59.365868 -82.756134 27.45409
      vertex 59.938587 -81.686295 27.663078
      vertex 59.827496 -81.64205 27.690662
    endloop
  endfacet
  facet normal 0.13442354 -0.2588124 0.9565283
    outer loop
      vertex 60.598392 -82.08326 27.462936
      vertex 59.790062 -83.057526 27.312922
      vertex 59.83357 -83.097244 27.29606
    endloop
  endfacet
  facet normal 0.13441516 -0.25881183 0.9565297
    outer loop
      vertex 59.3143 -82.72818 27.4689
      vertex 59.827496 -81.64205 27.690662
      vertex 59.77263 -81.6202 27.704285
    endloop
  endfacet
  facet normal 0.13447575 -0.25883383 0.9565152
    outer loop
      vertex 59.3143 -82.72818 27.4689
      vertex 59.77263 -81.6202 27.704285
      vertex 59.716633 -81.60172 27.717157
    endloop
  endfacet
  facet normal 0.13443017 -0.258819 0.9565256
    outer loop
      vertex 60.552044 -82.04563 27.479633
      vertex 59.70098 -82.98569 27.34488
      vertex 59.790062 -83.057526 27.312922
    endloop
  endfacet
  facet normal 0.13442566 -0.2588152 0.9565273
    outer loop
      vertex 60.455936 -81.97688 27.511742
      vertex 59.65518 -82.94875 27.36131
      vertex 59.70098 -82.98569 27.34488
    endloop
  endfacet
  facet normal 0.13442779 -0.2588189 0.956526
    outer loop
      vertex 60.307014 -81.87921 27.559101
      vertex 59.607216 -82.91467 27.377272
      vertex 59.65518 -82.94875 27.36131
    endloop
  endfacet
  facet normal 0.13442513 -0.2588183 0.9565265
    outer loop
      vertex 59.212578 -82.673035 27.498117
      vertex 59.716633 -81.60172 27.717157
      vertex 59.602913 -81.564186 27.743296
    endloop
  endfacet
  facet normal 0.13444303 -0.25882608 0.95652187
    outer loop
      vertex 60.20448 -81.819145 27.589764
      vertex 59.513596 -82.84816 27.408428
      vertex 59.607216 -82.91467 27.377272
    endloop
  endfacet
  facet normal 0.13442816 -0.2588182 0.9565261
    outer loop
      vertex 59.159523 -82.64828 27.512274
      vertex 59.602913 -81.564186 27.743296
      vertex 59.486893 -81.53348 27.76791
    endloop
  endfacet
  facet normal 0.13442864 -0.2588172 0.95652634
    outer loop
      vertex 59.054333 -82.5992 27.540339
      vertex 59.486893 -81.53348 27.76791
      vertex 59.43011 -81.51845 27.779957
    endloop
  endfacet
  facet normal 0.13442107 -0.25881574 0.95652777
    outer loop
      vertex 59.992172 -81.71147 27.648737
      vertex 59.415672 -82.787155 27.438696
      vertex 59.513596 -82.84816 27.408428
    endloop
  endfacet
  facet normal 0.13443491 -0.25881907 0.9565249
    outer loop
      vertex 59.054333 -82.5992 27.540339
      vertex 59.43011 -81.51845 27.779957
      vertex 59.372635 -81.50688 27.791164
    endloop
  endfacet
  facet normal 0.13444191 -0.2588258 0.9565221
    outer loop
      vertex 59.992172 -81.71147 27.648737
      vertex 59.365868 -82.756134 27.45409
      vertex 59.415672 -82.787155 27.438696
    endloop
  endfacet
  facet normal 0.13442251 -0.25881493 0.95652777
    outer loop
      vertex 59.827496 -81.64205 27.690662
      vertex 59.3143 -82.72818 27.4689
      vertex 59.365868 -82.756134 27.45409
    endloop
  endfacet
  facet normal 0.13442548 -0.2588175 0.9565267
    outer loop
      vertex 58.946026 -82.55635 27.567152
      vertex 59.372635 -81.50688 27.791164
      vertex 59.254894 -81.48318 27.814125
    endloop
  endfacet
  facet normal 0.13442451 -0.25881806 0.9565267
    outer loop
      vertex 59.716633 -81.60172 27.717157
      vertex 59.212578 -82.673035 27.498117
      vertex 59.3143 -82.72818 27.4689
    endloop
  endfacet
  facet normal 0.13444635 -0.25882474 0.9565218
    outer loop
      vertex 59.602913 -81.564186 27.743296
      vertex 59.159523 -82.64828 27.512274
      vertex 59.212578 -82.673035 27.498117
    endloop
  endfacet
  facet normal 0.13442448 -0.2588178 0.95652676
    outer loop
      vertex 58.891754 -82.53489 27.580585
      vertex 59.254894 -81.48318 27.814125
      vertex 59.135788 -81.46657 27.835358
    endloop
  endfacet
  facet normal 0.13445412 -0.25882322 0.9565211
    outer loop
      vertex 58.891754 -82.53489 27.580585
      vertex 59.135788 -81.46657 27.835358
      vertex 59.077957 -81.4585 27.845669
    endloop
  endfacet
  facet normal 0.13443904 -0.2588209 0.95652384
    outer loop
      vertex 59.486893 -81.53348 27.76791
      vertex 59.054333 -82.5992 27.540339
      vertex 59.159523 -82.64828 27.512274
    endloop
  endfacet
  facet normal 0.13443978 -0.25882134 0.95652366
    outer loop
      vertex 58.891754 -82.53489 27.580585
      vertex 59.077957 -81.4585 27.845669
      vertex 59.01988 -81.45394 27.855066
    endloop
  endfacet
  facet normal 0.13441901 -0.2588152 0.9565282
    outer loop
      vertex 59.372635 -81.50688 27.791164
      vertex 58.946026 -82.55635 27.567152
      vertex 59.054333 -82.5992 27.540339
    endloop
  endfacet
  facet normal 0.1344288 -0.25881803 0.95652604
    outer loop
      vertex 58.78082 -82.49852 27.60602
      vertex 59.01988 -81.45394 27.855066
      vertex 58.899994 -81.44453 27.874462
    endloop
  endfacet
  facet normal 0.13441506 -0.258815 0.95652884
    outer loop
      vertex 59.254894 -81.48318 27.814125
      vertex 58.891754 -82.53489 27.580585
      vertex 58.946026 -82.55635 27.567152
    endloop
  endfacet
  facet normal 0.13441536 -0.25881767 0.95652807
    outer loop
      vertex 58.725487 -82.48038 27.618704
      vertex 58.899994 -81.44453 27.874462
      vertex 58.841934 -81.44347 27.882908
    endloop
  endfacet
  facet normal 0.13445193 -0.2588223 0.9565217
    outer loop
      vertex 59.01988 -81.45394 27.855066
      vertex 58.78082 -82.49852 27.60602
      vertex 58.891754 -82.53489 27.580585
    endloop
  endfacet
  facet normal 0.13440415 -0.25881627 0.95653003
    outer loop
      vertex 58.899994 -81.44453 27.874462
      vertex 58.725487 -82.48038 27.618704
      vertex 58.78082 -82.49852 27.60602
    endloop
  endfacet
  facet normal 0.13443567 -0.25881907 0.95652485
    outer loop
      vertex 58.669243 -82.46559 27.63061
      vertex 58.841934 -81.44347 27.882908
      vertex 58.721703 -81.441284 27.900396
    endloop
  endfacet
  facet normal 0.13443641 -0.25881916 0.95652467
    outer loop
      vertex 58.841934 -81.44347 27.882908
      vertex 58.669243 -82.46559 27.63061
      vertex 58.725487 -82.48038 27.618704
    endloop
  endfacet
  facet normal 0.134435 -0.25881907 0.9565249
    outer loop
      vertex 58.721703 -81.441284 27.900396
      vertex 58.55618 -82.43587 27.654543
      vertex 58.669243 -82.46559 27.63061
    endloop
  endfacet
  facet normal 0.13440786 -0.25881574 0.9565296
    outer loop
      vertex 58.721703 -81.441284 27.900396
      vertex 58.499302 -82.424484 27.665615
      vertex 58.55618 -82.43587 27.654543
    endloop
  endfacet
  facet normal 0.1344312 -0.25881994 0.9565252
    outer loop
      vertex 58.721703 -81.441284 27.900396
      vertex 58.3845 -82.40152 27.687963
      vertex 58.499302 -82.424484 27.665615
    endloop
  endfacet
  facet normal 0.13442716 -0.25881872 0.9565261
    outer loop
      vertex 58.721703 -81.441284 27.900396
      vertex 58.26836 -82.38542 27.708641
      vertex 58.3845 -82.40152 27.687963
    endloop
  endfacet
  facet normal 0.13445221 -0.25882944 0.95651966
    outer loop
      vertex 58.721703 -81.441284 27.900396
      vertex 58.21112 -82.37749 27.718834
      vertex 58.26836 -82.38542 27.708641
    endloop
  endfacet
  facet normal 0.13444483 -0.2588258 0.9565217
    outer loop
      vertex 58.721703 -81.441284 27.900396
      vertex 58.09417 -82.36835 27.737745
      vertex 58.21112 -82.37749 27.718834
    endloop
  endfacet
  facet normal 0.13439924 -0.25879744 0.9565358
    outer loop
      vertex 58.721703 -81.441284 27.900396
      vertex 58.036728 -82.363846 27.747034
      vertex 58.09417 -82.36835 27.737745
    endloop
  endfacet
  facet normal 0.1344208 -0.25881228 0.9565288
    outer loop
      vertex 58.721703 -81.441284 27.900396
      vertex 57.97925 -82.3628 27.755394
      vertex 58.036728 -82.363846 27.747034
    endloop
  endfacet
  facet normal 0.13443874 -0.25882575 0.9565226
    outer loop
      vertex 58.721703 -81.441284 27.900396
      vertex 57.862003 -82.36066 27.772453
      vertex 57.97925 -82.3628 27.755394
    endloop
  endfacet
  facet normal 0.13443089 -0.2588188 0.95652556
    outer loop
      vertex -27.333494 -82.47506 39.714943
      vertex 57.862003 -82.36066 27.772453
      vertex 58.721703 -81.441284 27.900396
    endloop
  endfacet
  facet normal 0.13459142 -0.25873315 0.95652616
    outer loop
      vertex -27.333494 -82.47506 39.714943
      vertex -26.857323 -83.37063 39.405697
      vertex -26.854641 -83.37018 39.40544
    endloop
  endfacet
  facet normal 0.13443094 -0.25881714 0.95652604
    outer loop
      vertex 57.862003 -82.36066 27.772453
      vertex -27.333494 -82.47506 39.714943
      vertex -26.527016 -83.3461 39.365913
    endloop
  endfacet
  facet normal 0.13443251 -0.25881574 0.95652616
    outer loop
      vertex -27.333494 -82.47506 39.714943
      vertex -26.688217 -83.35297 39.38671
      vertex -26.527016 -83.3461 39.365913
    endloop
  endfacet
  facet normal 0.1343329 -0.258887 0.95652086
    outer loop
      vertex -27.333494 -82.47506 39.714943
      vertex -26.691006 -83.35309 39.38707
      vertex -26.688217 -83.35297 39.38671
    endloop
  endfacet
  facet normal 0.13456586 -0.25872105 0.956533
    outer loop
      vertex -27.333494 -82.47506 39.714943
      vertex -26.693787 -83.35338 39.387383
      vertex -26.691006 -83.35309 39.38707
    endloop
  endfacet
  facet normal 0.13441926 -0.25882503 0.9565255
    outer loop
      vertex -27.333494 -82.47506 39.714943
      vertex -26.854641 -83.37018 39.40544
      vertex -26.693787 -83.35338 39.387383
    endloop
  endfacet
  facet normal 0.1344454 -0.25881064 0.95652574
    outer loop
      vertex -26.857323 -83.37063 39.405697
      vertex -27.333494 -82.47506 39.714943
      vertex -27.017284 -83.397316 39.42096
    endloop
  endfacet
  facet normal 0.1344108 -0.258823 0.95652723
    outer loop
      vertex -27.333494 -82.47506 39.714943
      vertex -27.175766 -83.4338 39.433357
      vertex -27.017284 -83.397316 39.42096
    endloop
  endfacet
  facet normal 0.1351049 -0.2586906 0.9564653
    outer loop
      vertex -27.333494 -82.47506 39.714943
      vertex -27.178295 -83.43439 39.433556
      vertex -27.175766 -83.4338 39.433357
    endloop
  endfacet
  facet normal 0.13442573 -0.25881842 0.9565264
    outer loop
      vertex -27.333494 -82.47506 39.714943
      vertex -27.334587 -83.480515 39.44304
      vertex -27.178295 -83.43439 39.433556
    endloop
  endfacet
  facet normal 0.13445015 -0.25881755 0.9565232
    outer loop
      vertex -27.4994 -82.48222 39.736324
      vertex -27.334587 -83.480515 39.44304
      vertex -27.333494 -82.47506 39.714943
    endloop
  endfacet
  facet normal 0.1344916 -0.25880966 0.95651954
    outer loop
      vertex -27.334587 -83.480515 39.44304
      vertex -27.4994 -82.48222 39.736324
      vertex -27.33704 -83.48124 39.443188
    endloop
  endfacet
  facet normal 0.133684 -0.258962 0.9565915
    outer loop
      vertex -27.500622 -82.48228 39.73648
      vertex -27.33704 -83.48124 39.443188
      vertex -27.4994 -82.48222 39.736324
    endloop
  endfacet
  facet normal 0.13521205 -0.2586718 0.95645523
    outer loop
      vertex -27.33704 -83.48124 39.443188
      vertex -27.500622 -82.48228 39.73648
      vertex -27.339447 -83.48212 39.44329
    endloop
  endfacet
  facet normal 0.13442627 -0.25881922 0.9565261
    outer loop
      vertex -27.666264 -82.49976 39.755028
      vertex -27.339447 -83.48212 39.44329
      vertex -27.500622 -82.48228 39.73648
    endloop
  endfacet
  facet normal 0.13441762 -0.25882223 0.9565265
    outer loop
      vertex -27.339447 -83.48212 39.44329
      vertex -27.666264 -82.49976 39.755028
      vertex -27.4929 -83.537704 39.449814
    endloop
  endfacet
  facet normal 0.13334924 -0.25902826 0.9566203
    outer loop
      vertex -27.668526 -82.50007 39.75526
      vertex -27.4929 -83.537704 39.449814
      vertex -27.666264 -82.49976 39.755028
    endloop
  endfacet
  facet normal 0.13444903 -0.2588139 0.9565244
    outer loop
      vertex -27.83317 -82.52781 39.770897
      vertex -27.4929 -83.537704 39.449814
      vertex -27.668526 -82.50007 39.75526
    endloop
  endfacet
  facet normal 0.13004293 -0.2282173 0.96488637
    outer loop
      vertex -27.668526 -82.50007 39.75526
      vertex -27.666264 -82.49976 39.755028
      vertex -27.667398 -82.49988 39.755154
    endloop
  endfacet
  facet normal 0.13558106 -0.25841588 0.95647216
    outer loop
      vertex -27.4929 -83.537704 39.449814
      vertex -27.83317 -82.52781 39.770897
      vertex -27.495224 -83.53871 39.44987
    endloop
  endfacet
  facet normal 0.13441359 -0.25882348 0.95652676
    outer loop
      vertex -27.495224 -83.53871 39.44987
      vertex -27.83317 -82.52781 39.770897
      vertex -27.64526 -83.603546 39.45341
    endloop
  endfacet
  facet normal 0.13443024 -0.25882015 0.95652527
    outer loop
      vertex -27.996302 -82.56572 39.783566
      vertex -27.64526 -83.603546 39.45341
      vertex -27.83317 -82.52781 39.770897
    endloop
  endfacet
  facet normal 0.13392396 -0.25899863 0.956548
    outer loop
      vertex -27.998259 -82.56624 39.7837
      vertex -27.64526 -83.603546 39.45341
      vertex -27.996302 -82.56572 39.783566
    endloop
  endfacet
  facet normal 0.13443232 -0.25881845 0.95652544
    outer loop
      vertex -28.159105 -82.61414 39.793343
      vertex -27.64526 -83.603546 39.45341
      vertex -27.998259 -82.56624 39.7837
    endloop
  endfacet
  facet normal 0.13443275 -0.25881824 0.95652544
    outer loop
      vertex -27.64526 -83.603546 39.45341
      vertex -28.159105 -82.61414 39.793343
      vertex -27.791283 -83.677376 39.453957
    endloop
  endfacet
  facet normal 0.13423167 -0.25889054 0.95653415
    outer loop
      vertex -27.791283 -83.677376 39.453957
      vertex -28.159105 -82.61414 39.793343
      vertex -27.79353 -83.67851 39.453964
    endloop
  endfacet
  facet normal 0.13443781 -0.25881687 0.9565251
    outer loop
      vertex -28.31711 -82.67188 39.799927
      vertex -27.79353 -83.67851 39.453964
      vertex -28.159105 -82.61414 39.793343
    endloop
  endfacet
  facet normal 0.13528243 -0.26456442 0.9548321
    outer loop
      vertex -27.998259 -82.56624 39.7837
      vertex -27.996302 -82.56572 39.783566
      vertex -27.997288 -82.56595 39.78364
    endloop
  endfacet
  facet normal 0.133549 -0.25927895 0.9565245
    outer loop
      vertex -28.318855 -82.672585 39.79998
      vertex -27.79353 -83.67851 39.453964
      vertex -28.31711 -82.67188 39.799927
    endloop
  endfacet
  facet normal 0.1344413 -0.25881335 0.95652556
    outer loop
      vertex -27.79353 -83.67851 39.453964
      vertex -28.318855 -82.672585 39.79998
      vertex -27.934937 -83.76103 39.45151
    endloop
  endfacet
  facet normal 0.13442737 -0.25881845 0.95652616
    outer loop
      vertex -28.473324 -82.739914 39.80347
      vertex -27.934937 -83.76103 39.45151
      vertex -28.318855 -82.672585 39.79998
    endloop
  endfacet
  facet normal 0.13585185 -0.2580679 0.9565277
    outer loop
      vertex -28.474148 -82.74033 39.803474
      vertex -27.934937 -83.76103 39.45151
      vertex -28.473324 -82.739914 39.80347
    endloop
  endfacet
  facet normal 0.13353983 -0.2592878 0.95652336
    outer loop
      vertex -27.934937 -83.76103 39.45151
      vertex -28.474148 -82.74033 39.803474
      vertex -27.937122 -83.7623 39.451473
    endloop
  endfacet
  facet normal 0.13530098 -0.25836328 0.95652604
    outer loop
      vertex -27.937122 -83.7623 39.451473
      vertex -28.474148 -82.74033 39.803474
      vertex -27.939224 -83.76371 39.45139
    endloop
  endfacet
  facet normal 0.13442607 -0.2588205 0.9565258
    outer loop
      vertex -28.624489 -82.81699 39.80386
      vertex -27.939224 -83.76371 39.45139
      vertex -28.474148 -82.74033 39.803474
    endloop
  endfacet
  facet normal 0.11204008 -0.20458986 0.97241455
    outer loop
      vertex -28.318855 -82.672585 39.79998
      vertex -28.31711 -82.67188 39.799927
      vertex -28.317993 -82.6722 39.79996
    endloop
  endfacet
  facet normal 0.13443366 -0.25881517 0.95652616
    outer loop
      vertex -27.939224 -83.76371 39.45139
      vertex -28.624489 -82.81699 39.80386
      vertex -28.075474 -83.8546 39.445946
    endloop
  endfacet
  facet normal 0.13443075 -0.2588167 0.95652616
    outer loop
      vertex -28.77009 -82.90267 39.80114
      vertex -28.075474 -83.8546 39.445946
      vertex -28.624489 -82.81699 39.80386
    endloop
  endfacet
  facet normal 0.13510838 -0.25833517 0.95656085
    outer loop
      vertex -28.771677 -82.90367 39.801094
      vertex -28.075474 -83.8546 39.445946
      vertex -28.77009 -82.90267 39.80114
    endloop
  endfacet
  facet normal 0.1344216 -0.2588247 0.95652527
    outer loop
      vertex -28.075474 -83.8546 39.445946
      vertex -28.771677 -82.90367 39.801094
      vertex -28.205975 -83.95346 39.437534
    endloop
  endfacet
  facet normal 0.1344155 -0.25882798 0.95652527
    outer loop
      vertex -28.911978 -82.99803 39.795277
      vertex -28.205975 -83.95346 39.437534
      vertex -28.771677 -82.90367 39.801094
    endloop
  endfacet
  facet normal 0.1355019 -0.25804684 0.956583
    outer loop
      vertex -28.912746 -82.99862 39.795227
      vertex -28.205975 -83.95346 39.437534
      vertex -28.911978 -82.99803 39.795277
    endloop
  endfacet
  facet normal 0.13477963 -0.25856704 0.9565446
    outer loop
      vertex -28.205975 -83.95346 39.437534
      vertex -28.912746 -82.99862 39.795227
      vertex -28.208042 -83.95503 39.4374
    endloop
  endfacet
  facet normal 0.13435873 -0.25886878 0.95652217
    outer loop
      vertex -28.208042 -83.95503 39.4374
      vertex -28.912746 -82.99862 39.795227
      vertex -28.210014 -83.95672 39.43722
    endloop
  endfacet
  facet normal 0.13443016 -0.25881782 0.9565259
    outer loop
      vertex -29.04717 -83.10129 39.78634
      vertex -28.210014 -83.95672 39.43722
      vertex -28.912746 -82.99862 39.795227
    endloop
  endfacet
  facet normal 0.13441923 -0.258828 0.9565247
    outer loop
      vertex -28.210014 -83.95672 39.43722
      vertex -29.04717 -83.10129 39.78634
      vertex -28.334309 -84.06321 39.425873
    endloop
  endfacet
  facet normal 0.13549434 -0.25805292 0.9565824
    outer loop
      vertex -29.047935 -83.101944 39.78627
      vertex -28.334309 -84.06321 39.425873
      vertex -29.04717 -83.10129 39.78634
    endloop
  endfacet
  facet normal 0.13442755 -0.25882328 0.95652485
    outer loop
      vertex -29.17595 -83.2125 39.774345
      vertex -28.334309 -84.06321 39.425873
      vertex -29.047935 -83.101944 39.78627
    endloop
  endfacet
  facet normal 0.13472122 -0.25854647 0.95655835
    outer loop
      vertex -28.334309 -84.06321 39.425873
      vertex -29.17595 -83.2125 39.774345
      vertex -28.336212 -84.06505 39.425644
    endloop
  endfacet
  facet normal 0.13442774 -0.25882193 0.95652515
    outer loop
      vertex -28.336212 -84.06505 39.425644
      vertex -29.17595 -83.2125 39.774345
      vertex -28.453781 -84.17871 39.41141
    endloop
  endfacet
  facet normal 0.107832775 -0.21566555 0.970495
    outer loop
      vertex -28.771677 -82.90367 39.801094
      vertex -28.77009 -82.90267 39.80114
      vertex -28.770899 -82.903145 39.801125
    endloop
  endfacet
  facet normal 0.1344425 -0.25881124 0.956526
    outer loop
      vertex -29.297808 -83.33124 39.759346
      vertex -28.453781 -84.17871 39.41141
      vertex -29.17595 -83.2125 39.774345
    endloop
  endfacet
  facet normal 0.13474868 -0.25852084 0.95656145
    outer loop
      vertex -28.453781 -84.17871 39.41141
      vertex -29.297808 -83.33124 39.759346
      vertex -28.455612 -84.18071 39.41113
    endloop
  endfacet
  facet normal 0.13441992 -0.25883132 0.9565237
    outer loop
      vertex -29.411446 -83.45613 39.74152
      vertex -28.455612 -84.18071 39.41113
      vertex -29.297808 -83.33124 39.759346
    endloop
  endfacet
  facet normal 0.13443355 -0.25881454 0.95652634
    outer loop
      vertex -28.455612 -84.18071 39.41113
      vertex -29.411446 -83.45613 39.74152
      vertex -28.565983 -84.30109 39.39407
    endloop
  endfacet
  facet normal 0.13581201 -0.25750095 0.95668614
    outer loop
      vertex -29.412266 -83.45703 39.741394
      vertex -28.565983 -84.30109 39.39407
      vertex -29.411446 -83.45613 39.74152
    endloop
  endfacet
  facet normal 0.13442098 -0.25882903 0.9565242
    outer loop
      vertex -29.51805 -83.58836 39.720722
      vertex -28.565983 -84.30109 39.39407
      vertex -29.412266 -83.45703 39.741394
    endloop
  endfacet
  facet normal 0.13550378 -0.2574795 0.9567356
    outer loop
      vertex -29.518875 -83.58939 39.720562
      vertex -28.565983 -84.30109 39.39407
      vertex -29.51805 -83.58836 39.720722
    endloop
  endfacet
  facet normal 0.13442759 -0.25882366 0.9565247
    outer loop
      vertex -28.565983 -84.30109 39.39407
      vertex -29.518875 -83.58939 39.720562
      vertex -28.668663 -84.42761 39.374264
    endloop
  endfacet
  facet normal 0.13442303 -0.25882807 0.9565242
    outer loop
      vertex -29.616388 -83.72664 39.69713
      vertex -28.668663 -84.42761 39.374264
      vertex -29.518875 -83.58939 39.720562
    endloop
  endfacet
  facet normal 0.13385707 -0.25954086 0.9564104
    outer loop
      vertex -28.668663 -84.42761 39.374264
      vertex -29.616388 -83.72664 39.69713
      vertex -28.670475 -84.42984 39.373913
    endloop
  endfacet
  facet normal 0.13489471 -0.2582399 0.95661676
    outer loop
      vertex -29.61797 -83.72902 39.69671
      vertex -28.670475 -84.42984 39.373913
      vertex -29.616388 -83.72664 39.69713
    endloop
  endfacet
  facet normal 0.13477504 -0.25839072 0.95659286
    outer loop
      vertex -28.670475 -84.42984 39.373913
      vertex -29.61797 -83.72902 39.69671
      vertex -28.67215 -84.43218 39.373516
    endloop
  endfacet
  facet normal 0.13442813 -0.25882572 0.9565241
    outer loop
      vertex -29.706898 -83.87172 39.670593
      vertex -28.67215 -84.43218 39.373516
      vertex -29.61797 -83.72902 39.69671
    endloop
  endfacet
  facet normal 0.13443127 -0.25882044 0.9565251
    outer loop
      vertex -28.67215 -84.43218 39.373516
      vertex -29.706898 -83.87172 39.670593
      vertex -28.76685 -84.56449 39.351025
    endloop
  endfacet
  facet normal 0.13442728 -0.25882548 0.95652425
    outer loop
      vertex -29.786768 -84.019104 39.641937
      vertex -28.76685 -84.56449 39.351025
      vertex -29.706898 -83.87172 39.670593
    endloop
  endfacet
  facet normal 0.13486129 -0.2580876 0.95666254
    outer loop
      vertex -29.78757 -84.020584 39.64165
      vertex -28.76685 -84.56449 39.351025
      vertex -29.786768 -84.019104 39.641937
    endloop
  endfacet
  facet normal 0.13443777 -0.25880998 0.956527
    outer loop
      vertex -28.76685 -84.56449 39.351025
      vertex -29.78757 -84.020584 39.64165
      vertex -28.853077 -84.70188 39.32597
    endloop
  endfacet
  facet normal 0.13442773 -0.2588228 0.9565249
    outer loop
      vertex -29.858143 -84.17215 39.610558
      vertex -28.853077 -84.70188 39.32597
      vertex -29.78757 -84.020584 39.64165
    endloop
  endfacet
  facet normal 0.13445705 -0.25877228 0.95653445
    outer loop
      vertex -28.853077 -84.70188 39.32597
      vertex -29.858143 -84.17215 39.610558
      vertex -28.854721 -84.7045 39.325493
    endloop
  endfacet
  facet normal 0.13442627 -0.25882584 0.9565243
    outer loop
      vertex -29.920645 -84.33079 39.576416
      vertex -28.854721 -84.7045 39.325493
      vertex -29.859581 -84.17551 39.60985
    endloop
  endfacet
  facet normal 0.13442403 -0.25883138 0.9565231
    outer loop
      vertex -28.854721 -84.7045 39.325493
      vertex -29.920645 -84.33079 39.576416
      vertex -28.932209 -84.8465 39.29796
    endloop
  endfacet
  facet normal 0.1347577 -0.2582512 0.956633
    outer loop
      vertex -28.932209 -84.8465 39.29796
      vertex -29.920645 -84.33079 39.576416
      vertex -28.933746 -84.84932 39.297413
    endloop
  endfacet
  facet normal 0.13443121 -0.25881526 0.95652646
    outer loop
      vertex -29.971857 -84.48887 39.54084
      vertex -28.933746 -84.84932 39.297413
      vertex -29.920645 -84.33079 39.576416
    endloop
  endfacet
  facet normal 0.13443425 -0.25880763 0.9565281
    outer loop
      vertex -28.933746 -84.84932 39.297413
      vertex -29.971857 -84.48887 39.54084
      vertex -28.935108 -84.85223 39.296818
    endloop
  endfacet
  facet normal 0.13448142 -0.25868994 0.95655334
    outer loop
      vertex -29.973053 -84.49299 39.539894
      vertex -28.935108 -84.85223 39.296818
      vertex -29.971857 -84.48887 39.54084
    endloop
  endfacet
  facet normal 0.13443133 -0.2588163 0.95652616
    outer loop
      vertex -28.935108 -84.85223 39.296818
      vertex -29.973053 -84.49299 39.539894
      vertex -29.003616 -84.99838 39.2669
    endloop
  endfacet
  facet normal 0.13449329 -0.25871024 0.9565462
    outer loop
      vertex -29.859581 -84.17551 39.60985
      vertex -28.854721 -84.7045 39.325493
      vertex -29.858143 -84.17215 39.610558
    endloop
  endfacet
  facet normal 0.13443169 -0.25881568 0.9565263
    outer loop
      vertex -30.014328 -84.65355 39.50225
      vertex -29.003616 -84.99838 39.2669
      vertex -29.973053 -84.49299 39.539894
    endloop
  endfacet
  facet normal 0.13442983 -0.2588204 0.95652527
    outer loop
      vertex -30.045435 -84.81562 39.46277
      vertex -29.003616 -84.99838 39.2669
      vertex -30.014328 -84.65355 39.50225
    endloop
  endfacet
  facet normal 0.13442744 -0.25883126 0.9565227
    outer loop
      vertex -29.003616 -84.99838 39.2669
      vertex -30.045435 -84.81562 39.46277
      vertex -29.062763 -85.14786 39.234764
    endloop
  endfacet
  facet normal 0.13525671 -0.25846082 0.95650595
    outer loop
      vertex -29.61797 -83.72902 39.69671
      vertex -29.616388 -83.72664 39.69713
      vertex -29.617216 -83.727806 39.69693
    endloop
  endfacet
  facet normal 0.1344398 -0.25879943 0.95652956
    outer loop
      vertex -30.046223 -84.82054 39.461548
      vertex -29.062763 -85.14786 39.234764
      vertex -30.045435 -84.81562 39.46277
    endloop
  endfacet
  facet normal 0.13435064 -0.25903234 0.956479
    outer loop
      vertex -29.062763 -85.14786 39.234764
      vertex -30.046223 -84.82054 39.461548
      vertex -29.064045 -85.1511 39.234066
    endloop
  endfacet
  facet normal 0.13442817 -0.25883183 0.9565224
    outer loop
      vertex -30.067125 -84.98382 39.420303
      vertex -29.064045 -85.1511 39.234066
      vertex -30.046223 -84.82054 39.461548
    endloop
  endfacet
  facet normal 0.13457921 -0.25811738 0.95669425
    outer loop
      vertex -30.067299 -84.986496 39.419605
      vertex -29.064045 -85.1511 39.234066
      vertex -30.067125 -84.98382 39.420303
    endloop
  endfacet
  facet normal 0.13443416 -0.25881267 0.95652676
    outer loop
      vertex -29.064045 -85.1511 39.234066
      vertex -30.067299 -84.986496 39.419605
      vertex -29.113678 -85.30343 39.199825
    endloop
  endfacet
  facet normal 0.13328879 -0.25825548 0.9568376
    outer loop
      vertex -29.859581 -84.17551 39.60985
      vertex -29.858143 -84.17215 39.610558
      vertex -29.858913 -84.173805 39.610218
    endloop
  endfacet
  facet normal 0.13442774 -0.25882947 0.9565231
    outer loop
      vertex -30.077898 -85.15015 39.376812
      vertex -29.113678 -85.30343 39.199825
      vertex -30.067299 -84.986496 39.419605
    endloop
  endfacet
  facet normal 0.13456178 -0.25817025 0.95668244
    outer loop
      vertex -29.113678 -85.30343 39.199825
      vertex -30.077898 -85.15015 39.376812
      vertex -29.114803 -85.306885 39.19905
    endloop
  endfacet
  facet normal 0.13442253 -0.25884217 0.95652044
    outer loop
      vertex -29.114803 -85.306885 39.19905
      vertex -30.077898 -85.15015 39.376812
      vertex -29.154732 -85.46144 39.162838
    endloop
  endfacet
  facet normal 0.16346115 -0.26562437 0.95011795
    outer loop
      vertex -29.973053 -84.49299 39.539894
      vertex -29.971857 -84.48887 39.54084
      vertex -29.972519 -84.49091 39.540382
    endloop
  endfacet
  facet normal 0.13453372 -0.25855502 0.9565824
    outer loop
      vertex -29.154732 -85.46144 39.162838
      vertex -30.077898 -85.15015 39.376812
      vertex -29.155682 -85.46511 39.16198
    endloop
  endfacet
  facet normal 0.13465731 -0.25823945 0.9566503
    outer loop
      vertex -29.155682 -85.46511 39.16198
      vertex -30.077898 -85.15015 39.376812
      vertex -29.156399 -85.468834 39.161076
    endloop
  endfacet
  facet normal 0.13442335 -0.25883016 0.95652354
    outer loop
      vertex -29.156399 -85.468834 39.161076
      vertex -30.077898 -85.15015 39.376812
      vertex -29.186516 -85.62517 39.123005
    endloop
  endfacet
  facet normal 0.10459741 -0.25518534 0.9612179
    outer loop
      vertex -30.046223 -84.82054 39.461548
      vertex -30.045435 -84.81562 39.46277
      vertex -30.045906 -84.81807 39.46217
    endloop
  endfacet
  facet normal 0.13443965 -0.25880238 0.9565288
    outer loop
      vertex -29.186516 -85.62517 39.123005
      vertex -30.077898 -85.15015 39.376812
      vertex -29.206661 -85.78233 39.083313
    endloop
  endfacet
  facet normal 0.13361573 -0.2598585 0.9563579
    outer loop
      vertex -29.206661 -85.78233 39.083313
      vertex -30.077898 -85.15015 39.376812
      vertex -29.207188 -85.78642 39.082275
    endloop
  endfacet
  facet normal 0.13477047 -0.25838774 0.95659435
    outer loop
      vertex -29.207188 -85.78642 39.082275
      vertex -30.077898 -85.15015 39.376812
      vertex -29.20745 -85.79054 39.0812
    endloop
  endfacet
  facet normal 0.1344349 -0.25881264 0.9565267
    outer loop
      vertex -29.20745 -85.79054 39.0812
      vertex -30.077898 -85.15015 39.376812
      vertex -29.217606 -85.94825 39.039955
    endloop
  endfacet
  facet normal 0.13442862 -0.25881904 0.9565258
    outer loop
      vertex -30.077898 -85.15015 39.376812
      vertex -31.084347 -143.23602 23.80124
      vertex -29.217606 -85.94825 39.039955
    endloop
  endfacet
  facet normal 0.1344175 -0.25880077 0.95653236
    outer loop
      vertex -32.037457 -144.10397 23.700338
      vertex -31.084713 -143.41183 23.75372
      vertex -31.084557 -143.336 23.774216
    endloop
  endfacet
  facet normal 0.13445497 -0.2588456 0.95651495
    outer loop
      vertex -32.037457 -144.10397 23.700338
      vertex -31.084557 -143.336 23.774216
      vertex -31.084347 -143.23602 23.80124
    endloop
  endfacet
  facet normal 0.13445866 -0.2588189 0.95652163
    outer loop
      vertex -31.084713 -143.41183 23.75372
      vertex -31.161581 -146.28676 22.986618
      vertex -31.104258 -146.34174 22.963684
    endloop
  endfacet
  facet normal 0.13442965 -0.25881904 0.9565257
    outer loop
      vertex -32.037457 -144.10397 23.700338
      vertex -31.084347 -143.23602 23.80124
      vertex -30.077898 -85.15015 39.376812
    endloop
  endfacet
  facet normal 0.13442352 -0.25880885 0.9565293
    outer loop
      vertex -31.084713 -143.41183 23.75372
      vertex -32.037457 -144.10397 23.700338
      vertex -32.03777 -144.20653 23.672634
    endloop
  endfacet
  facet normal 0.13443716 -0.25882456 0.9565231
    outer loop
      vertex -31.084713 -143.41183 23.75372
      vertex -32.03777 -144.20653 23.672634
      vertex -32.038006 -144.28513 23.6514
    endloop
  endfacet
  facet normal 0.13443494 -0.25881845 0.9565251
    outer loop
      vertex -31.231277 -146.21992 23.0145
      vertex -31.084713 -143.41183 23.75372
      vertex -31.41167 -146.01396 23.095583
    endloop
  endfacet
  facet normal 0.13435099 -0.2588891 0.95651776
    outer loop
      vertex -31.231277 -146.21992 23.0145
      vertex -31.41167 -146.01396 23.095583
      vertex -31.350489 -146.0899 23.066435
    endloop
  endfacet
  facet normal 0.134463 -0.25881884 0.95652103
    outer loop
      vertex -31.084713 -143.41183 23.75372
      vertex -31.231277 -146.21992 23.0145
      vertex -31.161581 -146.28676 22.986618
    endloop
  endfacet
  facet normal 0.13471289 -0.25859663 0.956546
    outer loop
      vertex -31.41167 -146.01396 23.095583
      vertex -31.517935 -145.87213 23.148891
      vertex -31.46142 -145.95221 23.119284
    endloop
  endfacet
  facet normal 0.13441099 -0.25881642 0.956529
    outer loop
      vertex -31.084713 -143.41183 23.75372
      vertex -31.517935 -145.87213 23.148891
      vertex -31.41167 -146.01396 23.095583
    endloop
  endfacet
  facet normal 0.13475849 -0.2586073 0.95653665
    outer loop
      vertex -31.517935 -145.87213 23.148891
      vertex -31.61524 -145.72346 23.202793
      vertex -31.563639 -145.80737 23.172838
    endloop
  endfacet
  facet normal 0.13442925 -0.25881886 0.9565258
    outer loop
      vertex -31.084713 -143.41183 23.75372
      vertex -31.61524 -145.72346 23.202793
      vertex -31.517935 -145.87213 23.148891
    endloop
  endfacet
  facet normal 0.13522814 -0.2583596 0.9565373
    outer loop
      vertex -31.61524 -145.72346 23.202793
      vertex -31.69392 -145.58603 23.251038
      vertex -31.65674 -145.65599 23.226885
    endloop
  endfacet
  facet normal 0.13442202 -0.25881752 0.9565272
    outer loop
      vertex -31.084713 -143.41183 23.75372
      vertex -31.69392 -145.58603 23.251038
      vertex -31.61524 -145.72346 23.202793
    endloop
  endfacet
  facet normal 0.13449207 -0.25879964 0.95652217
    outer loop
      vertex -31.69392 -145.58603 23.251038
      vertex -31.781485 -145.40804 23.311508
      vertex -31.740366 -145.49864 23.281212
    endloop
  endfacet
  facet normal 0.13444503 -0.2588229 0.95652246
    outer loop
      vertex -31.084713 -143.41183 23.75372
      vertex -31.781485 -145.40804 23.311508
      vertex -31.69392 -145.58603 23.251038
    endloop
  endfacet
  facet normal 0.1342306 -0.25890496 0.9565304
    outer loop
      vertex -31.781485 -145.40804 23.311508
      vertex -31.849773 -145.24252 23.36589
      vertex -31.814186 -145.33597 23.335604
    endloop
  endfacet
  facet normal 0.13443357 -0.25881946 0.956525
    outer loop
      vertex -31.084713 -143.41183 23.75372
      vertex -31.849773 -145.24252 23.36589
      vertex -31.781485 -145.40804 23.311508
    endloop
  endfacet
  facet normal 0.13458651 -0.25875142 0.9565219
    outer loop
      vertex -31.849773 -145.24252 23.36589
      vertex -31.901436 -145.09311 23.413578
      vertex -31.877916 -145.16861 23.389845
    endloop
  endfacet
  facet normal 0.13441563 -0.25881287 0.9565293
    outer loop
      vertex -31.084713 -143.41183 23.75372
      vertex -31.901436 -145.09311 23.413578
      vertex -31.849773 -145.24252 23.36589
    endloop
  endfacet
  facet normal 0.13445628 -0.2588305 0.9565188
    outer loop
      vertex -31.084713 -143.41183 23.75372
      vertex -31.931309 -144.99722 23.443724
      vertex -31.901436 -145.09311 23.413578
    endloop
  endfacet
  facet normal 0.13441439 -0.25881034 0.95653015
    outer loop
      vertex -31.084713 -143.41183 23.75372
      vertex -31.955353 -144.89917 23.473633
      vertex -31.931309 -144.99722 23.443724
    endloop
  endfacet
  facet normal 0.13390343 -0.25895557 0.9565625
    outer loop
      vertex -31.955353 -144.89917 23.473633
      vertex -31.988228 -144.74483 23.520018
      vertex -31.974157 -144.82248 23.497026
    endloop
  endfacet
  facet normal 0.13444652 -0.25882742 0.95652103
    outer loop
      vertex -31.084713 -143.41183 23.75372
      vertex -31.988228 -144.74483 23.520018
      vertex -31.955353 -144.89917 23.473633
    endloop
  endfacet
  facet normal 0.13439447 -0.25879496 0.9565371
    outer loop
      vertex -31.084713 -143.41183 23.75372
      vertex -32.006298 -144.64508 23.549543
      vertex -31.988228 -144.74483 23.520018
    endloop
  endfacet
  facet normal 0.134423 -0.25881472 0.95652777
    outer loop
      vertex -31.084713 -143.41183 23.75372
      vertex -32.01831 -144.54396 23.578592
      vertex -32.006298 -144.64508 23.549543
    endloop
  endfacet
  facet normal 0.13444765 -0.25883374 0.9565192
    outer loop
      vertex -31.084713 -143.41183 23.75372
      vertex -32.027607 -144.46573 23.601068
      vertex -32.01831 -144.54396 23.578592
    endloop
  endfacet
  facet normal 0.13441807 -0.25880885 0.95653003
    outer loop
      vertex -31.084713 -143.41183 23.75372
      vertex -32.03213 -144.38713 23.62297
      vertex -32.027607 -144.46573 23.601068
    endloop
  endfacet
  facet normal 0.13445212 -0.25884014 0.9565168
    outer loop
      vertex -31.084713 -143.41183 23.75372
      vertex -32.038006 -144.28513 23.6514
      vertex -32.03213 -144.38713 23.62297
    endloop
  endfacet
  facet normal 0.13443193 -0.258816 0.95652616
    outer loop
      vertex 62.72352 -144.64615 10.235847
      vertex 63.757584 -145.20485 9.939345
      vertex 62.72615 -144.60324 10.2470875
    endloop
  endfacet
  facet normal 0.13444453 -0.25879478 0.95653015
    outer loop
      vertex 62.718185 -144.6886 10.225112
      vertex 63.757584 -145.20485 9.939345
      vertex 62.72352 -144.64615 10.235847
    endloop
  endfacet
  facet normal 0.13442641 -0.25882775 0.9565238
    outer loop
      vertex 62.70093 -144.82594 10.190372
      vertex 63.757584 -145.20485 9.939345
      vertex 62.718185 -144.6886 10.225112
    endloop
  endfacet
  facet normal 0.13443428 -0.25880852 0.9565279
    outer loop
      vertex 62.674923 -144.96187 10.15725
      vertex 63.757584 -145.20485 9.939345
      vertex 62.70093 -144.82594 10.190372
    endloop
  endfacet
  facet normal 0.13443631 -0.258801 0.9565296
    outer loop
      vertex 62.666958 -145.00351 10.147103
      vertex 63.757584 -145.20485 9.939345
      vertex 62.674923 -144.96187 10.15725
    endloop
  endfacet
  facet normal 0.13442941 -0.258831 0.95652246
    outer loop
      vertex 62.632294 -145.13734 10.11576
      vertex 63.757584 -145.20485 9.939345
      vertex 62.666958 -145.00351 10.147103
    endloop
  endfacet
  facet normal 0.13443454 -0.2587853 0.95653415
    outer loop
      vertex 63.757717 -145.24786 9.927689
      vertex 62.632294 -145.13734 10.11576
      vertex 62.62173 -145.17813 10.10621
    endloop
  endfacet
  facet normal 0.13442492 -0.258844 0.9565196
    outer loop
      vertex 63.755623 -145.43524 9.877283
      vertex 62.57852 -145.30934 10.076777
      vertex 63.746994 -145.57959 9.839434
    endloop
  endfacet
  facet normal 0.134447 -0.25877732 0.9565345
    outer loop
      vertex 63.72928 -145.72305 9.803105
      vertex 62.549835 -145.38782 10.059577
      vertex 63.724102 -145.76498 9.792489
    endloop
  endfacet
  facet normal 0.13443226 -0.2588184 0.9565255
    outer loop
      vertex 63.68957 -145.94806 9.747804
      vertex 62.498264 -145.5158 10.032196
      vertex 63.65385 -146.08777 9.715021
    endloop
  endfacet
  facet normal 0.1344199 -0.2588457 0.95651984
    outer loop
      vertex 63.64354 -146.12811 9.705555
      vertex 62.438465 -145.64015 10.006952
      vertex 63.630714 -146.16753 9.6966915
    endloop
  endfacet
  facet normal 0.13444144 -0.25879937 0.9565293
    outer loop
      vertex 62.30994 -145.86803 9.963356
      vertex 63.517723 -146.47627 9.629033
      vertex 62.332466 -145.83357 9.969512
    endloop
  endfacet
  facet normal 0.13444246 -0.2587979 0.9565296
    outer loop
      vertex 63.45599 -146.60608 9.602584
      vertex 62.23448 -145.98341 9.942738
      vertex 63.43844 -146.64299 9.595064
    endloop
  endfacet
  facet normal 0.13443513 -0.2588115 0.95652694
    outer loop
      vertex 62.12694 -146.12642 9.919156
      vertex 63.270653 -146.92442 9.542494
      vertex 62.15157 -146.09367 9.924555
    endloop
  endfacet
  facet normal 0.13444847 -0.25880003 0.9565282
    outer loop
      vertex 62.100258 -146.15744 9.914514
      vertex 63.162994 -147.0735 9.517285
      vertex 62.12694 -146.12642 9.919156
    endloop
  endfacet
  facet normal 0.13445136 -0.25879687 0.9565286
    outer loop
      vertex 63.162994 -147.0735 9.517285
      vertex 62.100258 -146.15744 9.914514
      vertex 63.13892 -147.10585 9.511917
    endloop
  endfacet
  facet normal 0.13442512 -0.25882405 0.95652497
    outer loop
      vertex 62.010277 -146.26202 9.89886
      vertex 63.13892 -147.10585 9.511917
      vertex 62.100258 -146.15744 9.914514
    endloop
  endfacet
  facet normal 0.13443261 -0.2588147 0.95652646
    outer loop
      vertex 63.13892 -147.10585 9.511917
      vertex 62.010277 -146.26202 9.89886
      vertex 63.045906 -147.21506 9.4954405
    endloop
  endfacet
  facet normal 0.1344073 -0.2588407 0.95652294
    outer loop
      vertex 63.045906 -147.21506 9.4954405
      vertex 62.010277 -146.26202 9.89886
      vertex 63.019844 -147.24565 9.490824
    endloop
  endfacet
  facet normal 0.1344425 -0.2588064 0.9565273
    outer loop
      vertex 61.981667 -146.29117 9.894996
      vertex 63.019844 -147.24565 9.490824
      vertex 62.010277 -146.26202 9.89886
    endloop
  endfacet
  facet normal 0.13442706 -0.2588223 0.95652515
    outer loop
      vertex 63.019844 -147.24565 9.490824
      vertex 61.981667 -146.29117 9.894996
      vertex 62.891903 -147.37726 9.473193
    endloop
  endfacet
  facet normal 0.13441779 -0.25882977 0.95652443
    outer loop
      vertex 61.884945 -146.38968 9.881931
      vertex 62.891903 -147.37726 9.473193
      vertex 61.981667 -146.29117 9.894996
    endloop
  endfacet
  facet normal 0.13445848 -0.25879034 0.9565294
    outer loop
      vertex 62.891903 -147.37726 9.473193
      vertex 61.884945 -146.38968 9.881931
      vertex 62.86216 -147.40408 9.470117
    endloop
  endfacet
  facet normal 0.13442944 -0.25881705 0.9565262
    outer loop
      vertex 62.86216 -147.40408 9.470117
      vertex 61.884945 -146.38968 9.881931
      vertex 62.755608 -147.50015 9.459097
    endloop
  endfacet
  facet normal 0.13449511 -0.2587672 0.9565305
    outer loop
      vertex 61.85452 -146.41685 9.878858
      vertex 62.755608 -147.50015 9.459097
      vertex 61.884945 -146.38968 9.881931
    endloop
  endfacet
  facet normal 0.13438098 -0.2588587 0.95652175
    outer loop
      vertex 62.755608 -147.50015 9.459097
      vertex 61.85452 -146.41685 9.878858
      vertex 62.7242 -147.52492 9.456807
    endloop
  endfacet
  facet normal 0.1344331 -0.2588191 0.95652515
    outer loop
      vertex 61.751442 -146.5089 9.86844
      vertex 62.7242 -147.52492 9.456807
      vertex 61.85452 -146.41685 9.878858
    endloop
  endfacet
  facet normal 0.13443312 -0.2588191 0.95652515
    outer loop
      vertex 62.7242 -147.52492 9.456807
      vertex 61.751442 -146.5089 9.86844
      vertex 62.611492 -147.61383 9.448589
    endloop
  endfacet
  facet normal 0.13442703 -0.2588237 0.9565248
    outer loop
      vertex 62.611492 -147.61383 9.448589
      vertex 61.751442 -146.5089 9.86844
      vertex 62.57854 -147.63647 9.447093
    endloop
  endfacet
  facet normal 0.13442802 -0.25882298 0.95652485
    outer loop
      vertex 62.57854 -147.63647 9.447093
      vertex 61.751442 -146.5089 9.86844
      vertex 62.460136 -147.71785 9.441714
    endloop
  endfacet
  facet normal 0.13442223 -0.25882635 0.9565247
    outer loop
      vertex 61.642406 -146.59409 9.860711
      vertex 62.460136 -147.71785 9.441714
      vertex 61.751442 -146.5089 9.86844
    endloop
  endfacet
  facet normal 0.13444376 -0.2588111 0.95652586
    outer loop
      vertex 61.6103 -146.61917 9.858437
      vertex 62.460136 -147.71785 9.441714
      vertex 61.642406 -146.59409 9.860711
    endloop
  endfacet
  facet normal 0.13443643 -0.25881657 0.9565254
    outer loop
      vertex 62.460136 -147.71785 9.441714
      vertex 61.6103 -146.61917 9.858437
      vertex 62.336502 -147.79137 9.4391985
    endloop
  endfacet
  facet normal 0.1344425 -0.25881287 0.95652556
    outer loop
      vertex 61.576595 -146.64212 9.856964
      vertex 62.336502 -147.79137 9.4391985
      vertex 61.6103 -146.61917 9.858437
    endloop
  endfacet
  facet normal 0.13448429 -0.25878575 0.956527
    outer loop
      vertex 62.336502 -147.79137 9.4391985
      vertex 61.576595 -146.64212 9.856964
      vertex 62.302135 -147.81181 9.4384985
    endloop
  endfacet
  facet normal 0.13440216 -0.258836 0.95652497
    outer loop
      vertex 62.302135 -147.81181 9.4384985
      vertex 61.576595 -146.64212 9.856964
      vertex 62.26646 -147.82997 9.438598
    endloop
  endfacet
  facet normal 0.1344407 -0.2588138 0.95652556
    outer loop
      vertex 61.46208 -146.7201 9.851962
      vertex 62.26646 -147.82997 9.438598
      vertex 61.576595 -146.64212 9.856964
    endloop
  endfacet
  facet normal 0.13443008 -0.2588213 0.956525
    outer loop
      vertex 62.26646 -147.82997 9.438598
      vertex 61.46208 -146.7201 9.851962
      vertex 62.13812 -147.89531 9.438955
    endloop
  endfacet
  facet normal 0.13446271 -0.25880268 0.95652544
    outer loop
      vertex 62.13812 -147.89531 9.438955
      vertex 61.46208 -146.7201 9.851962
      vertex 62.101273 -147.91113 9.439854
    endloop
  endfacet
  facet normal 0.13442437 -0.25882322 0.95652527
    outer loop
      vertex 62.101273 -147.91113 9.439854
      vertex 61.46208 -146.7201 9.851962
      vertex 61.96874 -147.96803 9.443083
    endloop
  endfacet
  facet normal 0.13443047 -0.25882068 0.95652515
    outer loop
      vertex 61.342518 -146.79053 9.849707
      vertex 61.96874 -147.96803 9.443083
      vertex 61.46208 -146.7201 9.851962
    endloop
  endfacet
  facet normal 0.13443445 -0.25881857 0.95652515
    outer loop
      vertex 61.96874 -147.96803 9.443083
      vertex 61.342518 -146.79053 9.849707
      vertex 61.832573 -148.01627 9.449169
    endloop
  endfacet
  facet normal 0.13440107 -0.25883225 0.9565261
    outer loop
      vertex 61.307365 -146.81123 9.849043
      vertex 61.832573 -148.01627 9.449169
      vertex 61.342518 -146.79053 9.849707
    endloop
  endfacet
  facet normal 0.13443394 -0.2588177 0.95652544
    outer loop
      vertex 61.832573 -148.01627 9.449169
      vertex 61.307365 -146.81123 9.849043
      vertex 61.79467 -148.0297 9.450863
    endloop
  endfacet
  facet normal 0.13438484 -0.2588378 0.9565269
    outer loop
      vertex 61.79467 -148.0297 9.450863
      vertex 61.307365 -146.81123 9.849043
      vertex 61.75588 -148.04065 9.453348
    endloop
  endfacet
  facet normal 0.13443357 -0.25881943 0.956525
    outer loop
      vertex 61.18326 -146.87384 9.849545
      vertex 61.75588 -148.04065 9.453348
      vertex 61.307365 -146.81123 9.849043
    endloop
  endfacet
  facet normal 0.13443927 -0.2588166 0.95652497
    outer loop
      vertex 61.75588 -148.04065 9.453348
      vertex 61.18326 -146.87384 9.849545
      vertex 61.616604 -148.08003 9.462267
    endloop
  endfacet
  facet normal 0.13441154 -0.2588269 0.9565261
    outer loop
      vertex 61.146774 -146.89224 9.849692
      vertex 61.616604 -148.08003 9.462267
      vertex 61.18326 -146.87384 9.849545
    endloop
  endfacet
  facet normal 0.13442442 -0.2588217 0.9565257
    outer loop
      vertex 61.616604 -148.08003 9.462267
      vertex 61.146774 -146.89224 9.849692
      vertex 61.474842 -148.11038 9.473977
    endloop
  endfacet
  facet normal 0.1344326 -0.25881934 0.9565252
    outer loop
      vertex 61.109093 -146.90828 9.850649
      vertex 61.474842 -148.11038 9.473977
      vertex 61.146774 -146.89224 9.849692
    endloop
  endfacet
  facet normal 0.13448274 -0.25880325 0.95652246
    outer loop
      vertex 61.474842 -148.11038 9.473977
      vertex 61.109093 -146.90828 9.850649
      vertex 61.43525 -148.11887 9.477248
    endloop
  endfacet
  facet normal 0.13443409 -0.2588173 0.9565255
    outer loop
      vertex 61.43525 -148.11887 9.477248
      vertex 61.109093 -146.90828 9.850649
      vertex 61.395058 -148.1248 9.481291
    endloop
  endfacet
  facet normal 0.13441712 -0.25882164 0.95652676
    outer loop
      vertex 60.980946 -146.9628 9.853905
      vertex 61.395058 -148.1248 9.481291
      vertex 61.109093 -146.90828 9.850649
    endloop
  endfacet
  facet normal 0.1344206 -0.25882035 0.9565266
    outer loop
      vertex 61.395058 -148.1248 9.481291
      vertex 60.980946 -146.9628 9.853905
      vertex 61.251324 -148.14603 9.495747
    endloop
  endfacet
  facet normal 0.13446118 -0.2588102 0.95652366
    outer loop
      vertex 60.942204 -146.97641 9.855668
      vertex 61.251324 -148.14603 9.495747
      vertex 60.980946 -146.9628 9.853905
    endloop
  endfacet
  facet normal 0.13443731 -0.25881696 0.95652515
    outer loop
      vertex 61.251324 -148.14603 9.495747
      vertex 60.942204 -146.97641 9.855668
      vertex 61.10629 -148.15805 9.512877
    endloop
  endfacet
  facet normal 0.13444212 -0.25881615 0.9565247
    outer loop
      vertex 60.81054 -147.02264 9.861664
      vertex 61.10629 -148.15805 9.512877
      vertex 60.942204 -146.97641 9.855668
    endloop
  endfacet
  facet normal 0.13439965 -0.25882807 0.9565275
    outer loop
      vertex 61.10629 -148.15805 9.512877
      vertex 60.81054 -147.02264 9.861664
      vertex 61.06556 -148.16142 9.517688
    endloop
  endfacet
  facet normal 0.13442656 -0.25882143 0.95652544
    outer loop
      vertex 61.06556 -148.16142 9.517688
      vertex 60.81054 -147.02264 9.861664
      vertex 60.919777 -148.1642 9.537424
    endloop
  endfacet
  facet normal 0.13442633 -0.25882146 0.9565255
    outer loop
      vertex 60.675922 -147.06038 9.870372
      vertex 60.919777 -148.1642 9.537424
      vertex 60.81054 -147.02264 9.861664
    endloop
  endfacet
  facet normal 0.13449104 -0.25880572 0.9565207
    outer loop
      vertex 60.919777 -148.1642 9.537424
      vertex 60.675922 -147.06038 9.870372
      vertex 60.8787 -148.165 9.542985
    endloop
  endfacet
  facet normal 0.13441615 -0.25882134 0.95652694
    outer loop
      vertex 60.636234 -147.0715 9.872939
      vertex 60.8787 -148.165 9.542985
      vertex 60.675922 -147.06038 9.870372
    endloop
  endfacet
  facet normal 0.13442346 -0.25881955 0.9565264
    outer loop
      vertex 60.499195 -147.1006 9.884324
      vertex 60.8787 -148.165 9.542985
      vertex 60.636234 -147.0715 9.872939
    endloop
  endfacet
  facet normal 0.1344851 -0.25879678 0.9565239
    outer loop
      vertex 60.458717 -147.1092 9.887687
      vertex 60.8787 -148.165 9.542985
      vertex 60.499195 -147.1006 9.884324
    endloop
  endfacet
  facet normal 0.13437347 -0.25884226 0.9565273
    outer loop
      vertex 60.417633 -147.11522 9.891831
      vertex 60.8787 -148.165 9.542985
      vertex 60.458717 -147.1092 9.887687
    endloop
  endfacet
  facet normal 0.13444003 -0.2588126 0.956526
    outer loop
      vertex 60.278694 -147.13559 9.905848
      vertex 60.8787 -148.165 9.542985
      vertex 60.417633 -147.11522 9.891831
    endloop
  endfacet
  facet normal 0.13437442 -0.25885049 0.9565249
    outer loop
      vertex 60.23712 -147.139 9.910763
      vertex 60.8787 -148.165 9.542985
      vertex 60.278694 -147.13559 9.905848
    endloop
  endfacet
  facet normal 0.13446139 -0.2587969 0.95652723
    outer loop
      vertex 60.09689 -147.15057 9.927346
      vertex 60.8787 -148.165 9.542985
      vertex 60.23712 -147.139 9.910763
    endloop
  endfacet
  facet normal 0.13440366 -0.25884005 0.95652366
    outer loop
      vertex 59.955982 -147.15326 9.946419
      vertex 60.8787 -148.165 9.542985
      vertex 60.09689 -147.15057 9.927346
    endloop
  endfacet
  facet normal 0.13445465 -0.2587955 0.95652854
    outer loop
      vertex 59.914017 -147.15407 9.952099
      vertex 60.8787 -148.165 9.542985
      vertex 59.955982 -147.15326 9.946419
    endloop
  endfacet
  facet normal 0.13443083 -0.2588206 0.9565251
    outer loop
      vertex -29.352528 -147.02847 22.531677
      vertex 59.914017 -147.15407 9.952099
      vertex -28.450325 -146.07362 22.663248
    endloop
  endfacet
  facet normal 0.13444659 -0.25882512 0.95652163
    outer loop
      vertex -29.352528 -147.02847 22.531677
      vertex -28.868599 -146.03366 22.732843
      vertex -28.9599 -146.01756 22.750032
    endloop
  endfacet
  facet normal 0.13445054 -0.2588227 0.95652175
    outer loop
      vertex -29.352528 -147.02847 22.531677
      vertex -29.050072 -145.99551 22.76867
      vertex -29.125885 -145.97699 22.784338
    endloop
  endfacet
  facet normal 0.13442014 -0.2588171 0.95652753
    outer loop
      vertex -29.4464 -147.02422 22.546022
      vertex -29.214546 -145.94908 22.80435
      vertex -29.288826 -145.9257 22.821114
    endloop
  endfacet
  facet normal 0.13443097 -0.25881708 0.95652604
    outer loop
      vertex 59.914017 -147.15407 9.952099
      vertex -29.352528 -147.02847 22.531677
      vertex 60.8787 -148.165 9.542985
    endloop
  endfacet
  facet normal 0.13442448 -0.2588149 0.95652753
    outer loop
      vertex -28.542892 -146.06949 22.677376
      vertex -29.352528 -147.02847 22.531677
      vertex -28.450325 -146.07362 22.663248
    endloop
  endfacet
  facet normal 0.13442084 -0.25881204 0.9565288
    outer loop
      vertex -28.621452 -146.06598 22.689365
      vertex -29.352528 -147.02847 22.531677
      vertex -28.542892 -146.06949 22.677376
    endloop
  endfacet
  facet normal 0.13444884 -0.2588318 0.95651954
    outer loop
      vertex -28.699429 -146.0574 22.702646
      vertex -29.352528 -147.02847 22.531677
      vertex -28.621452 -146.06598 22.689365
    endloop
  endfacet
  facet normal 0.13442977 -0.25882 0.9565254
    outer loop
      vertex -28.791534 -146.04727 22.718332
      vertex -29.352528 -147.02847 22.531677
      vertex -28.699429 -146.0574 22.702646
    endloop
  endfacet
  facet normal 0.13440393 -0.2588066 0.95653266
    outer loop
      vertex -28.868599 -146.03366 22.732843
      vertex -29.352528 -147.02847 22.531677
      vertex -28.791534 -146.04727 22.718332
    endloop
  endfacet
  facet normal 0.13441025 -0.25881284 0.9565301
    outer loop
      vertex -29.050072 -145.99551 22.76867
      vertex -29.352528 -147.02847 22.531677
      vertex -28.9599 -146.01756 22.750032
    endloop
  endfacet
  facet normal 0.1344296 -0.25881913 0.9565257
    outer loop
      vertex -29.214546 -145.94908 22.80435
      vertex -29.352528 -147.02847 22.531677
      vertex -29.125885 -145.97699 22.784338
    endloop
  endfacet
  facet normal 0.1344586 -0.2588263 0.95651966
    outer loop
      vertex -29.62056 -147.01015 22.574305
      vertex -29.288826 -145.9257 22.821114
      vertex -29.36129 -145.8976 22.838905
    endloop
  endfacet
  facet normal 0.1344347 -0.25881958 0.95652485
    outer loop
      vertex -29.214546 -145.94908 22.80435
      vertex -29.4464 -147.02422 22.546022
      vertex -29.352528 -147.02847 22.531677
    endloop
  endfacet
  facet normal 0.13440728 -0.25881296 0.95653045
    outer loop
      vertex -29.70068 -147.00124 22.587978
      vertex -29.36129 -145.8976 22.838905
      vertex -29.448078 -145.86392 22.860212
    endloop
  endfacet
  facet normal 0.1344462 -0.2588236 0.9565221
    outer loop
      vertex -29.872456 -146.97058 22.620413
      vertex -29.448078 -145.86392 22.860212
      vertex -29.518425 -145.83122 22.878948
    endloop
  endfacet
  facet normal 0.13441446 -0.2588165 0.9565285
    outer loop
      vertex -29.288826 -145.9257 22.821114
      vertex -29.52714 -147.02055 22.55836
      vertex -29.4464 -147.02422 22.546022
    endloop
  endfacet
  facet normal 0.13444333 -0.25882256 0.9565228
    outer loop
      vertex -29.96389 -146.94798 22.63938
      vertex -29.518425 -145.83122 22.878948
      vertex -29.603016 -145.7919 22.901478
    endloop
  endfacet
  facet normal 0.13443367 -0.25881985 0.9565249
    outer loop
      vertex -29.288826 -145.9257 22.821114
      vertex -29.62056 -147.01015 22.574305
      vertex -29.52714 -147.02055 22.55836
    endloop
  endfacet
  facet normal 0.13442156 -0.25881395 0.9565282
    outer loop
      vertex -30.11812 -146.90445 22.672836
      vertex -29.603016 -145.7919 22.901478
      vertex -29.6851 -145.74702 22.925156
    endloop
  endfacet
  facet normal 0.13445826 -0.2588262 0.9565197
    outer loop
      vertex -29.36129 -145.8976 22.838905
      vertex -29.70068 -147.00124 22.587978
      vertex -29.62056 -147.01015 22.574305
    endloop
  endfacet
  facet normal 0.13444562 -0.25882563 0.95652163
    outer loop
      vertex -30.208004 -146.87584 22.693207
      vertex -29.6851 -145.74702 22.925156
      vertex -29.753021 -145.7099 22.944748
    endloop
  endfacet
  facet normal 0.13444622 -0.25881988 0.9565231
    outer loop
      vertex -29.448078 -145.86392 22.860212
      vertex -29.779867 -146.9871 22.602932
      vertex -29.70068 -147.00124 22.587978
    endloop
  endfacet
  facet normal 0.13441269 -0.2588131 0.9565297
    outer loop
      vertex -30.37045 -146.81213 22.733273
      vertex -29.753021 -145.7099 22.944748
      vertex -29.832249 -145.65965 22.969477
    endloop
  endfacet
  facet normal 0.13440242 -0.258809 0.95653224
    outer loop
      vertex -29.448078 -145.86392 22.860212
      vertex -29.872456 -146.97058 22.620413
      vertex -29.779867 -146.9871 22.602932
    endloop
  endfacet
  facet normal 0.13445023 -0.25882903 0.9565201
    outer loop
      vertex -30.442701 -146.77818 22.752615
      vertex -29.832249 -145.65965 22.969477
      vertex -29.897507 -145.61827 22.989847
    endloop
  endfacet
  facet normal 0.13439685 -0.25879773 0.95653605
    outer loop
      vertex -30.598259 -146.69933 22.795818
      vertex -29.897507 -145.61827 22.989847
      vertex -29.95988 -145.57278 23.010918
    endloop
  endfacet
  facet normal 0.1344468 -0.25882375 0.956522
    outer loop
      vertex -29.518425 -145.83122 22.878948
      vertex -29.96389 -146.94798 22.63938
      vertex -29.872456 -146.97058 22.620413
    endloop
  endfacet
  facet normal 0.13444062 -0.258823 0.95652306
    outer loop
      vertex -30.761793 -146.60185 22.845175
      vertex -29.95988 -145.57278 23.010918
      vertex -30.0359 -145.51736 23.036598
    endloop
  endfacet
  facet normal 0.13442051 -0.25881654 0.95652765
    outer loop
      vertex -29.603016 -145.7919 22.901478
      vertex -30.041786 -146.92873 22.655537
      vertex -29.96389 -146.94798 22.63938
    endloop
  endfacet
  facet normal 0.13443305 -0.258821 0.95652467
    outer loop
      vertex -30.892845 -146.51169 22.887987
      vertex -30.0359 -145.51736 23.036598
      vertex -30.10846 -145.45691 23.063154
    endloop
  endfacet
  facet normal 0.13446029 -0.2588299 0.9565184
    outer loop
      vertex -29.603016 -145.7919 22.901478
      vertex -30.11812 -146.90445 22.672836
      vertex -30.041786 -146.92873 22.655537
    endloop
  endfacet
  facet normal 0.13443105 -0.2588187 0.95652556
    outer loop
      vertex -30.969923 -146.45488 22.914192
      vertex -30.10846 -145.45691 23.063154
      vertex -30.167656 -145.4076 23.084818
    endloop
  endfacet
  facet normal 0.13440126 -0.2588074 0.95653284
    outer loop
      vertex -29.6851 -145.74702 22.925156
      vertex -30.208004 -146.87584 22.693207
      vertex -30.11812 -146.90445 22.672836
    endloop
  endfacet
  facet normal 0.13442971 -0.25881973 0.9565255
    outer loop
      vertex -31.104258 -146.34174 22.963684
      vertex -30.167656 -145.4076 23.084818
      vertex -30.223507 -145.35461 23.107002
    endloop
  endfacet
  facet normal 0.13442437 -0.25881526 0.9565275
    outer loop
      vertex -31.104258 -146.34174 22.963684
      vertex -30.223507 -145.35461 23.107002
      vertex -30.292255 -145.2894 23.13431
    endloop
  endfacet
  facet normal 0.13443793 -0.258823 0.9565234
    outer loop
      vertex -29.753021 -145.7099 22.944748
      vertex -30.29603 -146.84132 22.714918
      vertex -30.208004 -146.87584 22.693207
    endloop
  endfacet
  facet normal 0.13444707 -0.25883153 0.95651984
    outer loop
      vertex -31.104258 -146.34174 22.963684
      vertex -30.292255 -145.2894 23.13431
      vertex -30.344528 -145.23302 23.156914
    endloop
  endfacet
  facet normal 0.13440114 -0.25880727 0.9565329
    outer loop
      vertex -29.753021 -145.7099 22.944748
      vertex -30.37045 -146.81213 22.733273
      vertex -30.29603 -146.84132 22.714918
    endloop
  endfacet
  facet normal 0.13443616 -0.25882465 0.95652324
    outer loop
      vertex -31.104258 -146.34174 22.963684
      vertex -30.344528 -145.23302 23.156914
      vertex -30.409206 -145.16325 23.184881
    endloop
  endfacet
  facet normal 0.13444628 -0.25882706 0.95652115
    outer loop
      vertex -29.832249 -145.65965 22.969477
      vertex -30.442701 -146.77818 22.752615
      vertex -30.37045 -146.81213 22.733273
    endloop
  endfacet
  facet normal 0.13440397 -0.2588074 0.9565324
    outer loop
      vertex -31.104258 -146.34174 22.963684
      vertex -30.409206 -145.16325 23.184881
      vertex -30.457718 -145.1037 23.207811
    endloop
  endfacet
  facet normal 0.13445352 -0.25883067 0.9565192
    outer loop
      vertex -31.104258 -146.34174 22.963684
      vertex -30.457718 -145.1037 23.207811
      vertex -30.518051 -145.02965 23.23633
    endloop
  endfacet
  facet normal 0.13442515 -0.25881854 0.95652646
    outer loop
      vertex -29.897507 -145.61827 22.989847
      vertex -30.528477 -146.73787 22.775578
      vertex -30.442701 -146.77818 22.752615
    endloop
  endfacet
  facet normal 0.13443886 -0.25882486 0.9565228
    outer loop
      vertex -31.104258 -146.34174 22.963684
      vertex -30.518051 -145.02965 23.23633
      vertex -30.57381 -144.95154 23.265303
    endloop
  endfacet
  facet normal 0.13447279 -0.25884286 0.95651317
    outer loop
      vertex -29.897507 -145.61827 22.989847
      vertex -30.598259 -146.69933 22.795818
      vertex -30.528477 -146.73787 22.775578
    endloop
  endfacet
  facet normal 0.13441081 -0.25881556 0.95652926
    outer loop
      vertex -31.104258 -146.34174 22.963684
      vertex -30.57381 -144.95154 23.265303
      vertex -30.618366 -144.88911 23.288454
    endloop
  endfacet
  facet normal 0.13437608 -0.25880563 0.9565368
    outer loop
      vertex -31.104258 -146.34174 22.963684
      vertex -30.618366 -144.88911 23.288454
      vertex -30.658855 -144.82402 23.311754
    endloop
  endfacet
  facet normal 0.1344315 -0.2588155 0.9565264
    outer loop
      vertex -29.95988 -145.57278 23.010918
      vertex -30.681465 -146.65335 22.819952
      vertex -30.598259 -146.69933 22.795818
    endloop
  endfacet
  facet normal 0.13447973 -0.2588311 0.9565154
    outer loop
      vertex -31.104258 -146.34174 22.963684
      vertex -30.658855 -144.82402 23.311754
      vertex -30.709751 -144.74222 23.341045
    endloop
  endfacet
  facet normal 0.13439682 -0.25881448 0.9565315
    outer loop
      vertex -31.104258 -146.34174 22.963684
      vertex -30.709751 -144.74222 23.341045
      vertex -30.755608 -144.65694 23.370564
    endloop
  endfacet
  facet normal 0.13442358 -0.25881064 0.9565288
    outer loop
      vertex -29.95988 -145.57278 23.010918
      vertex -30.761793 -146.60185 22.845175
      vertex -30.681465 -146.65335 22.819952
    endloop
  endfacet
  facet normal 0.13448541 -0.25882888 0.9565152
    outer loop
      vertex -31.104258 -146.34174 22.963684
      vertex -30.755608 -144.65694 23.370564
      vertex -30.791859 -144.58954 23.393898
    endloop
  endfacet
  facet normal 0.13440295 -0.25879982 0.9565346
    outer loop
      vertex -30.0359 -145.51736 23.036598
      vertex -30.828808 -146.55888 22.866217
      vertex -30.761793 -146.60185 22.845175
    endloop
  endfacet
  facet normal 0.13441353 -0.2588192 0.9565279
    outer loop
      vertex -31.104258 -146.34174 22.963684
      vertex -30.791859 -144.58954 23.393898
      vertex -30.832447 -144.50116 23.423515
    endloop
  endfacet
  facet normal 0.13441095 -0.25881892 0.95652837
    outer loop
      vertex -31.104258 -146.34174 22.963684
      vertex -30.832447 -144.50116 23.423515
      vertex -30.86436 -144.43167 23.446802
    endloop
  endfacet
  facet normal 0.13441734 -0.25881946 0.9565273
    outer loop
      vertex -31.104258 -146.34174 22.963684
      vertex -30.86436 -144.43167 23.446802
      vertex -30.891853 -144.36037 23.46996
    endloop
  endfacet
  facet normal 0.13443391 -0.25882173 0.9565244
    outer loop
      vertex -30.0359 -145.51736 23.036598
      vertex -30.892845 -146.51169 22.887987
      vertex -30.828808 -146.55888 22.866217
    endloop
  endfacet
  facet normal 0.1344128 -0.25881913 0.956528
    outer loop
      vertex -31.104258 -146.34174 22.963684
      vertex -30.891853 -144.36037 23.46996
      vertex -30.92698 -144.26926 23.499548
    endloop
  endfacet
  facet normal 0.13441575 -0.25881928 0.9565276
    outer loop
      vertex -31.104258 -146.34174 22.963684
      vertex -30.92698 -144.26926 23.499548
      vertex -30.956505 -144.17569 23.529015
    endloop
  endfacet
  facet normal 0.13443905 -0.25882515 0.9565227
    outer loop
      vertex -30.10846 -145.45691 23.063154
      vertex -30.969923 -146.45488 22.914192
      vertex -30.892845 -146.51169 22.887987
    endloop
  endfacet
  facet normal 0.13449755 -0.2588217 0.95651543
    outer loop
      vertex -31.104258 -146.34174 22.963684
      vertex -30.956505 -144.17569 23.529015
      vertex -30.979465 -144.10294 23.55193
    endloop
  endfacet
  facet normal 0.13432595 -0.2588187 0.95654035
    outer loop
      vertex -31.104258 -146.34174 22.963684
      vertex -30.979465 -144.10294 23.55193
      vertex -31.003239 -144.00731 23.581142
    endloop
  endfacet
  facet normal 0.13451953 -0.2588198 0.95651287
    outer loop
      vertex -31.104258 -146.34174 22.963684
      vertex -31.003239 -144.00731 23.581142
      vertex -31.021626 -143.93335 23.60374
    endloop
  endfacet
  facet normal 0.13441029 -0.2588039 0.9565325
    outer loop
      vertex -30.167656 -145.4076 23.084818
      vertex -31.030718 -146.40367 22.93659
      vertex -30.969923 -146.45488 22.914192
    endloop
  endfacet
  facet normal 0.13445084 -0.25881997 0.95652246
    outer loop
      vertex -31.104258 -146.34174 22.963684
      vertex -31.021626 -143.93335 23.60374
      vertex -31.039524 -143.83606 23.632582
    endloop
  endfacet
  facet normal 0.13434637 -0.2588211 0.9565368
    outer loop
      vertex -31.104258 -146.34174 22.963684
      vertex -31.039524 -143.83606 23.632582
      vertex -31.053295 -143.76118 23.654776
    endloop
  endfacet
  facet normal 0.13465402 -0.25881597 0.9564949
    outer loop
      vertex -31.104258 -146.34174 22.963684
      vertex -31.053295 -143.76118 23.654776
      vertex -31.062428 -143.68568 23.67649
    endloop
  endfacet
  facet normal 0.1344301 -0.25882056 0.9565252
    outer loop
      vertex -31.104258 -146.34174 22.963684
      vertex -31.062428 -143.68568 23.67649
      vertex -31.074348 -143.58713 23.704834
    endloop
  endfacet
  facet normal 0.13406366 -0.25882974 0.95657414
    outer loop
      vertex -31.104258 -146.34174 22.963684
      vertex -31.074348 -143.58713 23.704834
      vertex -31.08023 -143.48761 23.732586
    endloop
  endfacet
  facet normal 0.13443056 -0.2588197 0.9565254
    outer loop
      vertex -31.104258 -146.34174 22.963684
      vertex -31.08023 -143.48761 23.732586
      vertex -31.084713 -143.41183 23.75372
    endloop
  endfacet
  facet normal 0.13442943 -0.25881946 0.9565256
    outer loop
      vertex -30.167656 -145.4076 23.084818
      vertex -31.104258 -146.34174 22.963684
      vertex -31.030718 -146.40367 22.93659
    endloop
  endfacet
  facet normal -0.094105214 0 0.99556226
    outer loop
      vertex 2.9986677 -79 9.768458
      vertex 3.2488384 -79.85681 9.792106
      vertex 3.2488384 -79 9.792106
    endloop
  endfacet
  facet normal -0.094105214 0 0.99556226
    outer loop
      vertex 3.2488384 -79.85681 9.792106
      vertex 2.9986677 -79 9.768458
      vertex 2.9986677 -79.85474 9.768458
    endloop
  endfacet
  facet normal 0.27899006 0 0.960294
    outer loop
      vertex 4.4947586 -79 9.674332
      vertex 4.736068 -79.84037 9.604225
      vertex 4.736068 -79 9.604225
    endloop
  endfacet
  facet normal 0.27899006 0 0.960294
    outer loop
      vertex 4.736068 -79.84037 9.604225
      vertex 4.4947586 -79 9.674332
      vertex 4.4947586 -79.846504 9.674332
    endloop
  endfacet
  facet normal -0.15643671 0 0.987688
    outer loop
      vertex 2.750475 -79.8513 9.729148
      vertex 2.9986677 -79 9.768458
      vertex 2.750475 -79 9.729148
    endloop
  endfacet
  facet normal -0.15643671 0 0.987688
    outer loop
      vertex 2.9986677 -79 9.768458
      vertex 2.750475 -79.8513 9.729148
      vertex 2.9986677 -79.85474 9.768458
    endloop
  endfacet
  facet normal 0.9995065 0 0.031412713
    outer loop
      vertex 7.4921064 -79 6.0511613
      vertex 7.5 -79.5075 5.7999997
      vertex 7.5 -79 5.7999997
    endloop
  endfacet
  facet normal 0.9995065 0 0.031412713
    outer loop
      vertex 7.5 -79.5075 5.7999997
      vertex 7.4921064 -79 6.0511613
      vertex 7.4921064 -79.52948 6.0511613
    endloop
  endfacet
  facet normal -0.6613118 0 0.7501111
    outer loop
      vertex 0.7618122 -79.76264 8.715874
      vertex 0.950305 -79 8.882052
      vertex 0.7618122 -79 8.715874
    endloop
  endfacet
  facet normal -0.6613118 0 0.7501111
    outer loop
      vertex 0.950305 -79 8.882052
      vertex 0.7618122 -79.76264 8.715874
      vertex 0.950305 -79.777176 8.882052
    endloop
  endfacet
  facet normal -0.750113 0 0.66130966
    outer loop
      vertex 0.41794777 -79.7306 8.349695
      vertex 0.5841255 -79 8.538188
      vertex 0.41794777 -79 8.349695
    endloop
  endfacet
  facet normal -0.750113 0 0.66130966
    outer loop
      vertex 0.5841255 -79 8.538188
      vertex 0.41794777 -79.7306 8.349695
      vertex 0.5841255 -79.74709 8.538188
    endloop
  endfacet
  facet normal -0.21814345 0 0.97591674
    outer loop
      vertex 2.5052414 -79.846504 9.674332
      vertex 2.750475 -79 9.729148
      vertex 2.5052414 -79 9.674332
    endloop
  endfacet
  facet normal -0.21814345 0 0.97591674
    outer loop
      vertex 2.750475 -79 9.729148
      vertex 2.5052414 -79.846504 9.674332
      vertex 2.750475 -79.8513 9.729148
    endloop
  endfacet
  facet normal -0.86074126 0 0.5090427
    outer loop
      vertex -0.0052261353 -79.67612 7.727014
      vertex 0.12268925 -79 7.9433064
      vertex -0.0052261353 -79 7.727014
    endloop
  endfacet
  facet normal -0.86074126 0 0.5090427
    outer loop
      vertex 0.12268925 -79 7.9433064
      vertex -0.0052261353 -79.67612 7.727014
      vertex 0.12268925 -79.69504 7.9433064
    endloop
  endfacet
  facet normal 0.99556196 0 0.09410862
    outer loop
      vertex 7.468458 -79 6.301333
      vertex 7.4921064 -79.52948 6.0511613
      vertex 7.4921064 -79 6.0511613
    endloop
  endfacet
  facet normal 0.99556196 0 0.09410862
    outer loop
      vertex 7.4921064 -79.52948 6.0511613
      vertex 7.468458 -79 6.301333
      vertex 7.468458 -79.55137 6.301333
    endloop
  endfacet
  facet normal -0.5620832 0 0.8270807
    outer loop
      vertex 1.148859 -79.79066 9.036067
      vertex 1.3566933 -79 9.177311
      vertex 1.148859 -79 9.036067
    endloop
  endfacet
  facet normal -0.5620832 0 0.8270807
    outer loop
      vertex 1.3566933 -79 9.177311
      vertex 1.148859 -79.79066 9.036067
      vertex 1.3566933 -79.80302 9.177311
    endloop
  endfacet
  facet normal 0.031412713 0 0.9995065
    outer loop
      vertex 3.5 -79 9.799999
      vertex 3.7511616 -79.85681 9.792106
      vertex 3.7511616 -79 9.792106
    endloop
  endfacet
  facet normal 0.031412713 0 0.9995065
    outer loop
      vertex 3.7511616 -79.85681 9.792106
      vertex 3.5 -79 9.799999
      vertex 3.5 -79.8575 9.799999
    endloop
  endfacet
  facet normal -0.5090427 0 0.86074126
    outer loop
      vertex 1.3566933 -79.80302 9.177311
      vertex 1.5729856 -79 9.305226
      vertex 1.3566933 -79 9.177311
    endloop
  endfacet
  facet normal -0.5090427 0 0.86074126
    outer loop
      vertex 1.5729856 -79 9.305226
      vertex 1.3566933 -79.80302 9.177311
      vertex 1.5729856 -79.81421 9.305226
    endloop
  endfacet
  facet normal 0.86074126 0 0.5090427
    outer loop
      vertex 6.8773108 -79 7.9433064
      vertex 7.005226 -79.67612 7.727014
      vertex 7.005226 -79 7.727014
    endloop
  endfacet
  facet normal 0.86074126 0 0.5090427
    outer loop
      vertex 7.005226 -79.67612 7.727014
      vertex 6.8773108 -79 7.9433064
      vertex 6.8773108 -79.69504 7.9433064
    endloop
  endfacet
  facet normal 0.82708186 0 0.56208146
    outer loop
      vertex 6.736068 -79 8.15114
      vertex 6.8773108 -79.69504 7.9433064
      vertex 6.8773108 -79 7.9433064
    endloop
  endfacet
  facet normal 0.82708186 0 0.56208146
    outer loop
      vertex 6.8773108 -79.69504 7.9433064
      vertex 6.736068 -79 8.15114
      vertex 6.736068 -79.71323 8.15114
    endloop
  endfacet
  facet normal -0.9759169 0 0.21814264
    outer loop
      vertex -0.42914867 -79.57308 6.549525
      vertex -0.37433243 -79 6.7947593
      vertex -0.42914867 -79 6.549525
    endloop
  endfacet
  facet normal -0.9759169 0 0.21814264
    outer loop
      vertex -0.37433243 -79 6.7947593
      vertex -0.42914867 -79.57308 6.549525
      vertex -0.37433243 -79.59454 6.7947593
    endloop
  endfacet
  facet normal -0.89100623 0 0.45399106
    outer loop
      vertex -0.11930752 -79.656525 7.503117
      vertex -0.0052261353 -79 7.727014
      vertex -0.11930752 -79 7.503117
    endloop
  endfacet
  facet normal -0.89100623 0 0.45399106
    outer loop
      vertex -0.0052261353 -79 7.727014
      vertex -0.11930752 -79.656525 7.503117
      vertex -0.0052261353 -79.67612 7.727014
    endloop
  endfacet
  facet normal 0.91775423 0 0.39714876
    outer loop
      vertex 7.1193075 -79 7.503117
      vertex 7.2191057 -79.636345 7.2724977
      vertex 7.2191057 -79 7.2724977
    endloop
  endfacet
  facet normal 0.91775423 0 0.39714876
    outer loop
      vertex 7.2191057 -79.636345 7.2724977
      vertex 7.1193075 -79 7.503117
      vertex 7.1193075 -79.656525 7.503117
    endloop
  endfacet
  facet normal 0.15643671 0 0.987688
    outer loop
      vertex 4.0013323 -79 9.768458
      vertex 4.249525 -79.8513 9.729148
      vertex 4.249525 -79 9.729148
    endloop
  endfacet
  facet normal 0.15643671 0 0.987688
    outer loop
      vertex 4.249525 -79.8513 9.729148
      vertex 4.0013323 -79 9.768458
      vertex 4.0013323 -79.85474 9.768458
    endloop
  endfacet
  facet normal 0.6613118 0 0.7501111
    outer loop
      vertex 6.049695 -79 8.882052
      vertex 6.238188 -79.76264 8.715874
      vertex 6.238188 -79 8.715874
    endloop
  endfacet
  facet normal 0.6613118 0 0.7501111
    outer loop
      vertex 6.238188 -79.76264 8.715874
      vertex 6.049695 -79 8.882052
      vertex 6.049695 -79.777176 8.882052
    endloop
  endfacet
  facet normal 0.70710486 0 0.7071087
    outer loop
      vertex 6.238188 -79 8.715874
      vertex 6.4158745 -79.74709 8.538188
      vertex 6.4158745 -79 8.538188
    endloop
  endfacet
  facet normal 0.70710486 0 0.7071087
    outer loop
      vertex 6.4158745 -79.74709 8.538188
      vertex 6.238188 -79 8.715874
      vertex 6.238188 -79.76264 8.715874
    endloop
  endfacet
  facet normal -0.031412713 0 0.9995065
    outer loop
      vertex 3.2488384 -79 9.792106
      vertex 3.5 -79.8575 9.799999
      vertex 3.5 -79 9.799999
    endloop
  endfacet
  facet normal -0.031412713 0 0.9995065
    outer loop
      vertex 3.5 -79.8575 9.799999
      vertex 3.2488384 -79 9.792106
      vertex 3.2488384 -79.85681 9.792106
    endloop
  endfacet
  facet normal -0.9876885 0 0.1564336
    outer loop
      vertex -0.46845818 -79.55137 6.301333
      vertex -0.42914867 -79 6.549525
      vertex -0.46845818 -79 6.301333
    endloop
  endfacet
  facet normal -0.9876885 0 0.1564336
    outer loop
      vertex -0.42914867 -79 6.549525
      vertex -0.46845818 -79.55137 6.301333
      vertex -0.42914867 -79.57308 6.549525
    endloop
  endfacet
  facet normal -0.39714697 0 0.917755
    outer loop
      vertex 1.7968836 -79.82419 9.419308
      vertex 2.027502 -79 9.519105
      vertex 1.7968836 -79 9.419308
    endloop
  endfacet
  facet normal -0.39714697 0 0.917755
    outer loop
      vertex 2.027502 -79 9.519105
      vertex 1.7968836 -79.82419 9.419308
      vertex 2.027502 -79.832924 9.519105
    endloop
  endfacet
  facet normal -0.82708186 0 0.56208146
    outer loop
      vertex 0.12268925 -79.69504 7.9433064
      vertex 0.26393223 -79 8.15114
      vertex 0.12268925 -79 7.9433064
    endloop
  endfacet
  facet normal -0.82708186 0 0.56208146
    outer loop
      vertex 0.26393223 -79 8.15114
      vertex 0.12268925 -79.69504 7.9433064
      vertex 0.26393223 -79.71323 8.15114
    endloop
  endfacet
  facet normal -0.4539895 0 0.891007
    outer loop
      vertex 1.5729856 -79.81421 9.305226
      vertex 1.7968836 -79 9.419308
      vertex 1.5729856 -79 9.305226
    endloop
  endfacet
  facet normal -0.4539895 0 0.891007
    outer loop
      vertex 1.7968836 -79 9.419308
      vertex 1.5729856 -79.81421 9.305226
      vertex 1.7968836 -79.82419 9.419308
    endloop
  endfacet
  facet normal 0.3387383 0 0.94088066
    outer loop
      vertex 4.736068 -79 9.604225
      vertex 4.972498 -79.832924 9.519105
      vertex 4.972498 -79 9.519105
    endloop
  endfacet
  facet normal 0.3387383 0 0.94088066
    outer loop
      vertex 4.972498 -79.832924 9.519105
      vertex 4.736068 -79 9.604225
      vertex 4.736068 -79.84037 9.604225
    endloop
  endfacet
  facet normal 0.750113 0 0.66130966
    outer loop
      vertex 6.4158745 -79 8.538188
      vertex 6.582052 -79.7306 8.349695
      vertex 6.582052 -79 8.349695
    endloop
  endfacet
  facet normal 0.750113 0 0.66130966
    outer loop
      vertex 6.582052 -79.7306 8.349695
      vertex 6.4158745 -79 8.538188
      vertex 6.4158745 -79.74709 8.538188
    endloop
  endfacet
  facet normal 0.89100623 0 0.45399106
    outer loop
      vertex 7.005226 -79 7.727014
      vertex 7.1193075 -79.656525 7.503117
      vertex 7.1193075 -79 7.503117
    endloop
  endfacet
  facet normal 0.89100623 0 0.45399106
    outer loop
      vertex 7.1193075 -79.656525 7.503117
      vertex 7.005226 -79 7.727014
      vertex 7.005226 -79.67612 7.727014
    endloop
  endfacet
  facet normal -0.94088066 0 0.3387383
    outer loop
      vertex -0.30422592 -79.615654 7.0360675
      vertex -0.21910572 -79 7.2724977
      vertex -0.30422592 -79 7.0360675
    endloop
  endfacet
  facet normal -0.94088066 0 0.3387383
    outer loop
      vertex -0.21910572 -79 7.2724977
      vertex -0.30422592 -79.615654 7.0360675
      vertex -0.21910572 -79.636345 7.2724977
    endloop
  endfacet
  facet normal -0.9602937 0 0.27899107
    outer loop
      vertex -0.37433243 -79.59454 6.7947593
      vertex -0.30422592 -79 7.0360675
      vertex -0.37433243 -79 6.7947593
    endloop
  endfacet
  facet normal -0.9602937 0 0.27899107
    outer loop
      vertex -0.30422592 -79 7.0360675
      vertex -0.37433243 -79.59454 6.7947593
      vertex -0.30422592 -79.615654 7.0360675
    endloop
  endfacet
  facet normal 0.9759169 0 0.21814264
    outer loop
      vertex 7.3743324 -79 6.7947593
      vertex 7.4291487 -79.57308 6.549525
      vertex 7.4291487 -79 6.549525
    endloop
  endfacet
  facet normal 0.9759169 0 0.21814264
    outer loop
      vertex 7.4291487 -79.57308 6.549525
      vertex 7.3743324 -79 6.7947593
      vertex 7.3743324 -79.59454 6.7947593
    endloop
  endfacet
  facet normal 0.5620832 0 0.8270807
    outer loop
      vertex 5.6433067 -79 9.177311
      vertex 5.851141 -79.79066 9.036067
      vertex 5.851141 -79 9.036067
    endloop
  endfacet
  facet normal 0.5620832 0 0.8270807
    outer loop
      vertex 5.851141 -79.79066 9.036067
      vertex 5.6433067 -79 9.177311
      vertex 5.6433067 -79.80302 9.177311
    endloop
  endfacet
  facet normal -0.99556196 0 0.09410862
    outer loop
      vertex -0.49210644 -79.52948 6.0511613
      vertex -0.46845818 -79 6.301333
      vertex -0.49210644 -79 6.0511613
    endloop
  endfacet
  facet normal -0.99556196 0 0.09410862
    outer loop
      vertex -0.46845818 -79 6.301333
      vertex -0.49210644 -79.52948 6.0511613
      vertex -0.46845818 -79.55137 6.301333
    endloop
  endfacet
  facet normal -0.27899006 0 0.960294
    outer loop
      vertex 2.2639322 -79.84037 9.604225
      vertex 2.5052414 -79 9.674332
      vertex 2.2639322 -79 9.604225
    endloop
  endfacet
  facet normal -0.27899006 0 0.960294
    outer loop
      vertex 2.5052414 -79 9.674332
      vertex 2.2639322 -79.84037 9.604225
      vertex 2.5052414 -79.846504 9.674332
    endloop
  endfacet
  facet normal 0.9876885 0 0.1564336
    outer loop
      vertex 7.4291487 -79 6.549525
      vertex 7.468458 -79.55137 6.301333
      vertex 7.468458 -79 6.301333
    endloop
  endfacet
  facet normal 0.9876885 0 0.1564336
    outer loop
      vertex 7.468458 -79.55137 6.301333
      vertex 7.4291487 -79 6.549525
      vertex 7.4291487 -79.57308 6.549525
    endloop
  endfacet
  facet normal -0.61290777 0 0.79015446
    outer loop
      vertex 0.950305 -79.777176 8.882052
      vertex 1.148859 -79 9.036067
      vertex 0.950305 -79 8.882052
    endloop
  endfacet
  facet normal -0.61290777 0 0.79015446
    outer loop
      vertex 1.148859 -79 9.036067
      vertex 0.950305 -79.777176 8.882052
      vertex 1.148859 -79.79066 9.036067
    endloop
  endfacet
  facet normal 0.94088066 0 0.3387383
    outer loop
      vertex 7.2191057 -79 7.2724977
      vertex 7.304226 -79.615654 7.0360675
      vertex 7.304226 -79 7.0360675
    endloop
  endfacet
  facet normal 0.94088066 0 0.3387383
    outer loop
      vertex 7.304226 -79.615654 7.0360675
      vertex 7.2191057 -79 7.2724977
      vertex 7.2191057 -79.636345 7.2724977
    endloop
  endfacet
  facet normal 0.39714697 0 0.917755
    outer loop
      vertex 4.972498 -79 9.519105
      vertex 5.2031164 -79.82419 9.419308
      vertex 5.2031164 -79 9.419308
    endloop
  endfacet
  facet normal 0.39714697 0 0.917755
    outer loop
      vertex 5.2031164 -79.82419 9.419308
      vertex 4.972498 -79 9.519105
      vertex 4.972498 -79.832924 9.519105
    endloop
  endfacet
  facet normal -0.3387383 0 0.94088066
    outer loop
      vertex 2.027502 -79.832924 9.519105
      vertex 2.2639322 -79 9.604225
      vertex 2.027502 -79 9.519105
    endloop
  endfacet
  facet normal -0.3387383 0 0.94088066
    outer loop
      vertex 2.2639322 -79 9.604225
      vertex 2.027502 -79.832924 9.519105
      vertex 2.2639322 -79.84037 9.604225
    endloop
  endfacet
  facet normal 0.21814345 0 0.97591674
    outer loop
      vertex 4.249525 -79 9.729148
      vertex 4.4947586 -79.846504 9.674332
      vertex 4.4947586 -79 9.674332
    endloop
  endfacet
  facet normal 0.21814345 0 0.97591674
    outer loop
      vertex 4.4947586 -79.846504 9.674332
      vertex 4.249525 -79 9.729148
      vertex 4.249525 -79.8513 9.729148
    endloop
  endfacet
  facet normal 0.9602937 0 0.27899107
    outer loop
      vertex 7.304226 -79 7.0360675
      vertex 7.3743324 -79.59454 6.7947593
      vertex 7.3743324 -79 6.7947593
    endloop
  endfacet
  facet normal 0.9602937 0 0.27899107
    outer loop
      vertex 7.3743324 -79.59454 6.7947593
      vertex 7.304226 -79 7.0360675
      vertex 7.304226 -79.615654 7.0360675
    endloop
  endfacet
  facet normal -0.91775423 0 0.39714876
    outer loop
      vertex -0.21910572 -79.636345 7.2724977
      vertex -0.11930752 -79 7.503117
      vertex -0.21910572 -79 7.2724977
    endloop
  endfacet
  facet normal -0.91775423 0 0.39714876
    outer loop
      vertex -0.11930752 -79 7.503117
      vertex -0.21910572 -79.636345 7.2724977
      vertex -0.11930752 -79.656525 7.503117
    endloop
  endfacet
  facet normal -0.9995065 0 0.031412713
    outer loop
      vertex -0.5 -79.5075 5.7999997
      vertex -0.49210644 -79 6.0511613
      vertex -0.5 -79 5.7999997
    endloop
  endfacet
  facet normal -0.9995065 0 0.031412713
    outer loop
      vertex -0.49210644 -79 6.0511613
      vertex -0.5 -79.5075 5.7999997
      vertex -0.49210644 -79.52948 6.0511613
    endloop
  endfacet
  facet normal 0.5090427 0 0.86074126
    outer loop
      vertex 5.4270144 -79 9.305226
      vertex 5.6433067 -79.80302 9.177311
      vertex 5.6433067 -79 9.177311
    endloop
  endfacet
  facet normal 0.5090427 0 0.86074126
    outer loop
      vertex 5.6433067 -79.80302 9.177311
      vertex 5.4270144 -79 9.305226
      vertex 5.4270144 -79.81421 9.305226
    endloop
  endfacet
  facet normal 0.4539895 0 0.891007
    outer loop
      vertex 5.2031164 -79 9.419308
      vertex 5.4270144 -79.81421 9.305226
      vertex 5.4270144 -79 9.305226
    endloop
  endfacet
  facet normal 0.4539895 0 0.891007
    outer loop
      vertex 5.4270144 -79.81421 9.305226
      vertex 5.2031164 -79 9.419308
      vertex 5.2031164 -79.82419 9.419308
    endloop
  endfacet
  facet normal -0.70710486 0 0.7071087
    outer loop
      vertex 0.5841255 -79.74709 8.538188
      vertex 0.7618122 -79 8.715874
      vertex 0.5841255 -79 8.538188
    endloop
  endfacet
  facet normal -0.70710486 0 0.7071087
    outer loop
      vertex 0.7618122 -79 8.715874
      vertex 0.5841255 -79.74709 8.538188
      vertex 0.7618122 -79.76264 8.715874
    endloop
  endfacet
  facet normal 0.61290777 0 0.79015446
    outer loop
      vertex 5.851141 -79 9.036067
      vertex 6.049695 -79.777176 8.882052
      vertex 6.049695 -79 8.882052
    endloop
  endfacet
  facet normal 0.61290777 0 0.79015446
    outer loop
      vertex 6.049695 -79.777176 8.882052
      vertex 5.851141 -79 9.036067
      vertex 5.851141 -79.79066 9.036067
    endloop
  endfacet
  facet normal 0.094105214 0 0.99556226
    outer loop
      vertex 3.7511616 -79 9.792106
      vertex 4.0013323 -79.85474 9.768458
      vertex 4.0013323 -79 9.768458
    endloop
  endfacet
  facet normal 0.094105214 0 0.99556226
    outer loop
      vertex 4.0013323 -79.85474 9.768458
      vertex 3.7511616 -79 9.792106
      vertex 3.7511616 -79.85681 9.792106
    endloop
  endfacet
  facet normal 0.79015404 0 0.6129083
    outer loop
      vertex 6.582052 -79 8.349695
      vertex 6.736068 -79.71323 8.15114
      vertex 6.736068 -79 8.15114
    endloop
  endfacet
  facet normal 0.79015404 0 0.6129083
    outer loop
      vertex 6.736068 -79.71323 8.15114
      vertex 6.582052 -79 8.349695
      vertex 6.582052 -79.7306 8.349695
    endloop
  endfacet
  facet normal -0.79015404 0 0.6129083
    outer loop
      vertex 0.26393223 -79.71323 8.15114
      vertex 0.41794777 -79 8.349695
      vertex 0.26393223 -79 8.15114
    endloop
  endfacet
  facet normal -0.79015404 0 0.6129083
    outer loop
      vertex 0.41794777 -79 8.349695
      vertex 0.26393223 -79.71323 8.15114
      vertex 0.41794777 -79.7306 8.349695
    endloop
  endfacet
  facet normal 0 1 0
    outer loop
      vertex 3.7511616 -79 9.792106
      vertex 3.2488384 -79 9.792106
      vertex 3.5 -79 9.799999
    endloop
  endfacet
  facet normal 0 1 0
    outer loop
      vertex 4.0013323 -79 9.768458
      vertex 3.2488384 -79 9.792106
      vertex 3.7511616 -79 9.792106
    endloop
  endfacet
  facet normal 0 1 0
    outer loop
      vertex 4.0013323 -79 9.768458
      vertex 2.9986677 -79 9.768458
      vertex 3.2488384 -79 9.792106
    endloop
  endfacet
  facet normal 0 1 0
    outer loop
      vertex 4.249525 -79 9.729148
      vertex 2.9986677 -79 9.768458
      vertex 4.0013323 -79 9.768458
    endloop
  endfacet
  facet normal 0 1 0
    outer loop
      vertex 4.249525 -79 9.729148
      vertex 2.750475 -79 9.729148
      vertex 2.9986677 -79 9.768458
    endloop
  endfacet
  facet normal 0 1 0
    outer loop
      vertex 4.4947586 -79 9.674332
      vertex 2.750475 -79 9.729148
      vertex 4.249525 -79 9.729148
    endloop
  endfacet
  facet normal 0 1 0
    outer loop
      vertex 4.4947586 -79 9.674332
      vertex 2.5052414 -79 9.674332
      vertex 2.750475 -79 9.729148
    endloop
  endfacet
  facet normal 0 1 0
    outer loop
      vertex 4.736068 -79 9.604225
      vertex 2.5052414 -79 9.674332
      vertex 4.4947586 -79 9.674332
    endloop
  endfacet
  facet normal 0 1 0
    outer loop
      vertex 4.736068 -79 9.604225
      vertex 2.2639322 -79 9.604225
      vertex 2.5052414 -79 9.674332
    endloop
  endfacet
  facet normal 0 1 0
    outer loop
      vertex 4.972498 -79 9.519105
      vertex 2.2639322 -79 9.604225
      vertex 4.736068 -79 9.604225
    endloop
  endfacet
  facet normal 0 1 0
    outer loop
      vertex 4.972498 -79 9.519105
      vertex 2.027502 -79 9.519105
      vertex 2.2639322 -79 9.604225
    endloop
  endfacet
  facet normal 0 1 0
    outer loop
      vertex 5.2031164 -79 9.419308
      vertex 2.027502 -79 9.519105
      vertex 4.972498 -79 9.519105
    endloop
  endfacet
  facet normal 0 1 0
    outer loop
      vertex 5.2031164 -79 9.419308
      vertex 1.7968836 -79 9.419308
      vertex 2.027502 -79 9.519105
    endloop
  endfacet
  facet normal 0 1 0
    outer loop
      vertex 5.4270144 -79 9.305226
      vertex 1.7968836 -79 9.419308
      vertex 5.2031164 -79 9.419308
    endloop
  endfacet
  facet normal 0 1 0
    outer loop
      vertex 5.4270144 -79 9.305226
      vertex 1.5729856 -79 9.305226
      vertex 1.7968836 -79 9.419308
    endloop
  endfacet
  facet normal 0 1 0
    outer loop
      vertex 5.6433067 -79 9.177311
      vertex 1.5729856 -79 9.305226
      vertex 5.4270144 -79 9.305226
    endloop
  endfacet
  facet normal 0 1 0
    outer loop
      vertex 5.6433067 -79 9.177311
      vertex 1.3566933 -79 9.177311
      vertex 1.5729856 -79 9.305226
    endloop
  endfacet
  facet normal 0 1 0
    outer loop
      vertex 5.851141 -79 9.036067
      vertex 1.3566933 -79 9.177311
      vertex 5.6433067 -79 9.177311
    endloop
  endfacet
  facet normal 0 1 0
    outer loop
      vertex 5.851141 -79 9.036067
      vertex 1.148859 -79 9.036067
      vertex 1.3566933 -79 9.177311
    endloop
  endfacet
  facet normal 0 1 0
    outer loop
      vertex 6.049695 -79 8.882052
      vertex 1.148859 -79 9.036067
      vertex 5.851141 -79 9.036067
    endloop
  endfacet
  facet normal 0 1 0
    outer loop
      vertex 6.049695 -79 8.882052
      vertex 0.950305 -79 8.882052
      vertex 1.148859 -79 9.036067
    endloop
  endfacet
  facet normal 0 1 0
    outer loop
      vertex 6.238188 -79 8.715874
      vertex 0.950305 -79 8.882052
      vertex 6.049695 -79 8.882052
    endloop
  endfacet
  facet normal 0 1 0
    outer loop
      vertex 6.238188 -79 8.715874
      vertex 0.7618122 -79 8.715874
      vertex 0.950305 -79 8.882052
    endloop
  endfacet
  facet normal 0 1 0
    outer loop
      vertex 6.4158745 -79 8.538188
      vertex 0.7618122 -79 8.715874
      vertex 6.238188 -79 8.715874
    endloop
  endfacet
  facet normal 0 1 0
    outer loop
      vertex 6.4158745 -79 8.538188
      vertex 0.5841255 -79 8.538188
      vertex 0.7618122 -79 8.715874
    endloop
  endfacet
  facet normal 0 1 0
    outer loop
      vertex 6.582052 -79 8.349695
      vertex 0.5841255 -79 8.538188
      vertex 6.4158745 -79 8.538188
    endloop
  endfacet
  facet normal 0 1 0
    outer loop
      vertex 6.582052 -79 8.349695
      vertex 0.41794777 -79 8.349695
      vertex 0.5841255 -79 8.538188
    endloop
  endfacet
  facet normal 0 1 0
    outer loop
      vertex 6.736068 -79 8.15114
      vertex 0.41794777 -79 8.349695
      vertex 6.582052 -79 8.349695
    endloop
  endfacet
  facet normal 0 1 0
    outer loop
      vertex 6.736068 -79 8.15114
      vertex 0.26393223 -79 8.15114
      vertex 0.41794777 -79 8.349695
    endloop
  endfacet
  facet normal 0 1 0
    outer loop
      vertex 6.8773108 -79 7.9433064
      vertex 0.26393223 -79 8.15114
      vertex 6.736068 -79 8.15114
    endloop
  endfacet
  facet normal 0 1 0
    outer loop
      vertex 6.8773108 -79 7.9433064
      vertex 0.12268925 -79 7.9433064
      vertex 0.26393223 -79 8.15114
    endloop
  endfacet
  facet normal 0 1 0
    outer loop
      vertex 7.005226 -79 7.727014
      vertex 0.12268925 -79 7.9433064
      vertex 6.8773108 -79 7.9433064
    endloop
  endfacet
  facet normal 0 1 0
    outer loop
      vertex 7.005226 -79 7.727014
      vertex -0.0052261353 -79 7.727014
      vertex 0.12268925 -79 7.9433064
    endloop
  endfacet
  facet normal 0 1 0
    outer loop
      vertex 7.1193075 -79 7.503117
      vertex -0.0052261353 -79 7.727014
      vertex 7.005226 -79 7.727014
    endloop
  endfacet
  facet normal 0 1 0
    outer loop
      vertex 7.1193075 -79 7.503117
      vertex -0.11930752 -79 7.503117
      vertex -0.0052261353 -79 7.727014
    endloop
  endfacet
  facet normal 0 1 0
    outer loop
      vertex 7.2191057 -79 7.2724977
      vertex -0.11930752 -79 7.503117
      vertex 7.1193075 -79 7.503117
    endloop
  endfacet
  facet normal 0 1 0
    outer loop
      vertex 7.2191057 -79 7.2724977
      vertex -0.21910572 -79 7.2724977
      vertex -0.11930752 -79 7.503117
    endloop
  endfacet
  facet normal 0 1 0
    outer loop
      vertex 7.304226 -79 7.0360675
      vertex -0.21910572 -79 7.2724977
      vertex 7.2191057 -79 7.2724977
    endloop
  endfacet
  facet normal 0 1 0
    outer loop
      vertex 7.304226 -79 7.0360675
      vertex -0.30422592 -79 7.0360675
      vertex -0.21910572 -79 7.2724977
    endloop
  endfacet
  facet normal 0 1 0
    outer loop
      vertex 7.3743324 -79 6.7947593
      vertex -0.30422592 -79 7.0360675
      vertex 7.304226 -79 7.0360675
    endloop
  endfacet
  facet normal 0 1 0
    outer loop
      vertex 7.3743324 -79 6.7947593
      vertex -0.37433243 -79 6.7947593
      vertex -0.30422592 -79 7.0360675
    endloop
  endfacet
  facet normal 0 1 0
    outer loop
      vertex 7.4291487 -79 6.549525
      vertex -0.37433243 -79 6.7947593
      vertex 7.3743324 -79 6.7947593
    endloop
  endfacet
  facet normal 0 1 0
    outer loop
      vertex 7.4291487 -79 6.549525
      vertex -0.42914867 -79 6.549525
      vertex -0.37433243 -79 6.7947593
    endloop
  endfacet
  facet normal 0 1 0
    outer loop
      vertex 7.468458 -79 6.301333
      vertex -0.42914867 -79 6.549525
      vertex 7.4291487 -79 6.549525
    endloop
  endfacet
  facet normal 0 1 0
    outer loop
      vertex 7.468458 -79 6.301333
      vertex -0.46845818 -79 6.301333
      vertex -0.42914867 -79 6.549525
    endloop
  endfacet
  facet normal 0 1 0
    outer loop
      vertex 7.4921064 -79 6.0511613
      vertex -0.46845818 -79 6.301333
      vertex 7.468458 -79 6.301333
    endloop
  endfacet
  facet normal 0 1 0
    outer loop
      vertex 7.4921064 -79 6.0511613
      vertex -0.49210644 -79 6.0511613
      vertex -0.46845818 -79 6.301333
    endloop
  endfacet
  facet normal 0 1 0
    outer loop
      vertex 7.5 -79 5.7999997
      vertex -0.49210644 -79 6.0511613
      vertex 7.4921064 -79 6.0511613
    endloop
  endfacet
  facet normal 0 1 0
    outer loop
      vertex 7.5 -79 5.7999997
      vertex -0.5 -79 5.7999997
      vertex -0.49210644 -79 6.0511613
    endloop
  endfacet
  facet normal 0 1 0
    outer loop
      vertex 7.5 -79 3.8146973e-7
      vertex -0.5 -79 5.7999997
      vertex 7.5 -79 5.7999997
    endloop
  endfacet
  facet normal 0 1 0
    outer loop
      vertex -0.5 -79 5.7999997
      vertex 7.5 -79 3.8146973e-7
      vertex -0.5 -79 3.8146973e-7
    endloop
  endfacet
  facet normal 1 0 0
    outer loop
      vertex 7.5 -79 5.7999997
      vertex 7.5 -79.5075 5.7999997
      vertex 7.5 -79 3.8146973e-7
    endloop
  endfacet
  facet normal -1 0 0
    outer loop
      vertex -0.5 -79 3.8146973e-7
      vertex -0.5 -79.5075 5.7999997
      vertex -0.5 -79 5.7999997
    endloop
  endfacet
  facet normal -0.09410557 0 0.9955622
    outer loop
      vertex 24.498669 -79 9.768458
      vertex 24.748838 -79.85681 9.792106
      vertex 24.748838 -79 9.792106
    endloop
  endfacet
  facet normal -0.09410557 0 0.9955622
    outer loop
      vertex 24.748838 -79.85681 9.792106
      vertex 24.498669 -79 9.768458
      vertex 24.498669 -79.85474 9.768458
    endloop
  endfacet
  facet normal 0.27898905 0 0.9602943
    outer loop
      vertex 25.994759 -79 9.674332
      vertex 26.236069 -79.84037 9.604225
      vertex 26.236069 -79 9.604225
    endloop
  endfacet
  facet normal 0.27898905 0 0.9602943
    outer loop
      vertex 26.236069 -79.84037 9.604225
      vertex 25.994759 -79 9.674332
      vertex 25.994759 -79.846504 9.674332
    endloop
  endfacet
  facet normal -0.15643613 0 0.98768806
    outer loop
      vertex 24.250475 -79.8513 9.729148
      vertex 24.498669 -79 9.768458
      vertex 24.250475 -79 9.729148
    endloop
  endfacet
  facet normal -0.15643613 0 0.98768806
    outer loop
      vertex 24.498669 -79 9.768458
      vertex 24.250475 -79.8513 9.729148
      vertex 24.498669 -79.85474 9.768458
    endloop
  endfacet
  facet normal 0.9995066 0 0.031408925
    outer loop
      vertex 28.992107 -79 6.0511613
      vertex 29 -79.5075 5.7999997
      vertex 29 -79 5.7999997
    endloop
  endfacet
  facet normal 0.9995066 0 0.031408925
    outer loop
      vertex 29 -79.5075 5.7999997
      vertex 28.992107 -79 6.0511613
      vertex 28.992107 -79.52948 6.0511613
    endloop
  endfacet
  facet normal -0.6613099 0 0.7501128
    outer loop
      vertex 22.261812 -79.76264 8.715874
      vertex 22.450306 -79 8.882052
      vertex 22.261812 -79 8.715874
    endloop
  endfacet
  facet normal -0.6613099 0 0.7501128
    outer loop
      vertex 22.450306 -79 8.882052
      vertex 22.261812 -79.76264 8.715874
      vertex 22.450306 -79.777176 8.882052
    endloop
  endfacet
  facet normal -0.750113 0 0.66130966
    outer loop
      vertex 21.917948 -79.7306 8.349695
      vertex 22.084126 -79 8.538188
      vertex 21.917948 -79 8.349695
    endloop
  endfacet
  facet normal -0.750113 0 0.66130966
    outer loop
      vertex 22.084126 -79 8.538188
      vertex 21.917948 -79.7306 8.349695
      vertex 22.084126 -79.74709 8.538188
    endloop
  endfacet
  facet normal -0.21814345 0 0.97591674
    outer loop
      vertex 24.005241 -79.846504 9.674332
      vertex 24.250475 -79 9.729148
      vertex 24.005241 -79 9.674332
    endloop
  endfacet
  facet normal -0.21814345 0 0.97591674
    outer loop
      vertex 24.250475 -79 9.729148
      vertex 24.005241 -79.846504 9.674332
      vertex 24.250475 -79.8513 9.729148
    endloop
  endfacet
  facet normal -0.8607429 0 0.5090399
    outer loop
      vertex 21.494774 -79.67612 7.727014
      vertex 21.622688 -79 7.9433064
      vertex 21.494774 -79 7.727014
    endloop
  endfacet
  facet normal -0.8607429 0 0.5090399
    outer loop
      vertex 21.622688 -79 7.9433064
      vertex 21.494774 -79.67612 7.727014
      vertex 21.622688 -79.69504 7.9433064
    endloop
  endfacet
  facet normal 0.9955616 0 0.09411238
    outer loop
      vertex 28.968458 -79 6.301333
      vertex 28.992107 -79.52948 6.0511613
      vertex 28.992107 -79 6.0511613
    endloop
  endfacet
  facet normal 0.9955616 0 0.09411238
    outer loop
      vertex 28.992107 -79.52948 6.0511613
      vertex 28.968458 -79 6.301333
      vertex 28.968458 -79.55137 6.301333
    endloop
  endfacet
  facet normal -0.5620832 0 0.8270807
    outer loop
      vertex 22.648859 -79.79066 9.036067
      vertex 22.856693 -79 9.177311
      vertex 22.648859 -79 9.036067
    endloop
  endfacet
  facet normal -0.5620832 0 0.8270807
    outer loop
      vertex 22.856693 -79 9.177311
      vertex 22.648859 -79.79066 9.036067
      vertex 22.856693 -79.80302 9.177311
    endloop
  endfacet
  facet normal 0.031412713 0 0.9995065
    outer loop
      vertex 25 -79 9.799999
      vertex 25.251162 -79.85681 9.792106
      vertex 25.251162 -79 9.792106
    endloop
  endfacet
  facet normal 0.031412713 0 0.9995065
    outer loop
      vertex 25.251162 -79.85681 9.792106
      vertex 25 -79 9.799999
      vertex 25 -79.8575 9.799999
    endloop
  endfacet
  facet normal -0.509041 0 0.8607423
    outer loop
      vertex 22.856693 -79.80302 9.177311
      vertex 23.072987 -79 9.305226
      vertex 22.856693 -79 9.177311
    endloop
  endfacet
  facet normal -0.509041 0 0.8607423
    outer loop
      vertex 23.072987 -79 9.305226
      vertex 22.856693 -79.80302 9.177311
      vertex 23.072987 -79.81421 9.305226
    endloop
  endfacet
  facet normal 0.8607429 0 0.5090399
    outer loop
      vertex 28.377312 -79 7.9433064
      vertex 28.505226 -79.67612 7.727014
      vertex 28.505226 -79 7.727014
    endloop
  endfacet
  facet normal 0.8607429 0 0.5090399
    outer loop
      vertex 28.505226 -79.67612 7.727014
      vertex 28.377312 -79 7.9433064
      vertex 28.377312 -79.69504 7.9433064
    endloop
  endfacet
  facet normal 0.82708186 0 0.56208146
    outer loop
      vertex 28.236069 -79 8.15114
      vertex 28.377312 -79.69504 7.9433064
      vertex 28.377312 -79 7.9433064
    endloop
  endfacet
  facet normal 0.82708186 0 0.56208146
    outer loop
      vertex 28.377312 -79.69504 7.9433064
      vertex 28.236069 -79 8.15114
      vertex 28.236069 -79.71323 8.15114
    endloop
  endfacet
  facet normal -0.9759161 0 0.21814626
    outer loop
      vertex 21.07085 -79.57308 6.549525
      vertex 21.125668 -79 6.7947593
      vertex 21.07085 -79 6.549525
    endloop
  endfacet
  facet normal -0.9759161 0 0.21814626
    outer loop
      vertex 21.125668 -79 6.7947593
      vertex 21.07085 -79.57308 6.549525
      vertex 21.125668 -79.59454 6.7947593
    endloop
  endfacet
  facet normal -0.8910047 0 0.45399407
    outer loop
      vertex 21.380692 -79.656525 7.503117
      vertex 21.494774 -79 7.727014
      vertex 21.380692 -79 7.503117
    endloop
  endfacet
  facet normal -0.8910047 0 0.45399407
    outer loop
      vertex 21.494774 -79 7.727014
      vertex 21.380692 -79.656525 7.503117
      vertex 21.494774 -79.67612 7.727014
    endloop
  endfacet
  facet normal 0.91775703 0 0.39714238
    outer loop
      vertex 28.619308 -79 7.503117
      vertex 28.719105 -79.636345 7.2724977
      vertex 28.719105 -79 7.2724977
    endloop
  endfacet
  facet normal 0.91775703 0 0.39714238
    outer loop
      vertex 28.719105 -79.636345 7.2724977
      vertex 28.619308 -79 7.503117
      vertex 28.619308 -79.656525 7.503117
    endloop
  endfacet
  facet normal 0.15643613 0 0.98768806
    outer loop
      vertex 25.501331 -79 9.768458
      vertex 25.749525 -79.8513 9.729148
      vertex 25.749525 -79 9.729148
    endloop
  endfacet
  facet normal 0.15643613 0 0.98768806
    outer loop
      vertex 25.749525 -79.8513 9.729148
      vertex 25.501331 -79 9.768458
      vertex 25.501331 -79.85474 9.768458
    endloop
  endfacet
  facet normal 0.6613099 0 0.7501128
    outer loop
      vertex 27.549694 -79 8.882052
      vertex 27.738188 -79.76264 8.715874
      vertex 27.738188 -79 8.715874
    endloop
  endfacet
  facet normal 0.6613099 0 0.7501128
    outer loop
      vertex 27.738188 -79.76264 8.715874
      vertex 27.549694 -79 8.882052
      vertex 27.549694 -79.777176 8.882052
    endloop
  endfacet
  facet normal 0.70710486 0 0.7071087
    outer loop
      vertex 27.738188 -79 8.715874
      vertex 27.915874 -79.74709 8.538188
      vertex 27.915874 -79 8.538188
    endloop
  endfacet
  facet normal 0.70710486 0 0.7071087
    outer loop
      vertex 27.915874 -79.74709 8.538188
      vertex 27.738188 -79 8.715874
      vertex 27.738188 -79.76264 8.715874
    endloop
  endfacet
  facet normal -0.031412713 0 0.9995065
    outer loop
      vertex 24.748838 -79 9.792106
      vertex 25 -79.8575 9.799999
      vertex 25 -79 9.799999
    endloop
  endfacet
  facet normal -0.031412713 0 0.9995065
    outer loop
      vertex 25 -79.8575 9.799999
      vertex 24.748838 -79 9.792106
      vertex 24.748838 -79.85681 9.792106
    endloop
  endfacet
  facet normal -0.9876891 0 0.1564299
    outer loop
      vertex 21.031542 -79.55137 6.301333
      vertex 21.07085 -79 6.549525
      vertex 21.031542 -79 6.301333
    endloop
  endfacet
  facet normal -0.9876891 0 0.1564299
    outer loop
      vertex 21.07085 -79 6.549525
      vertex 21.031542 -79.55137 6.301333
      vertex 21.07085 -79.57308 6.549525
    endloop
  endfacet
  facet normal -0.39714557 0 0.9177556
    outer loop
      vertex 23.296883 -79.82419 9.419308
      vertex 23.527502 -79 9.519105
      vertex 23.296883 -79 9.419308
    endloop
  endfacet
  facet normal -0.39714557 0 0.9177556
    outer loop
      vertex 23.527502 -79 9.519105
      vertex 23.296883 -79.82419 9.419308
      vertex 23.527502 -79.832924 9.519105
    endloop
  endfacet
  facet normal -0.82708186 0 0.56208146
    outer loop
      vertex 21.622688 -79.69504 7.9433064
      vertex 21.763931 -79 8.15114
      vertex 21.622688 -79 7.9433064
    endloop
  endfacet
  facet normal -0.82708186 0 0.56208146
    outer loop
      vertex 21.763931 -79 8.15114
      vertex 21.622688 -79.69504 7.9433064
      vertex 21.763931 -79.71323 8.15114
    endloop
  endfacet
  facet normal -0.45399258 0 0.89100546
    outer loop
      vertex 23.072987 -79.81421 9.305226
      vertex 23.296883 -79 9.419308
      vertex 23.072987 -79 9.305226
    endloop
  endfacet
  facet normal -0.45399258 0 0.89100546
    outer loop
      vertex 23.296883 -79 9.419308
      vertex 23.072987 -79.81421 9.305226
      vertex 23.296883 -79.82419 9.419308
    endloop
  endfacet
  facet normal 0.33873948 0 0.9408802
    outer loop
      vertex 26.236069 -79 9.604225
      vertex 26.472498 -79.832924 9.519105
      vertex 26.472498 -79 9.519105
    endloop
  endfacet
  facet normal 0.33873948 0 0.9408802
    outer loop
      vertex 26.472498 -79.832924 9.519105
      vertex 26.236069 -79 9.604225
      vertex 26.236069 -79.84037 9.604225
    endloop
  endfacet
  facet normal 0.750113 0 0.66130966
    outer loop
      vertex 27.915874 -79 8.538188
      vertex 28.082052 -79.7306 8.349695
      vertex 28.082052 -79 8.349695
    endloop
  endfacet
  facet normal 0.750113 0 0.66130966
    outer loop
      vertex 28.082052 -79.7306 8.349695
      vertex 27.915874 -79 8.538188
      vertex 27.915874 -79.74709 8.538188
    endloop
  endfacet
  facet normal 0.8910047 0 0.45399407
    outer loop
      vertex 28.505226 -79 7.727014
      vertex 28.619308 -79.656525 7.503117
      vertex 28.619308 -79 7.503117
    endloop
  endfacet
  facet normal 0.8910047 0 0.45399407
    outer loop
      vertex 28.619308 -79.656525 7.503117
      vertex 28.505226 -79 7.727014
      vertex 28.505226 -79.67612 7.727014
    endloop
  endfacet
  facet normal -0.9408794 0 0.33874163
    outer loop
      vertex 21.195774 -79.615654 7.0360675
      vertex 21.280895 -79 7.2724977
      vertex 21.195774 -79 7.0360675
    endloop
  endfacet
  facet normal -0.9408794 0 0.33874163
    outer loop
      vertex 21.280895 -79 7.2724977
      vertex 21.195774 -79.615654 7.0360675
      vertex 21.280895 -79.636345 7.2724977
    endloop
  endfacet
  facet normal -0.9602937 0 0.27899107
    outer loop
      vertex 21.125668 -79.59454 6.7947593
      vertex 21.195774 -79 7.0360675
      vertex 21.125668 -79 6.7947593
    endloop
  endfacet
  facet normal -0.9602937 0 0.27899107
    outer loop
      vertex 21.195774 -79 7.0360675
      vertex 21.125668 -79.59454 6.7947593
      vertex 21.195774 -79.615654 7.0360675
    endloop
  endfacet
  facet normal 0.9759161 0 0.21814626
    outer loop
      vertex 28.874332 -79 6.7947593
      vertex 28.92915 -79.57308 6.549525
      vertex 28.92915 -79 6.549525
    endloop
  endfacet
  facet normal 0.9759161 0 0.21814626
    outer loop
      vertex 28.92915 -79.57308 6.549525
      vertex 28.874332 -79 6.7947593
      vertex 28.874332 -79.59454 6.7947593
    endloop
  endfacet
  facet normal 0.5620832 0 0.8270807
    outer loop
      vertex 27.143307 -79 9.177311
      vertex 27.351141 -79.79066 9.036067
      vertex 27.351141 -79 9.036067
    endloop
  endfacet
  facet normal 0.5620832 0 0.8270807
    outer loop
      vertex 27.351141 -79.79066 9.036067
      vertex 27.143307 -79 9.177311
      vertex 27.143307 -79.80302 9.177311
    endloop
  endfacet
  facet normal -0.9955616 0 0.09411238
    outer loop
      vertex 21.007893 -79.52948 6.0511613
      vertex 21.031542 -79 6.301333
      vertex 21.007893 -79 6.0511613
    endloop
  endfacet
  facet normal -0.9955616 0 0.09411238
    outer loop
      vertex 21.031542 -79 6.301333
      vertex 21.007893 -79.52948 6.0511613
      vertex 21.031542 -79.55137 6.301333
    endloop
  endfacet
  facet normal -0.27898905 0 0.9602943
    outer loop
      vertex 23.763931 -79.84037 9.604225
      vertex 24.005241 -79 9.674332
      vertex 23.763931 -79 9.604225
    endloop
  endfacet
  facet normal -0.27898905 0 0.9602943
    outer loop
      vertex 24.005241 -79 9.674332
      vertex 23.763931 -79.84037 9.604225
      vertex 24.005241 -79.846504 9.674332
    endloop
  endfacet
  facet normal 0.9876891 0 0.1564299
    outer loop
      vertex 28.92915 -79 6.549525
      vertex 28.968458 -79.55137 6.301333
      vertex 28.968458 -79 6.301333
    endloop
  endfacet
  facet normal 0.9876891 0 0.1564299
    outer loop
      vertex 28.968458 -79.55137 6.301333
      vertex 28.92915 -79 6.549525
      vertex 28.92915 -79.57308 6.549525
    endloop
  endfacet
  facet normal -0.6129096 0 0.790153
    outer loop
      vertex 22.450306 -79.777176 8.882052
      vertex 22.648859 -79 9.036067
      vertex 22.450306 -79 8.882052
    endloop
  endfacet
  facet normal -0.6129096 0 0.790153
    outer loop
      vertex 22.648859 -79 9.036067
      vertex 22.450306 -79.777176 8.882052
      vertex 22.648859 -79.79066 9.036067
    endloop
  endfacet
  facet normal 0.9408794 0 0.33874163
    outer loop
      vertex 28.719105 -79 7.2724977
      vertex 28.804226 -79.615654 7.0360675
      vertex 28.804226 -79 7.0360675
    endloop
  endfacet
  facet normal 0.9408794 0 0.33874163
    outer loop
      vertex 28.804226 -79.615654 7.0360675
      vertex 28.719105 -79 7.2724977
      vertex 28.719105 -79.636345 7.2724977
    endloop
  endfacet
  facet normal 0.39714557 0 0.9177556
    outer loop
      vertex 26.472498 -79 9.519105
      vertex 26.703117 -79.82419 9.419308
      vertex 26.703117 -79 9.419308
    endloop
  endfacet
  facet normal 0.39714557 0 0.9177556
    outer loop
      vertex 26.703117 -79.82419 9.419308
      vertex 26.472498 -79 9.519105
      vertex 26.472498 -79.832924 9.519105
    endloop
  endfacet
  facet normal -0.33873948 0 0.9408802
    outer loop
      vertex 23.527502 -79.832924 9.519105
      vertex 23.763931 -79 9.604225
      vertex 23.527502 -79 9.519105
    endloop
  endfacet
  facet normal -0.33873948 0 0.9408802
    outer loop
      vertex 23.763931 -79 9.604225
      vertex 23.527502 -79.832924 9.519105
      vertex 23.763931 -79.84037 9.604225
    endloop
  endfacet
  facet normal 0.21814345 0 0.97591674
    outer loop
      vertex 25.749525 -79 9.729148
      vertex 25.994759 -79.846504 9.674332
      vertex 25.994759 -79 9.674332
    endloop
  endfacet
  facet normal 0.21814345 0 0.97591674
    outer loop
      vertex 25.994759 -79.846504 9.674332
      vertex 25.749525 -79 9.729148
      vertex 25.749525 -79.8513 9.729148
    endloop
  endfacet
  facet normal 0.9602937 0 0.27899107
    outer loop
      vertex 28.804226 -79 7.0360675
      vertex 28.874332 -79.59454 6.7947593
      vertex 28.874332 -79 6.7947593
    endloop
  endfacet
  facet normal 0.9602937 0 0.27899107
    outer loop
      vertex 28.874332 -79.59454 6.7947593
      vertex 28.804226 -79 7.0360675
      vertex 28.804226 -79.615654 7.0360675
    endloop
  endfacet
  facet normal -0.91775703 0 0.39714238
    outer loop
      vertex 21.280895 -79.636345 7.2724977
      vertex 21.380692 -79 7.503117
      vertex 21.280895 -79 7.2724977
    endloop
  endfacet
  facet normal -0.91775703 0 0.39714238
    outer loop
      vertex 21.380692 -79 7.503117
      vertex 21.280895 -79.636345 7.2724977
      vertex 21.380692 -79.656525 7.503117
    endloop
  endfacet
  facet normal -0.9995066 0 0.031408925
    outer loop
      vertex 21 -79.5075 5.7999997
      vertex 21.007893 -79 6.0511613
      vertex 21 -79 5.7999997
    endloop
  endfacet
  facet normal -0.9995066 0 0.031408925
    outer loop
      vertex 21.007893 -79 6.0511613
      vertex 21 -79.5075 5.7999997
      vertex 21.007893 -79.52948 6.0511613
    endloop
  endfacet
  facet normal 0.509041 0 0.8607423
    outer loop
      vertex 26.927013 -79 9.305226
      vertex 27.143307 -79.80302 9.177311
      vertex 27.143307 -79 9.177311
    endloop
  endfacet
  facet normal 0.509041 0 0.8607423
    outer loop
      vertex 27.143307 -79.80302 9.177311
      vertex 26.927013 -79 9.305226
      vertex 26.927013 -79.81421 9.305226
    endloop
  endfacet
  facet normal 0.45399258 0 0.89100546
    outer loop
      vertex 26.703117 -79 9.419308
      vertex 26.927013 -79.81421 9.305226
      vertex 26.927013 -79 9.305226
    endloop
  endfacet
  facet normal 0.45399258 0 0.89100546
    outer loop
      vertex 26.927013 -79.81421 9.305226
      vertex 26.703117 -79 9.419308
      vertex 26.703117 -79.82419 9.419308
    endloop
  endfacet
  facet normal -0.70710486 0 0.7071087
    outer loop
      vertex 22.084126 -79.74709 8.538188
      vertex 22.261812 -79 8.715874
      vertex 22.084126 -79 8.538188
    endloop
  endfacet
  facet normal -0.70710486 0 0.7071087
    outer loop
      vertex 22.261812 -79 8.715874
      vertex 22.084126 -79.74709 8.538188
      vertex 22.261812 -79.76264 8.715874
    endloop
  endfacet
  facet normal 0.6129096 0 0.790153
    outer loop
      vertex 27.351141 -79 9.036067
      vertex 27.549694 -79.777176 8.882052
      vertex 27.549694 -79 8.882052
    endloop
  endfacet
  facet normal 0.6129096 0 0.790153
    outer loop
      vertex 27.549694 -79.777176 8.882052
      vertex 27.351141 -79 9.036067
      vertex 27.351141 -79.79066 9.036067
    endloop
  endfacet
  facet normal 0.09410557 0 0.9955622
    outer loop
      vertex 25.251162 -79 9.792106
      vertex 25.501331 -79.85474 9.768458
      vertex 25.501331 -79 9.768458
    endloop
  endfacet
  facet normal 0.09410557 0 0.9955622
    outer loop
      vertex 25.501331 -79.85474 9.768458
      vertex 25.251162 -79 9.792106
      vertex 25.251162 -79.85681 9.792106
    endloop
  endfacet
  facet normal 0.7901522 0 0.6129107
    outer loop
      vertex 28.082052 -79 8.349695
      vertex 28.236069 -79.71323 8.15114
      vertex 28.236069 -79 8.15114
    endloop
  endfacet
  facet normal 0.7901522 0 0.6129107
    outer loop
      vertex 28.236069 -79.71323 8.15114
      vertex 28.082052 -79 8.349695
      vertex 28.082052 -79.7306 8.349695
    endloop
  endfacet
  facet normal -0.7901522 0 0.6129107
    outer loop
      vertex 21.763931 -79.71323 8.15114
      vertex 21.917948 -79 8.349695
      vertex 21.763931 -79 8.15114
    endloop
  endfacet
  facet normal -0.7901522 0 0.6129107
    outer loop
      vertex 21.917948 -79 8.349695
      vertex 21.763931 -79.71323 8.15114
      vertex 21.917948 -79.7306 8.349695
    endloop
  endfacet
  facet normal 0 1 0
    outer loop
      vertex 25.251162 -79 9.792106
      vertex 24.748838 -79 9.792106
      vertex 25 -79 9.799999
    endloop
  endfacet
  facet normal 0 1 0
    outer loop
      vertex 25.501331 -79 9.768458
      vertex 24.748838 -79 9.792106
      vertex 25.251162 -79 9.792106
    endloop
  endfacet
  facet normal 0 1 0
    outer loop
      vertex 25.501331 -79 9.768458
      vertex 24.498669 -79 9.768458
      vertex 24.748838 -79 9.792106
    endloop
  endfacet
  facet normal 0 1 0
    outer loop
      vertex 25.749525 -79 9.729148
      vertex 24.498669 -79 9.768458
      vertex 25.501331 -79 9.768458
    endloop
  endfacet
  facet normal 0 1 0
    outer loop
      vertex 25.749525 -79 9.729148
      vertex 24.250475 -79 9.729148
      vertex 24.498669 -79 9.768458
    endloop
  endfacet
  facet normal 0 1 0
    outer loop
      vertex 25.994759 -79 9.674332
      vertex 24.250475 -79 9.729148
      vertex 25.749525 -79 9.729148
    endloop
  endfacet
  facet normal 0 1 0
    outer loop
      vertex 25.994759 -79 9.674332
      vertex 24.005241 -79 9.674332
      vertex 24.250475 -79 9.729148
    endloop
  endfacet
  facet normal 0 1 0
    outer loop
      vertex 26.236069 -79 9.604225
      vertex 24.005241 -79 9.674332
      vertex 25.994759 -79 9.674332
    endloop
  endfacet
  facet normal 0 1 0
    outer loop
      vertex 26.236069 -79 9.604225
      vertex 23.763931 -79 9.604225
      vertex 24.005241 -79 9.674332
    endloop
  endfacet
  facet normal 0 1 0
    outer loop
      vertex 26.472498 -79 9.519105
      vertex 23.763931 -79 9.604225
      vertex 26.236069 -79 9.604225
    endloop
  endfacet
  facet normal 0 1 0
    outer loop
      vertex 26.472498 -79 9.519105
      vertex 23.527502 -79 9.519105
      vertex 23.763931 -79 9.604225
    endloop
  endfacet
  facet normal 0 1 0
    outer loop
      vertex 26.703117 -79 9.419308
      vertex 23.527502 -79 9.519105
      vertex 26.472498 -79 9.519105
    endloop
  endfacet
  facet normal 0 1 0
    outer loop
      vertex 26.703117 -79 9.419308
      vertex 23.296883 -79 9.419308
      vertex 23.527502 -79 9.519105
    endloop
  endfacet
  facet normal 0 1 0
    outer loop
      vertex 26.927013 -79 9.305226
      vertex 23.296883 -79 9.419308
      vertex 26.703117 -79 9.419308
    endloop
  endfacet
  facet normal 0 1 0
    outer loop
      vertex 26.927013 -79 9.305226
      vertex 23.072987 -79 9.305226
      vertex 23.296883 -79 9.419308
    endloop
  endfacet
  facet normal 0 1 0
    outer loop
      vertex 27.143307 -79 9.177311
      vertex 23.072987 -79 9.305226
      vertex 26.927013 -79 9.305226
    endloop
  endfacet
  facet normal 0 1 0
    outer loop
      vertex 27.143307 -79 9.177311
      vertex 22.856693 -79 9.177311
      vertex 23.072987 -79 9.305226
    endloop
  endfacet
  facet normal 0 1 0
    outer loop
      vertex 27.351141 -79 9.036067
      vertex 22.856693 -79 9.177311
      vertex 27.143307 -79 9.177311
    endloop
  endfacet
  facet normal 0 1 0
    outer loop
      vertex 27.351141 -79 9.036067
      vertex 22.648859 -79 9.036067
      vertex 22.856693 -79 9.177311
    endloop
  endfacet
  facet normal 0 1 0
    outer loop
      vertex 27.549694 -79 8.882052
      vertex 22.648859 -79 9.036067
      vertex 27.351141 -79 9.036067
    endloop
  endfacet
  facet normal 0 1 0
    outer loop
      vertex 27.549694 -79 8.882052
      vertex 22.450306 -79 8.882052
      vertex 22.648859 -79 9.036067
    endloop
  endfacet
  facet normal 0 1 0
    outer loop
      vertex 27.738188 -79 8.715874
      vertex 22.450306 -79 8.882052
      vertex 27.549694 -79 8.882052
    endloop
  endfacet
  facet normal 0 1 0
    outer loop
      vertex 27.738188 -79 8.715874
      vertex 22.261812 -79 8.715874
      vertex 22.450306 -79 8.882052
    endloop
  endfacet
  facet normal 0 1 0
    outer loop
      vertex 27.915874 -79 8.538188
      vertex 22.261812 -79 8.715874
      vertex 27.738188 -79 8.715874
    endloop
  endfacet
  facet normal 0 1 0
    outer loop
      vertex 27.915874 -79 8.538188
      vertex 22.084126 -79 8.538188
      vertex 22.261812 -79 8.715874
    endloop
  endfacet
  facet normal 0 1 0
    outer loop
      vertex 28.082052 -79 8.349695
      vertex 22.084126 -79 8.538188
      vertex 27.915874 -79 8.538188
    endloop
  endfacet
  facet normal 0 1 0
    outer loop
      vertex 28.082052 -79 8.349695
      vertex 21.917948 -79 8.349695
      vertex 22.084126 -79 8.538188
    endloop
  endfacet
  facet normal 0 1 0
    outer loop
      vertex 28.236069 -79 8.15114
      vertex 21.917948 -79 8.349695
      vertex 28.082052 -79 8.349695
    endloop
  endfacet
  facet normal 0 1 0
    outer loop
      vertex 28.236069 -79 8.15114
      vertex 21.763931 -79 8.15114
      vertex 21.917948 -79 8.349695
    endloop
  endfacet
  facet normal 0 1 0
    outer loop
      vertex 28.377312 -79 7.9433064
      vertex 21.763931 -79 8.15114
      vertex 28.236069 -79 8.15114
    endloop
  endfacet
  facet normal 0 1 0
    outer loop
      vertex 28.377312 -79 7.9433064
      vertex 21.622688 -79 7.9433064
      vertex 21.763931 -79 8.15114
    endloop
  endfacet
  facet normal 0 1 0
    outer loop
      vertex 28.505226 -79 7.727014
      vertex 21.622688 -79 7.9433064
      vertex 28.377312 -79 7.9433064
    endloop
  endfacet
  facet normal 0 1 0
    outer loop
      vertex 28.505226 -79 7.727014
      vertex 21.494774 -79 7.727014
      vertex 21.622688 -79 7.9433064
    endloop
  endfacet
  facet normal 0 1 0
    outer loop
      vertex 28.619308 -79 7.503117
      vertex 21.494774 -79 7.727014
      vertex 28.505226 -79 7.727014
    endloop
  endfacet
  facet normal 0 1 0
    outer loop
      vertex 28.619308 -79 7.503117
      vertex 21.380692 -79 7.503117
      vertex 21.494774 -79 7.727014
    endloop
  endfacet
  facet normal 0 1 0
    outer loop
      vertex 28.719105 -79 7.2724977
      vertex 21.380692 -79 7.503117
      vertex 28.619308 -79 7.503117
    endloop
  endfacet
  facet normal 0 1 0
    outer loop
      vertex 28.719105 -79 7.2724977
      vertex 21.280895 -79 7.2724977
      vertex 21.380692 -79 7.503117
    endloop
  endfacet
  facet normal 0 1 0
    outer loop
      vertex 28.804226 -79 7.0360675
      vertex 21.280895 -79 7.2724977
      vertex 28.719105 -79 7.2724977
    endloop
  endfacet
  facet normal 0 1 0
    outer loop
      vertex 28.804226 -79 7.0360675
      vertex 21.195774 -79 7.0360675
      vertex 21.280895 -79 7.2724977
    endloop
  endfacet
  facet normal 0 1 0
    outer loop
      vertex 28.874332 -79 6.7947593
      vertex 21.195774 -79 7.0360675
      vertex 28.804226 -79 7.0360675
    endloop
  endfacet
  facet normal 0 1 0
    outer loop
      vertex 28.874332 -79 6.7947593
      vertex 21.125668 -79 6.7947593
      vertex 21.195774 -79 7.0360675
    endloop
  endfacet
  facet normal 0 1 0
    outer loop
      vertex 28.92915 -79 6.549525
      vertex 21.125668 -79 6.7947593
      vertex 28.874332 -79 6.7947593
    endloop
  endfacet
  facet normal 0 1 0
    outer loop
      vertex 28.92915 -79 6.549525
      vertex 21.07085 -79 6.549525
      vertex 21.125668 -79 6.7947593
    endloop
  endfacet
  facet normal 0 1 0
    outer loop
      vertex 28.968458 -79 6.301333
      vertex 21.07085 -79 6.549525
      vertex 28.92915 -79 6.549525
    endloop
  endfacet
  facet normal 0 1 0
    outer loop
      vertex 28.968458 -79 6.301333
      vertex 21.031542 -79 6.301333
      vertex 21.07085 -79 6.549525
    endloop
  endfacet
  facet normal 0 1 0
    outer loop
      vertex 28.992107 -79 6.0511613
      vertex 21.031542 -79 6.301333
      vertex 28.968458 -79 6.301333
    endloop
  endfacet
  facet normal 0 1 0
    outer loop
      vertex 28.992107 -79 6.0511613
      vertex 21.007893 -79 6.0511613
      vertex 21.031542 -79 6.301333
    endloop
  endfacet
  facet normal 0 1 0
    outer loop
      vertex 29 -79 5.7999997
      vertex 21.007893 -79 6.0511613
      vertex 28.992107 -79 6.0511613
    endloop
  endfacet
  facet normal 0 1 0
    outer loop
      vertex 29 -79 5.7999997
      vertex 21 -79 5.7999997
      vertex 21.007893 -79 6.0511613
    endloop
  endfacet
  facet normal 0 1 0
    outer loop
      vertex 29 -79 3.8146973e-7
      vertex 21 -79 5.7999997
      vertex 29 -79 5.7999997
    endloop
  endfacet
  facet normal 0 1 0
    outer loop
      vertex 21 -79 5.7999997
      vertex 29 -79 3.8146973e-7
      vertex 21 -79 3.8146973e-7
    endloop
  endfacet
  facet normal 1 0 0
    outer loop
      vertex 29 -79 5.7999997
      vertex 29 -79.5075 5.7999997
      vertex 29 -79 3.8146973e-7
    endloop
  endfacet
  facet normal -1 0 0
    outer loop
      vertex 21 -79 3.8146973e-7
      vertex 21 -79.5075 5.7999997
      vertex 21 -79 5.7999997
    endloop
  endfacet
  facet normal -0.094105214 0 0.99556226
    outer loop
      vertex 2.9986677 -58.54 9.768458
      vertex 3.2488384 -79 9.792106
      vertex 3.2488384 -58.54 9.792106
    endloop
  endfacet
  facet normal -0.094105214 0 0.99556226
    outer loop
      vertex 3.2488384 -79 9.792106
      vertex 2.9986677 -58.54 9.768458
      vertex 2.9986677 -79 9.768458
    endloop
  endfacet
  facet normal 0.27899006 0 0.960294
    outer loop
      vertex 4.4947586 -58.54 9.674332
      vertex 4.736068 -79 9.604225
      vertex 4.736068 -58.54 9.604225
    endloop
  endfacet
  facet normal 0.27899006 0 0.960294
    outer loop
      vertex 4.736068 -79 9.604225
      vertex 4.4947586 -58.54 9.674332
      vertex 4.4947586 -79 9.674332
    endloop
  endfacet
  facet normal -0.15643671 0 0.987688
    outer loop
      vertex 2.750475 -58.54 9.729148
      vertex 2.9986677 -79 9.768458
      vertex 2.9986677 -58.54 9.768458
    endloop
  endfacet
  facet normal -0.15643671 0 0.987688
    outer loop
      vertex 2.9986677 -79 9.768458
      vertex 2.750475 -58.54 9.729148
      vertex 2.750475 -79 9.729148
    endloop
  endfacet
  facet normal 0.9995065 0 0.031412713
    outer loop
      vertex 7.4921064 -79 6.0511613
      vertex 7.5 -58.54 5.7999997
      vertex 7.4921064 -58.54 6.0511613
    endloop
  endfacet
  facet normal 0.9995065 0 0.031412713
    outer loop
      vertex 7.5 -58.54 5.7999997
      vertex 7.4921064 -79 6.0511613
      vertex 7.5 -79 5.7999997
    endloop
  endfacet
  facet normal -0.6613118 0 0.7501111
    outer loop
      vertex 0.7618122 -58.54 8.715874
      vertex 0.950305 -79 8.882052
      vertex 0.950305 -58.54 8.882052
    endloop
  endfacet
  facet normal -0.6613118 0 0.7501111
    outer loop
      vertex 0.950305 -79 8.882052
      vertex 0.7618122 -58.54 8.715874
      vertex 0.7618122 -79 8.715874
    endloop
  endfacet
  facet normal -0.750113 0 0.66130966
    outer loop
      vertex 0.41794777 -79 8.349695
      vertex 0.5841255 -58.54 8.538188
      vertex 0.41794777 -58.54 8.349695
    endloop
  endfacet
  facet normal -0.750113 0 0.66130966
    outer loop
      vertex 0.5841255 -58.54 8.538188
      vertex 0.41794777 -79 8.349695
      vertex 0.5841255 -79 8.538188
    endloop
  endfacet
  facet normal -0.21814345 0 0.97591674
    outer loop
      vertex 2.5052414 -58.54 9.674332
      vertex 2.750475 -79 9.729148
      vertex 2.750475 -58.54 9.729148
    endloop
  endfacet
  facet normal -0.21814345 0 0.97591674
    outer loop
      vertex 2.750475 -79 9.729148
      vertex 2.5052414 -58.54 9.674332
      vertex 2.5052414 -79 9.674332
    endloop
  endfacet
  facet normal -0.86074126 0 0.5090427
    outer loop
      vertex -0.0052261353 -79 7.727014
      vertex 0.12268925 -58.54 7.9433064
      vertex -0.0052261353 -58.54 7.727014
    endloop
  endfacet
  facet normal -0.86074126 0 0.5090427
    outer loop
      vertex 0.12268925 -58.54 7.9433064
      vertex -0.0052261353 -79 7.727014
      vertex 0.12268925 -79 7.9433064
    endloop
  endfacet
  facet normal 0.99556196 0 0.09410862
    outer loop
      vertex 7.468458 -79 6.301333
      vertex 7.4921064 -58.54 6.0511613
      vertex 7.468458 -58.54 6.301333
    endloop
  endfacet
  facet normal 0.99556196 0 0.09410862
    outer loop
      vertex 7.4921064 -58.54 6.0511613
      vertex 7.468458 -79 6.301333
      vertex 7.4921064 -79 6.0511613
    endloop
  endfacet
  facet normal -0.5620832 0 0.8270807
    outer loop
      vertex 1.148859 -58.54 9.036067
      vertex 1.3566933 -79 9.177311
      vertex 1.3566933 -58.54 9.177311
    endloop
  endfacet
  facet normal -0.5620832 0 0.8270807
    outer loop
      vertex 1.3566933 -79 9.177311
      vertex 1.148859 -58.54 9.036067
      vertex 1.148859 -79 9.036067
    endloop
  endfacet
  facet normal 0.031412713 0 0.9995065
    outer loop
      vertex 3.5 -58.54 9.799999
      vertex 3.7511616 -79 9.792106
      vertex 3.7511616 -58.54 9.792106
    endloop
  endfacet
  facet normal 0.031412713 0 0.9995065
    outer loop
      vertex 3.7511616 -79 9.792106
      vertex 3.5 -58.54 9.799999
      vertex 3.5 -79 9.799999
    endloop
  endfacet
  facet normal -0.5090427 0 0.86074126
    outer loop
      vertex 1.3566933 -58.54 9.177311
      vertex 1.5729856 -79 9.305226
      vertex 1.5729856 -58.54 9.305226
    endloop
  endfacet
  facet normal -0.5090427 0 0.86074126
    outer loop
      vertex 1.5729856 -79 9.305226
      vertex 1.3566933 -58.54 9.177311
      vertex 1.3566933 -79 9.177311
    endloop
  endfacet
  facet normal 0.86074126 0 0.5090427
    outer loop
      vertex 6.8773108 -79 7.9433064
      vertex 7.005226 -58.54 7.727014
      vertex 6.8773108 -58.54 7.9433064
    endloop
  endfacet
  facet normal 0.86074126 0 0.5090427
    outer loop
      vertex 7.005226 -58.54 7.727014
      vertex 6.8773108 -79 7.9433064
      vertex 7.005226 -79 7.727014
    endloop
  endfacet
  facet normal 0.82708186 0 0.56208146
    outer loop
      vertex 6.736068 -79 8.15114
      vertex 6.8773108 -58.54 7.9433064
      vertex 6.736068 -58.54 8.15114
    endloop
  endfacet
  facet normal 0.82708186 0 0.56208146
    outer loop
      vertex 6.8773108 -58.54 7.9433064
      vertex 6.736068 -79 8.15114
      vertex 6.8773108 -79 7.9433064
    endloop
  endfacet
  facet normal -0.9759169 0 0.21814264
    outer loop
      vertex -0.42914867 -79 6.549525
      vertex -0.37433243 -58.54 6.7947593
      vertex -0.42914867 -58.54 6.549525
    endloop
  endfacet
  facet normal -0.9759169 0 0.21814264
    outer loop
      vertex -0.37433243 -58.54 6.7947593
      vertex -0.42914867 -79 6.549525
      vertex -0.37433243 -79 6.7947593
    endloop
  endfacet
  facet normal -0.89100623 0 0.45399106
    outer loop
      vertex -0.11930752 -79 7.503117
      vertex -0.0052261353 -58.54 7.727014
      vertex -0.11930752 -58.54 7.503117
    endloop
  endfacet
  facet normal -0.89100623 0 0.45399106
    outer loop
      vertex -0.0052261353 -58.54 7.727014
      vertex -0.11930752 -79 7.503117
      vertex -0.0052261353 -79 7.727014
    endloop
  endfacet
  facet normal 0.91775423 0 0.39714876
    outer loop
      vertex 7.1193075 -79 7.503117
      vertex 7.2191057 -58.54 7.2724977
      vertex 7.1193075 -58.54 7.503117
    endloop
  endfacet
  facet normal 0.91775423 0 0.39714876
    outer loop
      vertex 7.2191057 -58.54 7.2724977
      vertex 7.1193075 -79 7.503117
      vertex 7.2191057 -79 7.2724977
    endloop
  endfacet
  facet normal 0.15643671 0 0.987688
    outer loop
      vertex 4.0013323 -58.54 9.768458
      vertex 4.249525 -79 9.729148
      vertex 4.249525 -58.54 9.729148
    endloop
  endfacet
  facet normal 0.15643671 0 0.987688
    outer loop
      vertex 4.249525 -79 9.729148
      vertex 4.0013323 -58.54 9.768458
      vertex 4.0013323 -79 9.768458
    endloop
  endfacet
  facet normal 0.6613118 0 0.7501111
    outer loop
      vertex 6.049695 -58.54 8.882052
      vertex 6.238188 -79 8.715874
      vertex 6.238188 -58.54 8.715874
    endloop
  endfacet
  facet normal 0.6613118 0 0.7501111
    outer loop
      vertex 6.238188 -79 8.715874
      vertex 6.049695 -58.54 8.882052
      vertex 6.049695 -79 8.882052
    endloop
  endfacet
  facet normal 0.70710486 0 0.7071087
    outer loop
      vertex 6.238188 -58.54 8.715874
      vertex 6.4158745 -79 8.538188
      vertex 6.4158745 -58.54 8.538188
    endloop
  endfacet
  facet normal 0.70710486 0 0.7071087
    outer loop
      vertex 6.4158745 -79 8.538188
      vertex 6.238188 -58.54 8.715874
      vertex 6.238188 -79 8.715874
    endloop
  endfacet
  facet normal -0.031412713 0 0.9995065
    outer loop
      vertex 3.2488384 -58.54 9.792106
      vertex 3.5 -79 9.799999
      vertex 3.5 -58.54 9.799999
    endloop
  endfacet
  facet normal -0.031412713 0 0.9995065
    outer loop
      vertex 3.5 -79 9.799999
      vertex 3.2488384 -58.54 9.792106
      vertex 3.2488384 -79 9.792106
    endloop
  endfacet
  facet normal -0.9876885 0 0.1564336
    outer loop
      vertex -0.46845818 -79 6.301333
      vertex -0.42914867 -58.54 6.549525
      vertex -0.46845818 -58.54 6.301333
    endloop
  endfacet
  facet normal -0.9876885 0 0.1564336
    outer loop
      vertex -0.42914867 -58.54 6.549525
      vertex -0.46845818 -79 6.301333
      vertex -0.42914867 -79 6.549525
    endloop
  endfacet
  facet normal -0.39714697 0 0.917755
    outer loop
      vertex 1.7968836 -58.54 9.419308
      vertex 2.027502 -79 9.519105
      vertex 2.027502 -58.54 9.519105
    endloop
  endfacet
  facet normal -0.39714697 0 0.917755
    outer loop
      vertex 2.027502 -79 9.519105
      vertex 1.7968836 -58.54 9.419308
      vertex 1.7968836 -79 9.419308
    endloop
  endfacet
  facet normal -0.82708186 0 0.56208146
    outer loop
      vertex 0.12268925 -79 7.9433064
      vertex 0.26393223 -58.54 8.15114
      vertex 0.12268925 -58.54 7.9433064
    endloop
  endfacet
  facet normal -0.82708186 0 0.56208146
    outer loop
      vertex 0.26393223 -58.54 8.15114
      vertex 0.12268925 -79 7.9433064
      vertex 0.26393223 -79 8.15114
    endloop
  endfacet
  facet normal -0.4539895 0 0.891007
    outer loop
      vertex 1.5729856 -58.54 9.305226
      vertex 1.7968836 -79 9.419308
      vertex 1.7968836 -58.54 9.419308
    endloop
  endfacet
  facet normal -0.4539895 0 0.891007
    outer loop
      vertex 1.7968836 -79 9.419308
      vertex 1.5729856 -58.54 9.305226
      vertex 1.5729856 -79 9.305226
    endloop
  endfacet
  facet normal 0.3387383 0 0.94088066
    outer loop
      vertex 4.736068 -58.54 9.604225
      vertex 4.972498 -79 9.519105
      vertex 4.972498 -58.54 9.519105
    endloop
  endfacet
  facet normal 0.3387383 0 0.94088066
    outer loop
      vertex 4.972498 -79 9.519105
      vertex 4.736068 -58.54 9.604225
      vertex 4.736068 -79 9.604225
    endloop
  endfacet
  facet normal 0.750113 0 0.66130966
    outer loop
      vertex 6.4158745 -79 8.538188
      vertex 6.582052 -58.54 8.349695
      vertex 6.4158745 -58.54 8.538188
    endloop
  endfacet
  facet normal 0.750113 0 0.66130966
    outer loop
      vertex 6.582052 -58.54 8.349695
      vertex 6.4158745 -79 8.538188
      vertex 6.582052 -79 8.349695
    endloop
  endfacet
  facet normal 0.89100623 0 0.45399106
    outer loop
      vertex 7.005226 -79 7.727014
      vertex 7.1193075 -58.54 7.503117
      vertex 7.005226 -58.54 7.727014
    endloop
  endfacet
  facet normal 0.89100623 0 0.45399106
    outer loop
      vertex 7.1193075 -58.54 7.503117
      vertex 7.005226 -79 7.727014
      vertex 7.1193075 -79 7.503117
    endloop
  endfacet
  facet normal -0.9602937 0 0.27899107
    outer loop
      vertex -0.37433243 -79 6.7947593
      vertex -0.30422592 -58.54 7.0360675
      vertex -0.37433243 -58.54 6.7947593
    endloop
  endfacet
  facet normal -0.9602937 0 0.27899107
    outer loop
      vertex -0.30422592 -58.54 7.0360675
      vertex -0.37433243 -79 6.7947593
      vertex -0.30422592 -79 7.0360675
    endloop
  endfacet
  facet normal 0.9759169 0 0.21814264
    outer loop
      vertex 7.3743324 -79 6.7947593
      vertex 7.4291487 -58.54 6.549525
      vertex 7.3743324 -58.54 6.7947593
    endloop
  endfacet
  facet normal 0.9759169 0 0.21814264
    outer loop
      vertex 7.4291487 -58.54 6.549525
      vertex 7.3743324 -79 6.7947593
      vertex 7.4291487 -79 6.549525
    endloop
  endfacet
  facet normal 0.5620832 0 0.8270807
    outer loop
      vertex 5.6433067 -58.54 9.177311
      vertex 5.851141 -79 9.036067
      vertex 5.851141 -58.54 9.036067
    endloop
  endfacet
  facet normal 0.5620832 0 0.8270807
    outer loop
      vertex 5.851141 -79 9.036067
      vertex 5.6433067 -58.54 9.177311
      vertex 5.6433067 -79 9.177311
    endloop
  endfacet
  facet normal -0.99556196 0 0.09410862
    outer loop
      vertex -0.49210644 -79 6.0511613
      vertex -0.46845818 -58.54 6.301333
      vertex -0.49210644 -58.54 6.0511613
    endloop
  endfacet
  facet normal -0.99556196 0 0.09410862
    outer loop
      vertex -0.46845818 -58.54 6.301333
      vertex -0.49210644 -79 6.0511613
      vertex -0.46845818 -79 6.301333
    endloop
  endfacet
  facet normal -0.27899006 0 0.960294
    outer loop
      vertex 2.2639322 -58.54 9.604225
      vertex 2.5052414 -79 9.674332
      vertex 2.5052414 -58.54 9.674332
    endloop
  endfacet
  facet normal -0.27899006 0 0.960294
    outer loop
      vertex 2.5052414 -79 9.674332
      vertex 2.2639322 -58.54 9.604225
      vertex 2.2639322 -79 9.604225
    endloop
  endfacet
  facet normal 0.9876885 0 0.1564336
    outer loop
      vertex 7.4291487 -79 6.549525
      vertex 7.468458 -58.54 6.301333
      vertex 7.4291487 -58.54 6.549525
    endloop
  endfacet
  facet normal 0.9876885 0 0.1564336
    outer loop
      vertex 7.468458 -58.54 6.301333
      vertex 7.4291487 -79 6.549525
      vertex 7.468458 -79 6.301333
    endloop
  endfacet
  facet normal -0.61290777 0 0.79015446
    outer loop
      vertex 0.950305 -58.54 8.882052
      vertex 1.148859 -79 9.036067
      vertex 1.148859 -58.54 9.036067
    endloop
  endfacet
  facet normal -0.61290777 0 0.79015446
    outer loop
      vertex 1.148859 -79 9.036067
      vertex 0.950305 -58.54 8.882052
      vertex 0.950305 -79 8.882052
    endloop
  endfacet
  facet normal 0.94088066 0 0.3387383
    outer loop
      vertex 7.2191057 -79 7.2724977
      vertex 7.304226 -58.54 7.0360675
      vertex 7.2191057 -58.54 7.2724977
    endloop
  endfacet
  facet normal 0.94088066 0 0.3387383
    outer loop
      vertex 7.304226 -58.54 7.0360675
      vertex 7.2191057 -79 7.2724977
      vertex 7.304226 -79 7.0360675
    endloop
  endfacet
  facet normal 0.39714697 0 0.917755
    outer loop
      vertex 4.972498 -58.54 9.519105
      vertex 5.2031164 -79 9.419308
      vertex 5.2031164 -58.54 9.419308
    endloop
  endfacet
  facet normal 0.39714697 0 0.917755
    outer loop
      vertex 5.2031164 -79 9.419308
      vertex 4.972498 -58.54 9.519105
      vertex 4.972498 -79 9.519105
    endloop
  endfacet
  facet normal 0.21814345 0 0.97591674
    outer loop
      vertex 4.249525 -58.54 9.729148
      vertex 4.4947586 -79 9.674332
      vertex 4.4947586 -58.54 9.674332
    endloop
  endfacet
  facet normal 0.21814345 0 0.97591674
    outer loop
      vertex 4.4947586 -79 9.674332
      vertex 4.249525 -58.54 9.729148
      vertex 4.249525 -79 9.729148
    endloop
  endfacet
  facet normal 0.9602937 0 0.27899107
    outer loop
      vertex 7.304226 -79 7.0360675
      vertex 7.3743324 -58.54 6.7947593
      vertex 7.304226 -58.54 7.0360675
    endloop
  endfacet
  facet normal 0.9602937 0 0.27899107
    outer loop
      vertex 7.3743324 -58.54 6.7947593
      vertex 7.304226 -79 7.0360675
      vertex 7.3743324 -79 6.7947593
    endloop
  endfacet
  facet normal -0.91775423 0 0.39714876
    outer loop
      vertex -0.21910572 -79 7.2724977
      vertex -0.11930752 -58.54 7.503117
      vertex -0.21910572 -58.54 7.2724977
    endloop
  endfacet
  facet normal -0.91775423 0 0.39714876
    outer loop
      vertex -0.11930752 -58.54 7.503117
      vertex -0.21910572 -79 7.2724977
      vertex -0.11930752 -79 7.503117
    endloop
  endfacet
  facet normal -0.9995065 0 0.031412713
    outer loop
      vertex -0.5 -79 5.7999997
      vertex -0.49210644 -58.54 6.0511613
      vertex -0.5 -58.54 5.7999997
    endloop
  endfacet
  facet normal -0.9995065 0 0.031412713
    outer loop
      vertex -0.49210644 -58.54 6.0511613
      vertex -0.5 -79 5.7999997
      vertex -0.49210644 -79 6.0511613
    endloop
  endfacet
  facet normal 0.4539895 0 0.891007
    outer loop
      vertex 5.2031164 -58.54 9.419308
      vertex 5.4270144 -79 9.305226
      vertex 5.4270144 -58.54 9.305226
    endloop
  endfacet
  facet normal 0.4539895 0 0.891007
    outer loop
      vertex 5.4270144 -79 9.305226
      vertex 5.2031164 -58.54 9.419308
      vertex 5.2031164 -79 9.419308
    endloop
  endfacet
  facet normal 0.5090427 0 0.86074126
    outer loop
      vertex 5.4270144 -58.54 9.305226
      vertex 5.6433067 -79 9.177311
      vertex 5.6433067 -58.54 9.177311
    endloop
  endfacet
  facet normal 0.5090427 0 0.86074126
    outer loop
      vertex 5.6433067 -79 9.177311
      vertex 5.4270144 -58.54 9.305226
      vertex 5.4270144 -79 9.305226
    endloop
  endfacet
  facet normal -0.70710486 0 0.7071087
    outer loop
      vertex 0.5841255 -58.54 8.538188
      vertex 0.7618122 -79 8.715874
      vertex 0.7618122 -58.54 8.715874
    endloop
  endfacet
  facet normal -0.70710486 0 0.7071087
    outer loop
      vertex 0.7618122 -79 8.715874
      vertex 0.5841255 -58.54 8.538188
      vertex 0.5841255 -79 8.538188
    endloop
  endfacet
  facet normal -0.3387383 0 0.94088066
    outer loop
      vertex 2.027502 -58.54 9.519105
      vertex 2.2639322 -79 9.604225
      vertex 2.2639322 -58.54 9.604225
    endloop
  endfacet
  facet normal -0.3387383 0 0.94088066
    outer loop
      vertex 2.2639322 -79 9.604225
      vertex 2.027502 -58.54 9.519105
      vertex 2.027502 -79 9.519105
    endloop
  endfacet
  facet normal 0.61290777 0 0.79015446
    outer loop
      vertex 5.851141 -58.54 9.036067
      vertex 6.049695 -79 8.882052
      vertex 6.049695 -58.54 8.882052
    endloop
  endfacet
  facet normal 0.61290777 0 0.79015446
    outer loop
      vertex 6.049695 -79 8.882052
      vertex 5.851141 -58.54 9.036067
      vertex 5.851141 -79 9.036067
    endloop
  endfacet
  facet normal 0.094105214 0 0.99556226
    outer loop
      vertex 3.7511616 -58.54 9.792106
      vertex 4.0013323 -79 9.768458
      vertex 4.0013323 -58.54 9.768458
    endloop
  endfacet
  facet normal 0.094105214 0 0.99556226
    outer loop
      vertex 4.0013323 -79 9.768458
      vertex 3.7511616 -58.54 9.792106
      vertex 3.7511616 -79 9.792106
    endloop
  endfacet
  facet normal 0.79015404 0 0.6129083
    outer loop
      vertex 6.582052 -79 8.349695
      vertex 6.736068 -58.54 8.15114
      vertex 6.582052 -58.54 8.349695
    endloop
  endfacet
  facet normal 0.79015404 0 0.6129083
    outer loop
      vertex 6.736068 -58.54 8.15114
      vertex 6.582052 -79 8.349695
      vertex 6.736068 -79 8.15114
    endloop
  endfacet
  facet normal -0.79015404 0 0.6129083
    outer loop
      vertex 0.26393223 -79 8.15114
      vertex 0.41794777 -58.54 8.349695
      vertex 0.26393223 -58.54 8.15114
    endloop
  endfacet
  facet normal -0.79015404 0 0.6129083
    outer loop
      vertex 0.41794777 -58.54 8.349695
      vertex 0.26393223 -79 8.15114
      vertex 0.41794777 -79 8.349695
    endloop
  endfacet
  facet normal -0.94088066 0 0.3387383
    outer loop
      vertex -0.30422592 -79 7.0360675
      vertex -0.21910572 -58.54 7.2724977
      vertex -0.30422592 -58.54 7.0360675
    endloop
  endfacet
  facet normal -0.94088066 0 0.3387383
    outer loop
      vertex -0.21910572 -58.54 7.2724977
      vertex -0.30422592 -79 7.0360675
      vertex -0.21910572 -79 7.2724977
    endloop
  endfacet
  facet normal 0 1 0
    outer loop
      vertex 3.6695337 -58.54 9.244671
      vertex 3.5 -58.54 9.799999
      vertex 3.7511616 -58.54 9.792106
    endloop
  endfacet
  facet normal 0 1 0
    outer loop
      vertex 3.838399 -58.54 9.228709
      vertex 3.7511616 -58.54 9.792106
      vertex 4.0013323 -58.54 9.768458
    endloop
  endfacet
  facet normal 0 1 0
    outer loop
      vertex 3.5 -58.54 9.799999
      vertex 3.6695337 -58.54 9.244671
      vertex 3.5 -58.54 9.249999
    endloop
  endfacet
  facet normal 0 1 0
    outer loop
      vertex 4.005929 -58.54 9.202175
      vertex 4.0013323 -58.54 9.768458
      vertex 4.249525 -58.54 9.729148
    endloop
  endfacet
  facet normal 0 1 0
    outer loop
      vertex 3.3304663 -58.54 9.244671
      vertex 3.5 -58.54 9.799999
      vertex 3.5 -58.54 9.249999
    endloop
  endfacet
  facet normal 0 1 0
    outer loop
      vertex 4.171462 -58.54 9.165174
      vertex 4.249525 -58.54 9.729148
      vertex 4.4947586 -58.54 9.674332
    endloop
  endfacet
  facet normal 0 1 0
    outer loop
      vertex 3.5 -58.54 9.799999
      vertex 3.3304663 -58.54 9.244671
      vertex 3.2488384 -58.54 9.792106
    endloop
  endfacet
  facet normal 0 1 0
    outer loop
      vertex 4.4939356 -58.54 9.060395
      vertex 4.4947586 -58.54 9.674332
      vertex 4.736068 -58.54 9.604225
    endloop
  endfacet
  facet normal 0 1 0
    outer loop
      vertex 3.161601 -58.54 9.228709
      vertex 3.2488384 -58.54 9.792106
      vertex 3.3304663 -58.54 9.244671
    endloop
  endfacet
  facet normal 0 1 0
    outer loop
      vertex 4.649604 -58.54 8.993032
      vertex 4.736068 -58.54 9.604225
      vertex 4.972498 -58.54 9.519105
    endloop
  endfacet
  facet normal 0 1 0
    outer loop
      vertex 2.994071 -58.54 9.202175
      vertex 2.9986677 -58.54 9.768458
      vertex 3.161601 -58.54 9.228709
    endloop
  endfacet
  facet normal 0 1 0
    outer loop
      vertex 4.8007345 -58.54 8.916027
      vertex 4.972498 -58.54 9.519105
      vertex 5.2031164 -58.54 9.419308
    endloop
  endfacet
  facet normal 0 1 0
    outer loop
      vertex 2.9986677 -58.54 9.768458
      vertex 2.994071 -58.54 9.202175
      vertex 2.750475 -58.54 9.729148
    endloop
  endfacet
  facet normal 0 1 0
    outer loop
      vertex 4.9467316 -58.54 8.829684
      vertex 5.2031164 -58.54 9.419308
      vertex 5.4270144 -58.54 9.305226
    endloop
  endfacet
  facet normal 0 1 0
    outer loop
      vertex 2.828538 -58.54 9.165174
      vertex 2.750475 -58.54 9.729148
      vertex 2.994071 -58.54 9.202175
    endloop
  endfacet
  facet normal 0 1 0
    outer loop
      vertex 2.750475 -58.54 9.729148
      vertex 2.828538 -58.54 9.165174
      vertex 2.5052414 -58.54 9.674332
    endloop
  endfacet
  facet normal 0 1 0
    outer loop
      vertex 3.2488384 -58.54 9.792106
      vertex 3.161601 -58.54 9.228709
      vertex 2.9986677 -58.54 9.768458
    endloop
  endfacet
  facet normal 0 1 0
    outer loop
      vertex 3.7511616 -58.54 9.792106
      vertex 3.838399 -58.54 9.228709
      vertex 3.6695337 -58.54 9.244671
    endloop
  endfacet
  facet normal 0 1 0
    outer loop
      vertex 4.0013323 -58.54 9.768458
      vertex 4.005929 -58.54 9.202175
      vertex 3.838399 -58.54 9.228709
    endloop
  endfacet
  facet normal 0 1 0
    outer loop
      vertex 5.08702 -58.54 8.734345
      vertex 5.4270144 -58.54 9.305226
      vertex 5.6433067 -58.54 9.177311
    endloop
  endfacet
  facet normal 0 1 0
    outer loop
      vertex 4.249525 -58.54 9.729148
      vertex 4.171462 -58.54 9.165174
      vertex 4.005929 -58.54 9.202175
    endloop
  endfacet
  facet normal 0 1 0
    outer loop
      vertex 4.4947586 -58.54 9.674332
      vertex 4.334346 -58.54 9.117852
      vertex 4.171462 -58.54 9.165174
    endloop
  endfacet
  facet normal 0 1 0
    outer loop
      vertex 4.4947586 -58.54 9.674332
      vertex 4.4939356 -58.54 9.060395
      vertex 4.334346 -58.54 9.117852
    endloop
  endfacet
  facet normal 0 1 0
    outer loop
      vertex 5.348277 -58.54 8.518214
      vertex 5.6433067 -58.54 9.177311
      vertex 5.851141 -58.54 9.036067
    endloop
  endfacet
  facet normal 0 1 0
    outer loop
      vertex 4.736068 -58.54 9.604225
      vertex 4.649604 -58.54 8.993032
      vertex 4.4939356 -58.54 9.060395
    endloop
  endfacet
  facet normal 0 1 0
    outer loop
      vertex 4.972498 -58.54 9.519105
      vertex 4.8007345 -58.54 8.916027
      vertex 4.649604 -58.54 8.993032
    endloop
  endfacet
  facet normal 0 1 0
    outer loop
      vertex 5.468215 -58.54 8.398276
      vertex 5.851141 -58.54 9.036067
      vertex 6.049695 -58.54 8.882052
    endloop
  endfacet
  facet normal 0 1 0
    outer loop
      vertex 5.2031164 -58.54 9.419308
      vertex 4.9467316 -58.54 8.829684
      vertex 4.8007345 -58.54 8.916027
    endloop
  endfacet
  facet normal 0 1 0
    outer loop
      vertex 5.4270144 -58.54 9.305226
      vertex 5.08702 -58.54 8.734345
      vertex 4.9467316 -58.54 8.829684
    endloop
  endfacet
  facet normal 0 1 0
    outer loop
      vertex 5.580385 -58.54 8.271044
      vertex 6.049695 -58.54 8.882052
      vertex 6.238188 -58.54 8.715874
    endloop
  endfacet
  facet normal 0 1 0
    outer loop
      vertex 5.6433067 -58.54 9.177311
      vertex 5.2210445 -58.54 8.630384
      vertex 5.08702 -58.54 8.734345
    endloop
  endfacet
  facet normal 0 1 0
    outer loop
      vertex 5.6843452 -58.54 8.137019
      vertex 6.238188 -58.54 8.715874
      vertex 6.4158745 -58.54 8.538188
    endloop
  endfacet
  facet normal 0 1 0
    outer loop
      vertex 5.6433067 -58.54 9.177311
      vertex 5.348277 -58.54 8.518214
      vertex 5.2210445 -58.54 8.630384
    endloop
  endfacet
  facet normal 0 1 0
    outer loop
      vertex 5.851141 -58.54 9.036067
      vertex 5.468215 -58.54 8.398276
      vertex 5.348277 -58.54 8.518214
    endloop
  endfacet
  facet normal 0 1 0
    outer loop
      vertex 5.779685 -58.54 7.996732
      vertex 6.4158745 -58.54 8.538188
      vertex 6.582052 -58.54 8.349695
    endloop
  endfacet
  facet normal 0 1 0
    outer loop
      vertex 6.049695 -58.54 8.882052
      vertex 5.580385 -58.54 8.271044
      vertex 5.468215 -58.54 8.398276
    endloop
  endfacet
  facet normal 0 1 0
    outer loop
      vertex 5.866028 -58.54 7.850734
      vertex 6.582052 -58.54 8.349695
      vertex 6.736068 -58.54 8.15114
    endloop
  endfacet
  facet normal 0 1 0
    outer loop
      vertex 6.238188 -58.54 8.715874
      vertex 5.6843452 -58.54 8.137019
      vertex 5.580385 -58.54 8.271044
    endloop
  endfacet
  facet normal 0 1 0
    outer loop
      vertex 6.4158745 -58.54 8.538188
      vertex 5.779685 -58.54 7.996732
      vertex 5.6843452 -58.54 8.137019
    endloop
  endfacet
  facet normal 0 1 0
    outer loop
      vertex 6.010396 -58.54 7.5439363
      vertex 6.736068 -58.54 8.15114
      vertex 6.8773108 -58.54 7.9433064
    endloop
  endfacet
  facet normal 0 1 0
    outer loop
      vertex 6.582052 -58.54 8.349695
      vertex 5.866028 -58.54 7.850734
      vertex 5.779685 -58.54 7.996732
    endloop
  endfacet
  facet normal 0 1 0
    outer loop
      vertex 6.067852 -58.54 7.3843455
      vertex 6.8773108 -58.54 7.9433064
      vertex 7.005226 -58.54 7.727014
    endloop
  endfacet
  facet normal 0 1 0
    outer loop
      vertex 6.736068 -58.54 8.15114
      vertex 5.9430323 -58.54 7.6996036
      vertex 5.866028 -58.54 7.850734
    endloop
  endfacet
  facet normal 0 1 0
    outer loop
      vertex 6.736068 -58.54 8.15114
      vertex 6.010396 -58.54 7.5439363
      vertex 5.9430323 -58.54 7.6996036
    endloop
  endfacet
  facet normal 0 1 0
    outer loop
      vertex 6.1151743 -58.54 7.2214627
      vertex 7.005226 -58.54 7.727014
      vertex 7.1193075 -58.54 7.503117
    endloop
  endfacet
  facet normal 0 1 0
    outer loop
      vertex 6.8773108 -58.54 7.9433064
      vertex 6.067852 -58.54 7.3843455
      vertex 6.010396 -58.54 7.5439363
    endloop
  endfacet
  facet normal 0 1 0
    outer loop
      vertex 6.152175 -58.54 7.0559287
      vertex 7.1193075 -58.54 7.503117
      vertex 7.2191057 -58.54 7.2724977
    endloop
  endfacet
  facet normal 0 1 0
    outer loop
      vertex 7.005226 -58.54 7.727014
      vertex 6.1151743 -58.54 7.2214627
      vertex 6.067852 -58.54 7.3843455
    endloop
  endfacet
  facet normal 0 1 0
    outer loop
      vertex 7.1193075 -58.54 7.503117
      vertex 6.152175 -58.54 7.0559287
      vertex 6.1151743 -58.54 7.2214627
    endloop
  endfacet
  facet normal 0 1 0
    outer loop
      vertex 6.178709 -58.54 6.8883996
      vertex 7.2191057 -58.54 7.2724977
      vertex 7.304226 -58.54 7.0360675
    endloop
  endfacet
  facet normal 0 1 0
    outer loop
      vertex 7.2191057 -58.54 7.2724977
      vertex 6.178709 -58.54 6.8883996
      vertex 6.152175 -58.54 7.0559287
    endloop
  endfacet
  facet normal 0 1 0
    outer loop
      vertex 6.1946716 -58.54 6.7195344
      vertex 7.304226 -58.54 7.0360675
      vertex 7.3743324 -58.54 6.7947593
    endloop
  endfacet
  facet normal 0 1 0
    outer loop
      vertex 7.304226 -58.54 7.0360675
      vertex 6.1946716 -58.54 6.7195344
      vertex 6.178709 -58.54 6.8883996
    endloop
  endfacet
  facet normal 0 1 0
    outer loop
      vertex 7.3743324 -58.54 6.7947593
      vertex 6.2 -58.54 6.5499997
      vertex 6.1946716 -58.54 6.7195344
    endloop
  endfacet
  facet normal 0 1 0
    outer loop
      vertex 7.4291487 -58.54 6.549525
      vertex 6.2 -58.54 6.5499997
      vertex 7.3743324 -58.54 6.7947593
    endloop
  endfacet
  facet normal 0 1 0
    outer loop
      vertex 7.4291487 -58.54 6.549525
      vertex 6.1946716 -58.54 6.380465
      vertex 6.2 -58.54 6.5499997
    endloop
  endfacet
  facet normal 0 1 0
    outer loop
      vertex 7.468458 -58.54 6.301333
      vertex 6.1946716 -58.54 6.380465
      vertex 7.4291487 -58.54 6.549525
    endloop
  endfacet
  facet normal 0 1 0
    outer loop
      vertex 7.468458 -58.54 6.301333
      vertex 6.178709 -58.54 6.2116
      vertex 6.1946716 -58.54 6.380465
    endloop
  endfacet
  facet normal 0 1 0
    outer loop
      vertex 7.4921064 -58.54 6.0511613
      vertex 6.178709 -58.54 6.2116
      vertex 7.468458 -58.54 6.301333
    endloop
  endfacet
  facet normal 0 1 0
    outer loop
      vertex 7.4921064 -58.54 6.0511613
      vertex 6.152175 -58.54 6.04407
      vertex 6.178709 -58.54 6.2116
    endloop
  endfacet
  facet normal 0 1 0
    outer loop
      vertex 7.5 -58.54 5.7999997
      vertex 6.152175 -58.54 6.04407
      vertex 7.4921064 -58.54 6.0511613
    endloop
  endfacet
  facet normal 0 1 0
    outer loop
      vertex 6.152175 -58.54 6.04407
      vertex 7.5 -58.54 5.7999997
      vertex 6.1151743 -58.54 5.8785367
    endloop
  endfacet
  facet normal 0 1 0
    outer loop
      vertex 7.5 -58.54 5.7999997
      vertex 6.067852 -58.54 5.715654
      vertex 6.1151743 -58.54 5.8785367
    endloop
  endfacet
  facet normal 0 1 0
    outer loop
      vertex 7.5 -58.54 5.7999997
      vertex 6.010396 -58.54 5.556063
      vertex 6.067852 -58.54 5.715654
    endloop
  endfacet
  facet normal 0 1 0
    outer loop
      vertex 7.5 -58.54 5.7999997
      vertex 5.9430323 -58.54 5.400396
      vertex 6.010396 -58.54 5.556063
    endloop
  endfacet
  facet normal 0 1 0
    outer loop
      vertex 7.5 -58.54 5.7999997
      vertex 5.866028 -58.54 5.2492642
      vertex 5.9430323 -58.54 5.400396
    endloop
  endfacet
  facet normal 0 1 0
    outer loop
      vertex 7.5 -58.54 5.7999997
      vertex 5.779685 -58.54 5.103267
      vertex 5.866028 -58.54 5.2492642
    endloop
  endfacet
  facet normal 0 1 0
    outer loop
      vertex 7.5 -58.54 5.7999997
      vertex 5.6843452 -58.54 4.96298
      vertex 5.779685 -58.54 5.103267
    endloop
  endfacet
  facet normal 0 1 0
    outer loop
      vertex 7.5 -58.54 5.7999997
      vertex 5.580385 -58.54 4.828955
      vertex 5.6843452 -58.54 4.96298
    endloop
  endfacet
  facet normal 0 1 0
    outer loop
      vertex 7.5 -58.54 3.8146973e-7
      vertex 5.580385 -58.54 4.828955
      vertex 7.5 -58.54 5.7999997
    endloop
  endfacet
  facet normal 0 1 0
    outer loop
      vertex 5.580385 -58.54 4.828955
      vertex 7.5 -58.54 3.8146973e-7
      vertex 5.468215 -58.54 4.7017226
    endloop
  endfacet
  facet normal 0 1 0
    outer loop
      vertex 5.468215 -58.54 4.7017226
      vertex 7.5 -58.54 3.8146973e-7
      vertex 5.348277 -58.54 4.5817847
    endloop
  endfacet
  facet normal 0 1 0
    outer loop
      vertex 5.348277 -58.54 4.5817847
      vertex 7.5 -58.54 3.8146973e-7
      vertex 5.2210445 -58.54 4.4696136
    endloop
  endfacet
  facet normal 0 1 0
    outer loop
      vertex 5.2210445 -58.54 4.4696136
      vertex 7.5 -58.54 3.8146973e-7
      vertex 5.08702 -58.54 4.3656535
    endloop
  endfacet
  facet normal 0 1 0
    outer loop
      vertex 3.6695337 -58.54 3.8553271
      vertex 7.5 -58.54 3.8146973e-7
      vertex 3.5 -58.54 3.85
    endloop
  endfacet
  facet normal 0 1 0
    outer loop
      vertex 3.838399 -58.54 3.8712897
      vertex 7.5 -58.54 3.8146973e-7
      vertex 3.6695337 -58.54 3.8553271
    endloop
  endfacet
  facet normal 0 1 0
    outer loop
      vertex 4.005929 -58.54 3.8978238
      vertex 7.5 -58.54 3.8146973e-7
      vertex 3.838399 -58.54 3.8712897
    endloop
  endfacet
  facet normal 0 1 0
    outer loop
      vertex 4.171462 -58.54 3.9348254
      vertex 7.5 -58.54 3.8146973e-7
      vertex 4.005929 -58.54 3.8978238
    endloop
  endfacet
  facet normal 0 1 0
    outer loop
      vertex 4.334346 -58.54 3.9821467
      vertex 7.5 -58.54 3.8146973e-7
      vertex 4.171462 -58.54 3.9348254
    endloop
  endfacet
  facet normal 0 1 0
    outer loop
      vertex 4.4939356 -58.54 4.0396028
      vertex 7.5 -58.54 3.8146973e-7
      vertex 4.334346 -58.54 3.9821467
    endloop
  endfacet
  facet normal 0 1 0
    outer loop
      vertex 4.649604 -58.54 4.1069665
      vertex 7.5 -58.54 3.8146973e-7
      vertex 4.4939356 -58.54 4.0396028
    endloop
  endfacet
  facet normal 0 1 0
    outer loop
      vertex 4.8007345 -58.54 4.183972
      vertex 7.5 -58.54 3.8146973e-7
      vertex 4.649604 -58.54 4.1069665
    endloop
  endfacet
  facet normal 0 1 0
    outer loop
      vertex 4.9467316 -58.54 4.2703147
      vertex 7.5 -58.54 3.8146973e-7
      vertex 4.8007345 -58.54 4.183972
    endloop
  endfacet
  facet normal 0 1 0
    outer loop
      vertex 5.08702 -58.54 4.3656535
      vertex 7.5 -58.54 3.8146973e-7
      vertex 4.9467316 -58.54 4.2703147
    endloop
  endfacet
  facet normal 0 1 0
    outer loop
      vertex 2.6656542 -58.54 9.117852
      vertex 2.5052414 -58.54 9.674332
      vertex 2.828538 -58.54 9.165174
    endloop
  endfacet
  facet normal 0 1 0
    outer loop
      vertex 2.5060644 -58.54 9.060395
      vertex 2.5052414 -58.54 9.674332
      vertex 2.6656542 -58.54 9.117852
    endloop
  endfacet
  facet normal 0 1 0
    outer loop
      vertex 2.5052414 -58.54 9.674332
      vertex 2.5060644 -58.54 9.060395
      vertex 2.2639322 -58.54 9.604225
    endloop
  endfacet
  facet normal 0 1 0
    outer loop
      vertex 2.3503962 -58.54 8.993032
      vertex 2.2639322 -58.54 9.604225
      vertex 2.5060644 -58.54 9.060395
    endloop
  endfacet
  facet normal 0 1 0
    outer loop
      vertex 2.2639322 -58.54 9.604225
      vertex 2.3503962 -58.54 8.993032
      vertex 2.027502 -58.54 9.519105
    endloop
  endfacet
  facet normal 0 1 0
    outer loop
      vertex 2.1992655 -58.54 8.916027
      vertex 2.027502 -58.54 9.519105
      vertex 2.3503962 -58.54 8.993032
    endloop
  endfacet
  facet normal 0 1 0
    outer loop
      vertex 2.027502 -58.54 9.519105
      vertex 2.1992655 -58.54 8.916027
      vertex 1.7968836 -58.54 9.419308
    endloop
  endfacet
  facet normal 0 1 0
    outer loop
      vertex 2.0532684 -58.54 8.829684
      vertex 1.7968836 -58.54 9.419308
      vertex 2.1992655 -58.54 8.916027
    endloop
  endfacet
  facet normal 0 1 0
    outer loop
      vertex 1.7968836 -58.54 9.419308
      vertex 2.0532684 -58.54 8.829684
      vertex 1.5729856 -58.54 9.305226
    endloop
  endfacet
  facet normal 0 1 0
    outer loop
      vertex 1.9129801 -58.54 8.734345
      vertex 1.5729856 -58.54 9.305226
      vertex 2.0532684 -58.54 8.829684
    endloop
  endfacet
  facet normal 0 1 0
    outer loop
      vertex 1.5729856 -58.54 9.305226
      vertex 1.9129801 -58.54 8.734345
      vertex 1.3566933 -58.54 9.177311
    endloop
  endfacet
  facet normal 0 1 0
    outer loop
      vertex 1.7789555 -58.54 8.630384
      vertex 1.3566933 -58.54 9.177311
      vertex 1.9129801 -58.54 8.734345
    endloop
  endfacet
  facet normal 0 1 0
    outer loop
      vertex 1.6517229 -58.54 8.518214
      vertex 1.3566933 -58.54 9.177311
      vertex 1.7789555 -58.54 8.630384
    endloop
  endfacet
  facet normal 0 1 0
    outer loop
      vertex 1.3566933 -58.54 9.177311
      vertex 1.6517229 -58.54 8.518214
      vertex 1.148859 -58.54 9.036067
    endloop
  endfacet
  facet normal 0 1 0
    outer loop
      vertex 1.531785 -58.54 8.398276
      vertex 1.148859 -58.54 9.036067
      vertex 1.6517229 -58.54 8.518214
    endloop
  endfacet
  facet normal 0 1 0
    outer loop
      vertex 1.148859 -58.54 9.036067
      vertex 1.531785 -58.54 8.398276
      vertex 0.950305 -58.54 8.882052
    endloop
  endfacet
  facet normal 0 1 0
    outer loop
      vertex 1.4196148 -58.54 8.271044
      vertex 0.950305 -58.54 8.882052
      vertex 1.531785 -58.54 8.398276
    endloop
  endfacet
  facet normal 0 1 0
    outer loop
      vertex 0.950305 -58.54 8.882052
      vertex 1.4196148 -58.54 8.271044
      vertex 0.7618122 -58.54 8.715874
    endloop
  endfacet
  facet normal 0 1 0
    outer loop
      vertex 1.3156548 -58.54 8.137019
      vertex 0.7618122 -58.54 8.715874
      vertex 1.4196148 -58.54 8.271044
    endloop
  endfacet
  facet normal 0 1 0
    outer loop
      vertex 0.7618122 -58.54 8.715874
      vertex 1.3156548 -58.54 8.137019
      vertex 0.5841255 -58.54 8.538188
    endloop
  endfacet
  facet normal 0 1 0
    outer loop
      vertex 1.220315 -58.54 7.996732
      vertex 0.5841255 -58.54 8.538188
      vertex 1.3156548 -58.54 8.137019
    endloop
  endfacet
  facet normal 0 1 0
    outer loop
      vertex 0.5841255 -58.54 8.538188
      vertex 1.220315 -58.54 7.996732
      vertex 0.41794777 -58.54 8.349695
    endloop
  endfacet
  facet normal 0 1 0
    outer loop
      vertex 1.1339722 -58.54 7.850734
      vertex 0.41794777 -58.54 8.349695
      vertex 1.220315 -58.54 7.996732
    endloop
  endfacet
  facet normal 0 1 0
    outer loop
      vertex 0.41794777 -58.54 8.349695
      vertex 1.1339722 -58.54 7.850734
      vertex 0.26393223 -58.54 8.15114
    endloop
  endfacet
  facet normal 0 1 0
    outer loop
      vertex 1.0569677 -58.54 7.6996036
      vertex 0.26393223 -58.54 8.15114
      vertex 1.1339722 -58.54 7.850734
    endloop
  endfacet
  facet normal 0 1 0
    outer loop
      vertex 0.989604 -58.54 7.5439363
      vertex 0.26393223 -58.54 8.15114
      vertex 1.0569677 -58.54 7.6996036
    endloop
  endfacet
  facet normal 0 1 0
    outer loop
      vertex 0.26393223 -58.54 8.15114
      vertex 0.989604 -58.54 7.5439363
      vertex 0.12268925 -58.54 7.9433064
    endloop
  endfacet
  facet normal 0 1 0
    outer loop
      vertex 0.932148 -58.54 7.3843455
      vertex 0.12268925 -58.54 7.9433064
      vertex 0.989604 -58.54 7.5439363
    endloop
  endfacet
  facet normal 0 1 0
    outer loop
      vertex 0.12268925 -58.54 7.9433064
      vertex 0.932148 -58.54 7.3843455
      vertex -0.0052261353 -58.54 7.727014
    endloop
  endfacet
  facet normal 0 1 0
    outer loop
      vertex 0.8848257 -58.54 7.2214627
      vertex -0.0052261353 -58.54 7.727014
      vertex 0.932148 -58.54 7.3843455
    endloop
  endfacet
  facet normal 0 1 0
    outer loop
      vertex -0.0052261353 -58.54 7.727014
      vertex 0.8848257 -58.54 7.2214627
      vertex -0.11930752 -58.54 7.503117
    endloop
  endfacet
  facet normal 0 1 0
    outer loop
      vertex 0.84782505 -58.54 7.0559287
      vertex -0.11930752 -58.54 7.503117
      vertex 0.8848257 -58.54 7.2214627
    endloop
  endfacet
  facet normal 0 1 0
    outer loop
      vertex -0.11930752 -58.54 7.503117
      vertex 0.84782505 -58.54 7.0559287
      vertex -0.21910572 -58.54 7.2724977
    endloop
  endfacet
  facet normal 0 1 0
    outer loop
      vertex 0.82129097 -58.54 6.8883996
      vertex -0.21910572 -58.54 7.2724977
      vertex 0.84782505 -58.54 7.0559287
    endloop
  endfacet
  facet normal 0 1 0
    outer loop
      vertex -0.21910572 -58.54 7.2724977
      vertex 0.82129097 -58.54 6.8883996
      vertex -0.30422592 -58.54 7.0360675
    endloop
  endfacet
  facet normal 0 1 0
    outer loop
      vertex 0.80532837 -58.54 6.7195344
      vertex -0.30422592 -58.54 7.0360675
      vertex 0.82129097 -58.54 6.8883996
    endloop
  endfacet
  facet normal 0 1 0
    outer loop
      vertex -0.30422592 -58.54 7.0360675
      vertex 0.80532837 -58.54 6.7195344
      vertex -0.37433243 -58.54 6.7947593
    endloop
  endfacet
  facet normal 0 1 0
    outer loop
      vertex 0.8000002 -58.54 6.5499997
      vertex -0.37433243 -58.54 6.7947593
      vertex 0.80532837 -58.54 6.7195344
    endloop
  endfacet
  facet normal 0 1 0
    outer loop
      vertex 0.8000002 -58.54 6.5499997
      vertex -0.42914867 -58.54 6.549525
      vertex -0.37433243 -58.54 6.7947593
    endloop
  endfacet
  facet normal 0 1 0
    outer loop
      vertex 0.80532837 -58.54 6.380465
      vertex -0.42914867 -58.54 6.549525
      vertex 0.8000002 -58.54 6.5499997
    endloop
  endfacet
  facet normal 0 1 0
    outer loop
      vertex 0.80532837 -58.54 6.380465
      vertex -0.46845818 -58.54 6.301333
      vertex -0.42914867 -58.54 6.549525
    endloop
  endfacet
  facet normal 0 1 0
    outer loop
      vertex 0.82129097 -58.54 6.2116
      vertex -0.46845818 -58.54 6.301333
      vertex 0.80532837 -58.54 6.380465
    endloop
  endfacet
  facet normal 0 1 0
    outer loop
      vertex 0.82129097 -58.54 6.2116
      vertex -0.49210644 -58.54 6.0511613
      vertex -0.46845818 -58.54 6.301333
    endloop
  endfacet
  facet normal 0 1 0
    outer loop
      vertex 0.84782505 -58.54 6.04407
      vertex -0.49210644 -58.54 6.0511613
      vertex 0.82129097 -58.54 6.2116
    endloop
  endfacet
  facet normal 0 1 0
    outer loop
      vertex -0.5 -58.54 5.7999997
      vertex 0.84782505 -58.54 6.04407
      vertex 0.8848257 -58.54 5.8785367
    endloop
  endfacet
  facet normal 0 1 0
    outer loop
      vertex 0.84782505 -58.54 6.04407
      vertex -0.5 -58.54 5.7999997
      vertex -0.49210644 -58.54 6.0511613
    endloop
  endfacet
  facet normal 0 1 0
    outer loop
      vertex 0.932148 -58.54 5.715654
      vertex -0.5 -58.54 5.7999997
      vertex 0.8848257 -58.54 5.8785367
    endloop
  endfacet
  facet normal 0 1 0
    outer loop
      vertex 0.989604 -58.54 5.556063
      vertex -0.5 -58.54 5.7999997
      vertex 0.932148 -58.54 5.715654
    endloop
  endfacet
  facet normal 0 1 0
    outer loop
      vertex 1.0569677 -58.54 5.400396
      vertex -0.5 -58.54 5.7999997
      vertex 0.989604 -58.54 5.556063
    endloop
  endfacet
  facet normal 0 1 0
    outer loop
      vertex 1.1339722 -58.54 5.2492642
      vertex -0.5 -58.54 5.7999997
      vertex 1.0569677 -58.54 5.400396
    endloop
  endfacet
  facet normal 0 1 0
    outer loop
      vertex 1.220315 -58.54 5.103267
      vertex -0.5 -58.54 5.7999997
      vertex 1.1339722 -58.54 5.2492642
    endloop
  endfacet
  facet normal 0 1 0
    outer loop
      vertex 1.3156548 -58.54 4.96298
      vertex -0.5 -58.54 5.7999997
      vertex 1.220315 -58.54 5.103267
    endloop
  endfacet
  facet normal 0 1 0
    outer loop
      vertex 1.4196148 -58.54 4.828955
      vertex -0.5 -58.54 5.7999997
      vertex 1.3156548 -58.54 4.96298
    endloop
  endfacet
  facet normal 0 1 0
    outer loop
      vertex -0.5 -58.54 3.8146973e-7
      vertex 1.4196148 -58.54 4.828955
      vertex 1.531785 -58.54 4.7017226
    endloop
  endfacet
  facet normal 0 1 0
    outer loop
      vertex -0.5 -58.54 3.8146973e-7
      vertex 1.531785 -58.54 4.7017226
      vertex 1.6517229 -58.54 4.5817847
    endloop
  endfacet
  facet normal 0 1 0
    outer loop
      vertex -0.5 -58.54 3.8146973e-7
      vertex 1.6517229 -58.54 4.5817847
      vertex 1.7789555 -58.54 4.4696136
    endloop
  endfacet
  facet normal 0 1 0
    outer loop
      vertex -0.5 -58.54 3.8146973e-7
      vertex 1.7789555 -58.54 4.4696136
      vertex 1.9129801 -58.54 4.3656535
    endloop
  endfacet
  facet normal 0 1 0
    outer loop
      vertex -0.5 -58.54 3.8146973e-7
      vertex 1.9129801 -58.54 4.3656535
      vertex 2.0532684 -58.54 4.2703147
    endloop
  endfacet
  facet normal 0 1 0
    outer loop
      vertex -0.5 -58.54 3.8146973e-7
      vertex 3.5 -58.54 3.85
      vertex 7.5 -58.54 3.8146973e-7
    endloop
  endfacet
  facet normal 0 1 0
    outer loop
      vertex 3.5 -58.54 3.85
      vertex -0.5 -58.54 3.8146973e-7
      vertex 3.3304663 -58.54 3.8553271
    endloop
  endfacet
  facet normal 0 1 0
    outer loop
      vertex 3.3304663 -58.54 3.8553271
      vertex -0.5 -58.54 3.8146973e-7
      vertex 3.161601 -58.54 3.8712897
    endloop
  endfacet
  facet normal 0 1 0
    outer loop
      vertex 3.161601 -58.54 3.8712897
      vertex -0.5 -58.54 3.8146973e-7
      vertex 2.994071 -58.54 3.8978238
    endloop
  endfacet
  facet normal 0 1 0
    outer loop
      vertex 2.994071 -58.54 3.8978238
      vertex -0.5 -58.54 3.8146973e-7
      vertex 2.828538 -58.54 3.9348254
    endloop
  endfacet
  facet normal 0 1 0
    outer loop
      vertex 2.828538 -58.54 3.9348254
      vertex -0.5 -58.54 3.8146973e-7
      vertex 2.6656542 -58.54 3.9821467
    endloop
  endfacet
  facet normal 0 1 0
    outer loop
      vertex 2.6656542 -58.54 3.9821467
      vertex -0.5 -58.54 3.8146973e-7
      vertex 2.5060644 -58.54 4.0396028
    endloop
  endfacet
  facet normal 0 1 0
    outer loop
      vertex 2.5060644 -58.54 4.0396028
      vertex -0.5 -58.54 3.8146973e-7
      vertex 2.3503962 -58.54 4.1069665
    endloop
  endfacet
  facet normal 0 1 0
    outer loop
      vertex 2.3503962 -58.54 4.1069665
      vertex -0.5 -58.54 3.8146973e-7
      vertex 2.1992655 -58.54 4.183972
    endloop
  endfacet
  facet normal 0 1 0
    outer loop
      vertex 2.1992655 -58.54 4.183972
      vertex -0.5 -58.54 3.8146973e-7
      vertex 2.0532684 -58.54 4.2703147
    endloop
  endfacet
  facet normal 0 1 0
    outer loop
      vertex 1.4196148 -58.54 4.828955
      vertex -0.5 -58.54 3.8146973e-7
      vertex -0.5 -58.54 5.7999997
    endloop
  endfacet
  facet normal 0 -1 0
    outer loop
      vertex 3.2488384 -79 9.792106
      vertex 3.7511616 -79 9.792106
      vertex 3.5 -79 9.799999
    endloop
  endfacet
  facet normal 0 -1 0
    outer loop
      vertex 2.9986677 -79 9.768458
      vertex 3.7511616 -79 9.792106
      vertex 3.2488384 -79 9.792106
    endloop
  endfacet
  facet normal 0 -1 0
    outer loop
      vertex 2.9986677 -79 9.768458
      vertex 4.0013323 -79 9.768458
      vertex 3.7511616 -79 9.792106
    endloop
  endfacet
  facet normal 0 -1 0
    outer loop
      vertex 2.750475 -79 9.729148
      vertex 4.0013323 -79 9.768458
      vertex 2.9986677 -79 9.768458
    endloop
  endfacet
  facet normal 0 -1 0
    outer loop
      vertex 2.750475 -79 9.729148
      vertex 4.249525 -79 9.729148
      vertex 4.0013323 -79 9.768458
    endloop
  endfacet
  facet normal 0 -1 0
    outer loop
      vertex 2.5052414 -79 9.674332
      vertex 4.249525 -79 9.729148
      vertex 2.750475 -79 9.729148
    endloop
  endfacet
  facet normal 0 -1 0
    outer loop
      vertex 2.5052414 -79 9.674332
      vertex 4.4947586 -79 9.674332
      vertex 4.249525 -79 9.729148
    endloop
  endfacet
  facet normal 0 -1 0
    outer loop
      vertex 2.2639322 -79 9.604225
      vertex 4.4947586 -79 9.674332
      vertex 2.5052414 -79 9.674332
    endloop
  endfacet
  facet normal 0 -1 0
    outer loop
      vertex 2.2639322 -79 9.604225
      vertex 4.736068 -79 9.604225
      vertex 4.4947586 -79 9.674332
    endloop
  endfacet
  facet normal 0 -1 0
    outer loop
      vertex 2.027502 -79 9.519105
      vertex 4.736068 -79 9.604225
      vertex 2.2639322 -79 9.604225
    endloop
  endfacet
  facet normal 0 -1 0
    outer loop
      vertex 2.027502 -79 9.519105
      vertex 4.972498 -79 9.519105
      vertex 4.736068 -79 9.604225
    endloop
  endfacet
  facet normal 0 -1 0
    outer loop
      vertex 1.7968836 -79 9.419308
      vertex 4.972498 -79 9.519105
      vertex 2.027502 -79 9.519105
    endloop
  endfacet
  facet normal 0 -1 0
    outer loop
      vertex 1.7968836 -79 9.419308
      vertex 5.2031164 -79 9.419308
      vertex 4.972498 -79 9.519105
    endloop
  endfacet
  facet normal 0 -1 0
    outer loop
      vertex 1.5729856 -79 9.305226
      vertex 5.2031164 -79 9.419308
      vertex 1.7968836 -79 9.419308
    endloop
  endfacet
  facet normal 0 -1 0
    outer loop
      vertex 1.5729856 -79 9.305226
      vertex 5.4270144 -79 9.305226
      vertex 5.2031164 -79 9.419308
    endloop
  endfacet
  facet normal 0 -1 0
    outer loop
      vertex 1.3566933 -79 9.177311
      vertex 5.4270144 -79 9.305226
      vertex 1.5729856 -79 9.305226
    endloop
  endfacet
  facet normal 0 -1 0
    outer loop
      vertex 1.3566933 -79 9.177311
      vertex 5.6433067 -79 9.177311
      vertex 5.4270144 -79 9.305226
    endloop
  endfacet
  facet normal 0 -1 0
    outer loop
      vertex 1.148859 -79 9.036067
      vertex 5.6433067 -79 9.177311
      vertex 1.3566933 -79 9.177311
    endloop
  endfacet
  facet normal 0 -1 0
    outer loop
      vertex 1.148859 -79 9.036067
      vertex 5.851141 -79 9.036067
      vertex 5.6433067 -79 9.177311
    endloop
  endfacet
  facet normal 0 -1 0
    outer loop
      vertex 0.950305 -79 8.882052
      vertex 5.851141 -79 9.036067
      vertex 1.148859 -79 9.036067
    endloop
  endfacet
  facet normal 0 -1 0
    outer loop
      vertex 0.950305 -79 8.882052
      vertex 6.049695 -79 8.882052
      vertex 5.851141 -79 9.036067
    endloop
  endfacet
  facet normal 0 -1 0
    outer loop
      vertex 0.7618122 -79 8.715874
      vertex 6.049695 -79 8.882052
      vertex 0.950305 -79 8.882052
    endloop
  endfacet
  facet normal 0 -1 0
    outer loop
      vertex 0.7618122 -79 8.715874
      vertex 6.238188 -79 8.715874
      vertex 6.049695 -79 8.882052
    endloop
  endfacet
  facet normal 0 -1 0
    outer loop
      vertex 0.5841255 -79 8.538188
      vertex 6.238188 -79 8.715874
      vertex 0.7618122 -79 8.715874
    endloop
  endfacet
  facet normal 0 -1 0
    outer loop
      vertex 0.5841255 -79 8.538188
      vertex 6.4158745 -79 8.538188
      vertex 6.238188 -79 8.715874
    endloop
  endfacet
  facet normal 0 -1 0
    outer loop
      vertex 0.41794777 -79 8.349695
      vertex 6.4158745 -79 8.538188
      vertex 0.5841255 -79 8.538188
    endloop
  endfacet
  facet normal 0 -1 0
    outer loop
      vertex 0.41794777 -79 8.349695
      vertex 6.582052 -79 8.349695
      vertex 6.4158745 -79 8.538188
    endloop
  endfacet
  facet normal 0 -1 0
    outer loop
      vertex 0.26393223 -79 8.15114
      vertex 6.582052 -79 8.349695
      vertex 0.41794777 -79 8.349695
    endloop
  endfacet
  facet normal 0 -1 0
    outer loop
      vertex 0.26393223 -79 8.15114
      vertex 6.736068 -79 8.15114
      vertex 6.582052 -79 8.349695
    endloop
  endfacet
  facet normal 0 -1 0
    outer loop
      vertex 0.12268925 -79 7.9433064
      vertex 6.736068 -79 8.15114
      vertex 0.26393223 -79 8.15114
    endloop
  endfacet
  facet normal 0 -1 0
    outer loop
      vertex 0.12268925 -79 7.9433064
      vertex 6.8773108 -79 7.9433064
      vertex 6.736068 -79 8.15114
    endloop
  endfacet
  facet normal 0 -1 0
    outer loop
      vertex -0.0052261353 -79 7.727014
      vertex 6.8773108 -79 7.9433064
      vertex 0.12268925 -79 7.9433064
    endloop
  endfacet
  facet normal 0 -1 0
    outer loop
      vertex -0.0052261353 -79 7.727014
      vertex 7.005226 -79 7.727014
      vertex 6.8773108 -79 7.9433064
    endloop
  endfacet
  facet normal 0 -1 0
    outer loop
      vertex -0.11930752 -79 7.503117
      vertex 7.005226 -79 7.727014
      vertex -0.0052261353 -79 7.727014
    endloop
  endfacet
  facet normal 0 -1 0
    outer loop
      vertex -0.11930752 -79 7.503117
      vertex 7.1193075 -79 7.503117
      vertex 7.005226 -79 7.727014
    endloop
  endfacet
  facet normal 0 -1 0
    outer loop
      vertex -0.21910572 -79 7.2724977
      vertex 7.1193075 -79 7.503117
      vertex -0.11930752 -79 7.503117
    endloop
  endfacet
  facet normal 0 -1 0
    outer loop
      vertex -0.21910572 -79 7.2724977
      vertex 7.2191057 -79 7.2724977
      vertex 7.1193075 -79 7.503117
    endloop
  endfacet
  facet normal 0 -1 0
    outer loop
      vertex -0.30422592 -79 7.0360675
      vertex 7.2191057 -79 7.2724977
      vertex -0.21910572 -79 7.2724977
    endloop
  endfacet
  facet normal 0 -1 0
    outer loop
      vertex -0.30422592 -79 7.0360675
      vertex 7.304226 -79 7.0360675
      vertex 7.2191057 -79 7.2724977
    endloop
  endfacet
  facet normal 0 -1 0
    outer loop
      vertex -0.37433243 -79 6.7947593
      vertex 7.304226 -79 7.0360675
      vertex -0.30422592 -79 7.0360675
    endloop
  endfacet
  facet normal 0 -1 0
    outer loop
      vertex -0.37433243 -79 6.7947593
      vertex 7.3743324 -79 6.7947593
      vertex 7.304226 -79 7.0360675
    endloop
  endfacet
  facet normal 0 -1 0
    outer loop
      vertex -0.42914867 -79 6.549525
      vertex 7.3743324 -79 6.7947593
      vertex -0.37433243 -79 6.7947593
    endloop
  endfacet
  facet normal 0 -1 0
    outer loop
      vertex -0.42914867 -79 6.549525
      vertex 7.4291487 -79 6.549525
      vertex 7.3743324 -79 6.7947593
    endloop
  endfacet
  facet normal 0 -1 0
    outer loop
      vertex -0.46845818 -79 6.301333
      vertex 7.4291487 -79 6.549525
      vertex -0.42914867 -79 6.549525
    endloop
  endfacet
  facet normal 0 -1 0
    outer loop
      vertex -0.46845818 -79 6.301333
      vertex 7.468458 -79 6.301333
      vertex 7.4291487 -79 6.549525
    endloop
  endfacet
  facet normal 0 -1 0
    outer loop
      vertex -0.49210644 -79 6.0511613
      vertex 7.468458 -79 6.301333
      vertex -0.46845818 -79 6.301333
    endloop
  endfacet
  facet normal 0 -1 0
    outer loop
      vertex -0.49210644 -79 6.0511613
      vertex 7.4921064 -79 6.0511613
      vertex 7.468458 -79 6.301333
    endloop
  endfacet
  facet normal 0 -1 0
    outer loop
      vertex -0.5 -79 5.7999997
      vertex 7.4921064 -79 6.0511613
      vertex -0.49210644 -79 6.0511613
    endloop
  endfacet
  facet normal 0 -1 0
    outer loop
      vertex -0.5 -79 5.7999997
      vertex 7.5 -79 5.7999997
      vertex 7.4921064 -79 6.0511613
    endloop
  endfacet
  facet normal 0 -1 0
    outer loop
      vertex -0.5 -79 3.8146973e-7
      vertex 7.5 -79 5.7999997
      vertex -0.5 -79 5.7999997
    endloop
  endfacet
  facet normal 0 -1 0
    outer loop
      vertex 7.5 -79 5.7999997
      vertex -0.5 -79 3.8146973e-7
      vertex 7.5 -79 3.8146973e-7
    endloop
  endfacet
  facet normal 1 0 0
    outer loop
      vertex 7.5 -79 5.7999997
      vertex 7.5 -58.54 3.8146973e-7
      vertex 7.5 -58.54 5.7999997
    endloop
  endfacet
  facet normal 1 0 0
    outer loop
      vertex 7.5 -58.54 3.8146973e-7
      vertex 7.5 -79 5.7999997
      vertex 7.5 -79 3.8146973e-7
    endloop
  endfacet
  facet normal 0 0 -1
    outer loop
      vertex -0.5 -79 3.8146973e-7
      vertex 7.5 -58.54 3.8146973e-7
      vertex 7.5 -79 3.8146973e-7
    endloop
  endfacet
  facet normal 0 0 -1
    outer loop
      vertex 7.5 -58.54 3.8146973e-7
      vertex -0.5 -79 3.8146973e-7
      vertex -0.5 -58.54 3.8146973e-7
    endloop
  endfacet
  facet normal -1 0 0
    outer loop
      vertex -0.5 -79 3.8146973e-7
      vertex -0.5 -58.54 5.7999997
      vertex -0.5 -58.54 3.8146973e-7
    endloop
  endfacet
  facet normal -1 0 0
    outer loop
      vertex -0.5 -58.54 5.7999997
      vertex -0.5 -79 3.8146973e-7
      vertex -0.5 -79 5.7999997
    endloop
  endfacet
  facet normal 0.45399266 0 -0.8910054
    outer loop
      vertex 2.1992655 -68.74 8.916027
      vertex 2.3503962 -58.54 8.993032
      vertex 2.3503962 -68.74 8.993032
    endloop
  endfacet
  facet normal 0.45399266 0 -0.8910054
    outer loop
      vertex 2.3503962 -58.54 8.993032
      vertex 2.1992655 -68.74 8.916027
      vertex 2.1992655 -58.54 8.916027
    endloop
  endfacet
  facet normal 0.860741 0 0.50904316
    outer loop
      vertex 1.1339722 -68.74 5.2492642
      vertex 1.220315 -58.54 5.103267
      vertex 1.1339722 -58.54 5.2492642
    endloop
  endfacet
  facet normal 0.860741 0 0.50904316
    outer loop
      vertex 1.220315 -58.54 5.103267
      vertex 1.1339722 -68.74 5.2492642
      vertex 1.220315 -68.74 5.103267
    endloop
  endfacet
  facet normal 0.960293 0 -0.27899352
    outer loop
      vertex 0.932148 -68.74 7.3843455
      vertex 0.8848257 -58.54 7.2214627
      vertex 0.932148 -58.54 7.3843455
    endloop
  endfacet
  facet normal 0.960293 0 -0.27899352
    outer loop
      vertex 0.8848257 -58.54 7.2214627
      vertex 0.932148 -68.74 7.3843455
      vertex 0.8848257 -68.74 7.2214627
    endloop
  endfacet
  facet normal -0.98768824 0 -0.15643491
    outer loop
      vertex 6.178709 -68.74 6.8883996
      vertex 6.152175 -58.54 7.0559287
      vertex 6.178709 -58.54 6.8883996
    endloop
  endfacet
  facet normal -0.98768824 0 -0.15643491
    outer loop
      vertex 6.152175 -58.54 7.0559287
      vertex 6.178709 -68.74 6.8883996
      vertex 6.152175 -68.74 7.0559287
    endloop
  endfacet
  facet normal -0.39714822 0 0.9177545
    outer loop
      vertex 4.4939356 -58.54 4.0396028
      vertex 4.649604 -68.74 4.1069665
      vertex 4.649604 -58.54 4.1069665
    endloop
  endfacet
  facet normal -0.39714822 0 0.9177545
    outer loop
      vertex 4.649604 -68.74 4.1069665
      vertex 4.4939356 -58.54 4.0396028
      vertex 4.4939356 -68.74 4.0396028
    endloop
  endfacet
  facet normal -0.61290663 0 0.79015535
    outer loop
      vertex 5.08702 -58.54 4.3656535
      vertex 5.2210445 -68.74 4.4696136
      vertex 5.2210445 -58.54 4.4696136
    endloop
  endfacet
  facet normal -0.61290663 0 0.79015535
    outer loop
      vertex 5.2210445 -68.74 4.4696136
      vertex 5.08702 -58.54 4.3656535
      vertex 5.08702 -68.74 4.3656535
    endloop
  endfacet
  facet normal -0.79015535 0 0.61290663
    outer loop
      vertex 5.580385 -68.74 4.828955
      vertex 5.6843452 -58.54 4.96298
      vertex 5.580385 -58.54 4.828955
    endloop
  endfacet
  facet normal -0.79015535 0 0.61290663
    outer loop
      vertex 5.6843452 -58.54 4.96298
      vertex 5.580385 -68.74 4.828955
      vertex 5.6843452 -68.74 4.96298
    endloop
  endfacet
  facet normal -0.094109125 0 0.9955619
    outer loop
      vertex 3.6695337 -58.54 3.8553271
      vertex 3.838399 -68.74 3.8712897
      vertex 3.838399 -58.54 3.8712897
    endloop
  endfacet
  facet normal -0.094109125 0 0.9955619
    outer loop
      vertex 3.838399 -68.74 3.8712897
      vertex 3.6695337 -58.54 3.8553271
      vertex 3.6695337 -68.74 3.8553271
    endloop
  endfacet
  facet normal -0.45399266 0 -0.8910054
    outer loop
      vertex 4.649604 -68.74 8.993032
      vertex 4.8007345 -58.54 8.916027
      vertex 4.8007345 -68.74 8.916027
    endloop
  endfacet
  facet normal -0.45399266 0 -0.8910054
    outer loop
      vertex 4.8007345 -58.54 8.916027
      vertex 4.649604 -68.74 8.993032
      vertex 4.649604 -58.54 8.993032
    endloop
  endfacet
  facet normal -0.8910077 0 -0.4539882
    outer loop
      vertex 5.9430323 -68.74 7.6996036
      vertex 5.866028 -58.54 7.850734
      vertex 5.9430323 -58.54 7.6996036
    endloop
  endfacet
  facet normal -0.8910077 0 -0.4539882
    outer loop
      vertex 5.866028 -58.54 7.850734
      vertex 5.9430323 -68.74 7.6996036
      vertex 5.866028 -68.74 7.850734
    endloop
  endfacet
  facet normal 0.61291015 0 -0.7901526
    outer loop
      vertex 1.7789555 -68.74 8.630384
      vertex 1.9129801 -58.54 8.734345
      vertex 1.9129801 -68.74 8.734345
    endloop
  endfacet
  facet normal 0.61291015 0 -0.7901526
    outer loop
      vertex 1.9129801 -58.54 8.734345
      vertex 1.7789555 -68.74 8.630384
      vertex 1.7789555 -58.54 8.630384
    endloop
  endfacet
  facet normal -0.0314073 0 0.99950665
    outer loop
      vertex 3.5 -58.54 3.85
      vertex 3.6695337 -68.74 3.8553271
      vertex 3.6695337 -58.54 3.8553271
    endloop
  endfacet
  facet normal -0.0314073 0 0.99950665
    outer loop
      vertex 3.6695337 -68.74 3.8553271
      vertex 3.5 -58.54 3.85
      vertex 3.5 -68.74 3.85
    endloop
  endfacet
  facet normal 0.61290663 0 0.79015535
    outer loop
      vertex 1.7789555 -58.54 4.4696136
      vertex 1.9129801 -68.74 4.3656535
      vertex 1.9129801 -58.54 4.3656535
    endloop
  endfacet
  facet normal 0.61290663 0 0.79015535
    outer loop
      vertex 1.9129801 -68.74 4.3656535
      vertex 1.7789555 -58.54 4.4696136
      vertex 1.7789555 -68.74 4.4696136
    endloop
  endfacet
  facet normal -0.860741 0 0.50904316
    outer loop
      vertex 5.779685 -68.74 5.103267
      vertex 5.866028 -58.54 5.2492642
      vertex 5.779685 -58.54 5.103267
    endloop
  endfacet
  facet normal -0.860741 0 0.50904316
    outer loop
      vertex 5.866028 -58.54 5.2492642
      vertex 5.779685 -68.74 5.103267
      vertex 5.866028 -68.74 5.2492642
    endloop
  endfacet
  facet normal -0.45399266 0 0.8910054
    outer loop
      vertex 4.649604 -58.54 4.1069665
      vertex 4.8007345 -68.74 4.183972
      vertex 4.8007345 -58.54 4.183972
    endloop
  endfacet
  facet normal -0.45399266 0 0.8910054
    outer loop
      vertex 4.8007345 -68.74 4.183972
      vertex 4.649604 -58.54 4.1069665
      vertex 4.649604 -68.74 4.1069665
    endloop
  endfacet
  facet normal -0.27898684 0 0.9602949
    outer loop
      vertex 4.171462 -58.54 3.9348254
      vertex 4.334346 -68.74 3.9821467
      vertex 4.334346 -58.54 3.9821467
    endloop
  endfacet
  facet normal -0.27898684 0 0.9602949
    outer loop
      vertex 4.334346 -68.74 3.9821467
      vertex 4.171462 -58.54 3.9348254
      vertex 4.171462 -68.74 3.9348254
    endloop
  endfacet
  facet normal 0.33874375 0 -0.9408787
    outer loop
      vertex 2.5060644 -68.74 9.060395
      vertex 2.6656542 -58.54 9.117852
      vertex 2.6656542 -68.74 9.117852
    endloop
  endfacet
  facet normal 0.33874375 0 -0.9408787
    outer loop
      vertex 2.6656542 -58.54 9.117852
      vertex 2.5060644 -68.74 9.060395
      vertex 2.5060644 -58.54 9.060395
    endloop
  endfacet
  facet normal -0.9759172 0 0.21814117
    outer loop
      vertex 6.1151743 -68.74 5.8785367
      vertex 6.152175 -58.54 6.04407
      vertex 6.1151743 -58.54 5.8785367
    endloop
  endfacet
  facet normal -0.9759172 0 0.21814117
    outer loop
      vertex 6.152175 -58.54 6.04407
      vertex 6.1151743 -68.74 5.8785367
      vertex 6.152175 -68.74 6.04407
    endloop
  endfacet
  facet normal -0.7501121 0 -0.6613107
    outer loop
      vertex 5.580385 -68.74 8.271044
      vertex 5.468215 -58.54 8.398276
      vertex 5.580385 -58.54 8.271044
    endloop
  endfacet
  facet normal -0.7501121 0 -0.6613107
    outer loop
      vertex 5.468215 -58.54 8.398276
      vertex 5.580385 -68.74 8.271044
      vertex 5.468215 -68.74 8.398276
    endloop
  endfacet
  facet normal 0.15643404 0 0.9876884
    outer loop
      vertex 2.994071 -58.54 3.8978238
      vertex 3.161601 -68.74 3.8712897
      vertex 3.161601 -58.54 3.8712897
    endloop
  endfacet
  facet normal 0.15643404 0 0.9876884
    outer loop
      vertex 3.161601 -68.74 3.8712897
      vertex 2.994071 -58.54 3.8978238
      vertex 2.994071 -68.74 3.8978238
    endloop
  endfacet
  facet normal -0.86074245 0 -0.5090407
    outer loop
      vertex 5.866028 -68.74 7.850734
      vertex 5.779685 -58.54 7.996732
      vertex 5.866028 -58.54 7.850734
    endloop
  endfacet
  facet normal -0.86074245 0 -0.5090407
    outer loop
      vertex 5.779685 -58.54 7.996732
      vertex 5.866028 -68.74 7.850734
      vertex 5.779685 -68.74 7.996732
    endloop
  endfacet
  facet normal 0.5620792 0 -0.8270834
    outer loop
      vertex 1.9129801 -68.74 8.734345
      vertex 2.0532684 -58.54 8.829684
      vertex 2.0532684 -68.74 8.829684
    endloop
  endfacet
  facet normal 0.5620792 0 -0.8270834
    outer loop
      vertex 2.0532684 -58.54 8.829684
      vertex 1.9129801 -68.74 8.734345
      vertex 1.9129801 -58.54 8.734345
    endloop
  endfacet
  facet normal -0.9177536 0 -0.39715028
    outer loop
      vertex 6.010396 -68.74 7.5439363
      vertex 5.9430323 -58.54 7.6996036
      vertex 6.010396 -58.54 7.5439363
    endloop
  endfacet
  facet normal -0.9177536 0 -0.39715028
    outer loop
      vertex 5.9430323 -58.54 7.6996036
      vertex 6.010396 -68.74 7.5439363
      vertex 5.9430323 -68.74 7.6996036
    endloop
  endfacet
  facet normal -0.66131383 0 0.7501093
    outer loop
      vertex 5.2210445 -58.54 4.4696136
      vertex 5.348277 -68.74 4.5817847
      vertex 5.348277 -58.54 4.5817847
    endloop
  endfacet
  facet normal -0.66131383 0 0.7501093
    outer loop
      vertex 5.348277 -68.74 4.5817847
      vertex 5.2210445 -58.54 4.4696136
      vertex 5.2210445 -68.74 4.4696136
    endloop
  endfacet
  facet normal 0.39714822 0 0.9177545
    outer loop
      vertex 2.3503962 -58.54 4.1069665
      vertex 2.5060644 -68.74 4.0396028
      vertex 2.5060644 -58.54 4.0396028
    endloop
  endfacet
  facet normal 0.39714822 0 0.9177545
    outer loop
      vertex 2.5060644 -68.74 4.0396028
      vertex 2.3503962 -58.54 4.1069665
      vertex 2.3503962 -68.74 4.1069665
    endloop
  endfacet
  facet normal 0.82707816 0 -0.56208694
    outer loop
      vertex 1.3156548 -68.74 8.137019
      vertex 1.220315 -58.54 7.996732
      vertex 1.3156548 -58.54 8.137019
    endloop
  endfacet
  facet normal 0.82707816 0 -0.56208694
    outer loop
      vertex 1.220315 -58.54 7.996732
      vertex 1.3156548 -68.74 8.137019
      vertex 1.220315 -68.74 7.996732
    endloop
  endfacet
  facet normal 0.9177536 0 -0.39715028
    outer loop
      vertex 1.0569677 -68.74 7.6996036
      vertex 0.989604 -58.54 7.5439363
      vertex 1.0569677 -58.54 7.6996036
    endloop
  endfacet
  facet normal 0.9177536 0 -0.39715028
    outer loop
      vertex 0.989604 -58.54 7.5439363
      vertex 1.0569677 -68.74 7.6996036
      vertex 0.989604 -68.74 7.5439363
    endloop
  endfacet
  facet normal 0.70710677 0 -0.70710677
    outer loop
      vertex 1.6517229 -68.74 8.518214
      vertex 1.531785 -58.54 8.398276
      vertex 1.6517229 -58.54 8.518214
    endloop
  endfacet
  facet normal 0.70710677 0 -0.70710677
    outer loop
      vertex 1.531785 -58.54 8.398276
      vertex 1.6517229 -68.74 8.518214
      vertex 1.531785 -68.74 8.398276
    endloop
  endfacet
  facet normal 0.09410355 0 -0.99556243
    outer loop
      vertex 3.161601 -68.74 9.228709
      vertex 3.3304663 -58.54 9.244671
      vertex 3.3304663 -68.74 9.244671
    endloop
  endfacet
  facet normal 0.09410355 0 -0.99556243
    outer loop
      vertex 3.3304663 -58.54 9.244671
      vertex 3.161601 -68.74 9.228709
      vertex 3.161601 -58.54 9.228709
    endloop
  endfacet
  facet normal -0.9995065 0 -0.03141274
    outer loop
      vertex 6.2 -68.74 6.5499997
      vertex 6.1946716 -58.54 6.7195344
      vertex 6.2 -58.54 6.5499997
    endloop
  endfacet
  facet normal -0.9995065 0 -0.03141274
    outer loop
      vertex 6.1946716 -58.54 6.7195344
      vertex 6.2 -68.74 6.5499997
      vertex 6.1946716 -68.74 6.7195344
    endloop
  endfacet
  facet normal -0.82707816 0 -0.56208694
    outer loop
      vertex 5.779685 -68.74 7.996732
      vertex 5.6843452 -58.54 8.137019
      vertex 5.779685 -58.54 7.996732
    endloop
  endfacet
  facet normal -0.82707816 0 -0.56208694
    outer loop
      vertex 5.6843452 -58.54 8.137019
      vertex 5.779685 -68.74 7.996732
      vertex 5.6843452 -68.74 8.137019
    endloop
  endfacet
  facet normal 0.33873877 0 0.9408805
    outer loop
      vertex 2.5060644 -58.54 4.0396028
      vertex 2.6656542 -68.74 3.9821467
      vertex 2.6656542 -58.54 3.9821467
    endloop
  endfacet
  facet normal 0.33873877 0 0.9408805
    outer loop
      vertex 2.6656542 -68.74 3.9821467
      vertex 2.5060644 -58.54 4.0396028
      vertex 2.5060644 -68.74 4.0396028
    endloop
  endfacet
  facet normal 0.39714348 0 -0.91775656
    outer loop
      vertex 2.3503962 -68.74 8.993032
      vertex 2.5060644 -58.54 9.060395
      vertex 2.5060644 -68.74 9.060395
    endloop
  endfacet
  facet normal 0.39714348 0 -0.91775656
    outer loop
      vertex 2.5060644 -58.54 9.060395
      vertex 2.3503962 -68.74 8.993032
      vertex 2.3503962 -58.54 8.993032
    endloop
  endfacet
  facet normal 0.9995065 0 0.03141274
    outer loop
      vertex 0.8000002 -68.74 6.5499997
      vertex 0.80532837 -58.54 6.380465
      vertex 0.8000002 -58.54 6.5499997
    endloop
  endfacet
  facet normal 0.9995065 0 0.03141274
    outer loop
      vertex 0.80532837 -58.54 6.380465
      vertex 0.8000002 -68.74 6.5499997
      vertex 0.80532837 -68.74 6.380465
    endloop
  endfacet
  facet normal -0.7501121 0 0.6613107
    outer loop
      vertex 5.468215 -68.74 4.7017226
      vertex 5.580385 -58.54 4.828955
      vertex 5.468215 -58.54 4.7017226
    endloop
  endfacet
  facet normal -0.7501121 0 0.6613107
    outer loop
      vertex 5.580385 -58.54 4.828955
      vertex 5.468215 -68.74 4.7017226
      vertex 5.580385 -68.74 4.828955
    endloop
  endfacet
  facet normal 0.0314073 0 0.99950665
    outer loop
      vertex 3.3304663 -58.54 3.8553271
      vertex 3.5 -68.74 3.85
      vertex 3.5 -58.54 3.85
    endloop
  endfacet
  facet normal 0.0314073 0 0.99950665
    outer loop
      vertex 3.5 -68.74 3.85
      vertex 3.3304663 -58.54 3.8553271
      vertex 3.3304663 -68.74 3.8553271
    endloop
  endfacet
  facet normal 0.98768824 0 -0.15643491
    outer loop
      vertex 0.84782505 -68.74 7.0559287
      vertex 0.82129097 -58.54 6.8883996
      vertex 0.84782505 -58.54 7.0559287
    endloop
  endfacet
  facet normal 0.98768824 0 -0.15643491
    outer loop
      vertex 0.82129097 -58.54 6.8883996
      vertex 0.84782505 -68.74 7.0559287
      vertex 0.82129097 -68.74 6.8883996
    endloop
  endfacet
  facet normal -0.33874375 0 -0.9408787
    outer loop
      vertex 4.334346 -68.74 9.117852
      vertex 4.4939356 -58.54 9.060395
      vertex 4.4939356 -68.74 9.060395
    endloop
  endfacet
  facet normal -0.33874375 0 -0.9408787
    outer loop
      vertex 4.4939356 -58.54 9.060395
      vertex 4.334346 -68.74 9.117852
      vertex 4.334346 -58.54 9.117852
    endloop
  endfacet
  facet normal -0.9955619 0 -0.094109125
    outer loop
      vertex 6.1946716 -68.74 6.7195344
      vertex 6.178709 -58.54 6.8883996
      vertex 6.1946716 -58.54 6.7195344
    endloop
  endfacet
  facet normal -0.9955619 0 -0.094109125
    outer loop
      vertex 6.178709 -58.54 6.8883996
      vertex 6.1946716 -68.74 6.7195344
      vertex 6.178709 -68.74 6.8883996
    endloop
  endfacet
  facet normal 0.9876884 0 0.15643404
    outer loop
      vertex 0.82129097 -68.74 6.2116
      vertex 0.84782505 -58.54 6.04407
      vertex 0.82129097 -58.54 6.2116
    endloop
  endfacet
  facet normal 0.9876884 0 0.15643404
    outer loop
      vertex 0.84782505 -58.54 6.04407
      vertex 0.82129097 -68.74 6.2116
      vertex 0.84782505 -68.74 6.04407
    endloop
  endfacet
  facet normal 0.50904316 0 0.860741
    outer loop
      vertex 2.0532684 -58.54 4.2703147
      vertex 2.1992655 -68.74 4.183972
      vertex 2.1992655 -58.54 4.183972
    endloop
  endfacet
  facet normal 0.50904316 0 0.860741
    outer loop
      vertex 2.1992655 -68.74 4.183972
      vertex 2.0532684 -58.54 4.2703147
      vertex 2.0532684 -68.74 4.2703147
    endloop
  endfacet
  facet normal -0.94088113 0 -0.33873698
    outer loop
      vertex 6.067852 -68.74 7.3843455
      vertex 6.010396 -58.54 7.5439363
      vertex 6.067852 -58.54 7.3843455
    endloop
  endfacet
  facet normal -0.94088113 0 -0.33873698
    outer loop
      vertex 6.010396 -58.54 7.5439363
      vertex 6.067852 -68.74 7.3843455
      vertex 6.010396 -68.74 7.5439363
    endloop
  endfacet
  facet normal 0.21814653 0 0.975916
    outer loop
      vertex 2.828538 -58.54 3.9348254
      vertex 2.994071 -68.74 3.8978238
      vertex 2.994071 -58.54 3.8978238
    endloop
  endfacet
  facet normal 0.21814653 0 0.975916
    outer loop
      vertex 2.994071 -68.74 3.8978238
      vertex 2.828538 -58.54 3.9348254
      vertex 2.828538 -68.74 3.9348254
    endloop
  endfacet
  facet normal 0.86074245 0 -0.5090407
    outer loop
      vertex 1.220315 -68.74 7.996732
      vertex 1.1339722 -58.54 7.850734
      vertex 1.220315 -58.54 7.996732
    endloop
  endfacet
  facet normal 0.86074245 0 -0.5090407
    outer loop
      vertex 1.1339722 -58.54 7.850734
      vertex 1.220315 -68.74 7.996732
      vertex 1.1339722 -68.74 7.850734
    endloop
  endfacet
  facet normal -0.9759175 0 -0.21813998
    outer loop
      vertex 6.152175 -68.74 7.0559287
      vertex 6.1151743 -58.54 7.2214627
      vertex 6.152175 -58.54 7.0559287
    endloop
  endfacet
  facet normal -0.9759175 0 -0.21813998
    outer loop
      vertex 6.1151743 -58.54 7.2214627
      vertex 6.152175 -68.74 7.0559287
      vertex 6.1151743 -68.74 7.2214627
    endloop
  endfacet
  facet normal -0.27898684 0 -0.9602949
    outer loop
      vertex 4.171462 -68.74 9.165174
      vertex 4.334346 -58.54 9.117852
      vertex 4.334346 -68.74 9.117852
    endloop
  endfacet
  facet normal -0.27898684 0 -0.9602949
    outer loop
      vertex 4.334346 -58.54 9.117852
      vertex 4.171462 -68.74 9.165174
      vertex 4.171462 -58.54 9.165174
    endloop
  endfacet
  facet normal -0.79015535 0 -0.61290663
    outer loop
      vertex 5.6843452 -68.74 8.137019
      vertex 5.580385 -58.54 8.271044
      vertex 5.6843452 -58.54 8.137019
    endloop
  endfacet
  facet normal -0.79015535 0 -0.61290663
    outer loop
      vertex 5.580385 -58.54 8.271044
      vertex 5.6843452 -68.74 8.137019
      vertex 5.580385 -68.74 8.271044
    endloop
  endfacet
  facet normal -0.031412918 0 -0.9995065
    outer loop
      vertex 3.5 -68.74 9.249999
      vertex 3.6695337 -58.54 9.244671
      vertex 3.6695337 -68.74 9.244671
    endloop
  endfacet
  facet normal -0.031412918 0 -0.9995065
    outer loop
      vertex 3.6695337 -58.54 9.244671
      vertex 3.5 -68.74 9.249999
      vertex 3.5 -58.54 9.249999
    endloop
  endfacet
  facet normal -0.70710677 0 0.70710677
    outer loop
      vertex 5.348277 -68.74 4.5817847
      vertex 5.468215 -58.54 4.7017226
      vertex 5.348277 -58.54 4.5817847
    endloop
  endfacet
  facet normal -0.70710677 0 0.70710677
    outer loop
      vertex 5.468215 -58.54 4.7017226
      vertex 5.348277 -68.74 4.5817847
      vertex 5.468215 -68.74 4.7017226
    endloop
  endfacet
  facet normal -0.09410355 0 -0.99556243
    outer loop
      vertex 3.6695337 -68.74 9.244671
      vertex 3.838399 -58.54 9.228709
      vertex 3.838399 -68.74 9.228709
    endloop
  endfacet
  facet normal -0.09410355 0 -0.99556243
    outer loop
      vertex 3.838399 -58.54 9.228709
      vertex 3.6695337 -68.74 9.244671
      vertex 3.6695337 -58.54 9.244671
    endloop
  endfacet
  facet normal -0.9876884 0 0.15643404
    outer loop
      vertex 6.152175 -68.74 6.04407
      vertex 6.178709 -58.54 6.2116
      vertex 6.152175 -58.54 6.04407
    endloop
  endfacet
  facet normal -0.9876884 0 0.15643404
    outer loop
      vertex 6.178709 -58.54 6.2116
      vertex 6.152175 -68.74 6.04407
      vertex 6.178709 -68.74 6.2116
    endloop
  endfacet
  facet normal -0.70710677 0 -0.70710677
    outer loop
      vertex 5.468215 -68.74 8.398276
      vertex 5.348277 -58.54 8.518214
      vertex 5.468215 -58.54 8.398276
    endloop
  endfacet
  facet normal -0.70710677 0 -0.70710677
    outer loop
      vertex 5.348277 -58.54 8.518214
      vertex 5.468215 -68.74 8.398276
      vertex 5.348277 -68.74 8.518214
    endloop
  endfacet
  facet normal -0.9955619 0 0.094109125
    outer loop
      vertex 6.178709 -68.74 6.2116
      vertex 6.1946716 -58.54 6.380465
      vertex 6.178709 -58.54 6.2116
    endloop
  endfacet
  facet normal -0.9955619 0 0.094109125
    outer loop
      vertex 6.1946716 -58.54 6.380465
      vertex 6.178709 -68.74 6.2116
      vertex 6.1946716 -68.74 6.380465
    endloop
  endfacet
  facet normal 0.94088113 0 -0.33873698
    outer loop
      vertex 0.989604 -68.74 7.5439363
      vertex 0.932148 -58.54 7.3843455
      vertex 0.989604 -58.54 7.5439363
    endloop
  endfacet
  facet normal 0.94088113 0 -0.33873698
    outer loop
      vertex 0.932148 -58.54 7.3843455
      vertex 0.989604 -68.74 7.5439363
      vertex 0.932148 -68.74 7.3843455
    endloop
  endfacet
  facet normal -0.9995065 0 0.03141274
    outer loop
      vertex 6.1946716 -68.74 6.380465
      vertex 6.2 -58.54 6.5499997
      vertex 6.1946716 -58.54 6.380465
    endloop
  endfacet
  facet normal -0.9995065 0 0.03141274
    outer loop
      vertex 6.2 -58.54 6.5499997
      vertex 6.1946716 -68.74 6.380465
      vertex 6.2 -68.74 6.5499997
    endloop
  endfacet
  facet normal -0.33873877 0 0.9408805
    outer loop
      vertex 4.334346 -58.54 3.9821467
      vertex 4.4939356 -68.74 4.0396028
      vertex 4.4939356 -58.54 4.0396028
    endloop
  endfacet
  facet normal -0.33873877 0 0.9408805
    outer loop
      vertex 4.4939356 -68.74 4.0396028
      vertex 4.334346 -58.54 3.9821467
      vertex 4.334346 -68.74 3.9821467
    endloop
  endfacet
  facet normal -0.5620792 0 0.8270834
    outer loop
      vertex 4.9467316 -58.54 4.2703147
      vertex 5.08702 -68.74 4.3656535
      vertex 5.08702 -58.54 4.3656535
    endloop
  endfacet
  facet normal -0.5620792 0 0.8270834
    outer loop
      vertex 5.08702 -68.74 4.3656535
      vertex 4.9467316 -58.54 4.2703147
      vertex 4.9467316 -68.74 4.2703147
    endloop
  endfacet
  facet normal -0.82707906 0 0.5620856
    outer loop
      vertex 5.6843452 -68.74 4.96298
      vertex 5.779685 -58.54 5.103267
      vertex 5.6843452 -58.54 4.96298
    endloop
  endfacet
  facet normal -0.82707906 0 0.5620856
    outer loop
      vertex 5.779685 -58.54 5.103267
      vertex 5.6843452 -68.74 4.96298
      vertex 5.779685 -68.74 5.103267
    endloop
  endfacet
  facet normal -0.21814653 0 0.975916
    outer loop
      vertex 4.005929 -58.54 3.8978238
      vertex 4.171462 -68.74 3.9348254
      vertex 4.171462 -58.54 3.9348254
    endloop
  endfacet
  facet normal -0.21814653 0 0.975916
    outer loop
      vertex 4.171462 -68.74 3.9348254
      vertex 4.005929 -58.54 3.8978238
      vertex 4.005929 -68.74 3.8978238
    endloop
  endfacet
  facet normal -0.21814653 0 -0.975916
    outer loop
      vertex 4.005929 -68.74 9.202175
      vertex 4.171462 -58.54 9.165174
      vertex 4.171462 -68.74 9.165174
    endloop
  endfacet
  facet normal -0.21814653 0 -0.975916
    outer loop
      vertex 4.171462 -58.54 9.165174
      vertex 4.005929 -68.74 9.202175
      vertex 4.005929 -58.54 9.202175
    endloop
  endfacet
  facet normal -0.15643404 0 0.9876884
    outer loop
      vertex 3.838399 -58.54 3.8712897
      vertex 4.005929 -68.74 3.8978238
      vertex 4.005929 -58.54 3.8978238
    endloop
  endfacet
  facet normal -0.15643404 0 0.9876884
    outer loop
      vertex 4.005929 -68.74 3.8978238
      vertex 3.838399 -58.54 3.8712897
      vertex 3.838399 -68.74 3.8712897
    endloop
  endfacet
  facet normal 0.7501121 0 0.6613107
    outer loop
      vertex 1.4196148 -68.74 4.828955
      vertex 1.531785 -58.54 4.7017226
      vertex 1.4196148 -58.54 4.828955
    endloop
  endfacet
  facet normal 0.7501121 0 0.6613107
    outer loop
      vertex 1.531785 -58.54 4.7017226
      vertex 1.4196148 -68.74 4.828955
      vertex 1.531785 -68.74 4.7017226
    endloop
  endfacet
  facet normal -0.15643404 0 -0.9876884
    outer loop
      vertex 3.838399 -68.74 9.228709
      vertex 4.005929 -58.54 9.202175
      vertex 4.005929 -68.74 9.202175
    endloop
  endfacet
  facet normal -0.15643404 0 -0.9876884
    outer loop
      vertex 4.005929 -58.54 9.202175
      vertex 3.838399 -68.74 9.228709
      vertex 3.838399 -58.54 9.228709
    endloop
  endfacet
  facet normal 0.031412918 0 -0.9995065
    outer loop
      vertex 3.3304663 -68.74 9.244671
      vertex 3.5 -58.54 9.249999
      vertex 3.5 -68.74 9.249999
    endloop
  endfacet
  facet normal 0.031412918 0 -0.9995065
    outer loop
      vertex 3.5 -58.54 9.249999
      vertex 3.3304663 -68.74 9.244671
      vertex 3.3304663 -58.54 9.244671
    endloop
  endfacet
  facet normal 0.15643404 0 -0.9876884
    outer loop
      vertex 2.994071 -68.74 9.202175
      vertex 3.161601 -58.54 9.228709
      vertex 3.161601 -68.74 9.228709
    endloop
  endfacet
  facet normal 0.15643404 0 -0.9876884
    outer loop
      vertex 3.161601 -58.54 9.228709
      vertex 2.994071 -68.74 9.202175
      vertex 2.994071 -58.54 9.202175
    endloop
  endfacet
  facet normal 0.27898684 0 0.9602949
    outer loop
      vertex 2.6656542 -58.54 3.9821467
      vertex 2.828538 -68.74 3.9348254
      vertex 2.828538 -58.54 3.9348254
    endloop
  endfacet
  facet normal 0.27898684 0 0.9602949
    outer loop
      vertex 2.828538 -68.74 3.9348254
      vertex 2.6656542 -58.54 3.9821467
      vertex 2.6656542 -68.74 3.9821467
    endloop
  endfacet
  facet normal 0.9995065 0 -0.03141274
    outer loop
      vertex 0.80532837 -68.74 6.7195344
      vertex 0.8000002 -58.54 6.5499997
      vertex 0.80532837 -58.54 6.7195344
    endloop
  endfacet
  facet normal 0.9995065 0 -0.03141274
    outer loop
      vertex 0.8000002 -58.54 6.5499997
      vertex 0.80532837 -68.74 6.7195344
      vertex 0.8000002 -68.74 6.5499997
    endloop
  endfacet
  facet normal 0.27898684 0 -0.9602949
    outer loop
      vertex 2.6656542 -68.74 9.117852
      vertex 2.828538 -58.54 9.165174
      vertex 2.828538 -68.74 9.165174
    endloop
  endfacet
  facet normal 0.27898684 0 -0.9602949
    outer loop
      vertex 2.828538 -58.54 9.165174
      vertex 2.6656542 -68.74 9.117852
      vertex 2.6656542 -58.54 9.117852
    endloop
  endfacet
  facet normal 0.9955619 0 -0.094109125
    outer loop
      vertex 0.82129097 -68.74 6.8883996
      vertex 0.80532837 -58.54 6.7195344
      vertex 0.82129097 -58.54 6.8883996
    endloop
  endfacet
  facet normal 0.9955619 0 -0.094109125
    outer loop
      vertex 0.80532837 -58.54 6.7195344
      vertex 0.82129097 -68.74 6.8883996
      vertex 0.80532837 -68.74 6.7195344
    endloop
  endfacet
  facet normal 0.21814653 0 -0.975916
    outer loop
      vertex 2.828538 -68.74 9.165174
      vertex 2.994071 -58.54 9.202175
      vertex 2.994071 -68.74 9.202175
    endloop
  endfacet
  facet normal 0.21814653 0 -0.975916
    outer loop
      vertex 2.994071 -58.54 9.202175
      vertex 2.828538 -68.74 9.165174
      vertex 2.828538 -58.54 9.165174
    endloop
  endfacet
  facet normal -0.39714348 0 -0.91775656
    outer loop
      vertex 4.4939356 -68.74 9.060395
      vertex 4.649604 -58.54 8.993032
      vertex 4.649604 -68.74 8.993032
    endloop
  endfacet
  facet normal -0.39714348 0 -0.91775656
    outer loop
      vertex 4.649604 -58.54 8.993032
      vertex 4.4939356 -68.74 9.060395
      vertex 4.4939356 -58.54 9.060395
    endloop
  endfacet
  facet normal 0.9759175 0 -0.21813998
    outer loop
      vertex 0.8848257 -68.74 7.2214627
      vertex 0.84782505 -58.54 7.0559287
      vertex 0.8848257 -58.54 7.2214627
    endloop
  endfacet
  facet normal 0.9759175 0 -0.21813998
    outer loop
      vertex 0.84782505 -58.54 7.0559287
      vertex 0.8848257 -68.74 7.2214627
      vertex 0.84782505 -68.74 7.0559287
    endloop
  endfacet
  facet normal -0.50904316 0 -0.860741
    outer loop
      vertex 4.8007345 -68.74 8.916027
      vertex 4.9467316 -58.54 8.829684
      vertex 4.9467316 -68.74 8.829684
    endloop
  endfacet
  facet normal -0.50904316 0 -0.860741
    outer loop
      vertex 4.9467316 -58.54 8.829684
      vertex 4.8007345 -68.74 8.916027
      vertex 4.8007345 -58.54 8.916027
    endloop
  endfacet
  facet normal -0.960293 0 -0.27899352
    outer loop
      vertex 6.1151743 -68.74 7.2214627
      vertex 6.067852 -58.54 7.3843455
      vertex 6.1151743 -58.54 7.2214627
    endloop
  endfacet
  facet normal -0.960293 0 -0.27899352
    outer loop
      vertex 6.067852 -58.54 7.3843455
      vertex 6.1151743 -68.74 7.2214627
      vertex 6.067852 -68.74 7.3843455
    endloop
  endfacet
  facet normal 0.66131383 0 0.7501093
    outer loop
      vertex 1.6517229 -58.54 4.5817847
      vertex 1.7789555 -68.74 4.4696136
      vertex 1.7789555 -58.54 4.4696136
    endloop
  endfacet
  facet normal 0.66131383 0 0.7501093
    outer loop
      vertex 1.7789555 -68.74 4.4696136
      vertex 1.6517229 -58.54 4.5817847
      vertex 1.6517229 -68.74 4.5817847
    endloop
  endfacet
  facet normal 0.79015535 0 -0.61290663
    outer loop
      vertex 1.4196148 -68.74 8.271044
      vertex 1.3156548 -58.54 8.137019
      vertex 1.4196148 -58.54 8.271044
    endloop
  endfacet
  facet normal 0.79015535 0 -0.61290663
    outer loop
      vertex 1.3156548 -58.54 8.137019
      vertex 1.4196148 -68.74 8.271044
      vertex 1.3156548 -68.74 8.137019
    endloop
  endfacet
  facet normal 0.094109125 0 0.9955619
    outer loop
      vertex 3.161601 -58.54 3.8712897
      vertex 3.3304663 -68.74 3.8553271
      vertex 3.3304663 -58.54 3.8553271
    endloop
  endfacet
  facet normal 0.094109125 0 0.9955619
    outer loop
      vertex 3.3304663 -68.74 3.8553271
      vertex 3.161601 -58.54 3.8712897
      vertex 3.161601 -68.74 3.8712897
    endloop
  endfacet
  facet normal 0.5620792 0 0.8270834
    outer loop
      vertex 1.9129801 -58.54 4.3656535
      vertex 2.0532684 -68.74 4.2703147
      vertex 2.0532684 -58.54 4.2703147
    endloop
  endfacet
  facet normal 0.5620792 0 0.8270834
    outer loop
      vertex 2.0532684 -68.74 4.2703147
      vertex 1.9129801 -58.54 4.3656535
      vertex 1.9129801 -68.74 4.3656535
    endloop
  endfacet
  facet normal -0.960293 0 0.27899352
    outer loop
      vertex 6.067852 -68.74 5.715654
      vertex 6.1151743 -58.54 5.8785367
      vertex 6.067852 -58.54 5.715654
    endloop
  endfacet
  facet normal -0.960293 0 0.27899352
    outer loop
      vertex 6.1151743 -58.54 5.8785367
      vertex 6.067852 -68.74 5.715654
      vertex 6.1151743 -68.74 5.8785367
    endloop
  endfacet
  facet normal -0.94088113 0 0.33873698
    outer loop
      vertex 6.010396 -68.74 5.556063
      vertex 6.067852 -58.54 5.715654
      vertex 6.010396 -58.54 5.556063
    endloop
  endfacet
  facet normal -0.94088113 0 0.33873698
    outer loop
      vertex 6.067852 -58.54 5.715654
      vertex 6.010396 -68.74 5.556063
      vertex 6.067852 -68.74 5.715654
    endloop
  endfacet
  facet normal 0.6613107 0 -0.7501121
    outer loop
      vertex 1.6517229 -68.74 8.518214
      vertex 1.7789555 -58.54 8.630384
      vertex 1.7789555 -68.74 8.630384
    endloop
  endfacet
  facet normal 0.6613107 0 -0.7501121
    outer loop
      vertex 1.7789555 -58.54 8.630384
      vertex 1.6517229 -68.74 8.518214
      vertex 1.6517229 -58.54 8.518214
    endloop
  endfacet
  facet normal 0.89100885 0 0.45398593
    outer loop
      vertex 1.0569677 -68.74 5.400396
      vertex 1.1339722 -58.54 5.2492642
      vertex 1.0569677 -58.54 5.400396
    endloop
  endfacet
  facet normal 0.89100885 0 0.45398593
    outer loop
      vertex 1.1339722 -58.54 5.2492642
      vertex 1.0569677 -68.74 5.400396
      vertex 1.1339722 -68.74 5.2492642
    endloop
  endfacet
  facet normal -0.5620792 0 -0.8270834
    outer loop
      vertex 4.9467316 -68.74 8.829684
      vertex 5.08702 -58.54 8.734345
      vertex 5.08702 -68.74 8.734345
    endloop
  endfacet
  facet normal -0.5620792 0 -0.8270834
    outer loop
      vertex 5.08702 -58.54 8.734345
      vertex 4.9467316 -68.74 8.829684
      vertex 4.9467316 -58.54 8.829684
    endloop
  endfacet
  facet normal 0.8910077 0 -0.4539882
    outer loop
      vertex 1.1339722 -68.74 7.850734
      vertex 1.0569677 -58.54 7.6996036
      vertex 1.1339722 -58.54 7.850734
    endloop
  endfacet
  facet normal 0.8910077 0 -0.4539882
    outer loop
      vertex 1.0569677 -58.54 7.6996036
      vertex 1.1339722 -68.74 7.850734
      vertex 1.0569677 -68.74 7.6996036
    endloop
  endfacet
  facet normal 0.50904316 0 -0.860741
    outer loop
      vertex 2.0532684 -68.74 8.829684
      vertex 2.1992655 -58.54 8.916027
      vertex 2.1992655 -68.74 8.916027
    endloop
  endfacet
  facet normal 0.50904316 0 -0.860741
    outer loop
      vertex 2.1992655 -58.54 8.916027
      vertex 2.0532684 -68.74 8.829684
      vertex 2.0532684 -58.54 8.829684
    endloop
  endfacet
  facet normal 0.7501121 0 -0.6613107
    outer loop
      vertex 1.531785 -68.74 8.398276
      vertex 1.4196148 -58.54 8.271044
      vertex 1.531785 -58.54 8.398276
    endloop
  endfacet
  facet normal 0.7501121 0 -0.6613107
    outer loop
      vertex 1.4196148 -58.54 8.271044
      vertex 1.531785 -68.74 8.398276
      vertex 1.4196148 -68.74 8.271044
    endloop
  endfacet
  facet normal 0.9955619 0 0.094109125
    outer loop
      vertex 0.80532837 -68.74 6.380465
      vertex 0.82129097 -58.54 6.2116
      vertex 0.80532837 -58.54 6.380465
    endloop
  endfacet
  facet normal 0.9955619 0 0.094109125
    outer loop
      vertex 0.82129097 -58.54 6.2116
      vertex 0.80532837 -68.74 6.380465
      vertex 0.82129097 -68.74 6.2116
    endloop
  endfacet
  facet normal 0.9177536 0 0.39715028
    outer loop
      vertex 0.989604 -68.74 5.556063
      vertex 1.0569677 -58.54 5.400396
      vertex 0.989604 -58.54 5.556063
    endloop
  endfacet
  facet normal 0.9177536 0 0.39715028
    outer loop
      vertex 1.0569677 -58.54 5.400396
      vertex 0.989604 -68.74 5.556063
      vertex 1.0569677 -68.74 5.400396
    endloop
  endfacet
  facet normal 0.94088113 0 0.33873698
    outer loop
      vertex 0.932148 -68.74 5.715654
      vertex 0.989604 -58.54 5.556063
      vertex 0.932148 -58.54 5.715654
    endloop
  endfacet
  facet normal 0.94088113 0 0.33873698
    outer loop
      vertex 0.989604 -58.54 5.556063
      vertex 0.932148 -68.74 5.715654
      vertex 0.989604 -68.74 5.556063
    endloop
  endfacet
  facet normal 0.960293 0 0.27899352
    outer loop
      vertex 0.8848257 -68.74 5.8785367
      vertex 0.932148 -58.54 5.715654
      vertex 0.8848257 -58.54 5.8785367
    endloop
  endfacet
  facet normal 0.960293 0 0.27899352
    outer loop
      vertex 0.932148 -58.54 5.715654
      vertex 0.8848257 -68.74 5.8785367
      vertex 0.932148 -68.74 5.715654
    endloop
  endfacet
  facet normal 0.9759172 0 0.21814117
    outer loop
      vertex 0.84782505 -68.74 6.04407
      vertex 0.8848257 -58.54 5.8785367
      vertex 0.84782505 -58.54 6.04407
    endloop
  endfacet
  facet normal 0.9759172 0 0.21814117
    outer loop
      vertex 0.8848257 -58.54 5.8785367
      vertex 0.84782505 -68.74 6.04407
      vertex 0.8848257 -68.74 5.8785367
    endloop
  endfacet
  facet normal 0 1 0
    outer loop
      vertex 3.6695337 -68.74 9.244671
      vertex 3.3304663 -68.74 9.244671
      vertex 3.5 -68.74 9.249999
    endloop
  endfacet
  facet normal 0 1 0
    outer loop
      vertex 3.838399 -68.74 9.228709
      vertex 3.3304663 -68.74 9.244671
      vertex 3.6695337 -68.74 9.244671
    endloop
  endfacet
  facet normal 0 1 0
    outer loop
      vertex 3.838399 -68.74 9.228709
      vertex 3.161601 -68.74 9.228709
      vertex 3.3304663 -68.74 9.244671
    endloop
  endfacet
  facet normal 0 1 0
    outer loop
      vertex 4.005929 -68.74 9.202175
      vertex 3.161601 -68.74 9.228709
      vertex 3.838399 -68.74 9.228709
    endloop
  endfacet
  facet normal 0 1 0
    outer loop
      vertex 4.005929 -68.74 9.202175
      vertex 2.994071 -68.74 9.202175
      vertex 3.161601 -68.74 9.228709
    endloop
  endfacet
  facet normal 0 1 0
    outer loop
      vertex 4.171462 -68.74 9.165174
      vertex 2.994071 -68.74 9.202175
      vertex 4.005929 -68.74 9.202175
    endloop
  endfacet
  facet normal 0 1 0
    outer loop
      vertex 4.171462 -68.74 9.165174
      vertex 2.828538 -68.74 9.165174
      vertex 2.994071 -68.74 9.202175
    endloop
  endfacet
  facet normal 0 1 0
    outer loop
      vertex 4.334346 -68.74 9.117852
      vertex 2.828538 -68.74 9.165174
      vertex 4.171462 -68.74 9.165174
    endloop
  endfacet
  facet normal 0 1 0
    outer loop
      vertex 4.334346 -68.74 9.117852
      vertex 2.6656542 -68.74 9.117852
      vertex 2.828538 -68.74 9.165174
    endloop
  endfacet
  facet normal 0 1 0
    outer loop
      vertex 4.4939356 -68.74 9.060395
      vertex 2.6656542 -68.74 9.117852
      vertex 4.334346 -68.74 9.117852
    endloop
  endfacet
  facet normal 0 1 0
    outer loop
      vertex 4.4939356 -68.74 9.060395
      vertex 2.5060644 -68.74 9.060395
      vertex 2.6656542 -68.74 9.117852
    endloop
  endfacet
  facet normal 0 1 0
    outer loop
      vertex 4.649604 -68.74 8.993032
      vertex 2.5060644 -68.74 9.060395
      vertex 4.4939356 -68.74 9.060395
    endloop
  endfacet
  facet normal 0 1 0
    outer loop
      vertex 4.649604 -68.74 8.993032
      vertex 2.3503962 -68.74 8.993032
      vertex 2.5060644 -68.74 9.060395
    endloop
  endfacet
  facet normal 0 1 0
    outer loop
      vertex 4.8007345 -68.74 8.916027
      vertex 2.3503962 -68.74 8.993032
      vertex 4.649604 -68.74 8.993032
    endloop
  endfacet
  facet normal 0 1 0
    outer loop
      vertex 4.8007345 -68.74 8.916027
      vertex 2.1992655 -68.74 8.916027
      vertex 2.3503962 -68.74 8.993032
    endloop
  endfacet
  facet normal 0 1 0
    outer loop
      vertex 4.9467316 -68.74 8.829684
      vertex 2.1992655 -68.74 8.916027
      vertex 4.8007345 -68.74 8.916027
    endloop
  endfacet
  facet normal 0 1 0
    outer loop
      vertex 4.9467316 -68.74 8.829684
      vertex 2.0532684 -68.74 8.829684
      vertex 2.1992655 -68.74 8.916027
    endloop
  endfacet
  facet normal 0 1 0
    outer loop
      vertex 5.08702 -68.74 8.734345
      vertex 2.0532684 -68.74 8.829684
      vertex 4.9467316 -68.74 8.829684
    endloop
  endfacet
  facet normal 0 1 0
    outer loop
      vertex 5.08702 -68.74 8.734345
      vertex 1.9129801 -68.74 8.734345
      vertex 2.0532684 -68.74 8.829684
    endloop
  endfacet
  facet normal 0 1 0
    outer loop
      vertex 5.2210445 -68.74 8.630384
      vertex 1.9129801 -68.74 8.734345
      vertex 5.08702 -68.74 8.734345
    endloop
  endfacet
  facet normal 0 1 0
    outer loop
      vertex 5.2210445 -68.74 8.630384
      vertex 1.7789555 -68.74 8.630384
      vertex 1.9129801 -68.74 8.734345
    endloop
  endfacet
  facet normal 0 1 0
    outer loop
      vertex 5.348277 -68.74 8.518214
      vertex 1.7789555 -68.74 8.630384
      vertex 5.2210445 -68.74 8.630384
    endloop
  endfacet
  facet normal 0 1 0
    outer loop
      vertex 5.348277 -68.74 8.518214
      vertex 1.6517229 -68.74 8.518214
      vertex 1.7789555 -68.74 8.630384
    endloop
  endfacet
  facet normal 0 1 0
    outer loop
      vertex 5.468215 -68.74 8.398276
      vertex 1.6517229 -68.74 8.518214
      vertex 5.348277 -68.74 8.518214
    endloop
  endfacet
  facet normal 0 1 0
    outer loop
      vertex 5.468215 -68.74 8.398276
      vertex 1.531785 -68.74 8.398276
      vertex 1.6517229 -68.74 8.518214
    endloop
  endfacet
  facet normal 0 1 0
    outer loop
      vertex 5.580385 -68.74 8.271044
      vertex 1.531785 -68.74 8.398276
      vertex 5.468215 -68.74 8.398276
    endloop
  endfacet
  facet normal 0 1 0
    outer loop
      vertex 5.580385 -68.74 8.271044
      vertex 1.4196148 -68.74 8.271044
      vertex 1.531785 -68.74 8.398276
    endloop
  endfacet
  facet normal 0 1 0
    outer loop
      vertex 5.6843452 -68.74 8.137019
      vertex 1.4196148 -68.74 8.271044
      vertex 5.580385 -68.74 8.271044
    endloop
  endfacet
  facet normal 0 1 0
    outer loop
      vertex 5.6843452 -68.74 8.137019
      vertex 1.3156548 -68.74 8.137019
      vertex 1.4196148 -68.74 8.271044
    endloop
  endfacet
  facet normal 0 1 0
    outer loop
      vertex 5.779685 -68.74 7.996732
      vertex 1.3156548 -68.74 8.137019
      vertex 5.6843452 -68.74 8.137019
    endloop
  endfacet
  facet normal 0 1 0
    outer loop
      vertex 5.779685 -68.74 7.996732
      vertex 1.220315 -68.74 7.996732
      vertex 1.3156548 -68.74 8.137019
    endloop
  endfacet
  facet normal 0 1 0
    outer loop
      vertex 5.866028 -68.74 7.850734
      vertex 1.220315 -68.74 7.996732
      vertex 5.779685 -68.74 7.996732
    endloop
  endfacet
  facet normal 0 1 0
    outer loop
      vertex 5.866028 -68.74 7.850734
      vertex 1.1339722 -68.74 7.850734
      vertex 1.220315 -68.74 7.996732
    endloop
  endfacet
  facet normal 0 1 0
    outer loop
      vertex 5.9430323 -68.74 7.6996036
      vertex 1.1339722 -68.74 7.850734
      vertex 5.866028 -68.74 7.850734
    endloop
  endfacet
  facet normal 0 1 0
    outer loop
      vertex 5.9430323 -68.74 7.6996036
      vertex 1.0569677 -68.74 7.6996036
      vertex 1.1339722 -68.74 7.850734
    endloop
  endfacet
  facet normal 0 1 0
    outer loop
      vertex 6.010396 -68.74 7.5439363
      vertex 1.0569677 -68.74 7.6996036
      vertex 5.9430323 -68.74 7.6996036
    endloop
  endfacet
  facet normal 0 1 0
    outer loop
      vertex 6.010396 -68.74 7.5439363
      vertex 0.989604 -68.74 7.5439363
      vertex 1.0569677 -68.74 7.6996036
    endloop
  endfacet
  facet normal 0 1 0
    outer loop
      vertex 6.067852 -68.74 7.3843455
      vertex 0.989604 -68.74 7.5439363
      vertex 6.010396 -68.74 7.5439363
    endloop
  endfacet
  facet normal 0 1 0
    outer loop
      vertex 6.067852 -68.74 7.3843455
      vertex 0.932148 -68.74 7.3843455
      vertex 0.989604 -68.74 7.5439363
    endloop
  endfacet
  facet normal 0 1 0
    outer loop
      vertex 6.1151743 -68.74 7.2214627
      vertex 0.932148 -68.74 7.3843455
      vertex 6.067852 -68.74 7.3843455
    endloop
  endfacet
  facet normal 0 1 0
    outer loop
      vertex 6.1151743 -68.74 7.2214627
      vertex 0.8848257 -68.74 7.2214627
      vertex 0.932148 -68.74 7.3843455
    endloop
  endfacet
  facet normal 0 1 0
    outer loop
      vertex 6.152175 -68.74 7.0559287
      vertex 0.8848257 -68.74 7.2214627
      vertex 6.1151743 -68.74 7.2214627
    endloop
  endfacet
  facet normal 0 1 0
    outer loop
      vertex 6.152175 -68.74 7.0559287
      vertex 0.84782505 -68.74 7.0559287
      vertex 0.8848257 -68.74 7.2214627
    endloop
  endfacet
  facet normal 0 1 0
    outer loop
      vertex 6.178709 -68.74 6.8883996
      vertex 0.84782505 -68.74 7.0559287
      vertex 6.152175 -68.74 7.0559287
    endloop
  endfacet
  facet normal 0 1 0
    outer loop
      vertex 6.178709 -68.74 6.8883996
      vertex 0.82129097 -68.74 6.8883996
      vertex 0.84782505 -68.74 7.0559287
    endloop
  endfacet
  facet normal 0 1 0
    outer loop
      vertex 6.1946716 -68.74 6.7195344
      vertex 0.82129097 -68.74 6.8883996
      vertex 6.178709 -68.74 6.8883996
    endloop
  endfacet
  facet normal 0 1 0
    outer loop
      vertex 6.1946716 -68.74 6.7195344
      vertex 0.80532837 -68.74 6.7195344
      vertex 0.82129097 -68.74 6.8883996
    endloop
  endfacet
  facet normal 0 1 0
    outer loop
      vertex 6.2 -68.74 6.5499997
      vertex 0.80532837 -68.74 6.7195344
      vertex 6.1946716 -68.74 6.7195344
    endloop
  endfacet
  facet normal 0 1 0
    outer loop
      vertex 6.2 -68.74 6.5499997
      vertex 0.8000002 -68.74 6.5499997
      vertex 0.80532837 -68.74 6.7195344
    endloop
  endfacet
  facet normal 0 1 0
    outer loop
      vertex 6.1946716 -68.74 6.380465
      vertex 0.8000002 -68.74 6.5499997
      vertex 6.2 -68.74 6.5499997
    endloop
  endfacet
  facet normal 0 1 0
    outer loop
      vertex 6.1946716 -68.74 6.380465
      vertex 0.80532837 -68.74 6.380465
      vertex 0.8000002 -68.74 6.5499997
    endloop
  endfacet
  facet normal 0 1 0
    outer loop
      vertex 6.178709 -68.74 6.2116
      vertex 0.80532837 -68.74 6.380465
      vertex 6.1946716 -68.74 6.380465
    endloop
  endfacet
  facet normal 0 1 0
    outer loop
      vertex 6.178709 -68.74 6.2116
      vertex 0.82129097 -68.74 6.2116
      vertex 0.80532837 -68.74 6.380465
    endloop
  endfacet
  facet normal 0 1 0
    outer loop
      vertex 6.152175 -68.74 6.04407
      vertex 0.82129097 -68.74 6.2116
      vertex 6.178709 -68.74 6.2116
    endloop
  endfacet
  facet normal 0 1 0
    outer loop
      vertex 6.152175 -68.74 6.04407
      vertex 0.84782505 -68.74 6.04407
      vertex 0.82129097 -68.74 6.2116
    endloop
  endfacet
  facet normal 0 1 0
    outer loop
      vertex 6.1151743 -68.74 5.8785367
      vertex 0.84782505 -68.74 6.04407
      vertex 6.152175 -68.74 6.04407
    endloop
  endfacet
  facet normal 0 1 0
    outer loop
      vertex 6.1151743 -68.74 5.8785367
      vertex 0.8848257 -68.74 5.8785367
      vertex 0.84782505 -68.74 6.04407
    endloop
  endfacet
  facet normal 0 1 0
    outer loop
      vertex 6.067852 -68.74 5.715654
      vertex 0.8848257 -68.74 5.8785367
      vertex 6.1151743 -68.74 5.8785367
    endloop
  endfacet
  facet normal 0 1 0
    outer loop
      vertex 6.067852 -68.74 5.715654
      vertex 0.932148 -68.74 5.715654
      vertex 0.8848257 -68.74 5.8785367
    endloop
  endfacet
  facet normal 0 1 0
    outer loop
      vertex 6.010396 -68.74 5.556063
      vertex 0.932148 -68.74 5.715654
      vertex 6.067852 -68.74 5.715654
    endloop
  endfacet
  facet normal 0 1 0
    outer loop
      vertex 6.010396 -68.74 5.556063
      vertex 0.989604 -68.74 5.556063
      vertex 0.932148 -68.74 5.715654
    endloop
  endfacet
  facet normal 0 1 0
    outer loop
      vertex 5.9430323 -68.74 5.400396
      vertex 0.989604 -68.74 5.556063
      vertex 6.010396 -68.74 5.556063
    endloop
  endfacet
  facet normal 0 1 0
    outer loop
      vertex 5.9430323 -68.74 5.400396
      vertex 1.0569677 -68.74 5.400396
      vertex 0.989604 -68.74 5.556063
    endloop
  endfacet
  facet normal 0 1 0
    outer loop
      vertex 5.866028 -68.74 5.2492642
      vertex 1.0569677 -68.74 5.400396
      vertex 5.9430323 -68.74 5.400396
    endloop
  endfacet
  facet normal 0 1 0
    outer loop
      vertex 5.866028 -68.74 5.2492642
      vertex 1.1339722 -68.74 5.2492642
      vertex 1.0569677 -68.74 5.400396
    endloop
  endfacet
  facet normal 0 1 0
    outer loop
      vertex 5.779685 -68.74 5.103267
      vertex 1.1339722 -68.74 5.2492642
      vertex 5.866028 -68.74 5.2492642
    endloop
  endfacet
  facet normal 0 1 0
    outer loop
      vertex 5.779685 -68.74 5.103267
      vertex 1.220315 -68.74 5.103267
      vertex 1.1339722 -68.74 5.2492642
    endloop
  endfacet
  facet normal 0 1 0
    outer loop
      vertex 5.6843452 -68.74 4.96298
      vertex 1.220315 -68.74 5.103267
      vertex 5.779685 -68.74 5.103267
    endloop
  endfacet
  facet normal 0 1 0
    outer loop
      vertex 5.6843452 -68.74 4.96298
      vertex 1.3156548 -68.74 4.96298
      vertex 1.220315 -68.74 5.103267
    endloop
  endfacet
  facet normal 0 1 0
    outer loop
      vertex 5.580385 -68.74 4.828955
      vertex 1.3156548 -68.74 4.96298
      vertex 5.6843452 -68.74 4.96298
    endloop
  endfacet
  facet normal 0 1 0
    outer loop
      vertex 5.580385 -68.74 4.828955
      vertex 1.4196148 -68.74 4.828955
      vertex 1.3156548 -68.74 4.96298
    endloop
  endfacet
  facet normal 0 1 0
    outer loop
      vertex 5.468215 -68.74 4.7017226
      vertex 1.4196148 -68.74 4.828955
      vertex 5.580385 -68.74 4.828955
    endloop
  endfacet
  facet normal 0 1 0
    outer loop
      vertex 5.468215 -68.74 4.7017226
      vertex 1.531785 -68.74 4.7017226
      vertex 1.4196148 -68.74 4.828955
    endloop
  endfacet
  facet normal 0 1 0
    outer loop
      vertex 5.348277 -68.74 4.5817847
      vertex 1.531785 -68.74 4.7017226
      vertex 5.468215 -68.74 4.7017226
    endloop
  endfacet
  facet normal 0 1 0
    outer loop
      vertex 5.348277 -68.74 4.5817847
      vertex 1.6517229 -68.74 4.5817847
      vertex 1.531785 -68.74 4.7017226
    endloop
  endfacet
  facet normal 0 1 0
    outer loop
      vertex 5.2210445 -68.74 4.4696136
      vertex 1.6517229 -68.74 4.5817847
      vertex 5.348277 -68.74 4.5817847
    endloop
  endfacet
  facet normal 0 1 0
    outer loop
      vertex 5.2210445 -68.74 4.4696136
      vertex 1.7789555 -68.74 4.4696136
      vertex 1.6517229 -68.74 4.5817847
    endloop
  endfacet
  facet normal 0 1 0
    outer loop
      vertex 5.08702 -68.74 4.3656535
      vertex 1.7789555 -68.74 4.4696136
      vertex 5.2210445 -68.74 4.4696136
    endloop
  endfacet
  facet normal 0 1 0
    outer loop
      vertex 5.08702 -68.74 4.3656535
      vertex 1.9129801 -68.74 4.3656535
      vertex 1.7789555 -68.74 4.4696136
    endloop
  endfacet
  facet normal 0 1 0
    outer loop
      vertex 4.9467316 -68.74 4.2703147
      vertex 1.9129801 -68.74 4.3656535
      vertex 5.08702 -68.74 4.3656535
    endloop
  endfacet
  facet normal 0 1 0
    outer loop
      vertex 4.9467316 -68.74 4.2703147
      vertex 2.0532684 -68.74 4.2703147
      vertex 1.9129801 -68.74 4.3656535
    endloop
  endfacet
  facet normal 0 1 0
    outer loop
      vertex 4.8007345 -68.74 4.183972
      vertex 2.0532684 -68.74 4.2703147
      vertex 4.9467316 -68.74 4.2703147
    endloop
  endfacet
  facet normal 0 1 0
    outer loop
      vertex 4.8007345 -68.74 4.183972
      vertex 2.1992655 -68.74 4.183972
      vertex 2.0532684 -68.74 4.2703147
    endloop
  endfacet
  facet normal 0 1 0
    outer loop
      vertex 4.649604 -68.74 4.1069665
      vertex 2.1992655 -68.74 4.183972
      vertex 4.8007345 -68.74 4.183972
    endloop
  endfacet
  facet normal 0 1 0
    outer loop
      vertex 4.649604 -68.74 4.1069665
      vertex 2.3503962 -68.74 4.1069665
      vertex 2.1992655 -68.74 4.183972
    endloop
  endfacet
  facet normal 0 1 0
    outer loop
      vertex 4.4939356 -68.74 4.0396028
      vertex 2.3503962 -68.74 4.1069665
      vertex 4.649604 -68.74 4.1069665
    endloop
  endfacet
  facet normal 0 1 0
    outer loop
      vertex 4.4939356 -68.74 4.0396028
      vertex 2.5060644 -68.74 4.0396028
      vertex 2.3503962 -68.74 4.1069665
    endloop
  endfacet
  facet normal 0 1 0
    outer loop
      vertex 4.334346 -68.74 3.9821467
      vertex 2.5060644 -68.74 4.0396028
      vertex 4.4939356 -68.74 4.0396028
    endloop
  endfacet
  facet normal 0 1 0
    outer loop
      vertex 4.334346 -68.74 3.9821467
      vertex 2.6656542 -68.74 3.9821467
      vertex 2.5060644 -68.74 4.0396028
    endloop
  endfacet
  facet normal 0 1 0
    outer loop
      vertex 4.171462 -68.74 3.9348254
      vertex 2.6656542 -68.74 3.9821467
      vertex 4.334346 -68.74 3.9821467
    endloop
  endfacet
  facet normal 0 1 0
    outer loop
      vertex 4.171462 -68.74 3.9348254
      vertex 2.828538 -68.74 3.9348254
      vertex 2.6656542 -68.74 3.9821467
    endloop
  endfacet
  facet normal 0 1 0
    outer loop
      vertex 4.005929 -68.74 3.8978238
      vertex 2.828538 -68.74 3.9348254
      vertex 4.171462 -68.74 3.9348254
    endloop
  endfacet
  facet normal 0 1 0
    outer loop
      vertex 4.005929 -68.74 3.8978238
      vertex 2.994071 -68.74 3.8978238
      vertex 2.828538 -68.74 3.9348254
    endloop
  endfacet
  facet normal 0 1 0
    outer loop
      vertex 3.838399 -68.74 3.8712897
      vertex 2.994071 -68.74 3.8978238
      vertex 4.005929 -68.74 3.8978238
    endloop
  endfacet
  facet normal 0 1 0
    outer loop
      vertex 3.838399 -68.74 3.8712897
      vertex 3.161601 -68.74 3.8712897
      vertex 2.994071 -68.74 3.8978238
    endloop
  endfacet
  facet normal 0 1 0
    outer loop
      vertex 3.6695337 -68.74 3.8553271
      vertex 3.161601 -68.74 3.8712897
      vertex 3.838399 -68.74 3.8712897
    endloop
  endfacet
  facet normal 0 1 0
    outer loop
      vertex 3.6695337 -68.74 3.8553271
      vertex 3.3304663 -68.74 3.8553271
      vertex 3.161601 -68.74 3.8712897
    endloop
  endfacet
  facet normal 0 1 0
    outer loop
      vertex 3.3304663 -68.74 3.8553271
      vertex 3.6695337 -68.74 3.8553271
      vertex 3.5 -68.74 3.85
    endloop
  endfacet
  facet normal -0.61291015 0 -0.7901526
    outer loop
      vertex 5.08702 -68.74 8.734345
      vertex 5.2210445 -58.54 8.630384
      vertex 5.2210445 -68.74 8.630384
    endloop
  endfacet
  facet normal -0.61291015 0 -0.7901526
    outer loop
      vertex 5.2210445 -58.54 8.630384
      vertex 5.08702 -68.74 8.734345
      vertex 5.08702 -58.54 8.734345
    endloop
  endfacet
  facet normal -0.6613107 0 -0.7501121
    outer loop
      vertex 5.2210445 -68.74 8.630384
      vertex 5.348277 -58.54 8.518214
      vertex 5.348277 -68.74 8.518214
    endloop
  endfacet
  facet normal -0.6613107 0 -0.7501121
    outer loop
      vertex 5.348277 -58.54 8.518214
      vertex 5.2210445 -68.74 8.630384
      vertex 5.2210445 -58.54 8.630384
    endloop
  endfacet
  facet normal -0.9177536 0 0.39715028
    outer loop
      vertex 5.9430323 -68.74 5.400396
      vertex 6.010396 -58.54 5.556063
      vertex 5.9430323 -58.54 5.400396
    endloop
  endfacet
  facet normal -0.9177536 0 0.39715028
    outer loop
      vertex 6.010396 -58.54 5.556063
      vertex 5.9430323 -68.74 5.400396
      vertex 6.010396 -68.74 5.556063
    endloop
  endfacet
  facet normal -0.89100885 0 0.45398593
    outer loop
      vertex 5.866028 -68.74 5.2492642
      vertex 5.9430323 -58.54 5.400396
      vertex 5.866028 -58.54 5.2492642
    endloop
  endfacet
  facet normal -0.89100885 0 0.45398593
    outer loop
      vertex 5.9430323 -58.54 5.400396
      vertex 5.866028 -68.74 5.2492642
      vertex 5.9430323 -68.74 5.400396
    endloop
  endfacet
  facet normal 0.45399266 0 0.8910054
    outer loop
      vertex 2.1992655 -58.54 4.183972
      vertex 2.3503962 -68.74 4.1069665
      vertex 2.3503962 -58.54 4.1069665
    endloop
  endfacet
  facet normal 0.45399266 0 0.8910054
    outer loop
      vertex 2.3503962 -68.74 4.1069665
      vertex 2.1992655 -58.54 4.183972
      vertex 2.1992655 -68.74 4.183972
    endloop
  endfacet
  facet normal -0.50904316 0 0.860741
    outer loop
      vertex 4.8007345 -58.54 4.183972
      vertex 4.9467316 -68.74 4.2703147
      vertex 4.9467316 -58.54 4.2703147
    endloop
  endfacet
  facet normal -0.50904316 0 0.860741
    outer loop
      vertex 4.9467316 -68.74 4.2703147
      vertex 4.8007345 -58.54 4.183972
      vertex 4.8007345 -68.74 4.183972
    endloop
  endfacet
  facet normal 0.79015535 0 0.61290663
    outer loop
      vertex 1.3156548 -68.74 4.96298
      vertex 1.4196148 -58.54 4.828955
      vertex 1.3156548 -58.54 4.96298
    endloop
  endfacet
  facet normal 0.79015535 0 0.61290663
    outer loop
      vertex 1.4196148 -58.54 4.828955
      vertex 1.3156548 -68.74 4.96298
      vertex 1.4196148 -68.74 4.828955
    endloop
  endfacet
  facet normal 0.70710677 0 0.70710677
    outer loop
      vertex 1.531785 -68.74 4.7017226
      vertex 1.6517229 -58.54 4.5817847
      vertex 1.531785 -58.54 4.7017226
    endloop
  endfacet
  facet normal 0.70710677 0 0.70710677
    outer loop
      vertex 1.6517229 -58.54 4.5817847
      vertex 1.531785 -68.74 4.7017226
      vertex 1.6517229 -68.74 4.5817847
    endloop
  endfacet
  facet normal 0.82707906 0 0.5620856
    outer loop
      vertex 1.220315 -68.74 5.103267
      vertex 1.3156548 -58.54 4.96298
      vertex 1.220315 -58.54 5.103267
    endloop
  endfacet
  facet normal 0.82707906 0 0.5620856
    outer loop
      vertex 1.3156548 -58.54 4.96298
      vertex 1.220315 -68.74 5.103267
      vertex 1.3156548 -68.74 4.96298
    endloop
  endfacet
  facet normal -0.09410557 0 0.9955622
    outer loop
      vertex 24.498669 -49.65 9.768458
      vertex 24.748838 -79 9.792106
      vertex 24.748838 -49.65 9.792106
    endloop
  endfacet
  facet normal -0.09410557 0 0.9955622
    outer loop
      vertex 24.748838 -79 9.792106
      vertex 24.498669 -49.65 9.768458
      vertex 24.498669 -79 9.768458
    endloop
  endfacet
  facet normal 0.27898905 0 0.9602943
    outer loop
      vertex 25.994759 -49.65 9.674332
      vertex 26.236069 -79 9.604225
      vertex 26.236069 -49.65 9.604225
    endloop
  endfacet
  facet normal 0.27898905 0 0.9602943
    outer loop
      vertex 26.236069 -79 9.604225
      vertex 25.994759 -49.65 9.674332
      vertex 25.994759 -79 9.674332
    endloop
  endfacet
  facet normal -0.15643613 0 0.98768806
    outer loop
      vertex 24.250475 -49.65 9.729148
      vertex 24.498669 -79 9.768458
      vertex 24.498669 -49.65 9.768458
    endloop
  endfacet
  facet normal -0.15643613 0 0.98768806
    outer loop
      vertex 24.498669 -79 9.768458
      vertex 24.250475 -49.65 9.729148
      vertex 24.250475 -79 9.729148
    endloop
  endfacet
  facet normal 0.9995066 0 0.031408925
    outer loop
      vertex 28.992107 -79 6.0511613
      vertex 29 -49.65 5.7999997
      vertex 28.992107 -49.65 6.0511613
    endloop
  endfacet
  facet normal 0.9995066 0 0.031408925
    outer loop
      vertex 29 -49.65 5.7999997
      vertex 28.992107 -79 6.0511613
      vertex 29 -79 5.7999997
    endloop
  endfacet
  facet normal -0.6613099 0 0.7501128
    outer loop
      vertex 22.261812 -49.65 8.715874
      vertex 22.450306 -79 8.882052
      vertex 22.450306 -49.65 8.882052
    endloop
  endfacet
  facet normal -0.6613099 0 0.7501128
    outer loop
      vertex 22.450306 -79 8.882052
      vertex 22.261812 -49.65 8.715874
      vertex 22.261812 -79 8.715874
    endloop
  endfacet
  facet normal -0.750113 0 0.66130966
    outer loop
      vertex 21.917948 -79 8.349695
      vertex 22.084126 -49.65 8.538188
      vertex 21.917948 -49.65 8.349695
    endloop
  endfacet
  facet normal -0.750113 0 0.66130966
    outer loop
      vertex 22.084126 -49.65 8.538188
      vertex 21.917948 -79 8.349695
      vertex 22.084126 -79 8.538188
    endloop
  endfacet
  facet normal -0.21814345 0 0.97591674
    outer loop
      vertex 24.005241 -49.65 9.674332
      vertex 24.250475 -79 9.729148
      vertex 24.250475 -49.65 9.729148
    endloop
  endfacet
  facet normal -0.21814345 0 0.97591674
    outer loop
      vertex 24.250475 -79 9.729148
      vertex 24.005241 -49.65 9.674332
      vertex 24.005241 -79 9.674332
    endloop
  endfacet
  facet normal -0.8607429 0 0.5090399
    outer loop
      vertex 21.494774 -79 7.727014
      vertex 21.622688 -49.65 7.9433064
      vertex 21.494774 -49.65 7.727014
    endloop
  endfacet
  facet normal -0.8607429 0 0.5090399
    outer loop
      vertex 21.622688 -49.65 7.9433064
      vertex 21.494774 -79 7.727014
      vertex 21.622688 -79 7.9433064
    endloop
  endfacet
  facet normal 0.9955616 0 0.09411238
    outer loop
      vertex 28.968458 -79 6.301333
      vertex 28.992107 -49.65 6.0511613
      vertex 28.968458 -49.65 6.301333
    endloop
  endfacet
  facet normal 0.9955616 0 0.09411238
    outer loop
      vertex 28.992107 -49.65 6.0511613
      vertex 28.968458 -79 6.301333
      vertex 28.992107 -79 6.0511613
    endloop
  endfacet
  facet normal -0.5620832 0 0.8270807
    outer loop
      vertex 22.648859 -49.65 9.036067
      vertex 22.856693 -79 9.177311
      vertex 22.856693 -49.65 9.177311
    endloop
  endfacet
  facet normal -0.5620832 0 0.8270807
    outer loop
      vertex 22.856693 -79 9.177311
      vertex 22.648859 -49.65 9.036067
      vertex 22.648859 -79 9.036067
    endloop
  endfacet
  facet normal 0.031412713 0 0.9995065
    outer loop
      vertex 25 -49.65 9.799999
      vertex 25.251162 -79 9.792106
      vertex 25.251162 -49.65 9.792106
    endloop
  endfacet
  facet normal 0.031412713 0 0.9995065
    outer loop
      vertex 25.251162 -79 9.792106
      vertex 25 -49.65 9.799999
      vertex 25 -79 9.799999
    endloop
  endfacet
  facet normal -0.509041 0 0.8607423
    outer loop
      vertex 22.856693 -49.65 9.177311
      vertex 23.072987 -79 9.305226
      vertex 23.072987 -49.65 9.305226
    endloop
  endfacet
  facet normal -0.509041 0 0.8607423
    outer loop
      vertex 23.072987 -79 9.305226
      vertex 22.856693 -49.65 9.177311
      vertex 22.856693 -79 9.177311
    endloop
  endfacet
  facet normal 0.8607429 0 0.5090399
    outer loop
      vertex 28.377312 -79 7.9433064
      vertex 28.505226 -49.65 7.727014
      vertex 28.377312 -49.65 7.9433064
    endloop
  endfacet
  facet normal 0.8607429 0 0.5090399
    outer loop
      vertex 28.505226 -49.65 7.727014
      vertex 28.377312 -79 7.9433064
      vertex 28.505226 -79 7.727014
    endloop
  endfacet
  facet normal 0.82708186 0 0.56208146
    outer loop
      vertex 28.236069 -79 8.15114
      vertex 28.377312 -49.65 7.9433064
      vertex 28.236069 -49.65 8.15114
    endloop
  endfacet
  facet normal 0.82708186 0 0.56208146
    outer loop
      vertex 28.377312 -49.65 7.9433064
      vertex 28.236069 -79 8.15114
      vertex 28.377312 -79 7.9433064
    endloop
  endfacet
  facet normal -0.9759161 0 0.21814626
    outer loop
      vertex 21.07085 -79 6.549525
      vertex 21.125668 -49.65 6.7947593
      vertex 21.07085 -49.65 6.549525
    endloop
  endfacet
  facet normal -0.9759161 0 0.21814626
    outer loop
      vertex 21.125668 -49.65 6.7947593
      vertex 21.07085 -79 6.549525
      vertex 21.125668 -79 6.7947593
    endloop
  endfacet
  facet normal -0.8910047 0 0.45399407
    outer loop
      vertex 21.380692 -79 7.503117
      vertex 21.494774 -49.65 7.727014
      vertex 21.380692 -49.65 7.503117
    endloop
  endfacet
  facet normal -0.8910047 0 0.45399407
    outer loop
      vertex 21.494774 -49.65 7.727014
      vertex 21.380692 -79 7.503117
      vertex 21.494774 -79 7.727014
    endloop
  endfacet
  facet normal 0.91775703 0 0.39714238
    outer loop
      vertex 28.619308 -79 7.503117
      vertex 28.719105 -49.65 7.2724977
      vertex 28.619308 -49.65 7.503117
    endloop
  endfacet
  facet normal 0.91775703 0 0.39714238
    outer loop
      vertex 28.719105 -49.65 7.2724977
      vertex 28.619308 -79 7.503117
      vertex 28.719105 -79 7.2724977
    endloop
  endfacet
  facet normal 0.15643613 0 0.98768806
    outer loop
      vertex 25.501331 -49.65 9.768458
      vertex 25.749525 -79 9.729148
      vertex 25.749525 -49.65 9.729148
    endloop
  endfacet
  facet normal 0.15643613 0 0.98768806
    outer loop
      vertex 25.749525 -79 9.729148
      vertex 25.501331 -49.65 9.768458
      vertex 25.501331 -79 9.768458
    endloop
  endfacet
  facet normal 0.6613099 0 0.7501128
    outer loop
      vertex 27.549694 -49.65 8.882052
      vertex 27.738188 -79 8.715874
      vertex 27.738188 -49.65 8.715874
    endloop
  endfacet
  facet normal 0.6613099 0 0.7501128
    outer loop
      vertex 27.738188 -79 8.715874
      vertex 27.549694 -49.65 8.882052
      vertex 27.549694 -79 8.882052
    endloop
  endfacet
  facet normal 0.70710486 0 0.7071087
    outer loop
      vertex 27.738188 -49.65 8.715874
      vertex 27.915874 -79 8.538188
      vertex 27.915874 -49.65 8.538188
    endloop
  endfacet
  facet normal 0.70710486 0 0.7071087
    outer loop
      vertex 27.915874 -79 8.538188
      vertex 27.738188 -49.65 8.715874
      vertex 27.738188 -79 8.715874
    endloop
  endfacet
  facet normal -0.031412713 0 0.9995065
    outer loop
      vertex 24.748838 -49.65 9.792106
      vertex 25 -79 9.799999
      vertex 25 -49.65 9.799999
    endloop
  endfacet
  facet normal -0.031412713 0 0.9995065
    outer loop
      vertex 25 -79 9.799999
      vertex 24.748838 -49.65 9.792106
      vertex 24.748838 -79 9.792106
    endloop
  endfacet
  facet normal -0.9876891 0 0.1564299
    outer loop
      vertex 21.031542 -79 6.301333
      vertex 21.07085 -49.65 6.549525
      vertex 21.031542 -49.65 6.301333
    endloop
  endfacet
  facet normal -0.9876891 0 0.1564299
    outer loop
      vertex 21.07085 -49.65 6.549525
      vertex 21.031542 -79 6.301333
      vertex 21.07085 -79 6.549525
    endloop
  endfacet
  facet normal -0.39714557 0 0.9177556
    outer loop
      vertex 23.296883 -49.65 9.419308
      vertex 23.527502 -79 9.519105
      vertex 23.527502 -49.65 9.519105
    endloop
  endfacet
  facet normal -0.39714557 0 0.9177556
    outer loop
      vertex 23.527502 -79 9.519105
      vertex 23.296883 -49.65 9.419308
      vertex 23.296883 -79 9.419308
    endloop
  endfacet
  facet normal -0.82708186 0 0.56208146
    outer loop
      vertex 21.622688 -79 7.9433064
      vertex 21.763931 -49.65 8.15114
      vertex 21.622688 -49.65 7.9433064
    endloop
  endfacet
  facet normal -0.82708186 0 0.56208146
    outer loop
      vertex 21.763931 -49.65 8.15114
      vertex 21.622688 -79 7.9433064
      vertex 21.763931 -79 8.15114
    endloop
  endfacet
  facet normal -0.45399258 0 0.89100546
    outer loop
      vertex 23.072987 -49.65 9.305226
      vertex 23.296883 -79 9.419308
      vertex 23.296883 -49.65 9.419308
    endloop
  endfacet
  facet normal -0.45399258 0 0.89100546
    outer loop
      vertex 23.296883 -79 9.419308
      vertex 23.072987 -49.65 9.305226
      vertex 23.072987 -79 9.305226
    endloop
  endfacet
  facet normal 0.33873948 0 0.9408802
    outer loop
      vertex 26.236069 -49.65 9.604225
      vertex 26.472498 -79 9.519105
      vertex 26.472498 -49.65 9.519105
    endloop
  endfacet
  facet normal 0.33873948 0 0.9408802
    outer loop
      vertex 26.472498 -79 9.519105
      vertex 26.236069 -49.65 9.604225
      vertex 26.236069 -79 9.604225
    endloop
  endfacet
  facet normal 0.750113 0 0.66130966
    outer loop
      vertex 27.915874 -79 8.538188
      vertex 28.082052 -49.65 8.349695
      vertex 27.915874 -49.65 8.538188
    endloop
  endfacet
  facet normal 0.750113 0 0.66130966
    outer loop
      vertex 28.082052 -49.65 8.349695
      vertex 27.915874 -79 8.538188
      vertex 28.082052 -79 8.349695
    endloop
  endfacet
  facet normal 0.8910047 0 0.45399407
    outer loop
      vertex 28.505226 -79 7.727014
      vertex 28.619308 -49.65 7.503117
      vertex 28.505226 -49.65 7.727014
    endloop
  endfacet
  facet normal 0.8910047 0 0.45399407
    outer loop
      vertex 28.619308 -49.65 7.503117
      vertex 28.505226 -79 7.727014
      vertex 28.619308 -79 7.503117
    endloop
  endfacet
  facet normal -0.9408794 0 0.33874163
    outer loop
      vertex 21.195774 -79 7.0360675
      vertex 21.280895 -49.65 7.2724977
      vertex 21.195774 -49.65 7.0360675
    endloop
  endfacet
  facet normal -0.9408794 0 0.33874163
    outer loop
      vertex 21.280895 -49.65 7.2724977
      vertex 21.195774 -79 7.0360675
      vertex 21.280895 -79 7.2724977
    endloop
  endfacet
  facet normal -0.9602937 0 0.27899107
    outer loop
      vertex 21.125668 -79 6.7947593
      vertex 21.195774 -49.65 7.0360675
      vertex 21.125668 -49.65 6.7947593
    endloop
  endfacet
  facet normal -0.9602937 0 0.27899107
    outer loop
      vertex 21.195774 -49.65 7.0360675
      vertex 21.125668 -79 6.7947593
      vertex 21.195774 -79 7.0360675
    endloop
  endfacet
  facet normal 0.9759161 0 0.21814626
    outer loop
      vertex 28.874332 -79 6.7947593
      vertex 28.92915 -49.65 6.549525
      vertex 28.874332 -49.65 6.7947593
    endloop
  endfacet
  facet normal 0.9759161 0 0.21814626
    outer loop
      vertex 28.92915 -49.65 6.549525
      vertex 28.874332 -79 6.7947593
      vertex 28.92915 -79 6.549525
    endloop
  endfacet
  facet normal 0.5620832 0 0.8270807
    outer loop
      vertex 27.143307 -49.65 9.177311
      vertex 27.351141 -79 9.036067
      vertex 27.351141 -49.65 9.036067
    endloop
  endfacet
  facet normal 0.5620832 0 0.8270807
    outer loop
      vertex 27.351141 -79 9.036067
      vertex 27.143307 -49.65 9.177311
      vertex 27.143307 -79 9.177311
    endloop
  endfacet
  facet normal -0.9955616 0 0.09411238
    outer loop
      vertex 21.007893 -79 6.0511613
      vertex 21.031542 -49.65 6.301333
      vertex 21.007893 -49.65 6.0511613
    endloop
  endfacet
  facet normal -0.9955616 0 0.09411238
    outer loop
      vertex 21.031542 -49.65 6.301333
      vertex 21.007893 -79 6.0511613
      vertex 21.031542 -79 6.301333
    endloop
  endfacet
  facet normal -0.27898905 0 0.9602943
    outer loop
      vertex 23.763931 -49.65 9.604225
      vertex 24.005241 -79 9.674332
      vertex 24.005241 -49.65 9.674332
    endloop
  endfacet
  facet normal -0.27898905 0 0.9602943
    outer loop
      vertex 24.005241 -79 9.674332
      vertex 23.763931 -49.65 9.604225
      vertex 23.763931 -79 9.604225
    endloop
  endfacet
  facet normal 0.9876891 0 0.1564299
    outer loop
      vertex 28.92915 -79 6.549525
      vertex 28.968458 -49.65 6.301333
      vertex 28.92915 -49.65 6.549525
    endloop
  endfacet
  facet normal 0.9876891 0 0.1564299
    outer loop
      vertex 28.968458 -49.65 6.301333
      vertex 28.92915 -79 6.549525
      vertex 28.968458 -79 6.301333
    endloop
  endfacet
  facet normal -0.6129096 0 0.790153
    outer loop
      vertex 22.450306 -49.65 8.882052
      vertex 22.648859 -79 9.036067
      vertex 22.648859 -49.65 9.036067
    endloop
  endfacet
  facet normal -0.6129096 0 0.790153
    outer loop
      vertex 22.648859 -79 9.036067
      vertex 22.450306 -49.65 8.882052
      vertex 22.450306 -79 8.882052
    endloop
  endfacet
  facet normal 0.9408794 0 0.33874163
    outer loop
      vertex 28.719105 -79 7.2724977
      vertex 28.804226 -49.65 7.0360675
      vertex 28.719105 -49.65 7.2724977
    endloop
  endfacet
  facet normal 0.9408794 0 0.33874163
    outer loop
      vertex 28.804226 -49.65 7.0360675
      vertex 28.719105 -79 7.2724977
      vertex 28.804226 -79 7.0360675
    endloop
  endfacet
  facet normal 0.39714557 0 0.9177556
    outer loop
      vertex 26.472498 -49.65 9.519105
      vertex 26.703117 -79 9.419308
      vertex 26.703117 -49.65 9.419308
    endloop
  endfacet
  facet normal 0.39714557 0 0.9177556
    outer loop
      vertex 26.703117 -79 9.419308
      vertex 26.472498 -49.65 9.519105
      vertex 26.472498 -79 9.519105
    endloop
  endfacet
  facet normal -0.33873948 0 0.9408802
    outer loop
      vertex 23.527502 -49.65 9.519105
      vertex 23.763931 -79 9.604225
      vertex 23.763931 -49.65 9.604225
    endloop
  endfacet
  facet normal -0.33873948 0 0.9408802
    outer loop
      vertex 23.763931 -79 9.604225
      vertex 23.527502 -49.65 9.519105
      vertex 23.527502 -79 9.519105
    endloop
  endfacet
  facet normal 0.21814345 0 0.97591674
    outer loop
      vertex 25.749525 -49.65 9.729148
      vertex 25.994759 -79 9.674332
      vertex 25.994759 -49.65 9.674332
    endloop
  endfacet
  facet normal 0.21814345 0 0.97591674
    outer loop
      vertex 25.994759 -79 9.674332
      vertex 25.749525 -49.65 9.729148
      vertex 25.749525 -79 9.729148
    endloop
  endfacet
  facet normal 0.9602937 0 0.27899107
    outer loop
      vertex 28.804226 -79 7.0360675
      vertex 28.874332 -49.65 6.7947593
      vertex 28.804226 -49.65 7.0360675
    endloop
  endfacet
  facet normal 0.9602937 0 0.27899107
    outer loop
      vertex 28.874332 -49.65 6.7947593
      vertex 28.804226 -79 7.0360675
      vertex 28.874332 -79 6.7947593
    endloop
  endfacet
  facet normal -0.91775703 0 0.39714238
    outer loop
      vertex 21.280895 -79 7.2724977
      vertex 21.380692 -49.65 7.503117
      vertex 21.280895 -49.65 7.2724977
    endloop
  endfacet
  facet normal -0.91775703 0 0.39714238
    outer loop
      vertex 21.380692 -49.65 7.503117
      vertex 21.280895 -79 7.2724977
      vertex 21.380692 -79 7.503117
    endloop
  endfacet
  facet normal -0.9995066 0 0.031408925
    outer loop
      vertex 21 -79 5.7999997
      vertex 21.007893 -49.65 6.0511613
      vertex 21 -49.65 5.7999997
    endloop
  endfacet
  facet normal -0.9995066 0 0.031408925
    outer loop
      vertex 21.007893 -49.65 6.0511613
      vertex 21 -79 5.7999997
      vertex 21.007893 -79 6.0511613
    endloop
  endfacet
  facet normal 0.509041 0 0.8607423
    outer loop
      vertex 26.927013 -49.65 9.305226
      vertex 27.143307 -79 9.177311
      vertex 27.143307 -49.65 9.177311
    endloop
  endfacet
  facet normal 0.509041 0 0.8607423
    outer loop
      vertex 27.143307 -79 9.177311
      vertex 26.927013 -49.65 9.305226
      vertex 26.927013 -79 9.305226
    endloop
  endfacet
  facet normal 0.45399258 0 0.89100546
    outer loop
      vertex 26.703117 -49.65 9.419308
      vertex 26.927013 -79 9.305226
      vertex 26.927013 -49.65 9.305226
    endloop
  endfacet
  facet normal 0.45399258 0 0.89100546
    outer loop
      vertex 26.927013 -79 9.305226
      vertex 26.703117 -49.65 9.419308
      vertex 26.703117 -79 9.419308
    endloop
  endfacet
  facet normal -0.70710486 0 0.7071087
    outer loop
      vertex 22.084126 -49.65 8.538188
      vertex 22.261812 -79 8.715874
      vertex 22.261812 -49.65 8.715874
    endloop
  endfacet
  facet normal -0.70710486 0 0.7071087
    outer loop
      vertex 22.261812 -79 8.715874
      vertex 22.084126 -49.65 8.538188
      vertex 22.084126 -79 8.538188
    endloop
  endfacet
  facet normal 0.6129096 0 0.790153
    outer loop
      vertex 27.351141 -49.65 9.036067
      vertex 27.549694 -79 8.882052
      vertex 27.549694 -49.65 8.882052
    endloop
  endfacet
  facet normal 0.6129096 0 0.790153
    outer loop
      vertex 27.549694 -79 8.882052
      vertex 27.351141 -49.65 9.036067
      vertex 27.351141 -79 9.036067
    endloop
  endfacet
  facet normal 0.09410557 0 0.9955622
    outer loop
      vertex 25.251162 -49.65 9.792106
      vertex 25.501331 -79 9.768458
      vertex 25.501331 -49.65 9.768458
    endloop
  endfacet
  facet normal 0.09410557 0 0.9955622
    outer loop
      vertex 25.501331 -79 9.768458
      vertex 25.251162 -49.65 9.792106
      vertex 25.251162 -79 9.792106
    endloop
  endfacet
  facet normal 0.7901522 0 0.6129107
    outer loop
      vertex 28.082052 -79 8.349695
      vertex 28.236069 -49.65 8.15114
      vertex 28.082052 -49.65 8.349695
    endloop
  endfacet
  facet normal 0.7901522 0 0.6129107
    outer loop
      vertex 28.236069 -49.65 8.15114
      vertex 28.082052 -79 8.349695
      vertex 28.236069 -79 8.15114
    endloop
  endfacet
  facet normal -0.7901522 0 0.6129107
    outer loop
      vertex 21.763931 -79 8.15114
      vertex 21.917948 -49.65 8.349695
      vertex 21.763931 -49.65 8.15114
    endloop
  endfacet
  facet normal -0.7901522 0 0.6129107
    outer loop
      vertex 21.917948 -49.65 8.349695
      vertex 21.763931 -79 8.15114
      vertex 21.917948 -79 8.349695
    endloop
  endfacet
  facet normal 0 1 0
    outer loop
      vertex 25.169533 -49.65 9.244671
      vertex 25 -49.65 9.799999
      vertex 25.251162 -49.65 9.792106
    endloop
  endfacet
  facet normal 0 1 0
    outer loop
      vertex 25.338398 -49.65 9.228709
      vertex 25.251162 -49.65 9.792106
      vertex 25.501331 -49.65 9.768458
    endloop
  endfacet
  facet normal 0 1 0
    outer loop
      vertex 25 -49.65 9.799999
      vertex 25.169533 -49.65 9.244671
      vertex 25 -49.65 9.249999
    endloop
  endfacet
  facet normal 0 1 0
    outer loop
      vertex 25.505928 -49.65 9.202175
      vertex 25.501331 -49.65 9.768458
      vertex 25.749525 -49.65 9.729148
    endloop
  endfacet
  facet normal 0 1 0
    outer loop
      vertex 24.830467 -49.65 9.244671
      vertex 25 -49.65 9.799999
      vertex 25 -49.65 9.249999
    endloop
  endfacet
  facet normal 0 1 0
    outer loop
      vertex 25.671463 -49.65 9.165174
      vertex 25.749525 -49.65 9.729148
      vertex 25.994759 -49.65 9.674332
    endloop
  endfacet
  facet normal 0 1 0
    outer loop
      vertex 25 -49.65 9.799999
      vertex 24.830467 -49.65 9.244671
      vertex 24.748838 -49.65 9.792106
    endloop
  endfacet
  facet normal 0 1 0
    outer loop
      vertex 25.993935 -49.65 9.060395
      vertex 25.994759 -49.65 9.674332
      vertex 26.236069 -49.65 9.604225
    endloop
  endfacet
  facet normal 0 1 0
    outer loop
      vertex 24.661602 -49.65 9.228709
      vertex 24.748838 -49.65 9.792106
      vertex 24.830467 -49.65 9.244671
    endloop
  endfacet
  facet normal 0 1 0
    outer loop
      vertex 26.149605 -49.65 8.993032
      vertex 26.236069 -49.65 9.604225
      vertex 26.472498 -49.65 9.519105
    endloop
  endfacet
  facet normal 0 1 0
    outer loop
      vertex 24.494072 -49.65 9.202175
      vertex 24.498669 -49.65 9.768458
      vertex 24.661602 -49.65 9.228709
    endloop
  endfacet
  facet normal 0 1 0
    outer loop
      vertex 26.300735 -49.65 8.916027
      vertex 26.472498 -49.65 9.519105
      vertex 26.703117 -49.65 9.419308
    endloop
  endfacet
  facet normal 0 1 0
    outer loop
      vertex 24.498669 -49.65 9.768458
      vertex 24.494072 -49.65 9.202175
      vertex 24.250475 -49.65 9.729148
    endloop
  endfacet
  facet normal 0 1 0
    outer loop
      vertex 26.446732 -49.65 8.829684
      vertex 26.703117 -49.65 9.419308
      vertex 26.927013 -49.65 9.305226
    endloop
  endfacet
  facet normal 0 1 0
    outer loop
      vertex 24.328537 -49.65 9.165174
      vertex 24.250475 -49.65 9.729148
      vertex 24.494072 -49.65 9.202175
    endloop
  endfacet
  facet normal 0 1 0
    outer loop
      vertex 24.250475 -49.65 9.729148
      vertex 24.328537 -49.65 9.165174
      vertex 24.005241 -49.65 9.674332
    endloop
  endfacet
  facet normal 0 1 0
    outer loop
      vertex 24.748838 -49.65 9.792106
      vertex 24.661602 -49.65 9.228709
      vertex 24.498669 -49.65 9.768458
    endloop
  endfacet
  facet normal 0 1 0
    outer loop
      vertex 25.251162 -49.65 9.792106
      vertex 25.338398 -49.65 9.228709
      vertex 25.169533 -49.65 9.244671
    endloop
  endfacet
  facet normal 0 1 0
    outer loop
      vertex 25.501331 -49.65 9.768458
      vertex 25.505928 -49.65 9.202175
      vertex 25.338398 -49.65 9.228709
    endloop
  endfacet
  facet normal 0 1 0
    outer loop
      vertex 26.58702 -49.65 8.734345
      vertex 26.927013 -49.65 9.305226
      vertex 27.143307 -49.65 9.177311
    endloop
  endfacet
  facet normal 0 1 0
    outer loop
      vertex 25.749525 -49.65 9.729148
      vertex 25.671463 -49.65 9.165174
      vertex 25.505928 -49.65 9.202175
    endloop
  endfacet
  facet normal 0 1 0
    outer loop
      vertex 25.994759 -49.65 9.674332
      vertex 25.834347 -49.65 9.117852
      vertex 25.671463 -49.65 9.165174
    endloop
  endfacet
  facet normal 0 1 0
    outer loop
      vertex 25.994759 -49.65 9.674332
      vertex 25.993935 -49.65 9.060395
      vertex 25.834347 -49.65 9.117852
    endloop
  endfacet
  facet normal 0 1 0
    outer loop
      vertex 26.848278 -49.65 8.518214
      vertex 27.143307 -49.65 9.177311
      vertex 27.351141 -49.65 9.036067
    endloop
  endfacet
  facet normal 0 1 0
    outer loop
      vertex 26.236069 -49.65 9.604225
      vertex 26.149605 -49.65 8.993032
      vertex 25.993935 -49.65 9.060395
    endloop
  endfacet
  facet normal 0 1 0
    outer loop
      vertex 26.472498 -49.65 9.519105
      vertex 26.300735 -49.65 8.916027
      vertex 26.149605 -49.65 8.993032
    endloop
  endfacet
  facet normal 0 1 0
    outer loop
      vertex 26.968216 -49.65 8.398276
      vertex 27.351141 -49.65 9.036067
      vertex 27.549694 -49.65 8.882052
    endloop
  endfacet
  facet normal 0 1 0
    outer loop
      vertex 26.703117 -49.65 9.419308
      vertex 26.446732 -49.65 8.829684
      vertex 26.300735 -49.65 8.916027
    endloop
  endfacet
  facet normal 0 1 0
    outer loop
      vertex 26.927013 -49.65 9.305226
      vertex 26.58702 -49.65 8.734345
      vertex 26.446732 -49.65 8.829684
    endloop
  endfacet
  facet normal 0 1 0
    outer loop
      vertex 27.080385 -49.65 8.271044
      vertex 27.549694 -49.65 8.882052
      vertex 27.738188 -49.65 8.715874
    endloop
  endfacet
  facet normal 0 1 0
    outer loop
      vertex 27.143307 -49.65 9.177311
      vertex 26.721045 -49.65 8.630384
      vertex 26.58702 -49.65 8.734345
    endloop
  endfacet
  facet normal 0 1 0
    outer loop
      vertex 27.184345 -49.65 8.137019
      vertex 27.738188 -49.65 8.715874
      vertex 27.915874 -49.65 8.538188
    endloop
  endfacet
  facet normal 0 1 0
    outer loop
      vertex 27.143307 -49.65 9.177311
      vertex 26.848278 -49.65 8.518214
      vertex 26.721045 -49.65 8.630384
    endloop
  endfacet
  facet normal 0 1 0
    outer loop
      vertex 27.351141 -49.65 9.036067
      vertex 26.968216 -49.65 8.398276
      vertex 26.848278 -49.65 8.518214
    endloop
  endfacet
  facet normal 0 1 0
    outer loop
      vertex 27.279686 -49.65 7.996732
      vertex 27.915874 -49.65 8.538188
      vertex 28.082052 -49.65 8.349695
    endloop
  endfacet
  facet normal 0 1 0
    outer loop
      vertex 27.549694 -49.65 8.882052
      vertex 27.080385 -49.65 8.271044
      vertex 26.968216 -49.65 8.398276
    endloop
  endfacet
  facet normal 0 1 0
    outer loop
      vertex 27.366028 -49.65 7.850734
      vertex 28.082052 -49.65 8.349695
      vertex 28.236069 -49.65 8.15114
    endloop
  endfacet
  facet normal 0 1 0
    outer loop
      vertex 27.738188 -49.65 8.715874
      vertex 27.184345 -49.65 8.137019
      vertex 27.080385 -49.65 8.271044
    endloop
  endfacet
  facet normal 0 1 0
    outer loop
      vertex 27.915874 -49.65 8.538188
      vertex 27.279686 -49.65 7.996732
      vertex 27.184345 -49.65 8.137019
    endloop
  endfacet
  facet normal 0 1 0
    outer loop
      vertex 27.510395 -49.65 7.5439363
      vertex 28.236069 -49.65 8.15114
      vertex 28.377312 -49.65 7.9433064
    endloop
  endfacet
  facet normal 0 1 0
    outer loop
      vertex 28.082052 -49.65 8.349695
      vertex 27.366028 -49.65 7.850734
      vertex 27.279686 -49.65 7.996732
    endloop
  endfacet
  facet normal 0 1 0
    outer loop
      vertex 27.567852 -49.65 7.3843455
      vertex 28.377312 -49.65 7.9433064
      vertex 28.505226 -49.65 7.727014
    endloop
  endfacet
  facet normal 0 1 0
    outer loop
      vertex 28.236069 -49.65 8.15114
      vertex 27.443031 -49.65 7.6996036
      vertex 27.366028 -49.65 7.850734
    endloop
  endfacet
  facet normal 0 1 0
    outer loop
      vertex 28.236069 -49.65 8.15114
      vertex 27.510395 -49.65 7.5439363
      vertex 27.443031 -49.65 7.6996036
    endloop
  endfacet
  facet normal 0 1 0
    outer loop
      vertex 27.615173 -49.65 7.2214627
      vertex 28.505226 -49.65 7.727014
      vertex 28.619308 -49.65 7.503117
    endloop
  endfacet
  facet normal 0 1 0
    outer loop
      vertex 28.377312 -49.65 7.9433064
      vertex 27.567852 -49.65 7.3843455
      vertex 27.510395 -49.65 7.5439363
    endloop
  endfacet
  facet normal 0 1 0
    outer loop
      vertex 27.652176 -49.65 7.0559287
      vertex 28.619308 -49.65 7.503117
      vertex 28.719105 -49.65 7.2724977
    endloop
  endfacet
  facet normal 0 1 0
    outer loop
      vertex 28.505226 -49.65 7.727014
      vertex 27.615173 -49.65 7.2214627
      vertex 27.567852 -49.65 7.3843455
    endloop
  endfacet
  facet normal 0 1 0
    outer loop
      vertex 28.619308 -49.65 7.503117
      vertex 27.652176 -49.65 7.0559287
      vertex 27.615173 -49.65 7.2214627
    endloop
  endfacet
  facet normal 0 1 0
    outer loop
      vertex 27.678709 -49.65 6.8883996
      vertex 28.719105 -49.65 7.2724977
      vertex 28.804226 -49.65 7.0360675
    endloop
  endfacet
  facet normal 0 1 0
    outer loop
      vertex 28.719105 -49.65 7.2724977
      vertex 27.678709 -49.65 6.8883996
      vertex 27.652176 -49.65 7.0559287
    endloop
  endfacet
  facet normal 0 1 0
    outer loop
      vertex 27.694672 -49.65 6.7195344
      vertex 28.804226 -49.65 7.0360675
      vertex 28.874332 -49.65 6.7947593
    endloop
  endfacet
  facet normal 0 1 0
    outer loop
      vertex 28.804226 -49.65 7.0360675
      vertex 27.694672 -49.65 6.7195344
      vertex 27.678709 -49.65 6.8883996
    endloop
  endfacet
  facet normal 0 1 0
    outer loop
      vertex 28.874332 -49.65 6.7947593
      vertex 27.7 -49.65 6.5499997
      vertex 27.694672 -49.65 6.7195344
    endloop
  endfacet
  facet normal 0 1 0
    outer loop
      vertex 28.92915 -49.65 6.549525
      vertex 27.7 -49.65 6.5499997
      vertex 28.874332 -49.65 6.7947593
    endloop
  endfacet
  facet normal 0 1 0
    outer loop
      vertex 28.92915 -49.65 6.549525
      vertex 27.694672 -49.65 6.380465
      vertex 27.7 -49.65 6.5499997
    endloop
  endfacet
  facet normal 0 1 0
    outer loop
      vertex 28.968458 -49.65 6.301333
      vertex 27.694672 -49.65 6.380465
      vertex 28.92915 -49.65 6.549525
    endloop
  endfacet
  facet normal 0 1 0
    outer loop
      vertex 28.968458 -49.65 6.301333
      vertex 27.678709 -49.65 6.2116
      vertex 27.694672 -49.65 6.380465
    endloop
  endfacet
  facet normal 0 1 0
    outer loop
      vertex 28.992107 -49.65 6.0511613
      vertex 27.678709 -49.65 6.2116
      vertex 28.968458 -49.65 6.301333
    endloop
  endfacet
  facet normal 0 1 0
    outer loop
      vertex 28.992107 -49.65 6.0511613
      vertex 27.652176 -49.65 6.04407
      vertex 27.678709 -49.65 6.2116
    endloop
  endfacet
  facet normal 0 1 0
    outer loop
      vertex 29 -49.65 5.7999997
      vertex 27.652176 -49.65 6.04407
      vertex 28.992107 -49.65 6.0511613
    endloop
  endfacet
  facet normal 0 1 0
    outer loop
      vertex 27.652176 -49.65 6.04407
      vertex 29 -49.65 5.7999997
      vertex 27.615173 -49.65 5.8785367
    endloop
  endfacet
  facet normal 0 1 0
    outer loop
      vertex 29 -49.65 5.7999997
      vertex 27.567852 -49.65 5.715654
      vertex 27.615173 -49.65 5.8785367
    endloop
  endfacet
  facet normal 0 1 0
    outer loop
      vertex 29 -49.65 5.7999997
      vertex 27.510395 -49.65 5.556063
      vertex 27.567852 -49.65 5.715654
    endloop
  endfacet
  facet normal 0 1 0
    outer loop
      vertex 29 -49.65 5.7999997
      vertex 27.443031 -49.65 5.400396
      vertex 27.510395 -49.65 5.556063
    endloop
  endfacet
  facet normal 0 1 0
    outer loop
      vertex 29 -49.65 5.7999997
      vertex 27.366028 -49.65 5.2492642
      vertex 27.443031 -49.65 5.400396
    endloop
  endfacet
  facet normal 0 1 0
    outer loop
      vertex 29 -49.65 5.7999997
      vertex 27.279686 -49.65 5.103267
      vertex 27.366028 -49.65 5.2492642
    endloop
  endfacet
  facet normal 0 1 0
    outer loop
      vertex 29 -49.65 5.7999997
      vertex 27.184345 -49.65 4.96298
      vertex 27.279686 -49.65 5.103267
    endloop
  endfacet
  facet normal 0 1 0
    outer loop
      vertex 29 -49.65 5.7999997
      vertex 27.080385 -49.65 4.828955
      vertex 27.184345 -49.65 4.96298
    endloop
  endfacet
  facet normal 0 1 0
    outer loop
      vertex 29 -49.65 3.8146973e-7
      vertex 27.080385 -49.65 4.828955
      vertex 29 -49.65 5.7999997
    endloop
  endfacet
  facet normal 0 1 0
    outer loop
      vertex 27.080385 -49.65 4.828955
      vertex 29 -49.65 3.8146973e-7
      vertex 26.968216 -49.65 4.7017226
    endloop
  endfacet
  facet normal 0 1 0
    outer loop
      vertex 26.968216 -49.65 4.7017226
      vertex 29 -49.65 3.8146973e-7
      vertex 26.848278 -49.65 4.5817847
    endloop
  endfacet
  facet normal 0 1 0
    outer loop
      vertex 26.848278 -49.65 4.5817847
      vertex 29 -49.65 3.8146973e-7
      vertex 26.721045 -49.65 4.4696136
    endloop
  endfacet
  facet normal 0 1 0
    outer loop
      vertex 26.721045 -49.65 4.4696136
      vertex 29 -49.65 3.8146973e-7
      vertex 26.58702 -49.65 4.3656535
    endloop
  endfacet
  facet normal 0 1 0
    outer loop
      vertex 25.169533 -49.65 3.8553271
      vertex 29 -49.65 3.8146973e-7
      vertex 25 -49.65 3.85
    endloop
  endfacet
  facet normal 0 1 0
    outer loop
      vertex 25.338398 -49.65 3.8712897
      vertex 29 -49.65 3.8146973e-7
      vertex 25.169533 -49.65 3.8553271
    endloop
  endfacet
  facet normal 0 1 0
    outer loop
      vertex 25.505928 -49.65 3.8978238
      vertex 29 -49.65 3.8146973e-7
      vertex 25.338398 -49.65 3.8712897
    endloop
  endfacet
  facet normal 0 1 0
    outer loop
      vertex 25.671463 -49.65 3.9348254
      vertex 29 -49.65 3.8146973e-7
      vertex 25.505928 -49.65 3.8978238
    endloop
  endfacet
  facet normal 0 1 0
    outer loop
      vertex 25.834347 -49.65 3.9821467
      vertex 29 -49.65 3.8146973e-7
      vertex 25.671463 -49.65 3.9348254
    endloop
  endfacet
  facet normal 0 1 0
    outer loop
      vertex 25.993935 -49.65 4.0396028
      vertex 29 -49.65 3.8146973e-7
      vertex 25.834347 -49.65 3.9821467
    endloop
  endfacet
  facet normal 0 1 0
    outer loop
      vertex 26.149605 -49.65 4.1069665
      vertex 29 -49.65 3.8146973e-7
      vertex 25.993935 -49.65 4.0396028
    endloop
  endfacet
  facet normal 0 1 0
    outer loop
      vertex 26.300735 -49.65 4.183972
      vertex 29 -49.65 3.8146973e-7
      vertex 26.149605 -49.65 4.1069665
    endloop
  endfacet
  facet normal 0 1 0
    outer loop
      vertex 26.446732 -49.65 4.2703147
      vertex 29 -49.65 3.8146973e-7
      vertex 26.300735 -49.65 4.183972
    endloop
  endfacet
  facet normal 0 1 0
    outer loop
      vertex 26.58702 -49.65 4.3656535
      vertex 29 -49.65 3.8146973e-7
      vertex 26.446732 -49.65 4.2703147
    endloop
  endfacet
  facet normal 0 1 0
    outer loop
      vertex 24.165653 -49.65 9.117852
      vertex 24.005241 -49.65 9.674332
      vertex 24.328537 -49.65 9.165174
    endloop
  endfacet
  facet normal 0 1 0
    outer loop
      vertex 24.006065 -49.65 9.060395
      vertex 24.005241 -49.65 9.674332
      vertex 24.165653 -49.65 9.117852
    endloop
  endfacet
  facet normal 0 1 0
    outer loop
      vertex 24.005241 -49.65 9.674332
      vertex 24.006065 -49.65 9.060395
      vertex 23.763931 -49.65 9.604225
    endloop
  endfacet
  facet normal 0 1 0
    outer loop
      vertex 23.850395 -49.65 8.993032
      vertex 23.763931 -49.65 9.604225
      vertex 24.006065 -49.65 9.060395
    endloop
  endfacet
  facet normal 0 1 0
    outer loop
      vertex 23.763931 -49.65 9.604225
      vertex 23.850395 -49.65 8.993032
      vertex 23.527502 -49.65 9.519105
    endloop
  endfacet
  facet normal 0 1 0
    outer loop
      vertex 23.699265 -49.65 8.916027
      vertex 23.527502 -49.65 9.519105
      vertex 23.850395 -49.65 8.993032
    endloop
  endfacet
  facet normal 0 1 0
    outer loop
      vertex 23.527502 -49.65 9.519105
      vertex 23.699265 -49.65 8.916027
      vertex 23.296883 -49.65 9.419308
    endloop
  endfacet
  facet normal 0 1 0
    outer loop
      vertex 23.553268 -49.65 8.829684
      vertex 23.296883 -49.65 9.419308
      vertex 23.699265 -49.65 8.916027
    endloop
  endfacet
  facet normal 0 1 0
    outer loop
      vertex 23.296883 -49.65 9.419308
      vertex 23.553268 -49.65 8.829684
      vertex 23.072987 -49.65 9.305226
    endloop
  endfacet
  facet normal 0 1 0
    outer loop
      vertex 23.41298 -49.65 8.734345
      vertex 23.072987 -49.65 9.305226
      vertex 23.553268 -49.65 8.829684
    endloop
  endfacet
  facet normal 0 1 0
    outer loop
      vertex 23.072987 -49.65 9.305226
      vertex 23.41298 -49.65 8.734345
      vertex 22.856693 -49.65 9.177311
    endloop
  endfacet
  facet normal 0 1 0
    outer loop
      vertex 23.278955 -49.65 8.630384
      vertex 22.856693 -49.65 9.177311
      vertex 23.41298 -49.65 8.734345
    endloop
  endfacet
  facet normal 0 1 0
    outer loop
      vertex 23.151722 -49.65 8.518214
      vertex 22.856693 -49.65 9.177311
      vertex 23.278955 -49.65 8.630384
    endloop
  endfacet
  facet normal 0 1 0
    outer loop
      vertex 22.856693 -49.65 9.177311
      vertex 23.151722 -49.65 8.518214
      vertex 22.648859 -49.65 9.036067
    endloop
  endfacet
  facet normal 0 1 0
    outer loop
      vertex 23.031784 -49.65 8.398276
      vertex 22.648859 -49.65 9.036067
      vertex 23.151722 -49.65 8.518214
    endloop
  endfacet
  facet normal 0 1 0
    outer loop
      vertex 22.648859 -49.65 9.036067
      vertex 23.031784 -49.65 8.398276
      vertex 22.450306 -49.65 8.882052
    endloop
  endfacet
  facet normal 0 1 0
    outer loop
      vertex 22.919615 -49.65 8.271044
      vertex 22.450306 -49.65 8.882052
      vertex 23.031784 -49.65 8.398276
    endloop
  endfacet
  facet normal 0 1 0
    outer loop
      vertex 22.450306 -49.65 8.882052
      vertex 22.919615 -49.65 8.271044
      vertex 22.261812 -49.65 8.715874
    endloop
  endfacet
  facet normal 0 1 0
    outer loop
      vertex 22.815655 -49.65 8.137019
      vertex 22.261812 -49.65 8.715874
      vertex 22.919615 -49.65 8.271044
    endloop
  endfacet
  facet normal 0 1 0
    outer loop
      vertex 22.261812 -49.65 8.715874
      vertex 22.815655 -49.65 8.137019
      vertex 22.084126 -49.65 8.538188
    endloop
  endfacet
  facet normal 0 1 0
    outer loop
      vertex 22.720314 -49.65 7.996732
      vertex 22.084126 -49.65 8.538188
      vertex 22.815655 -49.65 8.137019
    endloop
  endfacet
  facet normal 0 1 0
    outer loop
      vertex 22.084126 -49.65 8.538188
      vertex 22.720314 -49.65 7.996732
      vertex 21.917948 -49.65 8.349695
    endloop
  endfacet
  facet normal 0 1 0
    outer loop
      vertex 22.633972 -49.65 7.850734
      vertex 21.917948 -49.65 8.349695
      vertex 22.720314 -49.65 7.996732
    endloop
  endfacet
  facet normal 0 1 0
    outer loop
      vertex 21.917948 -49.65 8.349695
      vertex 22.633972 -49.65 7.850734
      vertex 21.763931 -49.65 8.15114
    endloop
  endfacet
  facet normal 0 1 0
    outer loop
      vertex 22.556969 -49.65 7.6996036
      vertex 21.763931 -49.65 8.15114
      vertex 22.633972 -49.65 7.850734
    endloop
  endfacet
  facet normal 0 1 0
    outer loop
      vertex 22.489605 -49.65 7.5439363
      vertex 21.763931 -49.65 8.15114
      vertex 22.556969 -49.65 7.6996036
    endloop
  endfacet
  facet normal 0 1 0
    outer loop
      vertex 21.763931 -49.65 8.15114
      vertex 22.489605 -49.65 7.5439363
      vertex 21.622688 -49.65 7.9433064
    endloop
  endfacet
  facet normal 0 1 0
    outer loop
      vertex 22.432148 -49.65 7.3843455
      vertex 21.622688 -49.65 7.9433064
      vertex 22.489605 -49.65 7.5439363
    endloop
  endfacet
  facet normal 0 1 0
    outer loop
      vertex 21.622688 -49.65 7.9433064
      vertex 22.432148 -49.65 7.3843455
      vertex 21.494774 -49.65 7.727014
    endloop
  endfacet
  facet normal 0 1 0
    outer loop
      vertex 22.384827 -49.65 7.2214627
      vertex 21.494774 -49.65 7.727014
      vertex 22.432148 -49.65 7.3843455
    endloop
  endfacet
  facet normal 0 1 0
    outer loop
      vertex 21.494774 -49.65 7.727014
      vertex 22.384827 -49.65 7.2214627
      vertex 21.380692 -49.65 7.503117
    endloop
  endfacet
  facet normal 0 1 0
    outer loop
      vertex 22.347824 -49.65 7.0559287
      vertex 21.380692 -49.65 7.503117
      vertex 22.384827 -49.65 7.2214627
    endloop
  endfacet
  facet normal 0 1 0
    outer loop
      vertex 21.380692 -49.65 7.503117
      vertex 22.347824 -49.65 7.0559287
      vertex 21.280895 -49.65 7.2724977
    endloop
  endfacet
  facet normal 0 1 0
    outer loop
      vertex 22.321291 -49.65 6.8883996
      vertex 21.280895 -49.65 7.2724977
      vertex 22.347824 -49.65 7.0559287
    endloop
  endfacet
  facet normal 0 1 0
    outer loop
      vertex 21.280895 -49.65 7.2724977
      vertex 22.321291 -49.65 6.8883996
      vertex 21.195774 -49.65 7.0360675
    endloop
  endfacet
  facet normal 0 1 0
    outer loop
      vertex 22.305328 -49.65 6.7195344
      vertex 21.195774 -49.65 7.0360675
      vertex 22.321291 -49.65 6.8883996
    endloop
  endfacet
  facet normal 0 1 0
    outer loop
      vertex 21.195774 -49.65 7.0360675
      vertex 22.305328 -49.65 6.7195344
      vertex 21.125668 -49.65 6.7947593
    endloop
  endfacet
  facet normal 0 1 0
    outer loop
      vertex 22.3 -49.65 6.5499997
      vertex 21.125668 -49.65 6.7947593
      vertex 22.305328 -49.65 6.7195344
    endloop
  endfacet
  facet normal 0 1 0
    outer loop
      vertex 22.3 -49.65 6.5499997
      vertex 21.07085 -49.65 6.549525
      vertex 21.125668 -49.65 6.7947593
    endloop
  endfacet
  facet normal 0 1 0
    outer loop
      vertex 22.305328 -49.65 6.380465
      vertex 21.07085 -49.65 6.549525
      vertex 22.3 -49.65 6.5499997
    endloop
  endfacet
  facet normal 0 1 0
    outer loop
      vertex 22.305328 -49.65 6.380465
      vertex 21.031542 -49.65 6.301333
      vertex 21.07085 -49.65 6.549525
    endloop
  endfacet
  facet normal 0 1 0
    outer loop
      vertex 22.321291 -49.65 6.2116
      vertex 21.031542 -49.65 6.301333
      vertex 22.305328 -49.65 6.380465
    endloop
  endfacet
  facet normal 0 1 0
    outer loop
      vertex 22.321291 -49.65 6.2116
      vertex 21.007893 -49.65 6.0511613
      vertex 21.031542 -49.65 6.301333
    endloop
  endfacet
  facet normal 0 1 0
    outer loop
      vertex 22.347824 -49.65 6.04407
      vertex 21.007893 -49.65 6.0511613
      vertex 22.321291 -49.65 6.2116
    endloop
  endfacet
  facet normal 0 1 0
    outer loop
      vertex 21 -49.65 5.7999997
      vertex 22.347824 -49.65 6.04407
      vertex 22.384827 -49.65 5.8785367
    endloop
  endfacet
  facet normal 0 1 0
    outer loop
      vertex 22.347824 -49.65 6.04407
      vertex 21 -49.65 5.7999997
      vertex 21.007893 -49.65 6.0511613
    endloop
  endfacet
  facet normal 0 1 0
    outer loop
      vertex 22.432148 -49.65 5.715654
      vertex 21 -49.65 5.7999997
      vertex 22.384827 -49.65 5.8785367
    endloop
  endfacet
  facet normal 0 1 0
    outer loop
      vertex 22.489605 -49.65 5.556063
      vertex 21 -49.65 5.7999997
      vertex 22.432148 -49.65 5.715654
    endloop
  endfacet
  facet normal 0 1 0
    outer loop
      vertex 22.556969 -49.65 5.400396
      vertex 21 -49.65 5.7999997
      vertex 22.489605 -49.65 5.556063
    endloop
  endfacet
  facet normal 0 1 0
    outer loop
      vertex 22.633972 -49.65 5.2492642
      vertex 21 -49.65 5.7999997
      vertex 22.556969 -49.65 5.400396
    endloop
  endfacet
  facet normal 0 1 0
    outer loop
      vertex 22.720314 -49.65 5.103267
      vertex 21 -49.65 5.7999997
      vertex 22.633972 -49.65 5.2492642
    endloop
  endfacet
  facet normal 0 1 0
    outer loop
      vertex 22.815655 -49.65 4.96298
      vertex 21 -49.65 5.7999997
      vertex 22.720314 -49.65 5.103267
    endloop
  endfacet
  facet normal 0 1 0
    outer loop
      vertex 22.919615 -49.65 4.828955
      vertex 21 -49.65 5.7999997
      vertex 22.815655 -49.65 4.96298
    endloop
  endfacet
  facet normal 0 1 0
    outer loop
      vertex 21 -49.65 3.8146973e-7
      vertex 22.919615 -49.65 4.828955
      vertex 23.031784 -49.65 4.7017226
    endloop
  endfacet
  facet normal 0 1 0
    outer loop
      vertex 21 -49.65 3.8146973e-7
      vertex 23.031784 -49.65 4.7017226
      vertex 23.151722 -49.65 4.5817847
    endloop
  endfacet
  facet normal 0 1 0
    outer loop
      vertex 21 -49.65 3.8146973e-7
      vertex 23.151722 -49.65 4.5817847
      vertex 23.278955 -49.65 4.4696136
    endloop
  endfacet
  facet normal 0 1 0
    outer loop
      vertex 21 -49.65 3.8146973e-7
      vertex 23.278955 -49.65 4.4696136
      vertex 23.41298 -49.65 4.3656535
    endloop
  endfacet
  facet normal 0 1 0
    outer loop
      vertex 21 -49.65 3.8146973e-7
      vertex 23.41298 -49.65 4.3656535
      vertex 23.553268 -49.65 4.2703147
    endloop
  endfacet
  facet normal 0 1 0
    outer loop
      vertex 21 -49.65 3.8146973e-7
      vertex 25 -49.65 3.85
      vertex 29 -49.65 3.8146973e-7
    endloop
  endfacet
  facet normal 0 1 0
    outer loop
      vertex 25 -49.65 3.85
      vertex 21 -49.65 3.8146973e-7
      vertex 24.830467 -49.65 3.8553271
    endloop
  endfacet
  facet normal 0 1 0
    outer loop
      vertex 24.830467 -49.65 3.8553271
      vertex 21 -49.65 3.8146973e-7
      vertex 24.661602 -49.65 3.8712897
    endloop
  endfacet
  facet normal 0 1 0
    outer loop
      vertex 24.661602 -49.65 3.8712897
      vertex 21 -49.65 3.8146973e-7
      vertex 24.494072 -49.65 3.8978238
    endloop
  endfacet
  facet normal 0 1 0
    outer loop
      vertex 24.494072 -49.65 3.8978238
      vertex 21 -49.65 3.8146973e-7
      vertex 24.328537 -49.65 3.9348254
    endloop
  endfacet
  facet normal 0 1 0
    outer loop
      vertex 24.328537 -49.65 3.9348254
      vertex 21 -49.65 3.8146973e-7
      vertex 24.165653 -49.65 3.9821467
    endloop
  endfacet
  facet normal 0 1 0
    outer loop
      vertex 24.165653 -49.65 3.9821467
      vertex 21 -49.65 3.8146973e-7
      vertex 24.006065 -49.65 4.0396028
    endloop
  endfacet
  facet normal 0 1 0
    outer loop
      vertex 24.006065 -49.65 4.0396028
      vertex 21 -49.65 3.8146973e-7
      vertex 23.850395 -49.65 4.1069665
    endloop
  endfacet
  facet normal 0 1 0
    outer loop
      vertex 23.850395 -49.65 4.1069665
      vertex 21 -49.65 3.8146973e-7
      vertex 23.699265 -49.65 4.183972
    endloop
  endfacet
  facet normal 0 1 0
    outer loop
      vertex 23.699265 -49.65 4.183972
      vertex 21 -49.65 3.8146973e-7
      vertex 23.553268 -49.65 4.2703147
    endloop
  endfacet
  facet normal 0 1 0
    outer loop
      vertex 22.919615 -49.65 4.828955
      vertex 21 -49.65 3.8146973e-7
      vertex 21 -49.65 5.7999997
    endloop
  endfacet
  facet normal 0 -1 0
    outer loop
      vertex 24.748838 -79 9.792106
      vertex 25.251162 -79 9.792106
      vertex 25 -79 9.799999
    endloop
  endfacet
  facet normal 0 -1 0
    outer loop
      vertex 24.498669 -79 9.768458
      vertex 25.251162 -79 9.792106
      vertex 24.748838 -79 9.792106
    endloop
  endfacet
  facet normal 0 -1 0
    outer loop
      vertex 24.498669 -79 9.768458
      vertex 25.501331 -79 9.768458
      vertex 25.251162 -79 9.792106
    endloop
  endfacet
  facet normal 0 -1 0
    outer loop
      vertex 24.250475 -79 9.729148
      vertex 25.501331 -79 9.768458
      vertex 24.498669 -79 9.768458
    endloop
  endfacet
  facet normal 0 -1 0
    outer loop
      vertex 24.250475 -79 9.729148
      vertex 25.749525 -79 9.729148
      vertex 25.501331 -79 9.768458
    endloop
  endfacet
  facet normal 0 -1 0
    outer loop
      vertex 24.005241 -79 9.674332
      vertex 25.749525 -79 9.729148
      vertex 24.250475 -79 9.729148
    endloop
  endfacet
  facet normal 0 -1 0
    outer loop
      vertex 24.005241 -79 9.674332
      vertex 25.994759 -79 9.674332
      vertex 25.749525 -79 9.729148
    endloop
  endfacet
  facet normal 0 -1 0
    outer loop
      vertex 23.763931 -79 9.604225
      vertex 25.994759 -79 9.674332
      vertex 24.005241 -79 9.674332
    endloop
  endfacet
  facet normal 0 -1 0
    outer loop
      vertex 23.763931 -79 9.604225
      vertex 26.236069 -79 9.604225
      vertex 25.994759 -79 9.674332
    endloop
  endfacet
  facet normal 0 -1 0
    outer loop
      vertex 23.527502 -79 9.519105
      vertex 26.236069 -79 9.604225
      vertex 23.763931 -79 9.604225
    endloop
  endfacet
  facet normal 0 -1 0
    outer loop
      vertex 23.527502 -79 9.519105
      vertex 26.472498 -79 9.519105
      vertex 26.236069 -79 9.604225
    endloop
  endfacet
  facet normal 0 -1 0
    outer loop
      vertex 23.296883 -79 9.419308
      vertex 26.472498 -79 9.519105
      vertex 23.527502 -79 9.519105
    endloop
  endfacet
  facet normal 0 -1 0
    outer loop
      vertex 23.296883 -79 9.419308
      vertex 26.703117 -79 9.419308
      vertex 26.472498 -79 9.519105
    endloop
  endfacet
  facet normal 0 -1 0
    outer loop
      vertex 23.072987 -79 9.305226
      vertex 26.703117 -79 9.419308
      vertex 23.296883 -79 9.419308
    endloop
  endfacet
  facet normal 0 -1 0
    outer loop
      vertex 23.072987 -79 9.305226
      vertex 26.927013 -79 9.305226
      vertex 26.703117 -79 9.419308
    endloop
  endfacet
  facet normal 0 -1 0
    outer loop
      vertex 22.856693 -79 9.177311
      vertex 26.927013 -79 9.305226
      vertex 23.072987 -79 9.305226
    endloop
  endfacet
  facet normal 0 -1 0
    outer loop
      vertex 22.856693 -79 9.177311
      vertex 27.143307 -79 9.177311
      vertex 26.927013 -79 9.305226
    endloop
  endfacet
  facet normal 0 -1 0
    outer loop
      vertex 22.648859 -79 9.036067
      vertex 27.143307 -79 9.177311
      vertex 22.856693 -79 9.177311
    endloop
  endfacet
  facet normal 0 -1 0
    outer loop
      vertex 22.648859 -79 9.036067
      vertex 27.351141 -79 9.036067
      vertex 27.143307 -79 9.177311
    endloop
  endfacet
  facet normal 0 -1 0
    outer loop
      vertex 22.450306 -79 8.882052
      vertex 27.351141 -79 9.036067
      vertex 22.648859 -79 9.036067
    endloop
  endfacet
  facet normal 0 -1 0
    outer loop
      vertex 22.450306 -79 8.882052
      vertex 27.549694 -79 8.882052
      vertex 27.351141 -79 9.036067
    endloop
  endfacet
  facet normal 0 -1 0
    outer loop
      vertex 22.261812 -79 8.715874
      vertex 27.549694 -79 8.882052
      vertex 22.450306 -79 8.882052
    endloop
  endfacet
  facet normal 0 -1 0
    outer loop
      vertex 22.261812 -79 8.715874
      vertex 27.738188 -79 8.715874
      vertex 27.549694 -79 8.882052
    endloop
  endfacet
  facet normal 0 -1 0
    outer loop
      vertex 22.084126 -79 8.538188
      vertex 27.738188 -79 8.715874
      vertex 22.261812 -79 8.715874
    endloop
  endfacet
  facet normal 0 -1 0
    outer loop
      vertex 22.084126 -79 8.538188
      vertex 27.915874 -79 8.538188
      vertex 27.738188 -79 8.715874
    endloop
  endfacet
  facet normal 0 -1 0
    outer loop
      vertex 21.917948 -79 8.349695
      vertex 27.915874 -79 8.538188
      vertex 22.084126 -79 8.538188
    endloop
  endfacet
  facet normal 0 -1 0
    outer loop
      vertex 21.917948 -79 8.349695
      vertex 28.082052 -79 8.349695
      vertex 27.915874 -79 8.538188
    endloop
  endfacet
  facet normal 0 -1 0
    outer loop
      vertex 21.763931 -79 8.15114
      vertex 28.082052 -79 8.349695
      vertex 21.917948 -79 8.349695
    endloop
  endfacet
  facet normal 0 -1 0
    outer loop
      vertex 21.763931 -79 8.15114
      vertex 28.236069 -79 8.15114
      vertex 28.082052 -79 8.349695
    endloop
  endfacet
  facet normal 0 -1 0
    outer loop
      vertex 21.622688 -79 7.9433064
      vertex 28.236069 -79 8.15114
      vertex 21.763931 -79 8.15114
    endloop
  endfacet
  facet normal 0 -1 0
    outer loop
      vertex 21.622688 -79 7.9433064
      vertex 28.377312 -79 7.9433064
      vertex 28.236069 -79 8.15114
    endloop
  endfacet
  facet normal 0 -1 0
    outer loop
      vertex 21.494774 -79 7.727014
      vertex 28.377312 -79 7.9433064
      vertex 21.622688 -79 7.9433064
    endloop
  endfacet
  facet normal 0 -1 0
    outer loop
      vertex 21.494774 -79 7.727014
      vertex 28.505226 -79 7.727014
      vertex 28.377312 -79 7.9433064
    endloop
  endfacet
  facet normal 0 -1 0
    outer loop
      vertex 21.380692 -79 7.503117
      vertex 28.505226 -79 7.727014
      vertex 21.494774 -79 7.727014
    endloop
  endfacet
  facet normal 0 -1 0
    outer loop
      vertex 21.380692 -79 7.503117
      vertex 28.619308 -79 7.503117
      vertex 28.505226 -79 7.727014
    endloop
  endfacet
  facet normal 0 -1 0
    outer loop
      vertex 21.280895 -79 7.2724977
      vertex 28.619308 -79 7.503117
      vertex 21.380692 -79 7.503117
    endloop
  endfacet
  facet normal 0 -1 0
    outer loop
      vertex 21.280895 -79 7.2724977
      vertex 28.719105 -79 7.2724977
      vertex 28.619308 -79 7.503117
    endloop
  endfacet
  facet normal 0 -1 0
    outer loop
      vertex 21.195774 -79 7.0360675
      vertex 28.719105 -79 7.2724977
      vertex 21.280895 -79 7.2724977
    endloop
  endfacet
  facet normal 0 -1 0
    outer loop
      vertex 21.195774 -79 7.0360675
      vertex 28.804226 -79 7.0360675
      vertex 28.719105 -79 7.2724977
    endloop
  endfacet
  facet normal 0 -1 0
    outer loop
      vertex 21.125668 -79 6.7947593
      vertex 28.804226 -79 7.0360675
      vertex 21.195774 -79 7.0360675
    endloop
  endfacet
  facet normal 0 -1 0
    outer loop
      vertex 21.125668 -79 6.7947593
      vertex 28.874332 -79 6.7947593
      vertex 28.804226 -79 7.0360675
    endloop
  endfacet
  facet normal 0 -1 0
    outer loop
      vertex 21.07085 -79 6.549525
      vertex 28.874332 -79 6.7947593
      vertex 21.125668 -79 6.7947593
    endloop
  endfacet
  facet normal 0 -1 0
    outer loop
      vertex 21.07085 -79 6.549525
      vertex 28.92915 -79 6.549525
      vertex 28.874332 -79 6.7947593
    endloop
  endfacet
  facet normal 0 -1 0
    outer loop
      vertex 21.031542 -79 6.301333
      vertex 28.92915 -79 6.549525
      vertex 21.07085 -79 6.549525
    endloop
  endfacet
  facet normal 0 -1 0
    outer loop
      vertex 21.031542 -79 6.301333
      vertex 28.968458 -79 6.301333
      vertex 28.92915 -79 6.549525
    endloop
  endfacet
  facet normal 0 -1 0
    outer loop
      vertex 21.007893 -79 6.0511613
      vertex 28.968458 -79 6.301333
      vertex 21.031542 -79 6.301333
    endloop
  endfacet
  facet normal 0 -1 0
    outer loop
      vertex 21.007893 -79 6.0511613
      vertex 28.992107 -79 6.0511613
      vertex 28.968458 -79 6.301333
    endloop
  endfacet
  facet normal 0 -1 0
    outer loop
      vertex 21 -79 5.7999997
      vertex 28.992107 -79 6.0511613
      vertex 21.007893 -79 6.0511613
    endloop
  endfacet
  facet normal 0 -1 0
    outer loop
      vertex 21 -79 5.7999997
      vertex 29 -79 5.7999997
      vertex 28.992107 -79 6.0511613
    endloop
  endfacet
  facet normal 0 -1 0
    outer loop
      vertex 21 -79 3.8146973e-7
      vertex 29 -79 5.7999997
      vertex 21 -79 5.7999997
    endloop
  endfacet
  facet normal 0 -1 0
    outer loop
      vertex 29 -79 5.7999997
      vertex 21 -79 3.8146973e-7
      vertex 29 -79 3.8146973e-7
    endloop
  endfacet
  facet normal 1 0 0
    outer loop
      vertex 29 -79 5.7999997
      vertex 29 -49.65 3.8146973e-7
      vertex 29 -49.65 5.7999997
    endloop
  endfacet
  facet normal 1 0 0
    outer loop
      vertex 29 -49.65 3.8146973e-7
      vertex 29 -79 5.7999997
      vertex 29 -79 3.8146973e-7
    endloop
  endfacet
  facet normal 0 0 -1
    outer loop
      vertex 21 -79 3.8146973e-7
      vertex 29 -49.65 3.8146973e-7
      vertex 29 -79 3.8146973e-7
    endloop
  endfacet
  facet normal 0 0 -1
    outer loop
      vertex 29 -49.65 3.8146973e-7
      vertex 21 -79 3.8146973e-7
      vertex 21 -49.65 3.8146973e-7
    endloop
  endfacet
  facet normal -1 0 0
    outer loop
      vertex 21 -79 3.8146973e-7
      vertex 21 -49.65 5.7999997
      vertex 21 -49.65 3.8146973e-7
    endloop
  endfacet
  facet normal -1 0 0
    outer loop
      vertex 21 -49.65 5.7999997
      vertex 21 -79 3.8146973e-7
      vertex 21 -79 5.7999997
    endloop
  endfacet
  facet normal 0.45399266 0 -0.8910054
    outer loop
      vertex 23.699265 -59.850002 8.916027
      vertex 23.850395 -49.65 8.993032
      vertex 23.850395 -59.850002 8.993032
    endloop
  endfacet
  facet normal 0.45399266 0 -0.8910054
    outer loop
      vertex 23.850395 -49.65 8.993032
      vertex 23.699265 -59.850002 8.916027
      vertex 23.699265 -49.65 8.916027
    endloop
  endfacet
  facet normal 0.86074346 0 0.509039
    outer loop
      vertex 22.633972 -59.850002 5.2492642
      vertex 22.720314 -49.65 5.103267
      vertex 22.633972 -49.65 5.2492642
    endloop
  endfacet
  facet normal 0.86074346 0 0.509039
    outer loop
      vertex 22.720314 -49.65 5.103267
      vertex 22.633972 -59.850002 5.2492642
      vertex 22.720314 -59.850002 5.103267
    endloop
  endfacet
  facet normal 0.9602945 0 -0.27898833
    outer loop
      vertex 22.432148 -59.850002 7.3843455
      vertex 22.384827 -49.65 7.2214627
      vertex 22.432148 -49.65 7.3843455
    endloop
  endfacet
  facet normal 0.9602945 0 -0.27898833
    outer loop
      vertex 22.384827 -49.65 7.2214627
      vertex 22.432148 -59.850002 7.3843455
      vertex 22.384827 -59.850002 7.2214627
    endloop
  endfacet
  facet normal -0.98768914 0 -0.15642942
    outer loop
      vertex 27.678709 -59.850002 6.8883996
      vertex 27.652176 -49.65 7.0559287
      vertex 27.678709 -49.65 6.8883996
    endloop
  endfacet
  facet normal -0.98768914 0 -0.15642942
    outer loop
      vertex 27.652176 -49.65 7.0559287
      vertex 27.678709 -59.850002 6.8883996
      vertex 27.652176 -59.850002 7.0559287
    endloop
  endfacet
  facet normal -0.39714414 0 0.91775626
    outer loop
      vertex 25.993935 -49.65 4.0396028
      vertex 26.149605 -59.850002 4.1069665
      vertex 26.149605 -49.65 4.1069665
    endloop
  endfacet
  facet normal -0.39714414 0 0.91775626
    outer loop
      vertex 26.149605 -59.850002 4.1069665
      vertex 25.993935 -49.65 4.0396028
      vertex 25.993935 -59.850002 4.0396028
    endloop
  endfacet
  facet normal -0.6129094 0 0.7901532
    outer loop
      vertex 26.58702 -49.65 4.3656535
      vertex 26.721045 -59.850002 4.4696136
      vertex 26.721045 -49.65 4.4696136
    endloop
  endfacet
  facet normal -0.6129094 0 0.7901532
    outer loop
      vertex 26.721045 -59.850002 4.4696136
      vertex 26.58702 -49.65 4.3656535
      vertex 26.58702 -59.850002 4.3656535
    endloop
  endfacet
  facet normal -0.79015535 0 0.61290663
    outer loop
      vertex 27.080385 -59.850002 4.828955
      vertex 27.184345 -49.65 4.96298
      vertex 27.080385 -49.65 4.828955
    endloop
  endfacet
  facet normal -0.79015535 0 0.61290663
    outer loop
      vertex 27.184345 -49.65 4.96298
      vertex 27.080385 -59.850002 4.828955
      vertex 27.184345 -59.850002 4.96298
    endloop
  endfacet
  facet normal -0.094109125 0 0.9955619
    outer loop
      vertex 25.169533 -49.65 3.8553271
      vertex 25.338398 -59.850002 3.8712897
      vertex 25.338398 -49.65 3.8712897
    endloop
  endfacet
  facet normal -0.094109125 0 0.9955619
    outer loop
      vertex 25.338398 -59.850002 3.8712897
      vertex 25.169533 -49.65 3.8553271
      vertex 25.169533 -59.850002 3.8553271
    endloop
  endfacet
  facet normal -0.45399266 0 -0.8910054
    outer loop
      vertex 26.149605 -59.850002 8.993032
      vertex 26.300735 -49.65 8.916027
      vertex 26.300735 -59.850002 8.916027
    endloop
  endfacet
  facet normal -0.45399266 0 -0.8910054
    outer loop
      vertex 26.300735 -49.65 8.916027
      vertex 26.149605 -59.850002 8.993032
      vertex 26.149605 -49.65 8.993032
    endloop
  endfacet
  facet normal -0.89101 0 -0.45398372
    outer loop
      vertex 27.443031 -59.850002 7.6996036
      vertex 27.366028 -49.65 7.850734
      vertex 27.443031 -49.65 7.6996036
    endloop
  endfacet
  facet normal -0.89101 0 -0.45398372
    outer loop
      vertex 27.366028 -49.65 7.850734
      vertex 27.443031 -59.850002 7.6996036
      vertex 27.366028 -59.850002 7.850734
    endloop
  endfacet
  facet normal 0.6129129 0 -0.7901505
    outer loop
      vertex 23.278955 -59.850002 8.630384
      vertex 23.41298 -49.65 8.734345
      vertex 23.41298 -59.850002 8.734345
    endloop
  endfacet
  facet normal 0.6129129 0 -0.7901505
    outer loop
      vertex 23.41298 -49.65 8.734345
      vertex 23.278955 -59.850002 8.630384
      vertex 23.278955 -49.65 8.630384
    endloop
  endfacet
  facet normal -0.031407475 0 0.99950665
    outer loop
      vertex 25 -49.65 3.85
      vertex 25.169533 -59.850002 3.8553271
      vertex 25.169533 -49.65 3.8553271
    endloop
  endfacet
  facet normal -0.031407475 0 0.99950665
    outer loop
      vertex 25.169533 -59.850002 3.8553271
      vertex 25 -49.65 3.85
      vertex 25 -59.850002 3.85
    endloop
  endfacet
  facet normal 0.6129094 0 0.7901532
    outer loop
      vertex 23.278955 -49.65 4.4696136
      vertex 23.41298 -59.850002 4.3656535
      vertex 23.41298 -49.65 4.3656535
    endloop
  endfacet
  facet normal 0.6129094 0 0.7901532
    outer loop
      vertex 23.41298 -59.850002 4.3656535
      vertex 23.278955 -49.65 4.4696136
      vertex 23.278955 -59.850002 4.4696136
    endloop
  endfacet
  facet normal -0.86074346 0 0.509039
    outer loop
      vertex 27.279686 -59.850002 5.103267
      vertex 27.366028 -49.65 5.2492642
      vertex 27.279686 -49.65 5.103267
    endloop
  endfacet
  facet normal -0.86074346 0 0.509039
    outer loop
      vertex 27.366028 -49.65 5.2492642
      vertex 27.279686 -59.850002 5.103267
      vertex 27.366028 -59.850002 5.2492642
    endloop
  endfacet
  facet normal -0.45399266 0 0.8910054
    outer loop
      vertex 26.149605 -49.65 4.1069665
      vertex 26.300735 -59.850002 4.183972
      vertex 26.300735 -49.65 4.183972
    endloop
  endfacet
  facet normal -0.45399266 0 0.8910054
    outer loop
      vertex 26.300735 -59.850002 4.183972
      vertex 26.149605 -49.65 4.1069665
      vertex 26.149605 -59.850002 4.1069665
    endloop
  endfacet
  facet normal -0.27898684 0 0.9602949
    outer loop
      vertex 25.671463 -49.65 3.9348254
      vertex 25.834347 -59.850002 3.9821467
      vertex 25.834347 -49.65 3.9821467
    endloop
  endfacet
  facet normal -0.27898684 0 0.9602949
    outer loop
      vertex 25.834347 -59.850002 3.9821467
      vertex 25.671463 -49.65 3.9348254
      vertex 25.671463 -59.850002 3.9348254
    endloop
  endfacet
  facet normal 0.33874735 0 -0.9408774
    outer loop
      vertex 24.006065 -59.850002 9.060395
      vertex 24.165653 -49.65 9.117852
      vertex 24.165653 -59.850002 9.117852
    endloop
  endfacet
  facet normal 0.33874735 0 -0.9408774
    outer loop
      vertex 24.165653 -49.65 9.117852
      vertex 24.006065 -59.850002 9.060395
      vertex 24.006065 -49.65 9.060395
    endloop
  endfacet
  facet normal -0.97591484 0 0.21815188
    outer loop
      vertex 27.615173 -59.850002 5.8785367
      vertex 27.652176 -49.65 6.04407
      vertex 27.615173 -49.65 5.8785367
    endloop
  endfacet
  facet normal -0.97591484 0 0.21815188
    outer loop
      vertex 27.652176 -49.65 6.04407
      vertex 27.615173 -59.850002 5.8785367
      vertex 27.652176 -59.850002 6.04407
    endloop
  endfacet
  facet normal -0.7501149 0 -0.6613075
    outer loop
      vertex 27.080385 -59.850002 8.271044
      vertex 26.968216 -49.65 8.398276
      vertex 27.080385 -49.65 8.271044
    endloop
  endfacet
  facet normal -0.7501149 0 -0.6613075
    outer loop
      vertex 26.968216 -49.65 8.398276
      vertex 27.080385 -59.850002 8.271044
      vertex 26.968216 -59.850002 8.398276
    endloop
  endfacet
  facet normal 0.27898684 0 -0.9602949
    outer loop
      vertex 24.165653 -59.850002 9.117852
      vertex 24.328537 -49.65 9.165174
      vertex 24.328537 -59.850002 9.165174
    endloop
  endfacet
  facet normal 0.27898684 0 -0.9602949
    outer loop
      vertex 24.328537 -49.65 9.165174
      vertex 24.165653 -59.850002 9.117852
      vertex 24.165653 -49.65 9.117852
    endloop
  endfacet
  facet normal 0.15643404 0 0.9876884
    outer loop
      vertex 24.494072 -49.65 3.8978238
      vertex 24.661602 -59.850002 3.8712897
      vertex 24.661602 -49.65 3.8712897
    endloop
  endfacet
  facet normal 0.15643404 0 0.9876884
    outer loop
      vertex 24.661602 -59.850002 3.8712897
      vertex 24.494072 -49.65 3.8978238
      vertex 24.494072 -59.850002 3.8978238
    endloop
  endfacet
  facet normal -0.8607449 0 -0.50903654
    outer loop
      vertex 27.366028 -59.850002 7.850734
      vertex 27.279686 -49.65 7.996732
      vertex 27.366028 -49.65 7.850734
    endloop
  endfacet
  facet normal -0.8607449 0 -0.50903654
    outer loop
      vertex 27.279686 -49.65 7.996732
      vertex 27.366028 -59.850002 7.850734
      vertex 27.279686 -59.850002 7.996732
    endloop
  endfacet
  facet normal 0.56207657 0 -0.8270852
    outer loop
      vertex 23.41298 -59.850002 8.734345
      vertex 23.553268 -49.65 8.829684
      vertex 23.553268 -59.850002 8.829684
    endloop
  endfacet
  facet normal 0.56207657 0 -0.8270852
    outer loop
      vertex 23.553268 -49.65 8.829684
      vertex 23.41298 -59.850002 8.734345
      vertex 23.41298 -49.65 8.734345
    endloop
  endfacet
  facet normal -0.9177536 0 -0.39715028
    outer loop
      vertex 27.510395 -59.850002 7.5439363
      vertex 27.443031 -49.65 7.6996036
      vertex 27.510395 -49.65 7.5439363
    endloop
  endfacet
  facet normal -0.9177536 0 -0.39715028
    outer loop
      vertex 27.443031 -49.65 7.6996036
      vertex 27.510395 -59.850002 7.5439363
      vertex 27.443031 -59.850002 7.6996036
    endloop
  endfacet
  facet normal -0.66131103 0 0.7501118
    outer loop
      vertex 26.721045 -49.65 4.4696136
      vertex 26.848278 -59.850002 4.5817847
      vertex 26.848278 -49.65 4.5817847
    endloop
  endfacet
  facet normal -0.66131103 0 0.7501118
    outer loop
      vertex 26.848278 -59.850002 4.5817847
      vertex 26.721045 -49.65 4.4696136
      vertex 26.721045 -59.850002 4.4696136
    endloop
  endfacet
  facet normal 0.39714414 0 0.91775626
    outer loop
      vertex 23.850395 -49.65 4.1069665
      vertex 24.006065 -59.850002 4.0396028
      vertex 24.006065 -49.65 4.0396028
    endloop
  endfacet
  facet normal 0.39714414 0 0.91775626
    outer loop
      vertex 24.006065 -59.850002 4.0396028
      vertex 23.850395 -49.65 4.1069665
      vertex 23.850395 -59.850002 4.1069665
    endloop
  endfacet
  facet normal 0.82707554 0 -0.56209075
    outer loop
      vertex 22.815655 -59.850002 8.137019
      vertex 22.720314 -49.65 7.996732
      vertex 22.815655 -49.65 8.137019
    endloop
  endfacet
  facet normal 0.82707554 0 -0.56209075
    outer loop
      vertex 22.720314 -49.65 7.996732
      vertex 22.815655 -59.850002 8.137019
      vertex 22.720314 -59.850002 7.996732
    endloop
  endfacet
  facet normal 0.70710677 0 -0.70710677
    outer loop
      vertex 23.151722 -59.850002 8.518214
      vertex 23.031784 -49.65 8.398276
      vertex 23.151722 -49.65 8.518214
    endloop
  endfacet
  facet normal 0.70710677 0 -0.70710677
    outer loop
      vertex 23.031784 -49.65 8.398276
      vertex 23.151722 -59.850002 8.518214
      vertex 23.031784 -59.850002 8.398276
    endloop
  endfacet
  facet normal 0.09410355 0 -0.99556243
    outer loop
      vertex 24.661602 -59.850002 9.228709
      vertex 24.830467 -49.65 9.244671
      vertex 24.830467 -59.850002 9.244671
    endloop
  endfacet
  facet normal 0.09410355 0 -0.99556243
    outer loop
      vertex 24.830467 -49.65 9.244671
      vertex 24.661602 -59.850002 9.228709
      vertex 24.661602 -49.65 9.228709
    endloop
  endfacet
  facet normal -0.9995063 0 -0.031418357
    outer loop
      vertex 27.7 -59.850002 6.5499997
      vertex 27.694672 -49.65 6.7195344
      vertex 27.7 -49.65 6.5499997
    endloop
  endfacet
  facet normal -0.9995063 0 -0.031418357
    outer loop
      vertex 27.694672 -49.65 6.7195344
      vertex 27.7 -59.850002 6.5499997
      vertex 27.694672 -59.850002 6.7195344
    endloop
  endfacet
  facet normal -0.82707554 0 -0.56209075
    outer loop
      vertex 27.279686 -59.850002 7.996732
      vertex 27.184345 -49.65 8.137019
      vertex 27.279686 -49.65 7.996732
    endloop
  endfacet
  facet normal -0.82707554 0 -0.56209075
    outer loop
      vertex 27.184345 -49.65 8.137019
      vertex 27.279686 -59.850002 7.996732
      vertex 27.184345 -59.850002 8.137019
    endloop
  endfacet
  facet normal 0.33874238 0 0.94087917
    outer loop
      vertex 24.006065 -49.65 4.0396028
      vertex 24.165653 -59.850002 3.9821467
      vertex 24.165653 -49.65 3.9821467
    endloop
  endfacet
  facet normal 0.33874238 0 0.94087917
    outer loop
      vertex 24.165653 -59.850002 3.9821467
      vertex 24.006065 -49.65 4.0396028
      vertex 24.006065 -59.850002 4.0396028
    endloop
  endfacet
  facet normal 0.3971394 0 -0.9177583
    outer loop
      vertex 23.850395 -59.850002 8.993032
      vertex 24.006065 -49.65 9.060395
      vertex 24.006065 -59.850002 9.060395
    endloop
  endfacet
  facet normal 0.3971394 0 -0.9177583
    outer loop
      vertex 24.006065 -49.65 9.060395
      vertex 23.850395 -59.850002 8.993032
      vertex 23.850395 -49.65 8.993032
    endloop
  endfacet
  facet normal 0.9995063 0 0.031418357
    outer loop
      vertex 22.3 -59.850002 6.5499997
      vertex 22.305328 -49.65 6.380465
      vertex 22.3 -49.65 6.5499997
    endloop
  endfacet
  facet normal 0.9995063 0 0.031418357
    outer loop
      vertex 22.305328 -49.65 6.380465
      vertex 22.3 -59.850002 6.5499997
      vertex 22.305328 -59.850002 6.380465
    endloop
  endfacet
  facet normal -0.7501149 0 0.6613075
    outer loop
      vertex 26.968216 -59.850002 4.7017226
      vertex 27.080385 -49.65 4.828955
      vertex 26.968216 -49.65 4.7017226
    endloop
  endfacet
  facet normal -0.7501149 0 0.6613075
    outer loop
      vertex 27.080385 -49.65 4.828955
      vertex 26.968216 -59.850002 4.7017226
      vertex 27.080385 -59.850002 4.828955
    endloop
  endfacet
  facet normal 0.031407475 0 0.99950665
    outer loop
      vertex 24.830467 -49.65 3.8553271
      vertex 25 -59.850002 3.85
      vertex 25 -49.65 3.85
    endloop
  endfacet
  facet normal 0.031407475 0 0.99950665
    outer loop
      vertex 25 -59.850002 3.85
      vertex 24.830467 -49.65 3.8553271
      vertex 24.830467 -59.850002 3.8553271
    endloop
  endfacet
  facet normal 0.98768914 0 -0.15642942
    outer loop
      vertex 22.347824 -59.850002 7.0559287
      vertex 22.321291 -49.65 6.8883996
      vertex 22.347824 -49.65 7.0559287
    endloop
  endfacet
  facet normal 0.98768914 0 -0.15642942
    outer loop
      vertex 22.321291 -49.65 6.8883996
      vertex 22.347824 -59.850002 7.0559287
      vertex 22.321291 -59.850002 6.8883996
    endloop
  endfacet
  facet normal -0.33874735 0 -0.9408774
    outer loop
      vertex 25.834347 -59.850002 9.117852
      vertex 25.993935 -49.65 9.060395
      vertex 25.993935 -59.850002 9.060395
    endloop
  endfacet
  facet normal -0.33874735 0 -0.9408774
    outer loop
      vertex 25.993935 -49.65 9.060395
      vertex 25.834347 -59.850002 9.117852
      vertex 25.834347 -49.65 9.117852
    endloop
  endfacet
  facet normal -0.9955619 0 -0.094109125
    outer loop
      vertex 27.694672 -59.850002 6.7195344
      vertex 27.678709 -49.65 6.8883996
      vertex 27.694672 -49.65 6.7195344
    endloop
  endfacet
  facet normal -0.9955619 0 -0.094109125
    outer loop
      vertex 27.678709 -49.65 6.8883996
      vertex 27.694672 -59.850002 6.7195344
      vertex 27.678709 -59.850002 6.8883996
    endloop
  endfacet
  facet normal 0.98768926 0 0.15642855
    outer loop
      vertex 22.321291 -59.850002 6.2116
      vertex 22.347824 -49.65 6.04407
      vertex 22.321291 -49.65 6.2116
    endloop
  endfacet
  facet normal 0.98768926 0 0.15642855
    outer loop
      vertex 22.347824 -49.65 6.04407
      vertex 22.321291 -59.850002 6.2116
      vertex 22.347824 -59.850002 6.04407
    endloop
  endfacet
  facet normal 0.5090456 0 0.8607395
    outer loop
      vertex 23.553268 -49.65 4.2703147
      vertex 23.699265 -59.850002 4.183972
      vertex 23.699265 -49.65 4.183972
    endloop
  endfacet
  facet normal 0.5090456 0 0.8607395
    outer loop
      vertex 23.699265 -59.850002 4.183972
      vertex 23.553268 -49.65 4.2703147
      vertex 23.553268 -59.850002 4.2703147
    endloop
  endfacet
  facet normal -0.9408793 0 -0.33874196
    outer loop
      vertex 27.567852 -59.850002 7.3843455
      vertex 27.510395 -49.65 7.5439363
      vertex 27.567852 -49.65 7.3843455
    endloop
  endfacet
  facet normal -0.9408793 0 -0.33874196
    outer loop
      vertex 27.510395 -49.65 7.5439363
      vertex 27.567852 -59.850002 7.3843455
      vertex 27.510395 -59.850002 7.5439363
    endloop
  endfacet
  facet normal 0.9408793 0 0.33874196
    outer loop
      vertex 22.432148 -59.850002 5.715654
      vertex 22.489605 -49.65 5.556063
      vertex 22.432148 -49.65 5.715654
    endloop
  endfacet
  facet normal 0.9408793 0 0.33874196
    outer loop
      vertex 22.489605 -49.65 5.556063
      vertex 22.432148 -59.850002 5.715654
      vertex 22.489605 -59.850002 5.556063
    endloop
  endfacet
  facet normal 0.21814413 0 0.97591656
    outer loop
      vertex 24.328537 -49.65 3.9348254
      vertex 24.494072 -59.850002 3.8978238
      vertex 24.494072 -49.65 3.8978238
    endloop
  endfacet
  facet normal 0.21814413 0 0.97591656
    outer loop
      vertex 24.494072 -59.850002 3.8978238
      vertex 24.328537 -49.65 3.9348254
      vertex 24.328537 -59.850002 3.9348254
    endloop
  endfacet
  facet normal 0.8607449 0 -0.50903654
    outer loop
      vertex 22.720314 -59.850002 7.996732
      vertex 22.633972 -49.65 7.850734
      vertex 22.720314 -49.65 7.996732
    endloop
  endfacet
  facet normal 0.8607449 0 -0.50903654
    outer loop
      vertex 22.633972 -49.65 7.850734
      vertex 22.720314 -59.850002 7.996732
      vertex 22.633972 -59.850002 7.850734
    endloop
  endfacet
  facet normal 0.56207657 0 0.8270852
    outer loop
      vertex 23.41298 -49.65 4.3656535
      vertex 23.553268 -59.850002 4.2703147
      vertex 23.553268 -49.65 4.2703147
    endloop
  endfacet
  facet normal 0.56207657 0 0.8270852
    outer loop
      vertex 23.553268 -59.850002 4.2703147
      vertex 23.41298 -49.65 4.3656535
      vertex 23.41298 -59.850002 4.3656535
    endloop
  endfacet
  facet normal -0.9759151 0 -0.21815069
    outer loop
      vertex 27.652176 -59.850002 7.0559287
      vertex 27.615173 -49.65 7.2214627
      vertex 27.652176 -49.65 7.0559287
    endloop
  endfacet
  facet normal -0.9759151 0 -0.21815069
    outer loop
      vertex 27.615173 -49.65 7.2214627
      vertex 27.652176 -59.850002 7.0559287
      vertex 27.615173 -59.850002 7.2214627
    endloop
  endfacet
  facet normal -0.27898684 0 -0.9602949
    outer loop
      vertex 25.671463 -59.850002 9.165174
      vertex 25.834347 -49.65 9.117852
      vertex 25.834347 -59.850002 9.117852
    endloop
  endfacet
  facet normal -0.27898684 0 -0.9602949
    outer loop
      vertex 25.834347 -49.65 9.117852
      vertex 25.671463 -59.850002 9.165174
      vertex 25.671463 -49.65 9.165174
    endloop
  endfacet
  facet normal -0.79015535 0 -0.61290663
    outer loop
      vertex 27.184345 -59.850002 8.137019
      vertex 27.080385 -49.65 8.271044
      vertex 27.184345 -49.65 8.137019
    endloop
  endfacet
  facet normal -0.79015535 0 -0.61290663
    outer loop
      vertex 27.080385 -49.65 8.271044
      vertex 27.184345 -59.850002 8.137019
      vertex 27.080385 -59.850002 8.271044
    endloop
  endfacet
  facet normal -0.031413093 0 -0.9995065
    outer loop
      vertex 25 -59.850002 9.249999
      vertex 25.169533 -49.65 9.244671
      vertex 25.169533 -59.850002 9.244671
    endloop
  endfacet
  facet normal -0.031413093 0 -0.9995065
    outer loop
      vertex 25.169533 -49.65 9.244671
      vertex 25 -59.850002 9.249999
      vertex 25 -49.65 9.249999
    endloop
  endfacet
  facet normal -0.70710677 0 0.70710677
    outer loop
      vertex 26.848278 -59.850002 4.5817847
      vertex 26.968216 -49.65 4.7017226
      vertex 26.848278 -49.65 4.5817847
    endloop
  endfacet
  facet normal -0.70710677 0 0.70710677
    outer loop
      vertex 26.968216 -49.65 4.7017226
      vertex 26.848278 -59.850002 4.5817847
      vertex 26.968216 -59.850002 4.7017226
    endloop
  endfacet
  facet normal -0.09410355 0 -0.99556243
    outer loop
      vertex 25.169533 -59.850002 9.244671
      vertex 25.338398 -49.65 9.228709
      vertex 25.338398 -59.850002 9.228709
    endloop
  endfacet
  facet normal -0.09410355 0 -0.99556243
    outer loop
      vertex 25.338398 -49.65 9.228709
      vertex 25.169533 -59.850002 9.244671
      vertex 25.169533 -49.65 9.244671
    endloop
  endfacet
  facet normal -0.98768926 0 0.15642855
    outer loop
      vertex 27.652176 -59.850002 6.04407
      vertex 27.678709 -49.65 6.2116
      vertex 27.652176 -49.65 6.04407
    endloop
  endfacet
  facet normal -0.98768926 0 0.15642855
    outer loop
      vertex 27.678709 -49.65 6.2116
      vertex 27.652176 -59.850002 6.04407
      vertex 27.678709 -59.850002 6.2116
    endloop
  endfacet
  facet normal -0.70710677 0 -0.70710677
    outer loop
      vertex 26.968216 -59.850002 8.398276
      vertex 26.848278 -49.65 8.518214
      vertex 26.968216 -49.65 8.398276
    endloop
  endfacet
  facet normal -0.70710677 0 -0.70710677
    outer loop
      vertex 26.848278 -49.65 8.518214
      vertex 26.968216 -59.850002 8.398276
      vertex 26.848278 -59.850002 8.518214
    endloop
  endfacet
  facet normal -0.9955619 0 0.094109125
    outer loop
      vertex 27.678709 -59.850002 6.2116
      vertex 27.694672 -49.65 6.380465
      vertex 27.678709 -49.65 6.2116
    endloop
  endfacet
  facet normal -0.9955619 0 0.094109125
    outer loop
      vertex 27.694672 -49.65 6.380465
      vertex 27.678709 -59.850002 6.2116
      vertex 27.694672 -59.850002 6.380465
    endloop
  endfacet
  facet normal 0.9408793 0 -0.33874196
    outer loop
      vertex 22.489605 -59.850002 7.5439363
      vertex 22.432148 -49.65 7.3843455
      vertex 22.489605 -49.65 7.5439363
    endloop
  endfacet
  facet normal 0.9408793 0 -0.33874196
    outer loop
      vertex 22.432148 -49.65 7.3843455
      vertex 22.489605 -59.850002 7.5439363
      vertex 22.432148 -59.850002 7.3843455
    endloop
  endfacet
  facet normal -0.9995063 0 0.031418357
    outer loop
      vertex 27.694672 -59.850002 6.380465
      vertex 27.7 -49.65 6.5499997
      vertex 27.694672 -49.65 6.380465
    endloop
  endfacet
  facet normal -0.9995063 0 0.031418357
    outer loop
      vertex 27.7 -49.65 6.5499997
      vertex 27.694672 -59.850002 6.380465
      vertex 27.7 -59.850002 6.5499997
    endloop
  endfacet
  facet normal -0.33874238 0 0.94087917
    outer loop
      vertex 25.834347 -49.65 3.9821467
      vertex 25.993935 -59.850002 4.0396028
      vertex 25.993935 -49.65 4.0396028
    endloop
  endfacet
  facet normal -0.33874238 0 0.94087917
    outer loop
      vertex 25.993935 -59.850002 4.0396028
      vertex 25.834347 -49.65 3.9821467
      vertex 25.834347 -59.850002 3.9821467
    endloop
  endfacet
  facet normal -0.56207657 0 0.8270852
    outer loop
      vertex 26.446732 -49.65 4.2703147
      vertex 26.58702 -59.850002 4.3656535
      vertex 26.58702 -49.65 4.3656535
    endloop
  endfacet
  facet normal -0.56207657 0 0.8270852
    outer loop
      vertex 26.58702 -59.850002 4.3656535
      vertex 26.446732 -49.65 4.2703147
      vertex 26.446732 -59.850002 4.2703147
    endloop
  endfacet
  facet normal -0.82707644 0 0.56208944
    outer loop
      vertex 27.184345 -59.850002 4.96298
      vertex 27.279686 -49.65 5.103267
      vertex 27.184345 -49.65 4.96298
    endloop
  endfacet
  facet normal -0.82707644 0 0.56208944
    outer loop
      vertex 27.279686 -49.65 5.103267
      vertex 27.184345 -59.850002 4.96298
      vertex 27.279686 -59.850002 5.103267
    endloop
  endfacet
  facet normal -0.21814413 0 -0.97591656
    outer loop
      vertex 25.505928 -59.850002 9.202175
      vertex 25.671463 -49.65 9.165174
      vertex 25.671463 -59.850002 9.165174
    endloop
  endfacet
  facet normal -0.21814413 0 -0.97591656
    outer loop
      vertex 25.671463 -49.65 9.165174
      vertex 25.505928 -59.850002 9.202175
      vertex 25.505928 -49.65 9.202175
    endloop
  endfacet
  facet normal -0.15643404 0 0.9876884
    outer loop
      vertex 25.338398 -49.65 3.8712897
      vertex 25.505928 -59.850002 3.8978238
      vertex 25.505928 -49.65 3.8978238
    endloop
  endfacet
  facet normal -0.15643404 0 0.9876884
    outer loop
      vertex 25.505928 -59.850002 3.8978238
      vertex 25.338398 -49.65 3.8712897
      vertex 25.338398 -59.850002 3.8712897
    endloop
  endfacet
  facet normal 0.7501149 0 0.6613075
    outer loop
      vertex 22.919615 -59.850002 4.828955
      vertex 23.031784 -49.65 4.7017226
      vertex 22.919615 -49.65 4.828955
    endloop
  endfacet
  facet normal 0.7501149 0 0.6613075
    outer loop
      vertex 23.031784 -49.65 4.7017226
      vertex 22.919615 -59.850002 4.828955
      vertex 23.031784 -59.850002 4.7017226
    endloop
  endfacet
  facet normal -0.15643404 0 -0.9876884
    outer loop
      vertex 25.338398 -59.850002 9.228709
      vertex 25.505928 -49.65 9.202175
      vertex 25.505928 -59.850002 9.202175
    endloop
  endfacet
  facet normal -0.15643404 0 -0.9876884
    outer loop
      vertex 25.505928 -49.65 9.202175
      vertex 25.338398 -59.850002 9.228709
      vertex 25.338398 -49.65 9.228709
    endloop
  endfacet
  facet normal 0.031413093 0 -0.9995065
    outer loop
      vertex 24.830467 -59.850002 9.244671
      vertex 25 -49.65 9.249999
      vertex 25 -59.850002 9.249999
    endloop
  endfacet
  facet normal 0.031413093 0 -0.9995065
    outer loop
      vertex 25 -49.65 9.249999
      vertex 24.830467 -59.850002 9.244671
      vertex 24.830467 -49.65 9.244671
    endloop
  endfacet
  facet normal 0.15643404 0 -0.9876884
    outer loop
      vertex 24.494072 -59.850002 9.202175
      vertex 24.661602 -49.65 9.228709
      vertex 24.661602 -59.850002 9.228709
    endloop
  endfacet
  facet normal 0.15643404 0 -0.9876884
    outer loop
      vertex 24.661602 -49.65 9.228709
      vertex 24.494072 -59.850002 9.202175
      vertex 24.494072 -49.65 9.202175
    endloop
  endfacet
  facet normal 0.27898684 0 0.9602949
    outer loop
      vertex 24.165653 -49.65 3.9821467
      vertex 24.328537 -59.850002 3.9348254
      vertex 24.328537 -49.65 3.9348254
    endloop
  endfacet
  facet normal 0.27898684 0 0.9602949
    outer loop
      vertex 24.328537 -59.850002 3.9348254
      vertex 24.165653 -49.65 3.9821467
      vertex 24.165653 -59.850002 3.9821467
    endloop
  endfacet
  facet normal 0.9995063 0 -0.031418357
    outer loop
      vertex 22.305328 -59.850002 6.7195344
      vertex 22.3 -49.65 6.5499997
      vertex 22.305328 -49.65 6.7195344
    endloop
  endfacet
  facet normal 0.9995063 0 -0.031418357
    outer loop
      vertex 22.3 -49.65 6.5499997
      vertex 22.305328 -59.850002 6.7195344
      vertex 22.3 -59.850002 6.5499997
    endloop
  endfacet
  facet normal 0.9955619 0 -0.094109125
    outer loop
      vertex 22.321291 -59.850002 6.8883996
      vertex 22.305328 -49.65 6.7195344
      vertex 22.321291 -49.65 6.8883996
    endloop
  endfacet
  facet normal 0.9955619 0 -0.094109125
    outer loop
      vertex 22.305328 -49.65 6.7195344
      vertex 22.321291 -59.850002 6.8883996
      vertex 22.305328 -59.850002 6.7195344
    endloop
  endfacet
  facet normal 0.21814413 0 -0.97591656
    outer loop
      vertex 24.328537 -59.850002 9.165174
      vertex 24.494072 -49.65 9.202175
      vertex 24.494072 -59.850002 9.202175
    endloop
  endfacet
  facet normal 0.21814413 0 -0.97591656
    outer loop
      vertex 24.494072 -49.65 9.202175
      vertex 24.328537 -59.850002 9.165174
      vertex 24.328537 -49.65 9.165174
    endloop
  endfacet
  facet normal -0.3971394 0 -0.9177583
    outer loop
      vertex 25.993935 -59.850002 9.060395
      vertex 26.149605 -49.65 8.993032
      vertex 26.149605 -59.850002 8.993032
    endloop
  endfacet
  facet normal -0.3971394 0 -0.9177583
    outer loop
      vertex 26.149605 -49.65 8.993032
      vertex 25.993935 -59.850002 9.060395
      vertex 25.993935 -49.65 9.060395
    endloop
  endfacet
  facet normal 0.9759151 0 -0.21815069
    outer loop
      vertex 22.384827 -59.850002 7.2214627
      vertex 22.347824 -49.65 7.0559287
      vertex 22.384827 -49.65 7.2214627
    endloop
  endfacet
  facet normal 0.9759151 0 -0.21815069
    outer loop
      vertex 22.347824 -49.65 7.0559287
      vertex 22.384827 -59.850002 7.2214627
      vertex 22.347824 -59.850002 7.0559287
    endloop
  endfacet
  facet normal -0.5090456 0 -0.8607395
    outer loop
      vertex 26.300735 -59.850002 8.916027
      vertex 26.446732 -49.65 8.829684
      vertex 26.446732 -59.850002 8.829684
    endloop
  endfacet
  facet normal -0.5090456 0 -0.8607395
    outer loop
      vertex 26.446732 -49.65 8.829684
      vertex 26.300735 -59.850002 8.916027
      vertex 26.300735 -49.65 8.916027
    endloop
  endfacet
  facet normal -0.9602945 0 -0.27898833
    outer loop
      vertex 27.615173 -59.850002 7.2214627
      vertex 27.567852 -49.65 7.3843455
      vertex 27.615173 -49.65 7.2214627
    endloop
  endfacet
  facet normal -0.9602945 0 -0.27898833
    outer loop
      vertex 27.567852 -49.65 7.3843455
      vertex 27.615173 -59.850002 7.2214627
      vertex 27.567852 -59.850002 7.3843455
    endloop
  endfacet
  facet normal 0.66131103 0 0.7501118
    outer loop
      vertex 23.151722 -49.65 4.5817847
      vertex 23.278955 -59.850002 4.4696136
      vertex 23.278955 -49.65 4.4696136
    endloop
  endfacet
  facet normal 0.66131103 0 0.7501118
    outer loop
      vertex 23.278955 -59.850002 4.4696136
      vertex 23.151722 -49.65 4.5817847
      vertex 23.151722 -59.850002 4.5817847
    endloop
  endfacet
  facet normal 0.79015535 0 -0.61290663
    outer loop
      vertex 22.919615 -59.850002 8.271044
      vertex 22.815655 -49.65 8.137019
      vertex 22.919615 -49.65 8.271044
    endloop
  endfacet
  facet normal 0.79015535 0 -0.61290663
    outer loop
      vertex 22.815655 -49.65 8.137019
      vertex 22.919615 -59.850002 8.271044
      vertex 22.815655 -59.850002 8.137019
    endloop
  endfacet
  facet normal 0.97591484 0 0.21815188
    outer loop
      vertex 22.347824 -59.850002 6.04407
      vertex 22.384827 -49.65 5.8785367
      vertex 22.347824 -49.65 6.04407
    endloop
  endfacet
  facet normal 0.97591484 0 0.21815188
    outer loop
      vertex 22.384827 -49.65 5.8785367
      vertex 22.347824 -59.850002 6.04407
      vertex 22.384827 -59.850002 5.8785367
    endloop
  endfacet
  facet normal 0.094109125 0 0.9955619
    outer loop
      vertex 24.661602 -49.65 3.8712897
      vertex 24.830467 -59.850002 3.8553271
      vertex 24.830467 -49.65 3.8553271
    endloop
  endfacet
  facet normal 0.094109125 0 0.9955619
    outer loop
      vertex 24.830467 -59.850002 3.8553271
      vertex 24.661602 -49.65 3.8712897
      vertex 24.661602 -59.850002 3.8712897
    endloop
  endfacet
  facet normal -0.9602945 0 0.27898833
    outer loop
      vertex 27.567852 -59.850002 5.715654
      vertex 27.615173 -49.65 5.8785367
      vertex 27.567852 -49.65 5.715654
    endloop
  endfacet
  facet normal -0.9602945 0 0.27898833
    outer loop
      vertex 27.615173 -49.65 5.8785367
      vertex 27.567852 -59.850002 5.715654
      vertex 27.615173 -59.850002 5.8785367
    endloop
  endfacet
  facet normal -0.9408793 0 0.33874196
    outer loop
      vertex 27.510395 -59.850002 5.556063
      vertex 27.567852 -49.65 5.715654
      vertex 27.510395 -49.65 5.556063
    endloop
  endfacet
  facet normal -0.9408793 0 0.33874196
    outer loop
      vertex 27.567852 -49.65 5.715654
      vertex 27.510395 -59.850002 5.556063
      vertex 27.567852 -59.850002 5.715654
    endloop
  endfacet
  facet normal 0.6613079 0 -0.7501146
    outer loop
      vertex 23.151722 -59.850002 8.518214
      vertex 23.278955 -49.65 8.630384
      vertex 23.278955 -59.850002 8.630384
    endloop
  endfacet
  facet normal 0.6613079 0 -0.7501146
    outer loop
      vertex 23.278955 -49.65 8.630384
      vertex 23.151722 -59.850002 8.518214
      vertex 23.151722 -49.65 8.518214
    endloop
  endfacet
  facet normal 0.8910111 0 0.45398146
    outer loop
      vertex 22.556969 -59.850002 5.400396
      vertex 22.633972 -49.65 5.2492642
      vertex 22.556969 -49.65 5.400396
    endloop
  endfacet
  facet normal 0.8910111 0 0.45398146
    outer loop
      vertex 22.633972 -49.65 5.2492642
      vertex 22.556969 -59.850002 5.400396
      vertex 22.633972 -59.850002 5.2492642
    endloop
  endfacet
  facet normal -0.56207657 0 -0.8270852
    outer loop
      vertex 26.446732 -59.850002 8.829684
      vertex 26.58702 -49.65 8.734345
      vertex 26.58702 -59.850002 8.734345
    endloop
  endfacet
  facet normal -0.56207657 0 -0.8270852
    outer loop
      vertex 26.58702 -49.65 8.734345
      vertex 26.446732 -59.850002 8.829684
      vertex 26.446732 -49.65 8.829684
    endloop
  endfacet
  facet normal 0.89101 0 -0.45398372
    outer loop
      vertex 22.633972 -59.850002 7.850734
      vertex 22.556969 -49.65 7.6996036
      vertex 22.633972 -49.65 7.850734
    endloop
  endfacet
  facet normal 0.89101 0 -0.45398372
    outer loop
      vertex 22.556969 -49.65 7.6996036
      vertex 22.633972 -59.850002 7.850734
      vertex 22.556969 -59.850002 7.6996036
    endloop
  endfacet
  facet normal 0.9177536 0 -0.39715028
    outer loop
      vertex 22.556969 -59.850002 7.6996036
      vertex 22.489605 -49.65 7.5439363
      vertex 22.556969 -49.65 7.6996036
    endloop
  endfacet
  facet normal 0.9177536 0 -0.39715028
    outer loop
      vertex 22.489605 -49.65 7.5439363
      vertex 22.556969 -59.850002 7.6996036
      vertex 22.489605 -59.850002 7.5439363
    endloop
  endfacet
  facet normal 0.5090456 0 -0.8607395
    outer loop
      vertex 23.553268 -59.850002 8.829684
      vertex 23.699265 -49.65 8.916027
      vertex 23.699265 -59.850002 8.916027
    endloop
  endfacet
  facet normal 0.5090456 0 -0.8607395
    outer loop
      vertex 23.699265 -49.65 8.916027
      vertex 23.553268 -59.850002 8.829684
      vertex 23.553268 -49.65 8.829684
    endloop
  endfacet
  facet normal 0.7501149 0 -0.6613075
    outer loop
      vertex 23.031784 -59.850002 8.398276
      vertex 22.919615 -49.65 8.271044
      vertex 23.031784 -49.65 8.398276
    endloop
  endfacet
  facet normal 0.7501149 0 -0.6613075
    outer loop
      vertex 22.919615 -49.65 8.271044
      vertex 23.031784 -59.850002 8.398276
      vertex 22.919615 -59.850002 8.271044
    endloop
  endfacet
  facet normal 0.9955619 0 0.094109125
    outer loop
      vertex 22.305328 -59.850002 6.380465
      vertex 22.321291 -49.65 6.2116
      vertex 22.305328 -49.65 6.380465
    endloop
  endfacet
  facet normal 0.9955619 0 0.094109125
    outer loop
      vertex 22.321291 -49.65 6.2116
      vertex 22.305328 -59.850002 6.380465
      vertex 22.321291 -59.850002 6.2116
    endloop
  endfacet
  facet normal 0.9177536 0 0.39715028
    outer loop
      vertex 22.489605 -59.850002 5.556063
      vertex 22.556969 -49.65 5.400396
      vertex 22.489605 -49.65 5.556063
    endloop
  endfacet
  facet normal 0.9177536 0 0.39715028
    outer loop
      vertex 22.556969 -49.65 5.400396
      vertex 22.489605 -59.850002 5.556063
      vertex 22.556969 -59.850002 5.400396
    endloop
  endfacet
  facet normal 0.9602945 0 0.27898833
    outer loop
      vertex 22.384827 -59.850002 5.8785367
      vertex 22.432148 -49.65 5.715654
      vertex 22.384827 -49.65 5.8785367
    endloop
  endfacet
  facet normal 0.9602945 0 0.27898833
    outer loop
      vertex 22.432148 -49.65 5.715654
      vertex 22.384827 -59.850002 5.8785367
      vertex 22.432148 -59.850002 5.715654
    endloop
  endfacet
  facet normal 0 1 0
    outer loop
      vertex 25.169533 -59.850002 9.244671
      vertex 24.830467 -59.850002 9.244671
      vertex 25 -59.850002 9.249999
    endloop
  endfacet
  facet normal 0 1 0
    outer loop
      vertex 25.338398 -59.850002 9.228709
      vertex 24.830467 -59.850002 9.244671
      vertex 25.169533 -59.850002 9.244671
    endloop
  endfacet
  facet normal 0 1 0
    outer loop
      vertex 25.338398 -59.850002 9.228709
      vertex 24.661602 -59.850002 9.228709
      vertex 24.830467 -59.850002 9.244671
    endloop
  endfacet
  facet normal 0 1 0
    outer loop
      vertex 25.505928 -59.850002 9.202175
      vertex 24.661602 -59.850002 9.228709
      vertex 25.338398 -59.850002 9.228709
    endloop
  endfacet
  facet normal 0 1 0
    outer loop
      vertex 25.505928 -59.850002 9.202175
      vertex 24.494072 -59.850002 9.202175
      vertex 24.661602 -59.850002 9.228709
    endloop
  endfacet
  facet normal 0 1 0
    outer loop
      vertex 25.671463 -59.850002 9.165174
      vertex 24.494072 -59.850002 9.202175
      vertex 25.505928 -59.850002 9.202175
    endloop
  endfacet
  facet normal 0 1 0
    outer loop
      vertex 25.671463 -59.850002 9.165174
      vertex 24.328537 -59.850002 9.165174
      vertex 24.494072 -59.850002 9.202175
    endloop
  endfacet
  facet normal 0 1 0
    outer loop
      vertex 25.834347 -59.850002 9.117852
      vertex 24.328537 -59.850002 9.165174
      vertex 25.671463 -59.850002 9.165174
    endloop
  endfacet
  facet normal 0 1 0
    outer loop
      vertex 25.834347 -59.850002 9.117852
      vertex 24.165653 -59.850002 9.117852
      vertex 24.328537 -59.850002 9.165174
    endloop
  endfacet
  facet normal 0 1 0
    outer loop
      vertex 25.993935 -59.850002 9.060395
      vertex 24.165653 -59.850002 9.117852
      vertex 25.834347 -59.850002 9.117852
    endloop
  endfacet
  facet normal 0 1 0
    outer loop
      vertex 25.993935 -59.850002 9.060395
      vertex 24.006065 -59.850002 9.060395
      vertex 24.165653 -59.850002 9.117852
    endloop
  endfacet
  facet normal 0 1 0
    outer loop
      vertex 26.149605 -59.850002 8.993032
      vertex 24.006065 -59.850002 9.060395
      vertex 25.993935 -59.850002 9.060395
    endloop
  endfacet
  facet normal 0 1 0
    outer loop
      vertex 26.149605 -59.850002 8.993032
      vertex 23.850395 -59.850002 8.993032
      vertex 24.006065 -59.850002 9.060395
    endloop
  endfacet
  facet normal 0 1 0
    outer loop
      vertex 26.300735 -59.850002 8.916027
      vertex 23.850395 -59.850002 8.993032
      vertex 26.149605 -59.850002 8.993032
    endloop
  endfacet
  facet normal 0 1 0
    outer loop
      vertex 26.300735 -59.850002 8.916027
      vertex 23.699265 -59.850002 8.916027
      vertex 23.850395 -59.850002 8.993032
    endloop
  endfacet
  facet normal 0 1 0
    outer loop
      vertex 26.446732 -59.850002 8.829684
      vertex 23.699265 -59.850002 8.916027
      vertex 26.300735 -59.850002 8.916027
    endloop
  endfacet
  facet normal 0 1 0
    outer loop
      vertex 26.446732 -59.850002 8.829684
      vertex 23.553268 -59.850002 8.829684
      vertex 23.699265 -59.850002 8.916027
    endloop
  endfacet
  facet normal 0 1 0
    outer loop
      vertex 26.58702 -59.850002 8.734345
      vertex 23.553268 -59.850002 8.829684
      vertex 26.446732 -59.850002 8.829684
    endloop
  endfacet
  facet normal 0 1 0
    outer loop
      vertex 26.58702 -59.850002 8.734345
      vertex 23.41298 -59.850002 8.734345
      vertex 23.553268 -59.850002 8.829684
    endloop
  endfacet
  facet normal 0 1 0
    outer loop
      vertex 26.721045 -59.850002 8.630384
      vertex 23.41298 -59.850002 8.734345
      vertex 26.58702 -59.850002 8.734345
    endloop
  endfacet
  facet normal 0 1 0
    outer loop
      vertex 26.721045 -59.850002 8.630384
      vertex 23.278955 -59.850002 8.630384
      vertex 23.41298 -59.850002 8.734345
    endloop
  endfacet
  facet normal 0 1 0
    outer loop
      vertex 26.848278 -59.850002 8.518214
      vertex 23.278955 -59.850002 8.630384
      vertex 26.721045 -59.850002 8.630384
    endloop
  endfacet
  facet normal 0 1 0
    outer loop
      vertex 26.848278 -59.850002 8.518214
      vertex 23.151722 -59.850002 8.518214
      vertex 23.278955 -59.850002 8.630384
    endloop
  endfacet
  facet normal 0 1 0
    outer loop
      vertex 26.968216 -59.850002 8.398276
      vertex 23.151722 -59.850002 8.518214
      vertex 26.848278 -59.850002 8.518214
    endloop
  endfacet
  facet normal 0 1 0
    outer loop
      vertex 26.968216 -59.850002 8.398276
      vertex 23.031784 -59.850002 8.398276
      vertex 23.151722 -59.850002 8.518214
    endloop
  endfacet
  facet normal 0 1 0
    outer loop
      vertex 27.080385 -59.850002 8.271044
      vertex 23.031784 -59.850002 8.398276
      vertex 26.968216 -59.850002 8.398276
    endloop
  endfacet
  facet normal 0 1 0
    outer loop
      vertex 27.080385 -59.850002 8.271044
      vertex 22.919615 -59.850002 8.271044
      vertex 23.031784 -59.850002 8.398276
    endloop
  endfacet
  facet normal 0 1 0
    outer loop
      vertex 27.184345 -59.850002 8.137019
      vertex 22.919615 -59.850002 8.271044
      vertex 27.080385 -59.850002 8.271044
    endloop
  endfacet
  facet normal 0 1 0
    outer loop
      vertex 27.184345 -59.850002 8.137019
      vertex 22.815655 -59.850002 8.137019
      vertex 22.919615 -59.850002 8.271044
    endloop
  endfacet
  facet normal 0 1 0
    outer loop
      vertex 27.279686 -59.850002 7.996732
      vertex 22.815655 -59.850002 8.137019
      vertex 27.184345 -59.850002 8.137019
    endloop
  endfacet
  facet normal 0 1 0
    outer loop
      vertex 27.279686 -59.850002 7.996732
      vertex 22.720314 -59.850002 7.996732
      vertex 22.815655 -59.850002 8.137019
    endloop
  endfacet
  facet normal 0 1 0
    outer loop
      vertex 27.366028 -59.850002 7.850734
      vertex 22.720314 -59.850002 7.996732
      vertex 27.279686 -59.850002 7.996732
    endloop
  endfacet
  facet normal 0 1 0
    outer loop
      vertex 27.366028 -59.850002 7.850734
      vertex 22.633972 -59.850002 7.850734
      vertex 22.720314 -59.850002 7.996732
    endloop
  endfacet
  facet normal 0 1 0
    outer loop
      vertex 27.443031 -59.850002 7.6996036
      vertex 22.633972 -59.850002 7.850734
      vertex 27.366028 -59.850002 7.850734
    endloop
  endfacet
  facet normal 0 1 0
    outer loop
      vertex 27.443031 -59.850002 7.6996036
      vertex 22.556969 -59.850002 7.6996036
      vertex 22.633972 -59.850002 7.850734
    endloop
  endfacet
  facet normal 0 1 0
    outer loop
      vertex 27.510395 -59.850002 7.5439363
      vertex 22.556969 -59.850002 7.6996036
      vertex 27.443031 -59.850002 7.6996036
    endloop
  endfacet
  facet normal 0 1 0
    outer loop
      vertex 27.510395 -59.850002 7.5439363
      vertex 22.489605 -59.850002 7.5439363
      vertex 22.556969 -59.850002 7.6996036
    endloop
  endfacet
  facet normal 0 1 0
    outer loop
      vertex 27.567852 -59.850002 7.3843455
      vertex 22.489605 -59.850002 7.5439363
      vertex 27.510395 -59.850002 7.5439363
    endloop
  endfacet
  facet normal 0 1 0
    outer loop
      vertex 27.567852 -59.850002 7.3843455
      vertex 22.432148 -59.850002 7.3843455
      vertex 22.489605 -59.850002 7.5439363
    endloop
  endfacet
  facet normal 0 1 0
    outer loop
      vertex 27.615173 -59.850002 7.2214627
      vertex 22.432148 -59.850002 7.3843455
      vertex 27.567852 -59.850002 7.3843455
    endloop
  endfacet
  facet normal 0 1 0
    outer loop
      vertex 27.615173 -59.850002 7.2214627
      vertex 22.384827 -59.850002 7.2214627
      vertex 22.432148 -59.850002 7.3843455
    endloop
  endfacet
  facet normal 0 1 0
    outer loop
      vertex 27.652176 -59.850002 7.0559287
      vertex 22.384827 -59.850002 7.2214627
      vertex 27.615173 -59.850002 7.2214627
    endloop
  endfacet
  facet normal 0 1 0
    outer loop
      vertex 27.652176 -59.850002 7.0559287
      vertex 22.347824 -59.850002 7.0559287
      vertex 22.384827 -59.850002 7.2214627
    endloop
  endfacet
  facet normal 0 1 0
    outer loop
      vertex 27.678709 -59.850002 6.8883996
      vertex 22.347824 -59.850002 7.0559287
      vertex 27.652176 -59.850002 7.0559287
    endloop
  endfacet
  facet normal 0 1 0
    outer loop
      vertex 27.678709 -59.850002 6.8883996
      vertex 22.321291 -59.850002 6.8883996
      vertex 22.347824 -59.850002 7.0559287
    endloop
  endfacet
  facet normal 0 1 0
    outer loop
      vertex 27.694672 -59.850002 6.7195344
      vertex 22.321291 -59.850002 6.8883996
      vertex 27.678709 -59.850002 6.8883996
    endloop
  endfacet
  facet normal 0 1 0
    outer loop
      vertex 27.694672 -59.850002 6.7195344
      vertex 22.305328 -59.850002 6.7195344
      vertex 22.321291 -59.850002 6.8883996
    endloop
  endfacet
  facet normal 0 1 0
    outer loop
      vertex 27.7 -59.850002 6.5499997
      vertex 22.305328 -59.850002 6.7195344
      vertex 27.694672 -59.850002 6.7195344
    endloop
  endfacet
  facet normal 0 1 0
    outer loop
      vertex 27.7 -59.850002 6.5499997
      vertex 22.3 -59.850002 6.5499997
      vertex 22.305328 -59.850002 6.7195344
    endloop
  endfacet
  facet normal 0 1 0
    outer loop
      vertex 27.694672 -59.850002 6.380465
      vertex 22.3 -59.850002 6.5499997
      vertex 27.7 -59.850002 6.5499997
    endloop
  endfacet
  facet normal 0 1 0
    outer loop
      vertex 27.694672 -59.850002 6.380465
      vertex 22.305328 -59.850002 6.380465
      vertex 22.3 -59.850002 6.5499997
    endloop
  endfacet
  facet normal 0 1 0
    outer loop
      vertex 27.678709 -59.850002 6.2116
      vertex 22.305328 -59.850002 6.380465
      vertex 27.694672 -59.850002 6.380465
    endloop
  endfacet
  facet normal 0 1 0
    outer loop
      vertex 27.678709 -59.850002 6.2116
      vertex 22.321291 -59.850002 6.2116
      vertex 22.305328 -59.850002 6.380465
    endloop
  endfacet
  facet normal 0 1 0
    outer loop
      vertex 27.652176 -59.850002 6.04407
      vertex 22.321291 -59.850002 6.2116
      vertex 27.678709 -59.850002 6.2116
    endloop
  endfacet
  facet normal 0 1 0
    outer loop
      vertex 27.652176 -59.850002 6.04407
      vertex 22.347824 -59.850002 6.04407
      vertex 22.321291 -59.850002 6.2116
    endloop
  endfacet
  facet normal 0 1 0
    outer loop
      vertex 27.615173 -59.850002 5.8785367
      vertex 22.347824 -59.850002 6.04407
      vertex 27.652176 -59.850002 6.04407
    endloop
  endfacet
  facet normal 0 1 0
    outer loop
      vertex 27.615173 -59.850002 5.8785367
      vertex 22.384827 -59.850002 5.8785367
      vertex 22.347824 -59.850002 6.04407
    endloop
  endfacet
  facet normal 0 1 0
    outer loop
      vertex 27.567852 -59.850002 5.715654
      vertex 22.384827 -59.850002 5.8785367
      vertex 27.615173 -59.850002 5.8785367
    endloop
  endfacet
  facet normal 0 1 0
    outer loop
      vertex 27.567852 -59.850002 5.715654
      vertex 22.432148 -59.850002 5.715654
      vertex 22.384827 -59.850002 5.8785367
    endloop
  endfacet
  facet normal 0 1 0
    outer loop
      vertex 27.510395 -59.850002 5.556063
      vertex 22.432148 -59.850002 5.715654
      vertex 27.567852 -59.850002 5.715654
    endloop
  endfacet
  facet normal 0 1 0
    outer loop
      vertex 27.510395 -59.850002 5.556063
      vertex 22.489605 -59.850002 5.556063
      vertex 22.432148 -59.850002 5.715654
    endloop
  endfacet
  facet normal 0 1 0
    outer loop
      vertex 27.443031 -59.850002 5.400396
      vertex 22.489605 -59.850002 5.556063
      vertex 27.510395 -59.850002 5.556063
    endloop
  endfacet
  facet normal 0 1 0
    outer loop
      vertex 27.443031 -59.850002 5.400396
      vertex 22.556969 -59.850002 5.400396
      vertex 22.489605 -59.850002 5.556063
    endloop
  endfacet
  facet normal 0 1 0
    outer loop
      vertex 27.366028 -59.850002 5.2492642
      vertex 22.556969 -59.850002 5.400396
      vertex 27.443031 -59.850002 5.400396
    endloop
  endfacet
  facet normal 0 1 0
    outer loop
      vertex 27.366028 -59.850002 5.2492642
      vertex 22.633972 -59.850002 5.2492642
      vertex 22.556969 -59.850002 5.400396
    endloop
  endfacet
  facet normal 0 1 0
    outer loop
      vertex 27.279686 -59.850002 5.103267
      vertex 22.633972 -59.850002 5.2492642
      vertex 27.366028 -59.850002 5.2492642
    endloop
  endfacet
  facet normal 0 1 0
    outer loop
      vertex 27.279686 -59.850002 5.103267
      vertex 22.720314 -59.850002 5.103267
      vertex 22.633972 -59.850002 5.2492642
    endloop
  endfacet
  facet normal 0 1 0
    outer loop
      vertex 27.184345 -59.850002 4.96298
      vertex 22.720314 -59.850002 5.103267
      vertex 27.279686 -59.850002 5.103267
    endloop
  endfacet
  facet normal 0 1 0
    outer loop
      vertex 27.184345 -59.850002 4.96298
      vertex 22.815655 -59.850002 4.96298
      vertex 22.720314 -59.850002 5.103267
    endloop
  endfacet
  facet normal 0 1 0
    outer loop
      vertex 27.080385 -59.850002 4.828955
      vertex 22.815655 -59.850002 4.96298
      vertex 27.184345 -59.850002 4.96298
    endloop
  endfacet
  facet normal 0 1 0
    outer loop
      vertex 27.080385 -59.850002 4.828955
      vertex 22.919615 -59.850002 4.828955
      vertex 22.815655 -59.850002 4.96298
    endloop
  endfacet
  facet normal 0 1 0
    outer loop
      vertex 26.968216 -59.850002 4.7017226
      vertex 22.919615 -59.850002 4.828955
      vertex 27.080385 -59.850002 4.828955
    endloop
  endfacet
  facet normal 0 1 0
    outer loop
      vertex 26.968216 -59.850002 4.7017226
      vertex 23.031784 -59.850002 4.7017226
      vertex 22.919615 -59.850002 4.828955
    endloop
  endfacet
  facet normal 0 1 0
    outer loop
      vertex 26.848278 -59.850002 4.5817847
      vertex 23.031784 -59.850002 4.7017226
      vertex 26.968216 -59.850002 4.7017226
    endloop
  endfacet
  facet normal 0 1 0
    outer loop
      vertex 26.848278 -59.850002 4.5817847
      vertex 23.151722 -59.850002 4.5817847
      vertex 23.031784 -59.850002 4.7017226
    endloop
  endfacet
  facet normal 0 1 0
    outer loop
      vertex 26.721045 -59.850002 4.4696136
      vertex 23.151722 -59.850002 4.5817847
      vertex 26.848278 -59.850002 4.5817847
    endloop
  endfacet
  facet normal 0 1 0
    outer loop
      vertex 26.721045 -59.850002 4.4696136
      vertex 23.278955 -59.850002 4.4696136
      vertex 23.151722 -59.850002 4.5817847
    endloop
  endfacet
  facet normal 0 1 0
    outer loop
      vertex 26.58702 -59.850002 4.3656535
      vertex 23.278955 -59.850002 4.4696136
      vertex 26.721045 -59.850002 4.4696136
    endloop
  endfacet
  facet normal 0 1 0
    outer loop
      vertex 26.58702 -59.850002 4.3656535
      vertex 23.41298 -59.850002 4.3656535
      vertex 23.278955 -59.850002 4.4696136
    endloop
  endfacet
  facet normal 0 1 0
    outer loop
      vertex 26.446732 -59.850002 4.2703147
      vertex 23.41298 -59.850002 4.3656535
      vertex 26.58702 -59.850002 4.3656535
    endloop
  endfacet
  facet normal 0 1 0
    outer loop
      vertex 26.446732 -59.850002 4.2703147
      vertex 23.553268 -59.850002 4.2703147
      vertex 23.41298 -59.850002 4.3656535
    endloop
  endfacet
  facet normal 0 1 0
    outer loop
      vertex 26.300735 -59.850002 4.183972
      vertex 23.553268 -59.850002 4.2703147
      vertex 26.446732 -59.850002 4.2703147
    endloop
  endfacet
  facet normal 0 1 0
    outer loop
      vertex 26.300735 -59.850002 4.183972
      vertex 23.699265 -59.850002 4.183972
      vertex 23.553268 -59.850002 4.2703147
    endloop
  endfacet
  facet normal 0 1 0
    outer loop
      vertex 26.149605 -59.850002 4.1069665
      vertex 23.699265 -59.850002 4.183972
      vertex 26.300735 -59.850002 4.183972
    endloop
  endfacet
  facet normal 0 1 0
    outer loop
      vertex 26.149605 -59.850002 4.1069665
      vertex 23.850395 -59.850002 4.1069665
      vertex 23.699265 -59.850002 4.183972
    endloop
  endfacet
  facet normal 0 1 0
    outer loop
      vertex 25.993935 -59.850002 4.0396028
      vertex 23.850395 -59.850002 4.1069665
      vertex 26.149605 -59.850002 4.1069665
    endloop
  endfacet
  facet normal 0 1 0
    outer loop
      vertex 25.993935 -59.850002 4.0396028
      vertex 24.006065 -59.850002 4.0396028
      vertex 23.850395 -59.850002 4.1069665
    endloop
  endfacet
  facet normal 0 1 0
    outer loop
      vertex 25.834347 -59.850002 3.9821467
      vertex 24.006065 -59.850002 4.0396028
      vertex 25.993935 -59.850002 4.0396028
    endloop
  endfacet
  facet normal 0 1 0
    outer loop
      vertex 25.834347 -59.850002 3.9821467
      vertex 24.165653 -59.850002 3.9821467
      vertex 24.006065 -59.850002 4.0396028
    endloop
  endfacet
  facet normal 0 1 0
    outer loop
      vertex 25.671463 -59.850002 3.9348254
      vertex 24.165653 -59.850002 3.9821467
      vertex 25.834347 -59.850002 3.9821467
    endloop
  endfacet
  facet normal 0 1 0
    outer loop
      vertex 25.671463 -59.850002 3.9348254
      vertex 24.328537 -59.850002 3.9348254
      vertex 24.165653 -59.850002 3.9821467
    endloop
  endfacet
  facet normal 0 1 0
    outer loop
      vertex 25.505928 -59.850002 3.8978238
      vertex 24.328537 -59.850002 3.9348254
      vertex 25.671463 -59.850002 3.9348254
    endloop
  endfacet
  facet normal 0 1 0
    outer loop
      vertex 25.505928 -59.850002 3.8978238
      vertex 24.494072 -59.850002 3.8978238
      vertex 24.328537 -59.850002 3.9348254
    endloop
  endfacet
  facet normal 0 1 0
    outer loop
      vertex 25.338398 -59.850002 3.8712897
      vertex 24.494072 -59.850002 3.8978238
      vertex 25.505928 -59.850002 3.8978238
    endloop
  endfacet
  facet normal 0 1 0
    outer loop
      vertex 25.338398 -59.850002 3.8712897
      vertex 24.661602 -59.850002 3.8712897
      vertex 24.494072 -59.850002 3.8978238
    endloop
  endfacet
  facet normal 0 1 0
    outer loop
      vertex 25.169533 -59.850002 3.8553271
      vertex 24.661602 -59.850002 3.8712897
      vertex 25.338398 -59.850002 3.8712897
    endloop
  endfacet
  facet normal 0 1 0
    outer loop
      vertex 25.169533 -59.850002 3.8553271
      vertex 24.830467 -59.850002 3.8553271
      vertex 24.661602 -59.850002 3.8712897
    endloop
  endfacet
  facet normal 0 1 0
    outer loop
      vertex 24.830467 -59.850002 3.8553271
      vertex 25.169533 -59.850002 3.8553271
      vertex 25 -59.850002 3.85
    endloop
  endfacet
  facet normal -0.6129129 0 -0.7901505
    outer loop
      vertex 26.58702 -59.850002 8.734345
      vertex 26.721045 -49.65 8.630384
      vertex 26.721045 -59.850002 8.630384
    endloop
  endfacet
  facet normal -0.6129129 0 -0.7901505
    outer loop
      vertex 26.721045 -49.65 8.630384
      vertex 26.58702 -59.850002 8.734345
      vertex 26.58702 -49.65 8.734345
    endloop
  endfacet
  facet normal -0.6613079 0 -0.7501146
    outer loop
      vertex 26.721045 -59.850002 8.630384
      vertex 26.848278 -49.65 8.518214
      vertex 26.848278 -59.850002 8.518214
    endloop
  endfacet
  facet normal -0.6613079 0 -0.7501146
    outer loop
      vertex 26.848278 -49.65 8.518214
      vertex 26.721045 -59.850002 8.630384
      vertex 26.721045 -49.65 8.630384
    endloop
  endfacet
  facet normal -0.9177536 0 0.39715028
    outer loop
      vertex 27.443031 -59.850002 5.400396
      vertex 27.510395 -49.65 5.556063
      vertex 27.443031 -49.65 5.400396
    endloop
  endfacet
  facet normal -0.9177536 0 0.39715028
    outer loop
      vertex 27.510395 -49.65 5.556063
      vertex 27.443031 -59.850002 5.400396
      vertex 27.510395 -59.850002 5.556063
    endloop
  endfacet
  facet normal -0.8910111 0 0.45398146
    outer loop
      vertex 27.366028 -59.850002 5.2492642
      vertex 27.443031 -49.65 5.400396
      vertex 27.366028 -49.65 5.2492642
    endloop
  endfacet
  facet normal -0.8910111 0 0.45398146
    outer loop
      vertex 27.443031 -49.65 5.400396
      vertex 27.366028 -59.850002 5.2492642
      vertex 27.443031 -59.850002 5.400396
    endloop
  endfacet
  facet normal 0.45399266 0 0.8910054
    outer loop
      vertex 23.699265 -49.65 4.183972
      vertex 23.850395 -59.850002 4.1069665
      vertex 23.850395 -49.65 4.1069665
    endloop
  endfacet
  facet normal 0.45399266 0 0.8910054
    outer loop
      vertex 23.850395 -59.850002 4.1069665
      vertex 23.699265 -49.65 4.183972
      vertex 23.699265 -59.850002 4.183972
    endloop
  endfacet
  facet normal -0.5090456 0 0.8607395
    outer loop
      vertex 26.300735 -49.65 4.183972
      vertex 26.446732 -59.850002 4.2703147
      vertex 26.446732 -49.65 4.2703147
    endloop
  endfacet
  facet normal -0.5090456 0 0.8607395
    outer loop
      vertex 26.446732 -59.850002 4.2703147
      vertex 26.300735 -49.65 4.183972
      vertex 26.300735 -59.850002 4.183972
    endloop
  endfacet
  facet normal 0.79015535 0 0.61290663
    outer loop
      vertex 22.815655 -59.850002 4.96298
      vertex 22.919615 -49.65 4.828955
      vertex 22.815655 -49.65 4.96298
    endloop
  endfacet
  facet normal 0.79015535 0 0.61290663
    outer loop
      vertex 22.919615 -49.65 4.828955
      vertex 22.815655 -59.850002 4.96298
      vertex 22.919615 -59.850002 4.828955
    endloop
  endfacet
  facet normal 0.70710677 0 0.70710677
    outer loop
      vertex 23.031784 -59.850002 4.7017226
      vertex 23.151722 -49.65 4.5817847
      vertex 23.031784 -49.65 4.7017226
    endloop
  endfacet
  facet normal 0.70710677 0 0.70710677
    outer loop
      vertex 23.151722 -49.65 4.5817847
      vertex 23.031784 -59.850002 4.7017226
      vertex 23.151722 -59.850002 4.5817847
    endloop
  endfacet
  facet normal 0.82707644 0 0.56208944
    outer loop
      vertex 22.720314 -59.850002 5.103267
      vertex 22.815655 -49.65 4.96298
      vertex 22.720314 -49.65 5.103267
    endloop
  endfacet
  facet normal 0.82707644 0 0.56208944
    outer loop
      vertex 22.815655 -49.65 4.96298
      vertex 22.720314 -59.850002 5.103267
      vertex 22.815655 -59.850002 4.96298
    endloop
  endfacet
  facet normal -0.21814413 0 0.97591656
    outer loop
      vertex 25.505928 -49.65 3.8978238
      vertex 25.671463 -59.850002 3.9348254
      vertex 25.671463 -49.65 3.9348254
    endloop
  endfacet
  facet normal -0.21814413 0 0.97591656
    outer loop
      vertex 25.671463 -59.850002 3.9348254
      vertex 25.505928 -49.65 3.8978238
      vertex 25.505928 -59.850002 3.8978238
    endloop
  endfacet
endsolid OpenSCAD_Model
